tipo,motivo,campo,referencia,fila
noticia,fuera_de_ventana,fecha_publicacion,https://www.tvn-2.com/lideres-360/lideres-360-pedro-heilbron-despegar-copa-airlines-hub-de-las-americas_1_2249044.html,"{""titulo"": ""Líderes 360: Pedro Heilbron, el hombre que vio despegar a Copa y convertirse en el Hub de las Américas"", ""url"": ""https://www.tvn-2.com/lideres-360/lideres-360-pedro-heilbron-despegar-copa-airlines-hub-de-las-americas_1_2249044.html"", ""medio"": ""tvn-2.com"", ""idioma"": ""es"", ""fecha_publicacion"": ""Fri, 03 Jul 2026 12:00:47 +0000"", ""fecha_deteccion"": null, ""fecha_extraccion"": ""2026-10-06T18:46:40+00:00"", ""origen"": ""tvn_rss"", ""descripcion"": ""Hay empresas que nacen grandes. Copa Airlines no fue una de ellas. En esta primera edición de Líderes 360 , Eduardo Lim Yueng conversa con Pedro Heilbron, el hombre que durante casi cuatro décadas ha liderado la transformación de una pequeña aerolíne"", ""alcance_texto"": ""titular_descripcion_rss""}"
noticia,fuera_de_ventana,fecha_publicacion,https://www.tvn-2.com/lideres-360/lideres-360-pedro-heilbron-panama-turismo-eficiencia-transparencia_1_2249216.html,"{""titulo"": ""Líderes 360: Pedro Heilbron plantea una hoja de ruta para Panamá; turismo sostenible, eficiencia y un país transparente"", ""url"": ""https://www.tvn-2.com/lideres-360/lideres-360-pedro-heilbron-panama-turismo-eficiencia-transparencia_1_2249216.html"", ""medio"": ""tvn-2.com"", ""idioma"": ""es"", ""fecha_publicacion"": ""Sun, 05 Jul 2026 13:00:06 +0000"", ""fecha_deteccion"": null, ""fecha_extraccion"": ""2026-10-06T18:46:40+00:00"", ""origen"": ""tvn_rss"", ""descripcion"": ""La visión que plantea Pedro Heilbron propone una estrategia de competitividad basada en instituciones más eficientes, reglas claras, turismo sostenible, logística moderna y un compromiso permanente con la transparencia."", ""alcance_texto"": ""titular_descripcion_rss""}"
noticia,fuera_de_ventana,fecha_publicacion,https://www.tvn-2.com/lideres-360/lideres-360-estrena-noticias-am-impacto-empresarial-pedro-heilbron_1_2247767.html,"{""titulo"": ""Líderes 360 estrena el 3 de julio en Noticias AM con historias de impacto empresarial"", ""url"": ""https://www.tvn-2.com/lideres-360/lideres-360-estrena-noticias-am-impacto-empresarial-pedro-heilbron_1_2247767.html"", ""medio"": ""tvn-2.com"", ""idioma"": ""es"", ""fecha_publicacion"": ""Wed, 01 Jul 2026 20:03:18 +0000"", ""fecha_deteccion"": null, ""fecha_extraccion"": ""2026-10-06T18:46:40+00:00"", ""origen"": ""tvn_rss"", ""descripcion"": ""En esta primera entrega, el espacio contará con la participación de Pedro Heilbron, CEO de Copa Airlines."", ""alcance_texto"": ""titular_descripcion_rss""}"
noticia,fuera_de_ventana,fecha_publicacion,https://www.tvn-2.com/nacionales/tvn-media-estrena-lideres-360-mundial-2026_1_2249178.html,"{""titulo"": ""TVN estrena Líderes 360 y consolida su cobertura del Mundial 2026"", ""url"": ""https://www.tvn-2.com/nacionales/tvn-media-estrena-lideres-360-mundial-2026_1_2249178.html"", ""medio"": ""tvn-2.com"", ""idioma"": ""es"", ""fecha_publicacion"": ""Fri, 03 Jul 2026 14:17:00 +0000"", ""fecha_deteccion"": null, ""fecha_extraccion"": ""2026-10-06T18:46:40+00:00"", ""origen"": ""tvn_rss"", ""descripcion"": ""Luis Mouynes, gerente general de TVN Media, detalla el enfoque del nuevo segmento que resalta el liderazgo panameño y el éxito de las transmisiones deportivas que llegaron a millones."", ""alcance_texto"": ""titular_descripcion_rss""}"
noticia,fuera_de_ventana,fecha_publicacion,https://www.tvn-2.com/nacionales/tvn-media-teatro-nacional-sellan-alianza-firma-convenio-cultura_1_2247507.html,"{""titulo"": ""TVN Media y el Teatro Nacional sellan alianza para promover la cultura panameña"", ""url"": ""https://www.tvn-2.com/nacionales/tvn-media-teatro-nacional-sellan-alianza-firma-convenio-cultura_1_2247507.html"", ""medio"": ""tvn-2.com"", ""idioma"": ""es"", ""fecha_publicacion"": ""Tue, 23 Jun 2026 15:06:20 +0000"", ""fecha_deteccion"": null, ""fecha_extraccion"": ""2026-10-06T18:46:40+00:00"", ""origen"": ""tvn_rss"", ""descripcion"": ""El Teatro Nacional , ubicado en el Casco Antiguo de la Ciudad de Panamá, es considerado una de las joyas arquitectónicas y culturales del país."", ""alcance_texto"": ""titular_descripcion_rss""}"
noticia,fuera_de_ventana,fecha_publicacion,https://www.tvn-2.com/gente-tvn/tvn-media-fundacion-relaciones-sanas_1_2246715.html,"{""titulo"": ""TVN Media y Fundación Relaciones Sanas firman convenio para impulsar la educación y sensibilización sobre salud mental"", ""url"": ""https://www.tvn-2.com/gente-tvn/tvn-media-fundacion-relaciones-sanas_1_2246715.html"", ""medio"": ""tvn-2.com"", ""idioma"": ""es"", ""fecha_publicacion"": ""Thu, 18 Jun 2026 17:10:05 +0000"", ""fecha_deteccion"": null, ""fecha_extraccion"": ""2026-10-06T18:46:40+00:00"", ""origen"": ""tvn_rss"", ""descripcion"": ""TVN Media y Fundación Relaciones Sanas formalizaron su alianza con el propósito de promover la educación, sensibilización y prevención en temas relacionados con la salud mental y el bienestar social."", ""alcance_texto"": ""titular_descripcion_rss""}"
noticia,fuera_de_ventana,fecha_publicacion,https://www.tvn-2.com/nacionales/gente-tvn-fortalece-compromiso-social-jornada-deportiva-inclusiva_1_2245912.html,"{""titulo"": ""Gente TVN fortalece su compromiso social con jornada deportiva inclusiva"", ""url"": ""https://www.tvn-2.com/nacionales/gente-tvn-fortalece-compromiso-social-jornada-deportiva-inclusiva_1_2245912.html"", ""medio"": ""tvn-2.com"", ""idioma"": ""es"", ""fecha_publicacion"": ""Sun, 14 Jun 2026 02:02:12 +0000"", ""fecha_deteccion"": null, ""fecha_extraccion"": ""2026-10-06T18:46:40+00:00"", ""origen"": ""tvn_rss"", ""descripcion"": ""Durante la jornada, periodistas, productores, camarógrafos y colaboradores de distintas áreas de TVN Media compartieron con los participantes en actividades recreativas y deportivas."", ""alcance_texto"": ""titular_descripcion_rss""}"
noticia,fuera_de_ventana,fecha_publicacion,https://www.tvn-2.com/nacionales/tvn-media-excom-unen-impulsar_1_2242806.html,"{""titulo"": ""TVN Media y XCOM se unen para impulsar la innovación y el futuro de la comunicación en Panamá"", ""url"": ""https://www.tvn-2.com/nacionales/tvn-media-excom-unen-impulsar_1_2242806.html"", ""medio"": ""tvn-2.com"", ""idioma"": ""es"", ""fecha_publicacion"": ""Tue, 26 May 2026 20:20:00 +0000"", ""fecha_deteccion"": null, ""fecha_extraccion"": ""2026-10-06T18:46:40+00:00"", ""origen"": ""tvn_rss"", ""descripcion"": ""Además de fortalecer la industria local, este tipo de eventos contribuye al posicionamiento internacional de Panamá como un hub regional de creatividad, innovación y talento."", ""alcance_texto"": ""titular_descripcion_rss""}"
noticia,fuera_de_ventana,fecha_publicacion,https://www.tvn-2.com/nacionales/tvn-media-firma-convenio-universidad-latina-fortalecer-formacion-estudiantes_1_2242290.html,"{""titulo"": ""TVN Media y Universidad Latina firman convenio para fortalecer formación de estudiantes"", ""url"": ""https://www.tvn-2.com/nacionales/tvn-media-firma-convenio-universidad-latina-fortalecer-formacion-estudiantes_1_2242290.html"", ""medio"": ""tvn-2.com"", ""idioma"": ""es"", ""fecha_publicacion"": ""Sat, 23 May 2026 02:30:00 +0000"", ""fecha_deteccion"": null, ""fecha_extraccion"": ""2026-10-06T18:46:40+00:00"", ""origen"": ""tvn_rss"", ""descripcion"": ""El convenio también impactará a estudiantes de otras áreas académicas como ingenierías, recursos humanos, psicología y negocios, ampliando las oportunidades de formación y vinculación profesional."", ""alcance_texto"": ""titular_descripcion_rss""}"
noticia,fuera_de_ventana,fecha_publicacion,https://www.tvn-2.com/nacionales/tvn-media-firma-alianza-promover-mosaico-panama_1_2240535.html,"{""titulo"": ""TVN Media firma alianza para promover 'Mosaico Panamá'"", ""url"": ""https://www.tvn-2.com/nacionales/tvn-media-firma-alianza-promover-mosaico-panama_1_2240535.html"", ""medio"": ""tvn-2.com"", ""idioma"": ""es"", ""fecha_publicacion"": ""Tue, 12 May 2026 00:59:45 +0000"", ""fecha_deteccion"": null, ""fecha_extraccion"": ""2026-10-06T18:46:40+00:00"", ""origen"": ""tvn_rss"", ""descripcion"": ""Durante esta edición, “ Mosaico Panamá ” abordará temas relacionados con la multiculturalidad, la libertad y el respeto como pilares que fortalecen la identidad nacional."", ""alcance_texto"": ""titular_descripcion_rss""}"
noticia,fuera_de_ventana,fecha_publicacion,https://www.tvn-2.com/nacionales/tvn-media-fundamorgan-firman-alianza_1_2238967.html,"{""titulo"": ""TVN Media y Fundamorgan firman alianza para sensibilizar sobre la problemáticas sociales como la violencia"", ""url"": ""https://www.tvn-2.com/nacionales/tvn-media-fundamorgan-firman-alianza_1_2238967.html"", ""medio"": ""tvn-2.com"", ""idioma"": ""es"", ""fecha_publicacion"": ""Fri, 01 May 2026 01:19:41 +0000"", ""fecha_deteccion"": null, ""fecha_extraccion"": ""2026-10-06T18:46:40+00:00"", ""origen"": ""tvn_rss"", ""descripcion"": ""Con esta alianza, ambas organizaciones reafirman su compromiso de contribuir a la construcción de una sociedad más consciente y preparada para enfrentar estos desafíos."", ""alcance_texto"": ""titular_descripcion_rss""}"
noticia,fuera_de_ventana,fecha_publicacion,https://www.tvn-2.com/nacionales/tvn-media-camara-panamena-desarrollo-social_1_2238469.html,"{""titulo"": ""TVN Media y Capadeso sellan alianza para visibilizar labor social"", ""url"": ""https://www.tvn-2.com/nacionales/tvn-media-camara-panamena-desarrollo-social_1_2238469.html"", ""medio"": ""tvn-2.com"", ""idioma"": ""es"", ""fecha_publicacion"": ""Tue, 28 Apr 2026 18:53:57 +0000"", ""fecha_deteccion"": null, ""fecha_extraccion"": ""2026-10-06T18:46:40+00:00"", ""origen"": ""tvn_rss"", ""descripcion"": ""Con este acuerdo, ambas organizaciones buscan fortalecer el vínculo entre la ciudadanía y las iniciativas sociales, generando mayor conciencia sobre los desafíos y soluciones que impulsan diversos sectores en Panamá."", ""alcance_texto"": ""titular_descripcion_rss""}"
noticia,fuera_de_ventana,fecha_publicacion,https://www.tvn-2.com/nacionales/tvn-media-jump-renuevan-alianza-emprendimiento-panama_1_2237758.html,"{""titulo"": ""TVN Media y Jump renuevan alianza para impulsar el emprendimiento en Panamá"", ""url"": ""https://www.tvn-2.com/nacionales/tvn-media-jump-renuevan-alianza-emprendimiento-panama_1_2237758.html"", ""medio"": ""tvn-2.com"", ""idioma"": ""es"", ""fecha_publicacion"": ""Thu, 23 Apr 2026 18:22:28 +0000"", ""fecha_deteccion"": null, ""fecha_extraccion"": ""2026-10-06T18:46:40+00:00"", ""origen"": ""tvn_rss"", ""descripcion"": ""Esta colaboración reafirma el compromiso de ambas plataformas con el talento panameño, al ofrecer visibilidad, acompañamiento y herramientas a emprendedores que buscan transformar sus ideas en negocios sostenibles y de impacto."", ""alcance_texto"": ""titular_descripcion_rss""}"
noticia,fuera_de_ventana,fecha_publicacion,https://www.tvn-2.com/nacionales/tvn-media-conmemora-dia-buenas-acciones-adavion-heroes-por-panama_1_2236132.html,"{""titulo"": ""TVN Media conmemora el Día de las Buenas Acciones con jornada solidaria junto a ADAVION, Héroes por Panamá 2019"", ""url"": ""https://www.tvn-2.com/nacionales/tvn-media-conmemora-dia-buenas-acciones-adavion-heroes-por-panama_1_2236132.html"", ""medio"": ""tvn-2.com"", ""idioma"": ""es"", ""fecha_publicacion"": ""Mon, 13 Apr 2026 23:02:47 +0000"", ""fecha_deteccion"": null, ""fecha_extraccion"": ""2026-10-06T18:46:40+00:00"", ""origen"": ""tvn_rss"", ""descripcion"": ""Esta acción se suma a una serie de esfuerzos que TVN Media impulsa a lo largo del año, donde sus colaboradores participan activamente en proyectos sociales, colectas y actividades comunitarias en distintas regiones del país, consolidando una cultura"", ""alcance_texto"": ""titular_descripcion_rss""}"
noticia,fuera_de_ventana,fecha_publicacion,https://www.tvn-2.com/nacionales/voces-femeninas-comparten-liderazgo-experiencias-encuentro-de-speed-mentoring-de-tvn_1_2230766.html,"{""titulo"": ""Voces femeninas comparten liderazgo y experiencias en encuentro de Speed Mentoring de TVN"", ""url"": ""https://www.tvn-2.com/nacionales/voces-femeninas-comparten-liderazgo-experiencias-encuentro-de-speed-mentoring-de-tvn_1_2230766.html"", ""medio"": ""tvn-2.com"", ""idioma"": ""es"", ""fecha_publicacion"": ""Sat, 07 Mar 2026 23:01:00 +0000"", ""fecha_deteccion"": null, ""fecha_extraccion"": ""2026-10-06T18:46:40+00:00"", ""origen"": ""tvn_rss"", ""descripcion"": ""El encuentro de Speed Mentoring permitió generar conversaciones cercanas sobre decisiones difíciles, errores, liderazgo y equilibrio entre la vida personal y profesional."", ""alcance_texto"": ""titular_descripcion_rss""}"
noticia,fuera_de_ventana,fecha_publicacion,https://www.tvn-2.com/nacionales/colaboradores-tvn-media-participan-voluntariado_1_2230514.html,"{""titulo"": ""Colaboradores de TVN Media participan en voluntariado en beneficio de la Fundación Latidos"", ""url"": ""https://www.tvn-2.com/nacionales/colaboradores-tvn-media-participan-voluntariado_1_2230514.html"", ""medio"": ""tvn-2.com"", ""idioma"": ""es"", ""fecha_publicacion"": ""Fri, 06 Mar 2026 00:00:00 +0000"", ""fecha_deteccion"": null, ""fecha_extraccion"": ""2026-10-06T18:46:40+00:00"", ""origen"": ""tvn_rss"", ""descripcion"": ""Edgard Rojas, de la Fundación Latidos, señaló que esta actividad es algo muy importante porque es un símbolo de valentía que se entrega a los niños con cardiopatía congénita que son operados."", ""alcance_texto"": ""titular_descripcion_rss""}"
noticia,fuera_de_ventana,fecha_publicacion,https://www.tvn-2.com/nacionales/tvn-media-encendio-fiesta-publico-sabores-de-colon_1_2229801.html,"{""titulo"": ""TVN encendió la fiesta y animó al público en 'Sabores de Colón'"", ""url"": ""https://www.tvn-2.com/nacionales/tvn-media-encendio-fiesta-publico-sabores-de-colon_1_2229801.html"", ""medio"": ""tvn-2.com"", ""idioma"": ""es"", ""fecha_publicacion"": ""Mon, 02 Mar 2026 00:29:43 +0000"", ""fecha_deteccion"": null, ""fecha_extraccion"": ""2026-10-06T18:46:40+00:00"", ""origen"": ""tvn_rss"", ""descripcion"": ""Durante el evento, talentos de TVN interactuaron con los asistentes mediante concursos, bailes y entrega de premios en efectivo, lo que mantuvo un ambiente festivo entre las familias que acudieron a la actividad gastronómica y cultural."", ""alcance_texto"": ""titular_descripcion_rss""}"
noticia,fuera_de_ventana,fecha_publicacion,https://www.tvn-2.com/nacionales/tvn-radio-tvmax-dan-kick-carnaval_1_2227551.html,"{""titulo"": ""TVN Radio y TVMAX dan el 'Kick-Off' al Carnaval con una lluvia de regalos en vía Centenario"", ""url"": ""https://www.tvn-2.com/nacionales/tvn-radio-tvmax-dan-kick-carnaval_1_2227551.html"", ""medio"": ""tvn-2.com"", ""idioma"": ""es"", ""fecha_publicacion"": ""Fri, 13 Feb 2026 23:13:59 +0000"", ""fecha_deteccion"": null, ""fecha_extraccion"": ""2026-10-06T18:46:40+00:00"", ""origen"": ""tvn_rss"", ""descripcion"": ""Con el objetivo de acompañar a su audiencia desde el primer kilómetro, las marcas líderes en comunicación transformaron este punto estratégico en una auténtica fiesta de carretera."", ""alcance_texto"": ""titular_descripcion_rss""}"
noticia,fuera_de_ventana,fecha_publicacion,https://www.tvn-2.com/nacionales/tvn-media-carnaval-la-villa-de-los-santos-alianza_1_2225701.html,"{""titulo"": ""TVN Media y el Carnaval de La Villa de Los Santos renuevan su alianza estratégica"", ""url"": ""https://www.tvn-2.com/nacionales/tvn-media-carnaval-la-villa-de-los-santos-alianza_1_2225701.html"", ""medio"": ""tvn-2.com"", ""idioma"": ""es"", ""fecha_publicacion"": ""Mon, 02 Feb 2026 18:40:15 +0000"", ""fecha_deteccion"": null, ""fecha_extraccion"": ""2026-10-06T18:46:40+00:00"", ""origen"": ""tvn_rss"", ""descripcion"": ""Con esta alianza, TVN Media y el Carnaval de la Villa de Los Santos apuestan a seguir posicionando esta celebración como un referente cultural y turístico a nivel nacional."", ""alcance_texto"": ""titular_descripcion_rss""}"
noticia,fuera_de_ventana,fecha_publicacion,https://www.tvn-2.com/videos/noticias/video-tvn-media-feria-chorrera-firman_8_2225013.html,"{""titulo"": ""TVN Media y la Feria de La Chorrera firman alianza estratégica"", ""url"": ""https://www.tvn-2.com/videos/noticias/video-tvn-media-feria-chorrera-firman_8_2225013.html"", ""medio"": ""tvn-2.com"", ""idioma"": ""es"", ""fecha_publicacion"": ""Thu, 29 Jan 2026 01:16:20 +0000"", ""fecha_deteccion"": null, ""fecha_extraccion"": ""2026-10-06T18:46:40+00:00"", ""origen"": ""tvn_rss"", ""descripcion"": null, ""alcance_texto"": ""titular_metadatos""}"
noticia,fuera_de_ventana,fecha_publicacion,https://www.tvn-2.com/nacionales/tvn-media-dice-presente-teleton-100-mil-dolares_1_2218658.html,"{""titulo"": ""TVN Media dice presente en la Teletón 20-30 con una donación de 100,000 dólares"", ""url"": ""https://www.tvn-2.com/nacionales/tvn-media-dice-presente-teleton-100-mil-dolares_1_2218658.html"", ""medio"": ""tvn-2.com"", ""idioma"": ""es"", ""fecha_publicacion"": ""Sun, 14 Dec 2025 00:09:23 +0000"", ""fecha_deteccion"": null, ""fecha_extraccion"": ""2026-10-06T18:46:40+00:00"", ""origen"": ""tvn_rss"", ""descripcion"": ""Sociedad, medio ambiente y gobernanza son los tres pilares que guían el compromiso de TVN Media."", ""alcance_texto"": ""titular_descripcion_rss""}"
noticia,fuera_de_ventana,fecha_publicacion,https://www.tvn-2.com/nacionales/periodista-claudya-carolina-morales-yenny-caballero-periodismo-sobre-ninez-y-adolescencia-ganador_1_2218367.html,"{""titulo"": ""TVN Noticias gana dos categorías del premio de Periodismo sobre Niñez y Adolescencia 2025"", ""url"": ""https://www.tvn-2.com/nacionales/periodista-claudya-carolina-morales-yenny-caballero-periodismo-sobre-ninez-y-adolescencia-ganador_1_2218367.html"", ""medio"": ""tvn-2.com"", ""idioma"": ""es"", ""fecha_publicacion"": ""Thu, 11 Dec 2025 19:12:00 +0000"", ""fecha_deteccion"": null, ""fecha_extraccion"": ""2026-10-06T18:46:40+00:00"", ""origen"": ""tvn_rss"", ""descripcion"": ""El Fondo de las Naciones Unidas para la Infancia (Unicef), junto al Centro Latinoamericano de Periodismo (Celap) , busca promover y motivar a los periodistas y medios a generar más espacios editoriales y contenidos para crear conciencia en torno a lo"", ""alcance_texto"": ""titular_descripcion_rss""}"
noticia,fuera_de_ventana,fecha_publicacion,https://www.tvn-2.com/nacionales/tvn-media-refuerza-compromiso-social_1_2217708.html,"{""titulo"": ""TVN Media refuerza su compromiso social con jornada de voluntariado en el Banco de Alimentos"", ""url"": ""https://www.tvn-2.com/nacionales/tvn-media-refuerza-compromiso-social_1_2217708.html"", ""medio"": ""tvn-2.com"", ""idioma"": ""es"", ""fecha_publicacion"": ""Sat, 06 Dec 2025 01:42:12 +0000"", ""fecha_deteccion"": null, ""fecha_extraccion"": ""2026-10-06T18:46:40+00:00"", ""origen"": ""tvn_rss"", ""descripcion"": ""Cada 5 de diciembre se celebra el Día Internacional del Voluntariado, una fecha destinada a promover y reconocer el aporte significativo de quienes dan su tiempo y esfuerzo sin esperar nada a cambio."", ""alcance_texto"": ""titular_descripcion_rss""}"
noticia,fuera_de_ventana,fecha_publicacion,https://www.tvn-2.com/nacionales/tvn-media-arrasa-premios-victoria-universidad-de-panama_1_2217570.html,"{""titulo"": ""TVN Media arrasa en los Premios Excelencia en la gala 'Los Faroles'"", ""url"": ""https://www.tvn-2.com/nacionales/tvn-media-arrasa-premios-victoria-universidad-de-panama_1_2217570.html"", ""medio"": ""tvn-2.com"", ""idioma"": ""es"", ""fecha_publicacion"": ""Fri, 05 Dec 2025 12:28:16 +0000"", ""fecha_deteccion"": null, ""fecha_extraccion"": ""2026-10-06T18:46:40+00:00"", ""origen"": ""tvn_rss"", ""descripcion"": ""Los Premios Excelencia en la Comunicación, buscan resaltar el talento de profesionales, productores y comunicadores panameños, y se han consolidado como un espacio académico que impulsa la calidad en los medios desde hace más de dos décadas."", ""alcance_texto"": ""titular_descripcion_rss""}"
noticia,fuera_de_ventana,fecha_publicacion,https://www.tvn-2.com/nacionales/tvn-media-reafirma-alianza-teleton-20-30_1_2214825.html,"{""titulo"": ""TVN Media reafirma alianza con la Teletón 20-30"", ""url"": ""https://www.tvn-2.com/nacionales/tvn-media-reafirma-alianza-teleton-20-30_1_2214825.html"", ""medio"": ""tvn-2.com"", ""idioma"": ""es"", ""fecha_publicacion"": ""Thu, 13 Nov 2025 21:11:59 +0000"", ""fecha_deteccion"": null, ""fecha_extraccion"": ""2026-10-06T18:46:40+00:00"", ""origen"": ""tvn_rss"", ""descripcion"": ""La Teletón 20-30 celebrará sus 40 años de trayectoria en la edición de 2025 ."", ""alcance_texto"": ""titular_descripcion_rss""}"
noticia,fuera_de_ventana,fecha_publicacion,https://www.tvn-2.com/nacionales/conape-reconoce-trayectoria-periodistas-tvn-media_1_2215048.html,"{""titulo"": ""Conape reconoce la trayectoria de periodistas de TVN Media"", ""url"": ""https://www.tvn-2.com/nacionales/conape-reconoce-trayectoria-periodistas-tvn-media_1_2215048.html"", ""medio"": ""tvn-2.com"", ""idioma"": ""es"", ""fecha_publicacion"": ""Sat, 15 Nov 2025 01:39:04 +0000"", ""fecha_deteccion"": null, ""fecha_extraccion"": ""2026-10-06T18:46:40+00:00"", ""origen"": ""tvn_rss"", ""descripcion"": null, ""alcance_texto"": ""titular_metadatos""}"
noticia,fuera_de_ventana,fecha_publicacion,https://www.tvn-2.com/nacionales/heroes-por-panama-culminan-diplomado-servicio-liderazgo-transformacion_1_2212969.html,"{""titulo"": ""Héroes por Panamá culminan su diplomado en Servicio, Liderazgo y Transformación Social"", ""url"": ""https://www.tvn-2.com/nacionales/heroes-por-panama-culminan-diplomado-servicio-liderazgo-transformacion_1_2212969.html"", ""medio"": ""tvn-2.com"", ""idioma"": ""es"", ""fecha_publicacion"": ""Thu, 30 Oct 2025 00:42:53 +0000"", ""fecha_deteccion"": null, ""fecha_extraccion"": ""2026-10-06T18:46:40+00:00"", ""origen"": ""tvn_rss"", ""descripcion"": ""Este esfuerzo conjunto entre la USMA y TVN Media representa mucho más que un espacio académico. Es un puente entre la experiencia educativa y la proyección que ofrecen los medios de comunicación."", ""alcance_texto"": ""titular_descripcion_rss""}"
noticia,fuera_de_ventana,fecha_publicacion,https://www.tvn-2.com/nacionales/tvn-media-firma-convenio-concurso-nacional-de-oratoria_1_2212606.html,"{""titulo"": ""TVN Media firma convenio como medio oficial del Concurso Nacional de Oratoria 2025"", ""url"": ""https://www.tvn-2.com/nacionales/tvn-media-firma-convenio-concurso-nacional-de-oratoria_1_2212606.html"", ""medio"": ""tvn-2.com"", ""idioma"": ""es"", ""fecha_publicacion"": ""Tue, 28 Oct 2025 02:00:44 +0000"", ""fecha_deteccion"": null, ""fecha_extraccion"": ""2026-10-06T18:46:40+00:00"", ""origen"": ""tvn_rss"", ""descripcion"": ""Este año, bajo el lema “ Alfabetización constitucional: el poder de la juventud en la construcción de una nueva constitución para el Panamá que soñamos ”."", ""alcance_texto"": ""titular_descripcion_rss""}"
noticia,fuera_de_ventana,fecha_publicacion,https://www.tvn-2.com/nacionales/documental-panama-llega-pantalla-grande-cine-tvn-media_1_2212034.html,"{""titulo"": ""Documental Panamá Reseñas de Nuestra Identidad llega al cine"", ""url"": ""https://www.tvn-2.com/nacionales/documental-panama-llega-pantalla-grande-cine-tvn-media_1_2212034.html"", ""medio"": ""tvn-2.com"", ""idioma"": ""es"", ""fecha_publicacion"": ""Thu, 23 Oct 2025 21:33:32 +0000"", ""fecha_deteccion"": null, ""fecha_extraccion"": ""2026-10-06T18:46:40+00:00"", ""origen"": ""tvn_rss"", ""descripcion"": ""Las tres historias ganadoras se presentarán a partir del 16 de noviembre en TVN Canal 2 y sus plataformas."", ""alcance_texto"": ""titular_descripcion_rss""}"
noticia,fuera_de_ventana,fecha_publicacion,https://www.tvn-2.com/nacionales/tvn-media-dircom-panama-unen_1_2211616.html,"{""titulo"": ""TVN Media y DIRCOM Panamá se unen para fortalecer la voz de los Héroes por Panamá"", ""url"": ""https://www.tvn-2.com/nacionales/tvn-media-dircom-panama-unen_1_2211616.html"", ""medio"": ""tvn-2.com"", ""idioma"": ""es"", ""fecha_publicacion"": ""Tue, 21 Oct 2025 17:48:33 +0000"", ""fecha_deteccion"": null, ""fecha_extraccion"": ""2026-10-06T18:46:40+00:00"", ""origen"": ""tvn_rss"", ""descripcion"": null, ""alcance_texto"": ""titular_metadatos""}"
noticia,fuera_de_ventana,fecha_publicacion,https://www.tvn-2.com/nacionales/tvn-media-nuevamente-consolida-empresas-mejor-reputacion_1_2211002.html,"{""titulo"": ""TVN Media se consolida en primer lugar como medio de comunicación con mejor reputación en Panamá, según Merco 2025"", ""url"": ""https://www.tvn-2.com/nacionales/tvn-media-nuevamente-consolida-empresas-mejor-reputacion_1_2211002.html"", ""medio"": ""tvn-2.com"", ""idioma"": ""es"", ""fecha_publicacion"": ""Fri, 17 Oct 2025 02:44:03 +0000"", ""fecha_deteccion"": null, ""fecha_extraccion"": ""2026-10-06T18:46:40+00:00"", ""origen"": ""tvn_rss"", ""descripcion"": ""El Monitor Empresarial de Reputación Corporativa (Merco), creado en el año 2000, se ha convertido en una referencia internacional al medir la percepción y confianza que generan las compañías entre directivos, expertos, trabajadores y el público en ge"", ""alcance_texto"": ""titular_descripcion_rss""}"
noticia,fuera_de_ventana,fecha_publicacion,https://www.tvn-2.com/nacionales/tvn-media-senacyt-firman-alianza_1_2208344.html,"{""titulo"": ""TVN Media y Senacyt firman alianza para promover la ciencia en Panamá"", ""url"": ""https://www.tvn-2.com/nacionales/tvn-media-senacyt-firman-alianza_1_2208344.html"", ""medio"": ""tvn-2.com"", ""idioma"": ""es"", ""fecha_publicacion"": ""Tue, 30 Sep 2025 01:06:16 +0000"", ""fecha_deteccion"": null, ""fecha_extraccion"": ""2026-10-06T18:46:40+00:00"", ""origen"": ""tvn_rss"", ""descripcion"": ""El acuerdo contempla la apertura del segmento “Cyber Break”, que se transmitirá de lunes a viernes dentro del programa Jelou Break de TVN Radio, con la participación de científicos de Senacyt."", ""alcance_texto"": ""titular_descripcion_rss""}"
noticia,fuera_de_ventana,fecha_publicacion,https://www.tvn-2.com/nacionales/multitudinario-desfile-carretas-guarare-tvn-media-hecho-en-panama-festival-nacional-de-la-mejorana_1_2208163.html,"{""titulo"": ""Multitudinario desfile de carretas en Guararé; TVN Media se tomó el Festival de la Mejorana"", ""url"": ""https://www.tvn-2.com/nacionales/multitudinario-desfile-carretas-guarare-tvn-media-hecho-en-panama-festival-nacional-de-la-mejorana_1_2208163.html"", ""medio"": ""tvn-2.com"", ""idioma"": ""es"", ""fecha_publicacion"": ""Sun, 28 Sep 2025 23:00:00 +0000"", ""fecha_deteccion"": null, ""fecha_extraccion"": ""2026-10-06T18:46:40+00:00"", ""origen"": ""tvn_rss"", ""descripcion"": ""Los organizadores estiman que desfilaron entre 60 y 65 delegaciones de diferentes partes del país, con más de 40 carretas."", ""alcance_texto"": ""titular_descripcion_rss""}"
noticia,fuera_de_ventana,fecha_publicacion,https://www.tvn-2.com/nacionales/tvn-media-dijo-presente-relevos_1_2205996.html,"{""titulo"": ""TVN Media dijo presente en Relevos por la Vida 2025 de Fanlyc"", ""url"": ""https://www.tvn-2.com/nacionales/tvn-media-dijo-presente-relevos_1_2205996.html"", ""medio"": ""tvn-2.com"", ""idioma"": ""es"", ""fecha_publicacion"": ""Sat, 13 Sep 2025 23:41:33 +0000"", ""fecha_deteccion"": null, ""fecha_extraccion"": ""2026-10-06T18:46:40+00:00"", ""origen"": ""tvn_rss"", ""descripcion"": null, ""alcance_texto"": ""titular_metadatos""}"
noticia,fuera_de_ventana,fecha_publicacion,https://www.tvn-2.com/nacionales/alianza-conocimiento-ciudad-del-saber-tvn-media_1_2203982.html,"{""titulo"": ""Una alianza por el conocimiento: Ciudad del Saber y TVN Media unen esfuerzos"", ""url"": ""https://www.tvn-2.com/nacionales/alianza-conocimiento-ciudad-del-saber-tvn-media_1_2203982.html"", ""medio"": ""tvn-2.com"", ""idioma"": ""es"", ""fecha_publicacion"": ""Sat, 09 Aug 2025 01:43:00 +0000"", ""fecha_deteccion"": null, ""fecha_extraccion"": ""2026-10-06T18:46:40+00:00"", ""origen"": ""tvn_rss"", ""descripcion"": null, ""alcance_texto"": ""titular_metadatos""}"
noticia,fuera_de_ventana,fecha_publicacion,https://www.tvn-2.com/nacionales/tvnmedia-sumarse-firman-convenio_1_2201601.html,"{""titulo"": ""TVN Media y Sumarse firman convenio para promover la Semana de la Responsabilidad Empresarial"", ""url"": ""https://www.tvn-2.com/nacionales/tvnmedia-sumarse-firman-convenio_1_2201601.html"", ""medio"": ""tvn-2.com"", ""idioma"": ""es"", ""fecha_publicacion"": ""Mon, 11 Aug 2025 19:19:00 +0000"", ""fecha_deteccion"": null, ""fecha_extraccion"": ""2026-10-06T18:46:40+00:00"", ""origen"": ""tvn_rss"", ""descripcion"": ""La decimocuarta edición del evento, organizado por Sumarse, tendrá como ejes centrales la sostenibilidad, la innovación y el crecimiento empresarial desde una perspectiva responsable ."", ""alcance_texto"": ""titular_descripcion_rss""}"
noticia,fuera_de_ventana,fecha_publicacion,https://www.tvn-2.com/nacionales/tvn-media-sabores-colon-gastronomia-cultura-colonense_1_2201366.html,"{""titulo"": ""TVN Media y Sabores de Colón se unen para resaltar la gastronomía y cultura colonense"", ""url"": ""https://www.tvn-2.com/nacionales/tvn-media-sabores-colon-gastronomia-cultura-colonense_1_2201366.html"", ""medio"": ""tvn-2.com"", ""idioma"": ""es"", ""fecha_publicacion"": ""Sat, 09 Aug 2025 01:00:00 +0000"", ""fecha_deteccion"": null, ""fecha_extraccion"": ""2026-10-06T18:46:40+00:00"", ""origen"": ""tvn_rss"", ""descripcion"": null, ""alcance_texto"": ""titular_metadatos""}"
noticia,fuera_de_ventana,fecha_publicacion,https://www.tvn-2.com/nacionales/tvn-media-recibe-reconocimiento-compromiso-ambiental-reduce-tu-huella_1_2200815.html,"{""titulo"": ""TVN Media recibe reconocimiento por su compromiso ambiental en el programa 'Reduce Tu Huella'"", ""url"": ""https://www.tvn-2.com/nacionales/tvn-media-recibe-reconocimiento-compromiso-ambiental-reduce-tu-huella_1_2200815.html"", ""medio"": ""tvn-2.com"", ""idioma"": ""es"", ""fecha_publicacion"": ""Tue, 05 Aug 2025 19:11:19 +0000"", ""fecha_deteccion"": null, ""fecha_extraccion"": ""2026-10-06T18:46:40+00:00"", ""origen"": ""tvn_rss"", ""descripcion"": ""El reconocimiento se otorgó junto a otras 187 organizaciones , entre ellas empresas privadas, ONGs y grupos comunitarios comprometidos con la reducción de su huella de carbono e hídrica."", ""alcance_texto"": ""titular_descripcion_rss""}"
noticia,fuera_de_ventana,fecha_publicacion,https://www.tvn-2.com/nacionales/tvn-media-presenta-documental-competencia-intercolegial-reciclaje_1_2202782.html,"{""titulo"": ""TVN Media presentó el documental que revela la experiencia de las escuelas que lideraron el reciclaje en Panamá"", ""url"": ""https://www.tvn-2.com/nacionales/tvn-media-presenta-documental-competencia-intercolegial-reciclaje_1_2202782.html"", ""medio"": ""tvn-2.com"", ""idioma"": ""es"", ""fecha_publicacion"": ""Wed, 20 Aug 2025 22:00:00 +0000"", ""fecha_deteccion"": null, ""fecha_extraccion"": ""2026-10-06T18:46:40+00:00"", ""origen"": ""tvn_rss"", ""descripcion"": ""La competencia fue creada para abordar el problema de la excesiva generación de residuos en Panamá, donde cada persona produce más de 1.2 kilogramos de basura al día."", ""alcance_texto"": ""titular_descripcion_rss""}"
noticia,fuera_de_ventana,fecha_publicacion,https://www.tvn-2.com/nacionales/tvn-media-mac-panama-unen_1_2199530.html,"{""titulo"": ""TVN Media y el MAC Panamá se unen para promover el arte y la cultura nacional"", ""url"": ""https://www.tvn-2.com/nacionales/tvn-media-mac-panama-unen_1_2199530.html"", ""medio"": ""tvn-2.com"", ""idioma"": ""es"", ""fecha_publicacion"": ""Fri, 25 Jul 2025 19:00:00 +0000"", ""fecha_deteccion"": null, ""fecha_extraccion"": ""2026-10-06T18:46:40+00:00"", ""origen"": ""tvn_rss"", ""descripcion"": ""Esta nueva alianza busca acercar al público panameño a las distintas manifestaciones del arte contemporáneo, apoyando la difusión de las actividades, exposiciones y programas educativos del MAC Panamá a través de las diversas plataformas de TVN Media"", ""alcance_texto"": ""titular_descripcion_rss""}"
noticia,fuera_de_ventana,fecha_publicacion,https://www.tvn-2.com/nacionales/tvn-media-presenta-informe-sostenibilidad_1_2199363.html,"{""titulo"": ""TVN Media presenta su Informe de Sostenibilidad bajo los principios de Ambiente, Sociedad y Gobernanza"", ""url"": ""https://www.tvn-2.com/nacionales/tvn-media-presenta-informe-sostenibilidad_1_2199363.html"", ""medio"": ""tvn-2.com"", ""idioma"": ""es"", ""fecha_publicacion"": ""Wed, 06 Aug 2025 12:00:00 +0000"", ""fecha_deteccion"": null, ""fecha_extraccion"": ""2026-10-06T18:46:40+00:00"", ""origen"": ""tvn_rss"", ""descripcion"": ""En cumplimiento de su compromiso con la transparencia y su responsabilidad anual como signataria del Pacto Global de las Naciones Unidas, TVN Media presenta su Informe de Sostenibilidad 2024, en el cual comparte los resultados de sus iniciativas en m"", ""alcance_texto"": ""titular_descripcion_rss""}"
noticia,fuera_de_ventana,fecha_publicacion,https://www.tvn-2.com/nacionales/tvn-media-quality-leadership-university-acuerdo-educacion-desarrollo_1_2198338.html,"{""titulo"": ""TVN Media y Quality Leadership University firman alianza estratégica"", ""url"": ""https://www.tvn-2.com/nacionales/tvn-media-quality-leadership-university-acuerdo-educacion-desarrollo_1_2198338.html"", ""medio"": ""tvn-2.com"", ""idioma"": ""es"", ""fecha_publicacion"": ""Wed, 16 Jul 2025 20:00:00 +0000"", ""fecha_deteccion"": null, ""fecha_extraccion"": ""2026-10-06T18:46:40+00:00"", ""origen"": ""tvn_rss"", ""descripcion"": null, ""alcance_texto"": ""titular_metadatos""}"
noticia,fuera_de_ventana,fecha_publicacion,https://www.tvn-2.com/videos/noticias/video-ext-tvn-media-fsu-panama-firmaron_7_2197723.html,"{""titulo"": ""TVN Media y FSU Panamá firmaron acuerdo de colaboración para formar estudiantes"", ""url"": ""https://www.tvn-2.com/videos/noticias/video-ext-tvn-media-fsu-panama-firmaron_7_2197723.html"", ""medio"": ""tvn-2.com"", ""idioma"": ""es"", ""fecha_publicacion"": ""Sat, 12 Jul 2025 01:34:57 +0000"", ""fecha_deteccion"": null, ""fecha_extraccion"": ""2026-10-06T18:46:40+00:00"", ""origen"": ""tvn_rss"", ""descripcion"": null, ""alcance_texto"": ""titular_metadatos""}"
noticia,fuera_de_ventana,fecha_publicacion,https://www.tvn-2.com/nacionales/tvn-media-consolida-ranking-merco-talento_1_2195639.html,"{""titulo"": ""TVN Media se consolida en el ranking de Merco Talento 2025"", ""url"": ""https://www.tvn-2.com/nacionales/tvn-media-consolida-ranking-merco-talento_1_2195639.html"", ""medio"": ""tvn-2.com"", ""idioma"": ""es"", ""fecha_publicacion"": ""Thu, 26 Jun 2025 21:17:21 +0000"", ""fecha_deteccion"": null, ""fecha_extraccion"": ""2026-10-06T18:46:40+00:00"", ""origen"": ""tvn_rss"", ""descripcion"": ""En TVN Media creemos que el talento humano es nuestro motor más valioso."", ""alcance_texto"": ""titular_descripcion_rss""}"
noticia,fuera_de_ventana,fecha_publicacion,https://www.tvn-2.com/nacionales/escuela-gana-competencia-intercolegial-gente-tvn-media-reciclaje_1_2195259.html,"{""titulo"": ""Escuela de San Miguelito gana competencia intercolegial de reciclaje ‘Gente TVN Media’ con 1,445 libras recolectadas"", ""url"": ""https://www.tvn-2.com/nacionales/escuela-gana-competencia-intercolegial-gente-tvn-media-reciclaje_1_2195259.html"", ""medio"": ""tvn-2.com"", ""idioma"": ""es"", ""fecha_publicacion"": ""Tue, 24 Jun 2025 02:31:01 +0000"", ""fecha_deteccion"": null, ""fecha_extraccion"": ""2026-10-06T18:46:40+00:00"", ""origen"": ""tvn_rss"", ""descripcion"": ""La escuela Bilingüe Martín Luther King obtuvo el primer lugar en el concurso intercolegial organizado por TVN que logró evitar que 2.5 toneladas de desechos llegaran a los vertederos."", ""alcance_texto"": ""titular_descripcion_rss""}"
noticia,fuera_de_ventana,fecha_publicacion,https://www.tvn-2.com/nacionales/tvn-media-fundacion-florida-state-university-panama-apuestan-industria-audiovisual_1_2190375.html,"{""titulo"": ""TVN Media y FSU Panamá apuestan por la nueva generación que transformará la industria"", ""url"": ""https://www.tvn-2.com/nacionales/tvn-media-fundacion-florida-state-university-panama-apuestan-industria-audiovisual_1_2190375.html"", ""medio"": ""tvn-2.com"", ""idioma"": ""es"", ""fecha_publicacion"": ""Tue, 20 May 2025 21:20:33 +0000"", ""fecha_deteccion"": null, ""fecha_extraccion"": ""2026-10-06T18:46:40+00:00"", ""origen"": ""tvn_rss"", ""descripcion"": null, ""alcance_texto"": ""titular_metadatos""}"
noticia,fuera_de_ventana,fecha_publicacion,https://www.tvn-2.com/nacionales/periodistas-tvn-noticias-premios-forum-de-periodistas_1_2189759.html,"{""titulo"": ""Periodistas de TVN Noticias son galardonados por el Fórum de Periodistas"", ""url"": ""https://www.tvn-2.com/nacionales/periodistas-tvn-noticias-premios-forum-de-periodistas_1_2189759.html"", ""medio"": ""tvn-2.com"", ""idioma"": ""es"", ""fecha_publicacion"": ""Fri, 16 May 2025 03:01:48 +0000"", ""fecha_deteccion"": null, ""fecha_extraccion"": ""2026-10-06T18:46:40+00:00"", ""origen"": ""tvn_rss"", ""descripcion"": null, ""alcance_texto"": ""titular_metadatos""}"
noticia,fuera_de_ventana,fecha_publicacion,https://www.tvn-2.com/nacionales/tvn-noticias-trafico-panama-firman-alianza-estrategia-medios_1_2187423.html,"{""titulo"": ""TVN Noticias y Tráfico Panamá firman alianza estratégica"", ""url"": ""https://www.tvn-2.com/nacionales/tvn-noticias-trafico-panama-firman-alianza-estrategia-medios_1_2187423.html"", ""medio"": ""tvn-2.com"", ""idioma"": ""es"", ""fecha_publicacion"": ""Tue, 29 Apr 2025 23:08:14 +0000"", ""fecha_deteccion"": null, ""fecha_extraccion"": ""2026-10-06T18:46:40+00:00"", ""origen"": ""tvn_rss"", ""descripcion"": null, ""alcance_texto"": ""titular_metadatos""}"
noticia,fuera_de_ventana,fecha_publicacion,https://www.tvn-2.com/nacionales/tvn-media-nombra-gerente-informacion-digital-magda-maxwell_1_2186722.html,"{""titulo"": ""TVN Media nombra gerente de Información Digital para continuar posicionando el liderazgo en noticias desde sus plataformas digitales"", ""url"": ""https://www.tvn-2.com/nacionales/tvn-media-nombra-gerente-informacion-digital-magda-maxwell_1_2186722.html"", ""medio"": ""tvn-2.com"", ""idioma"": ""es"", ""fecha_publicacion"": ""Thu, 24 Apr 2025 17:25:48 +0000"", ""fecha_deteccion"": null, ""fecha_extraccion"": ""2026-10-06T18:46:40+00:00"", ""origen"": ""tvn_rss"", ""descripcion"": null, ""alcance_texto"": ""titular_metadatos""}"
noticia,fuera_de_ventana,fecha_publicacion,https://www.tvn-2.com/videos/noticias/video-ext-tvn-celebra-63-anos_7_2186633.html,"{""titulo"": ""TVN celebra 63 años"", ""url"": ""https://www.tvn-2.com/videos/noticias/video-ext-tvn-celebra-63-anos_7_2186633.html"", ""medio"": ""tvn-2.com"", ""idioma"": ""es"", ""fecha_publicacion"": ""Thu, 24 Apr 2025 01:21:16 +0000"", ""fecha_deteccion"": null, ""fecha_extraccion"": ""2026-10-06T18:46:40+00:00"", ""origen"": ""tvn_rss"", ""descripcion"": null, ""alcance_texto"": ""titular_metadatos""}"
noticia,fuera_de_ventana,fecha_publicacion,https://www.tvn-2.com/nacionales/tvn-media-la-chorrera-celebra-cultura-mural_1_2186471.html,"{""titulo"": ""TVN Media celebra la cultura con mural en La Casa del Artesano de La Chorrera"", ""url"": ""https://www.tvn-2.com/nacionales/tvn-media-la-chorrera-celebra-cultura-mural_1_2186471.html"", ""medio"": ""tvn-2.com"", ""idioma"": ""es"", ""fecha_publicacion"": ""Wed, 23 Apr 2025 01:56:51 +0000"", ""fecha_deteccion"": null, ""fecha_extraccion"": ""2026-10-06T18:46:40+00:00"", ""origen"": ""tvn_rss"", ""descripcion"": null, ""alcance_texto"": ""titular_metadatos""}"
noticia,fuera_de_ventana,fecha_publicacion,https://www.tvn-2.com/nacionales/tvn-media-impulsa-reality-jump-emprendimientos-jovenes_1_2185537.html,"{""titulo"": ""TVN Media apoya el 'reality Jump' que busca impulsar el emprendimiento de jóvenes"", ""url"": ""https://www.tvn-2.com/nacionales/tvn-media-impulsa-reality-jump-emprendimientos-jovenes_1_2185537.html"", ""medio"": ""tvn-2.com"", ""idioma"": ""es"", ""fecha_publicacion"": ""Wed, 16 Apr 2025 00:59:06 +0000"", ""fecha_deteccion"": null, ""fecha_extraccion"": ""2026-10-06T18:46:40+00:00"", ""origen"": ""tvn_rss"", ""descripcion"": ""Jump se busca fomentar el desarrollo, el emprendimiento, los negocios, la creatividad entre los jóvenes para que se pueda generar mucho más empleo, y las nuevas ideas pueden llegar incluso a nivel internacional."", ""alcance_texto"": ""titular_descripcion_rss""}"
noticia,fuera_de_ventana,fecha_publicacion,https://www.tvn-2.com/nacionales/tvn-media-une-dias-de-las-buenas-acciones-instituto-oncologico_1_2184947.html,"{""titulo"": ""TVN Media se une al Día de las Buenas Acciones con jornada solidaria en el Instituto Oncológico Nacional"", ""url"": ""https://www.tvn-2.com/nacionales/tvn-media-une-dias-de-las-buenas-acciones-instituto-oncologico_1_2184947.html"", ""medio"": ""tvn-2.com"", ""idioma"": ""es"", ""fecha_publicacion"": ""Fri, 11 Apr 2025 02:08:16 +0000"", ""fecha_deteccion"": null, ""fecha_extraccion"": ""2026-10-06T18:46:40+00:00"", ""origen"": ""tvn_rss"", ""descripcion"": ""TVN Media renueva su compromiso con la responsabilidad social, evidenciando que su labor va más allá de informar y entretener, al enfocarse también en generar un impacto significativo y positivo en la comunidad panameña."", ""alcance_texto"": ""titular_descripcion_rss""}"
noticia,fuera_de_ventana,fecha_publicacion,https://www.tvn-2.com/nacionales/tvn-media-unicef-despacho-primera-crianza-amoroza-raices-fuertes_1_2183004.html,"{""titulo"": ""TVN Media, UNICEF y el Despacho de la Primera Dama se unen para promover la campaña 'Crianza amorosa, raíces fuertes'"", ""url"": ""https://www.tvn-2.com/nacionales/tvn-media-unicef-despacho-primera-crianza-amoroza-raices-fuertes_1_2183004.html"", ""medio"": ""tvn-2.com"", ""idioma"": ""es"", ""fecha_publicacion"": ""Fri, 28 Mar 2025 01:00:00 +0000"", ""fecha_deteccion"": null, ""fecha_extraccion"": ""2026-10-06T18:46:40+00:00"", ""origen"": ""tvn_rss"", ""descripcion"": null, ""alcance_texto"": ""titular_metadatos""}"
noticia,fuera_de_ventana,fecha_publicacion,https://www.tvn-2.com/nacionales/tvn-media-alianza-estrategica-apede-conferencia-anual-de-ejecutivos-2025_1_2182741.html,"{""titulo"": ""TVN Media firma alianza estratégica con Apede para la Conferencia Anual de Ejecutivos"", ""url"": ""https://www.tvn-2.com/nacionales/tvn-media-alianza-estrategica-apede-conferencia-anual-de-ejecutivos-2025_1_2182741.html"", ""medio"": ""tvn-2.com"", ""idioma"": ""es"", ""fecha_publicacion"": ""Wed, 26 Mar 2025 19:17:03 +0000"", ""fecha_deteccion"": null, ""fecha_extraccion"": ""2026-10-06T18:46:40+00:00"", ""origen"": ""tvn_rss"", ""descripcion"": ""La alianza con TVN Media refuerza el compromiso de Apede con la digitalización, la innovación y la competitividad del sector empresarial panameño, y su rol clave en el impulso de políticas públicas para el desarrollo empresarial del país."", ""alcance_texto"": ""titular_descripcion_rss""}"
noticia,fuera_de_ventana,fecha_publicacion,https://www.tvn-2.com/nacionales/dia-de-las-buenas-acciones-fundacion-jupa-tvn-media_1_2182521.html,"{""titulo"": ""TVN Media será parte del Día de las Buenas Acciones"", ""url"": ""https://www.tvn-2.com/nacionales/dia-de-las-buenas-acciones-fundacion-jupa-tvn-media_1_2182521.html"", ""medio"": ""tvn-2.com"", ""idioma"": ""es"", ""fecha_publicacion"": ""Tue, 25 Mar 2025 01:29:54 +0000"", ""fecha_deteccion"": null, ""fecha_extraccion"": ""2026-10-06T18:46:40+00:00"", ""origen"": ""tvn_rss"", ""descripcion"": ""Fundación Jupá organiza una serie de actividades para conmemorar esta fecha."", ""alcance_texto"": ""titular_descripcion_rss""}"
noticia,fuera_de_ventana,fecha_publicacion,https://www.tvn-2.com/entretenimiento/cine-y-tv/tvn-media-iff-panama-firman-convenio-festival-de-cine-de-panama_1_2181612.html,"{""titulo"": ""TVN Media y el IFF Panamá firman alianza para la 13ª edición del Festival Internacional de Cine de Panamá"", ""url"": ""https://www.tvn-2.com/entretenimiento/cine-y-tv/tvn-media-iff-panama-firman-convenio-festival-de-cine-de-panama_1_2181612.html"", ""medio"": ""tvn-2.com"", ""idioma"": ""es"", ""fecha_publicacion"": ""Tue, 18 Mar 2025 19:31:35 +0000"", ""fecha_deteccion"": null, ""fecha_extraccion"": ""2026-10-06T18:46:40+00:00"", ""origen"": ""tvn_rss"", ""descripcion"": ""La organización invita a todos a estar atentos a las novedades y actividades que se desarrollarán durante esta nueva edición."", ""alcance_texto"": ""titular_descripcion_rss""}"
noticia,fuera_de_ventana,fecha_publicacion,https://www.tvn-2.com/nacionales/tvn-media-destaca-ranking-merco-responsabilidad-social-empresarial_1_2174203.html,"{""titulo"": ""TVN Media destaca en el ranking Merco Responsabilidad ESG Panamá 2024"", ""url"": ""https://www.tvn-2.com/nacionales/tvn-media-destaca-ranking-merco-responsabilidad-social-empresarial_1_2174203.html"", ""medio"": ""tvn-2.com"", ""idioma"": ""es"", ""fecha_publicacion"": ""Fri, 24 Jan 2025 19:42:54 +0000"", ""fecha_deteccion"": null, ""fecha_extraccion"": ""2026-10-06T18:46:40+00:00"", ""origen"": ""tvn_rss"", ""descripcion"": ""En la sección de las empresas más responsables con el medio ambiente, TVN Media se posicionó entre las 10 empresas más responsables."", ""alcance_texto"": ""titular_descripcion_rss""}"
noticia,fuera_de_ventana,fecha_publicacion,https://www.tvn-2.com/nacionales/macrofest-2025-presenta-cartel-oficial-reconocimiento-tvnmedia_1_2173050.html,"{""titulo"": ""Macrofest 2025 presenta su cartel oficial y entrega reconocimiento a TVN Media"", ""url"": ""https://www.tvn-2.com/nacionales/macrofest-2025-presenta-cartel-oficial-reconocimiento-tvnmedia_1_2173050.html"", ""medio"": ""tvn-2.com"", ""idioma"": ""es"", ""fecha_publicacion"": ""Thu, 16 Jan 2025 20:59:29 +0000"", ""fecha_deteccion"": null, ""fecha_extraccion"": ""2026-10-06T18:46:40+00:00"", ""origen"": ""tvn_rss"", ""descripcion"": ""El lanzamiento del cartel artístico marca el inicio de la cuenta regresiva hacia uno de los eventos culturales más destacados de la región."", ""alcance_texto"": ""titular_descripcion_rss""}"
noticia,fuera_de_ventana,fecha_publicacion,https://www.tvn-2.com/nacionales/tvn-media-municipio-la-villa-de-los-santos-firman-alianza-carnaval-2025_1_2172852.html,"{""titulo"": ""TVN Media y el Municipio de La Villa firman alianza para impulsar los Carnavales 2025"", ""url"": ""https://www.tvn-2.com/nacionales/tvn-media-municipio-la-villa-de-los-santos-firman-alianza-carnaval-2025_1_2172852.html"", ""medio"": ""tvn-2.com"", ""idioma"": ""es"", ""fecha_publicacion"": ""Wed, 15 Jan 2025 17:35:47 +0000"", ""fecha_deteccion"": null, ""fecha_extraccion"": ""2026-10-06T18:46:40+00:00"", ""origen"": ""tvn_rss"", ""descripcion"": ""TVN Media llevará a los televidentes cómo se vive el Carnaval en La Villa de Los Santos."", ""alcance_texto"": ""titular_descripcion_rss""}"
noticia,fuera_de_ventana,fecha_publicacion,https://www.tvn-2.com/nacionales/tvn-media-recibe-reconocimiento-cobertura_1_2172034.html,"{""titulo"": ""TVN Media recibe reconocimiento por cobertura del 9 de enero de 1964"", ""url"": ""https://www.tvn-2.com/nacionales/tvn-media-recibe-reconocimiento-cobertura_1_2172034.html"", ""medio"": ""tvn-2.com"", ""idioma"": ""es"", ""fecha_publicacion"": ""Thu, 09 Jan 2025 00:56:01 +0000"", ""fecha_deteccion"": null, ""fecha_extraccion"": ""2026-10-06T18:46:40+00:00"", ""origen"": ""tvn_rss"", ""descripcion"": ""TVN Noticias recibió un reconocimiento especial por su labor periodística en ese 9 de enero de 1964."", ""alcance_texto"": ""titular_descripcion_rss""}"
noticia,fuera_de_ventana,fecha_publicacion,https://www.tvn-2.com/nacionales/tvn-media-loma-brigida-la-chorrera-dia-de-reyes_1_2171661.html,"{""titulo"": ""TVN Media regala alegría a niños de Loma Brígida en La Chorrera por Día de Reyes"", ""url"": ""https://www.tvn-2.com/nacionales/tvn-media-loma-brigida-la-chorrera-dia-de-reyes_1_2171661.html"", ""medio"": ""tvn-2.com"", ""idioma"": ""es"", ""fecha_publicacion"": ""Mon, 06 Jan 2025 19:11:01 +0000"", ""fecha_deteccion"": null, ""fecha_extraccion"": ""2026-10-06T18:46:40+00:00"", ""origen"": ""tvn_rss"", ""descripcion"": ""Uno de los niños dijo que lo que más le gustó fue jugar en los trampolines, y cantar."", ""alcance_texto"": ""titular_descripcion_rss""}"
noticia,fuera_de_ventana,fecha_publicacion,https://www.tvn-2.com/nacionales/tvn-media-firma-alianza-panama-jazz-festival-princess-orelia-benskia_1_2171990.html,"{""titulo"": ""TVN Media reafirma su alianza con firma para el Panamá Jazz Festival 2025, dedicado a Princess Orelia Benskia"", ""url"": ""https://www.tvn-2.com/nacionales/tvn-media-firma-alianza-panama-jazz-festival-princess-orelia-benskia_1_2171990.html"", ""medio"": ""tvn-2.com"", ""idioma"": ""es"", ""fecha_publicacion"": ""Wed, 08 Jan 2025 21:35:17 +0000"", ""fecha_deteccion"": null, ""fecha_extraccion"": ""2026-10-06T18:46:40+00:00"", ""origen"": ""tvn_rss"", ""descripcion"": ""Como parte de esta alianza, TVN Media se compromete a brindar una cobertura integral del Panamá Jazz Festival."", ""alcance_texto"": ""titular_descripcion_rss""}"
noticia,fuera_de_ventana,fecha_publicacion,https://www.tvn-2.com/nacionales/suenos-diciembre-familia-tvn-noticias-ninos-cerro-cabra-navidad_1_2170326.html,"{""titulo"": ""Sueños de diciembre: La familia de TVN Noticias llevó alegría a los niños de Cerro Cabra"", ""url"": ""https://www.tvn-2.com/nacionales/suenos-diciembre-familia-tvn-noticias-ninos-cerro-cabra-navidad_1_2170326.html"", ""medio"": ""tvn-2.com"", ""idioma"": ""es"", ""fecha_publicacion"": ""Wed, 25 Dec 2024 00:16:31 +0000"", ""fecha_deteccion"": null, ""fecha_extraccion"": ""2026-10-06T18:46:40+00:00"", ""origen"": ""tvn_rss"", ""descripcion"": ""Así los sesenta niños de Cerro Cabra vivieron los Sueños de Diciembre."", ""alcance_texto"": ""titular_descripcion_rss""}"
noticia,fuera_de_ventana,fecha_publicacion,https://www.tvn-2.com/nacionales/tvn-media-dice-presente-teleton-20-30_1_2169266.html,"{""titulo"": ""TVN Media dice presente en la Teletón 20-30 con una donación de 100,000 dólares"", ""url"": ""https://www.tvn-2.com/nacionales/tvn-media-dice-presente-teleton-20-30_1_2169266.html"", ""medio"": ""tvn-2.com"", ""idioma"": ""es"", ""fecha_publicacion"": ""Sun, 15 Dec 2024 23:17:28 +0000"", ""fecha_deteccion"": null, ""fecha_extraccion"": ""2026-10-06T18:46:40+00:00"", ""origen"": ""tvn_rss"", ""descripcion"": ""Sociedad, medio ambiente y gobernanza son los tres pilares que guían el compromiso de TVN Media."", ""alcance_texto"": ""titular_descripcion_rss""}"
noticia,fuera_de_ventana,fecha_publicacion,https://www.tvn-2.com/nacionales/tvn-media-recibe-reconocimiento-simposio-innovacion-sostenibilidad-en-ambiente_1_2169077.html,"{""titulo"": ""TVN Media recibe reconocimiento en el Simposio Internacional de Innovación en Sostenibilidad: Edificio y Ciudad"", ""url"": ""https://www.tvn-2.com/nacionales/tvn-media-recibe-reconocimiento-simposio-innovacion-sostenibilidad-en-ambiente_1_2169077.html"", ""medio"": ""tvn-2.com"", ""idioma"": ""es"", ""fecha_publicacion"": ""Fri, 13 Dec 2024 18:17:01 +0000"", ""fecha_deteccion"": null, ""fecha_extraccion"": ""2026-10-06T18:46:40+00:00"", ""origen"": ""tvn_rss"", ""descripcion"": ""El premio fue otorgado al programa de reciclaje “En Ambiente”."", ""alcance_texto"": ""titular_descripcion_rss""}"
noticia,fuera_de_ventana,fecha_publicacion,https://www.tvn-2.com/nacionales/ranking-de-los-lideres-luis-mouynes-gerente-tvn-media_1_2168690.html,"{""titulo"": ""Gerente de TVN Media, Luis Mouynes en el ranking de los líderes con mejor reputación en Panamá"", ""url"": ""https://www.tvn-2.com/nacionales/ranking-de-los-lideres-luis-mouynes-gerente-tvn-media_1_2168690.html"", ""medio"": ""tvn-2.com"", ""idioma"": ""es"", ""fecha_publicacion"": ""Wed, 11 Dec 2024 01:18:24 +0000"", ""fecha_deteccion"": null, ""fecha_extraccion"": ""2026-10-06T18:46:40+00:00"", ""origen"": ""tvn_rss"", ""descripcion"": ""Fueron 100 líderes reconocidos a nivel nacional; de ellos, 31 son mujeres."", ""alcance_texto"": ""titular_descripcion_rss""}"
noticia,fuera_de_ventana,fecha_publicacion,https://www.tvn-2.com/nacionales/tvn-media-gana-categoria-mejor-merco-empresas-panama-2024-premio-ranking_1_2167542.html,"{""titulo"": ""TVN Media gana categoría de Mejor Medio de Comunicación en ranking de Merco Empresas de Panamá 2024"", ""url"": ""https://www.tvn-2.com/nacionales/tvn-media-gana-categoria-mejor-merco-empresas-panama-2024-premio-ranking_1_2167542.html"", ""medio"": ""tvn-2.com"", ""idioma"": ""es"", ""fecha_publicacion"": ""Mon, 02 Dec 2024 18:23:32 +0000"", ""fecha_deteccion"": null, ""fecha_extraccion"": ""2026-10-06T18:46:40+00:00"", ""origen"": ""tvn_rss"", ""descripcion"": ""Para el ranking 2024 participaron alrededor de 300 empresas."", ""alcance_texto"": ""titular_descripcion_rss""}"
noticia,fuera_de_ventana,fecha_publicacion,https://www.tvn-2.com/nacionales/claudya-morales-tvn-media-premio-de-periodismo-ninez-y-adolescencia-unicef-celap_1_2166205.html,"{""titulo"": ""Claudya Morales de TVN Media gana Premio de Periodismo sobre Niñez y Adolescencia 2024"", ""url"": ""https://www.tvn-2.com/nacionales/claudya-morales-tvn-media-premio-de-periodismo-ninez-y-adolescencia-unicef-celap_1_2166205.html"", ""medio"": ""tvn-2.com"", ""idioma"": ""es"", ""fecha_publicacion"": ""Thu, 21 Nov 2024 20:28:55 +0000"", ""fecha_deteccion"": null, ""fecha_extraccion"": ""2026-10-06T18:46:40+00:00"", ""origen"": ""tvn_rss"", ""descripcion"": ""Morales fue galardonada por dar a conocer la cruda realidad que viven los niños y adolescentes de la comarca Ngäbe-Buglé para asistir a centros escolares."", ""alcance_texto"": ""titular_descripcion_rss""}"
noticia,fuera_de_ventana,fecha_publicacion,https://www.tvn-2.com/nacionales/premios-excelencia-2024-universidad-de-panama-tvn-noticias-facultad-de-comunicacion-social_1_2166104.html,"{""titulo"": ""TVN Media arrasa en los Premios Excelencia de la Universidad de Panamá"", ""url"": ""https://www.tvn-2.com/nacionales/premios-excelencia-2024-universidad-de-panama-tvn-noticias-facultad-de-comunicacion-social_1_2166104.html"", ""medio"": ""tvn-2.com"", ""idioma"": ""es"", ""fecha_publicacion"": ""Thu, 21 Nov 2024 02:59:16 +0000"", ""fecha_deteccion"": null, ""fecha_extraccion"": ""2026-10-06T18:46:40+00:00"", ""origen"": ""tvn_rss"", ""descripcion"": ""Los estudiantes de la Facultad de Comunicación Social de la Universidad de Panamá organizan este evento año tras año."", ""alcance_texto"": ""titular_descripcion_rss""}"
noticia,fuera_de_ventana,fecha_publicacion,https://www.tvn-2.com/nacionales/periodistas-tvn-media-participan-conversatorio-desinformacion-fake-news-universidad-latina_1_2165356.html,"{""titulo"": ""Periodistas de TVN Media participan de conversatorio sobre desinformación y 'fake news' con estudiantes de la Universidad Latina"", ""url"": ""https://www.tvn-2.com/nacionales/periodistas-tvn-media-participan-conversatorio-desinformacion-fake-news-universidad-latina_1_2165356.html"", ""medio"": ""tvn-2.com"", ""idioma"": ""es"", ""fecha_publicacion"": ""Fri, 15 Nov 2024 22:23:28 +0000"", ""fecha_deteccion"": null, ""fecha_extraccion"": ""2026-10-06T18:46:40+00:00"", ""origen"": ""tvn_rss"", ""descripcion"": ""Los periodistas de TVN Noticias, Johanny Guevara y Nicanor Alvarado , aportaron su experiencia y conocimiento sobre este importante tema."", ""alcance_texto"": ""titular_descripcion_rss""}"
noticia,fuera_de_ventana,fecha_publicacion,https://www.tvn-2.com/nacionales/tvn-media-realiza-homenaje-luz-maria-noli-dia-del-periodista-heroes-por-panama_1_2165138.html,"{""titulo"": ""TVN Media realiza homenaje a Luz María Noli, heroína de la información"", ""url"": ""https://www.tvn-2.com/nacionales/tvn-media-realiza-homenaje-luz-maria-noli-dia-del-periodista-heroes-por-panama_1_2165138.html"", ""medio"": ""tvn-2.com"", ""idioma"": ""es"", ""fecha_publicacion"": ""Thu, 14 Nov 2024 17:41:38 +0000"", ""fecha_deteccion"": null, ""fecha_extraccion"": ""2026-10-06T18:46:40+00:00"", ""origen"": ""tvn_rss"", ""descripcion"": ""\"" Yo fui directora del Departamento de Noticias de TVN, que eso es un lujo y una distinción que nunca podré olvidar. Les doy gracias a todos ustedes, pero sobre todo a toda la gente que me acompañó durante este tiempo \""."", ""alcance_texto"": ""titular_descripcion_rss""}"
noticia,fuera_de_ventana,fecha_publicacion,https://www.tvn-2.com/nacionales/municipio-de-panama-pergamino-llaves-ciudad-hecho-panama_1_2163410.html,"{""titulo"": ""Municipio capitalino entrega pergamino y llaves de la ciudad para Hecho en Panamá"", ""url"": ""https://www.tvn-2.com/nacionales/municipio-de-panama-pergamino-llaves-ciudad-hecho-panama_1_2163410.html"", ""medio"": ""tvn-2.com"", ""idioma"": ""es"", ""fecha_publicacion"": ""Fri, 01 Nov 2024 00:23:19 +0000"", ""fecha_deteccion"": null, ""fecha_extraccion"": ""2026-10-06T18:46:40+00:00"", ""origen"": ""tvn_rss"", ""descripcion"": ""El Consejo Municipal de Panamá hace reconocimiento al programa Hecho en Panamá por durante 38 años enaltecer la cultura, costumbres e identidad de nuestras raices panameñas y las grandes cualidades del país en cada episodio al aire."", ""alcance_texto"": ""titular_descripcion_rss""}"
noticia,fuera_de_ventana,fecha_publicacion,https://www.tvn-2.com/nacionales/tvn-media-tres-galardones-premios-victoria-usma_1_2160381.html,"{""titulo"": ""TVN Media arrasa en los Premios Victoria 2024"", ""url"": ""https://www.tvn-2.com/nacionales/tvn-media-tres-galardones-premios-victoria-usma_1_2160381.html"", ""medio"": ""tvn-2.com"", ""idioma"": ""es"", ""fecha_publicacion"": ""Fri, 11 Oct 2024 02:07:51 +0000"", ""fecha_deteccion"": null, ""fecha_extraccion"": ""2026-10-06T18:46:40+00:00"", ""origen"": ""tvn_rss"", ""descripcion"": ""En la gala TVN Media arrasó en varias categorías, alzándose con 7 premios en total."", ""alcance_texto"": ""titular_descripcion_rss""}"
noticia,fuera_de_ventana,fecha_publicacion,https://www.tvn-2.com/nacionales/mundo-verde-reportaje-tvn-gana-premio-nacional-periodismo-cientifico-senacyt_1_2157388.html,"{""titulo"": ""Reportaje de Mundo Verde de TVN gana premio del Concurso Nacional de Periodismo Científico"", ""url"": ""https://www.tvn-2.com/nacionales/mundo-verde-reportaje-tvn-gana-premio-nacional-periodismo-cientifico-senacyt_1_2157388.html"", ""medio"": ""tvn-2.com"", ""idioma"": ""es"", ""fecha_publicacion"": ""Fri, 20 Sep 2024 18:19:27 +0000"", ""fecha_deteccion"": null, ""fecha_extraccion"": ""2026-10-06T18:46:40+00:00"", ""origen"": ""tvn_rss"", ""descripcion"": ""El Concurso Nacional de Periodismo Científico tiene como objetivo, hacer un reconocimiento a la labor que realizan los medios de comunicación del país en la divulgación y popularización de la ciencia, la tecnología y la innovación en Panamá."", ""alcance_texto"": ""titular_descripcion_rss""}"
noticia,fuera_de_ventana,fecha_publicacion,https://www.tvn-2.com/nacionales/mundo-verde-ballenas-jorobadas-premio-concurso-comunicadores-sociales-carla-uliantzeff_1_2158333.html,"{""titulo"": ""Mundo Verde de TVN gana premio en Concurso para Comunicadores Sociales Carla Uliantzeff"", ""url"": ""https://www.tvn-2.com/nacionales/mundo-verde-ballenas-jorobadas-premio-concurso-comunicadores-sociales-carla-uliantzeff_1_2158333.html"", ""medio"": ""tvn-2.com"", ""idioma"": ""es"", ""fecha_publicacion"": ""Fri, 27 Sep 2024 18:57:50 +0000"", ""fecha_deteccion"": null, ""fecha_extraccion"": ""2026-10-06T18:46:40+00:00"", ""origen"": ""tvn_rss"", ""descripcion"": ""En esta pieza se dan a conocer las principales normas de avistamiento de cetáceos que se deben cumplir."", ""alcance_texto"": ""titular_descripcion_rss""}"
noticia,fuera_de_ventana,fecha_publicacion,https://www.tvn-2.com/nacionales/presentan-ganadoras-documental-panama-documentales-cine-fundacion-alberto-motta-noticias-en-panama-hoy_1_2163165.html,"{""titulo"": ""Presentan a las obras ganadoras de Documental Panamá"", ""url"": ""https://www.tvn-2.com/nacionales/presentan-ganadoras-documental-panama-documentales-cine-fundacion-alberto-motta-noticias-en-panama-hoy_1_2163165.html"", ""medio"": ""tvn-2.com"", ""idioma"": ""es"", ""fecha_publicacion"": ""Wed, 30 Oct 2024 20:15:28 +0000"", ""fecha_deteccion"": null, ""fecha_extraccion"": ""2026-10-06T18:46:40+00:00"", ""origen"": ""tvn_rss"", ""descripcion"": ""Documental Panamá es un proyecto que surgió de la iniciativa de generar contenidos audiovisuales desarrollados con talento y que aporten a la construcción de la identidad panameña."", ""alcance_texto"": ""titular_descripcion_rss""}"
noticia,fuera_de_ventana,fecha_publicacion,https://www.tvn-2.com/videos/noticias/video-ext-tvn-media-firma-alianza-concurso_7_2163037.html,"{""titulo"": ""TVN Media firma alianza con el Concurso Nacional de Oratoria 2024"", ""url"": ""https://www.tvn-2.com/videos/noticias/video-ext-tvn-media-firma-alianza-concurso_7_2163037.html"", ""medio"": ""tvn-2.com"", ""idioma"": ""es"", ""fecha_publicacion"": ""Wed, 30 Oct 2024 00:11:16 +0000"", ""fecha_deteccion"": null, ""fecha_extraccion"": ""2026-10-06T18:46:40+00:00"", ""origen"": ""tvn_rss"", ""descripcion"": ""TVN Media se enorgullece en anunciar su alianza con el Concurso Nacional de Oratoria 2024, que este año destacará un tema fundamental para el país: “Cuidado, conservación y reserva del agua: recurso vital para contribuir al desarrollo sostenible y ec"", ""alcance_texto"": ""titular_descripcion_rss""}"
noticia,fuera_de_ventana,fecha_publicacion,https://www.tvn-2.com/videos/noticias/video-ext-tvn-media-reafirma-alianza-teleton_7_2163364.html,"{""titulo"": ""TVN Media reafirma alianza con la Teletón 20-30"", ""url"": ""https://www.tvn-2.com/videos/noticias/video-ext-tvn-media-reafirma-alianza-teleton_7_2163364.html"", ""medio"": ""tvn-2.com"", ""idioma"": ""es"", ""fecha_publicacion"": ""Thu, 31 Oct 2024 20:32:52 +0000"", ""fecha_deteccion"": null, ""fecha_extraccion"": ""2026-10-06T18:46:40+00:00"", ""origen"": ""tvn_rss"", ""descripcion"": ""TVN Media reanuda su alianza con Teletón 20-30, reafirmando su compromiso con la sociedad panameña al ser nuevamente uno de los medios de comunicación aliados de esta noble causa."", ""alcance_texto"": ""titular_descripcion_rss""}"
noticia,url_duplicada,url,https://www.prensa.com/economia/panama-lanza-proyecto-que-impulsa-la-pesca-sostenible-y-protege-los-oceanos-en-seis-paises-de-america-y-africa/,"{""titulo"": ""Panamá lanza proyecto que impulsa la pesca sostenible y protege los océanos en seis países de América y África"", ""url"": ""https://www.prensa.com/economia/panama-lanza-proyecto-que-impulsa-la-pesca-sostenible-y-protege-los-oceanos-en-seis-paises-de-america-y-africa/"", ""medio"": ""prensa.com"", ""idioma"": ""es"", ""fecha_publicacion"": null, ""fecha_deteccion"": ""20260723T223000Z"", ""fecha_extraccion"": ""2026-10-06T18:46:40+00:00"", ""origen"": ""gdelt_doc:economia"", ""descripcion"": null, ""alcance_texto"": ""titular_metadatos""}"
noticia,url_duplicada,url,https://www.prensa.com/economia/los-panamenos-ya-no-rumbean-como-antes-que-cambio/,"{""titulo"": ""Los panameños ya no rumbean como antes : ¿ qué cambió ?"", ""url"": ""https://www.prensa.com/economia/los-panamenos-ya-no-rumbean-como-antes-que-cambio/"", ""medio"": ""prensa.com"", ""idioma"": ""es"", ""fecha_publicacion"": null, ""fecha_deteccion"": ""20260723T223000Z"", ""fecha_extraccion"": ""2026-10-06T18:46:40+00:00"", ""origen"": ""gdelt_doc:economia"", ""descripcion"": null, ""alcance_texto"": ""titular_metadatos""}"
noticia,url_duplicada,url,https://www.prensa.com/economia/air-france-abrira-vuelos-de-temporada-entre-las-islas-de-guadalupe-y-panama-desde-diciembre-de-2026/,"{""titulo"": ""Air France abrirá vuelos de temporada entre las islas de Guadalupe y Panamá desde diciembre de 2026"", ""url"": ""https://www.prensa.com/economia/air-france-abrira-vuelos-de-temporada-entre-las-islas-de-guadalupe-y-panama-desde-diciembre-de-2026/"", ""medio"": ""prensa.com"", ""idioma"": ""es"", ""fecha_publicacion"": null, ""fecha_deteccion"": ""20260724T173000Z"", ""fecha_extraccion"": ""2026-10-06T18:46:40+00:00"", ""origen"": ""gdelt_doc:economia"", ""descripcion"": null, ""alcance_texto"": ""titular_metadatos""}"
noticia,url_duplicada,url,https://www.prensa.com/economia/panama-puede-exportar-con-arancel-cero-a-estados-unidos/,"{""titulo"": ""Panamá puede exportar con arancel cero a Estados Unidos"", ""url"": ""https://www.prensa.com/economia/panama-puede-exportar-con-arancel-cero-a-estados-unidos/"", ""medio"": ""prensa.com"", ""idioma"": ""es"", ""fecha_publicacion"": null, ""fecha_deteccion"": ""20260724T031500Z"", ""fecha_extraccion"": ""2026-10-06T18:46:40+00:00"", ""origen"": ""gdelt_doc:economia"", ""descripcion"": null, ""alcance_texto"": ""titular_metadatos""}"
noticia,url_duplicada,url,https://www.telemetro.com/nacionales/presidente-mulino-propone-una-asamblea-constituyente-transformar-el-estado-2027-n6086214,"{""titulo"": ""Presidente Mulino propone una Asamblea Constituyente para transformar el Estado en 2027"", ""url"": ""https://www.telemetro.com/nacionales/presidente-mulino-propone-una-asamblea-constituyente-transformar-el-estado-2027-n6086214"", ""medio"": ""telemetro.com"", ""idioma"": ""es"", ""fecha_publicacion"": null, ""fecha_deteccion"": ""20260724T154500Z"", ""fecha_extraccion"": ""2026-10-06T18:46:40+00:00"", ""origen"": ""gdelt_doc:economia"", ""descripcion"": null, ""alcance_texto"": ""titular_metadatos""}"
noticia,url_duplicada,url,https://www.telemetro.com/nacionales/inadeh-itse-crearan-cursos-y-tecnicos-fortalecer-el-sector-logistico-n6086148,"{""titulo"": ""INADEH , ITSE crearán cursos y técnicos para fortalecer el sector logístico"", ""url"": ""https://www.telemetro.com/nacionales/inadeh-itse-crearan-cursos-y-tecnicos-fortalecer-el-sector-logistico-n6086148"", ""medio"": ""telemetro.com"", ""idioma"": ""es"", ""fecha_publicacion"": null, ""fecha_deteccion"": ""20260723T203000Z"", ""fecha_extraccion"": ""2026-10-06T18:46:40+00:00"", ""origen"": ""gdelt_doc:economia"", ""descripcion"": null, ""alcance_texto"": ""titular_metadatos""}"
noticia,url_duplicada,url,https://www.epochtimes.com/gb/26/7/22/n14815269.htm,"{""titulo"": ""王友群 ： 美国正在美洲清除中共影响力"", ""url"": ""https://www.epochtimes.com/gb/26/7/22/n14815269.htm"", ""medio"": ""epochtimes.com"", ""idioma"": ""chinese"", ""fecha_publicacion"": null, ""fecha_deteccion"": ""20260723T211500Z"", ""fecha_extraccion"": ""2026-10-06T18:46:40+00:00"", ""origen"": ""gdelt_doc:economia"", ""descripcion"": null, ""alcance_texto"": ""titular_metadatos""}"
noticia,url_duplicada,url,https://www.ntdtv.com/b5/2026/07/23/a104118174.html,"{""titulo"": ""王友群 ： 美國正在美洲清除中共影響力 | 唐羅主義 | 美洲之盾 | 去共產化"", ""url"": ""https://www.ntdtv.com/b5/2026/07/23/a104118174.html"", ""medio"": ""ntdtv.com"", ""idioma"": ""chinese"", ""fecha_publicacion"": null, ""fecha_deteccion"": ""20260724T013000Z"", ""fecha_extraccion"": ""2026-10-06T18:46:40+00:00"", ""origen"": ""gdelt_doc:economia"", ""descripcion"": null, ""alcance_texto"": ""titular_metadatos""}"
noticia,url_duplicada,url,https://cronicadelquindio.com/opinion/columnistas/un-cafe-por-la-independencia-i/,"{""titulo"": ""Un café por la independencia ( I ) - Crónica del Quindio"", ""url"": ""https://cronicadelquindio.com/opinion/columnistas/un-cafe-por-la-independencia-i/"", ""medio"": ""cronicadelquindio.com"", ""idioma"": ""es"", ""fecha_publicacion"": null, ""fecha_deteccion"": ""20260724T063000Z"", ""fecha_extraccion"": ""2026-10-06T18:46:40+00:00"", ""origen"": ""gdelt_doc:economia"", ""descripcion"": null, ""alcance_texto"": ""titular_metadatos""}"
noticia,url_duplicada,url,https://vestikavkaza.ru/news/es-utverdil-21-j-paket-antirossijskih-sankcij.html,"{""titulo"": ""ЕС утвердил 21 - й пакет антироссийских санкций"", ""url"": ""https://vestikavkaza.ru/news/es-utverdil-21-j-paket-antirossijskih-sankcij.html"", ""medio"": ""vestikavkaza.ru"", ""idioma"": ""russian"", ""fecha_publicacion"": null, ""fecha_deteccion"": ""20260723T200000Z"", ""fecha_extraccion"": ""2026-10-06T18:46:40+00:00"", ""origen"": ""gdelt_doc:economia"", ""descripcion"": null, ""alcance_texto"": ""titular_metadatos""}"
noticia,url_duplicada,url,https://www.prensa.com/economia/el-sector-privado-sumo-63-mil-empleos-mientras-cayo-levemente-el-trabajo-por-cuenta-propia/,"{""titulo"": ""El sector privado sumó 63 mil empleos mientras cayó levemente el trabajo por cuenta propia"", ""url"": ""https://www.prensa.com/economia/el-sector-privado-sumo-63-mil-empleos-mientras-cayo-levemente-el-trabajo-por-cuenta-propia/"", ""medio"": ""prensa.com"", ""idioma"": ""es"", ""fecha_publicacion"": null, ""fecha_deteccion"": ""20260724T081500Z"", ""fecha_extraccion"": ""2026-10-06T18:46:40+00:00"", ""origen"": ""gdelt_doc:economia"", ""descripcion"": null, ""alcance_texto"": ""titular_metadatos""}"
noticia,url_duplicada,url,https://iz.ru/2137601/2026-07-24/evrosoiuz-vvel-sanktcii-protiv-chetyrekh-aeroportov-rossii,"{""titulo"": ""ЕС ввел санкции против четырех аэропортов России"", ""url"": ""https://iz.ru/2137601/2026-07-24/evrosoiuz-vvel-sanktcii-protiv-chetyrekh-aeroportov-rossii"", ""medio"": ""iz.ru"", ""idioma"": ""russian"", ""fecha_publicacion"": null, ""fecha_deteccion"": ""20260724T000000Z"", ""fecha_extraccion"": ""2026-10-06T18:46:40+00:00"", ""origen"": ""gdelt_doc:economia"", ""descripcion"": null, ""alcance_texto"": ""titular_metadatos""}"
noticia,url_duplicada,url,https://www.bhaskar.com/career/news/india-panama-maritime-security-iasv-triveni-current-affairs-2026-138521246.html,"{""titulo"": ""India Panama Maritime Security Cooperation | IASV Triveni Return Update"", ""url"": ""https://www.bhaskar.com/career/news/india-panama-maritime-security-iasv-triveni-current-affairs-2026-138521246.html"", ""medio"": ""bhaskar.com"", ""idioma"": ""hindi"", ""fecha_publicacion"": null, ""fecha_deteccion"": ""20260724T013000Z"", ""fecha_extraccion"": ""2026-10-06T18:46:40+00:00"", ""origen"": ""gdelt_doc:economia"", ""descripcion"": null, ""alcance_texto"": ""titular_metadatos""}"
noticia,url_duplicada,url,https://www.prensa.com/economia/mulino-anuncia-que-hara-cambios-al-interes-preferencial-y-al-itbi-de-viviendas/,"{""titulo"": ""Mulino anuncia que hará cambios al interés preferencial y al ITBI de viviendas"", ""url"": ""https://www.prensa.com/economia/mulino-anuncia-que-hara-cambios-al-interes-preferencial-y-al-itbi-de-viviendas/"", ""medio"": ""prensa.com"", ""idioma"": ""es"", ""fecha_publicacion"": null, ""fecha_deteccion"": ""20260724T031500Z"", ""fecha_extraccion"": ""2026-10-06T18:46:40+00:00"", ""origen"": ""gdelt_doc:economia"", ""descripcion"": null, ""alcance_texto"": ""titular_metadatos""}"
noticia,url_duplicada,url,https://www.infobae.com/guatemala/2026/07/23/la-vicepresidenta-karin-herrera-participa-en-panama-en-un-dialogo-del-bid-sobre-inclusion-laboral-femenina/,"{""titulo"": ""La funcionaria asistió el 21 y 22 de julio al foro regional del Banco Interamericano de Desarrollo , donde se analizaron productividad , sistemas de cuidado y competitividad , con presencia de autoridades , empresas y especialistas latinoamericanos"", ""url"": ""https://www.infobae.com/guatemala/2026/07/23/la-vicepresidenta-karin-herrera-participa-en-panama-en-un-dialogo-del-bid-sobre-inclusion-laboral-femenina/"", ""medio"": ""infobae.com"", ""idioma"": ""es"", ""fecha_publicacion"": null, ""fecha_deteccion"": ""20260723T220000Z"", ""fecha_extraccion"": ""2026-10-06T18:46:40+00:00"", ""origen"": ""gdelt_doc:economia"", ""descripcion"": null, ""alcance_texto"": ""titular_metadatos""}"
noticia,url_duplicada,url,https://www.larepublica.co/globoeconomia/mulino-anuncia-cambios-en-el-interes-preferencial-y-analiza-medidas-fiscales-4442757,"{""titulo"": ""Mulino anuncia cambios en el interés preferencial y analiza medidas fiscales"", ""url"": ""https://www.larepublica.co/globoeconomia/mulino-anuncia-cambios-en-el-interes-preferencial-y-analiza-medidas-fiscales-4442757"", ""medio"": ""larepublica.co"", ""idioma"": ""es"", ""fecha_publicacion"": null, ""fecha_deteccion"": ""20260724T160000Z"", ""fecha_extraccion"": ""2026-10-06T18:46:40+00:00"", ""origen"": ""gdelt_doc:economia"", ""descripcion"": null, ""alcance_texto"": ""titular_metadatos""}"
noticia,url_duplicada,url,https://www.revistaeyn.com/finanzas/principales-bancos-colombianos-y-panamenos-resilientes-ante-las-presiones-del-entorno-GP31498943,"{""titulo"": ""Principales bancos colombianos y panameños , resilientes ante las presiones del entorno"", ""url"": ""https://www.revistaeyn.com/finanzas/principales-bancos-colombianos-y-panamenos-resilientes-ante-las-presiones-del-entorno-GP31498943"", ""medio"": ""revistaeyn.com"", ""idioma"": ""es"", ""fecha_publicacion"": null, ""fecha_deteccion"": ""20260724T141500Z"", ""fecha_extraccion"": ""2026-10-06T18:46:40+00:00"", ""origen"": ""gdelt_doc:economia"", ""descripcion"": null, ""alcance_texto"": ""titular_metadatos""}"
noticia,url_duplicada,url,https://www.diaadia.com.pa/el-pais/colon-estrena-el-renovado-estadio-armando-dely-valdes-790851,"{""titulo"": ""Colón estrena el renovado Estadio Armando Dely Valdés"", ""url"": ""https://www.diaadia.com.pa/el-pais/colon-estrena-el-renovado-estadio-armando-dely-valdes-790851"", ""medio"": ""diaadia.com.pa"", ""idioma"": ""es"", ""fecha_publicacion"": null, ""fecha_deteccion"": ""20260723T204500Z"", ""fecha_extraccion"": ""2026-10-06T18:46:40+00:00"", ""origen"": ""gdelt_doc:economia"", ""descripcion"": null, ""alcance_texto"": ""titular_metadatos""}"
noticia,url_duplicada,url,https://iz.ru/2137640/2026-07-24/avstriiskii-deputat-zaiavil-o-posledstviiakh-novykh-sanktcii-es-protiv-rossii,"{""titulo"": ""Депутат Европарламента Вилимски : бесконечные санкции ведут к бесконечному конфликту"", ""url"": ""https://iz.ru/2137640/2026-07-24/avstriiskii-deputat-zaiavil-o-posledstviiakh-novykh-sanktcii-es-protiv-rossii"", ""medio"": ""iz.ru"", ""idioma"": ""russian"", ""fecha_publicacion"": null, ""fecha_deteccion"": ""20260724T051500Z"", ""fecha_extraccion"": ""2026-10-06T18:46:40+00:00"", ""origen"": ""gdelt_doc:economia"", ""descripcion"": null, ""alcance_texto"": ""titular_metadatos""}"
noticia,url_duplicada,url,https://gazeta.ua/articles/world-life/_evrosoyuz-zaprovadiv-novi-obmezhennya-proti-rosijskoyi-ekonomiki-ta-vpk/1255185,"{""titulo"": ""Санкції : Євросоюз запровадив нові обмеження проти російської економіки та ВПК"", ""url"": ""https://gazeta.ua/articles/world-life/_evrosoyuz-zaprovadiv-novi-obmezhennya-proti-rosijskoyi-ekonomiki-ta-vpk/1255185"", ""medio"": ""gazeta.ua"", ""idioma"": ""ukrainian"", ""fecha_publicacion"": null, ""fecha_deteccion"": ""20260723T203000Z"", ""fecha_extraccion"": ""2026-10-06T18:46:40+00:00"", ""origen"": ""gdelt_doc:economia"", ""descripcion"": null, ""alcance_texto"": ""titular_metadatos""}"
noticia,url_duplicada,url,https://www.telemetro.com/nacionales/pago-del-bono-permanente-jubilados-y-pensionados-css-cuando-depositan-los-b50-agosto-2026-n6086212,"{""titulo"": ""Pago del bono permanente a jubilados y pensionados CSS : ¿ cuándo depositan los B /. 50 en agosto de 2026 ?"", ""url"": ""https://www.telemetro.com/nacionales/pago-del-bono-permanente-jubilados-y-pensionados-css-cuando-depositan-los-b50-agosto-2026-n6086212"", ""medio"": ""telemetro.com"", ""idioma"": ""es"", ""fecha_publicacion"": null, ""fecha_deteccion"": ""20260724T154500Z"", ""fecha_extraccion"": ""2026-10-06T18:46:40+00:00"", ""origen"": ""gdelt_doc:economia"", ""descripcion"": null, ""alcance_texto"": ""titular_metadatos""}"
noticia,url_duplicada,url,https://www.nakanune.ru/news/2026/07/23/22881167/,"{""titulo"": ""Под новые санкции попали зампред Центробанка и Мосбиржа"", ""url"": ""https://www.nakanune.ru/news/2026/07/23/22881167/"", ""medio"": ""nakanune.ru"", ""idioma"": ""russian"", ""fecha_publicacion"": null, ""fecha_deteccion"": ""20260723T214500Z"", ""fecha_extraccion"": ""2026-10-06T18:46:40+00:00"", ""origen"": ""gdelt_doc:economia"", ""descripcion"": null, ""alcance_texto"": ""titular_metadatos""}"
noticia,url_duplicada,url,https://gazeta.ua/ru/articles/world-life/_evrosoyuz-vvel-novye-ogranicheniya-protiv-rossijskoj-ekonomiki-i-vpkm/1255185,"{""titulo"": ""Санкции : Евросоюз ввел новые ограничения против российской экономики и ВПК"", ""url"": ""https://gazeta.ua/ru/articles/world-life/_evrosoyuz-vvel-novye-ogranicheniya-protiv-rossijskoj-ekonomiki-i-vpkm/1255185"", ""medio"": ""gazeta.ua"", ""idioma"": ""russian"", ""fecha_publicacion"": null, ""fecha_deteccion"": ""20260723T203000Z"", ""fecha_extraccion"": ""2026-10-06T18:46:40+00:00"", ""origen"": ""gdelt_doc:economia"", ""descripcion"": null, ""alcance_texto"": ""titular_metadatos""}"
noticia,url_duplicada,url,https://www.asamblea.gob.pa/Noticias/Actualidad/FISCALIZACION-DE-OBRAS-Y-PROYECTOS-INCONCLUSOS-EN-AGENDA-DE-LA-COMISION-DE-INFRAESTRUCTURA-,"{""titulo"": ""Preview - Asamblea de Panamá"", ""url"": ""https://www.asamblea.gob.pa/Noticias/Actualidad/FISCALIZACION-DE-OBRAS-Y-PROYECTOS-INCONCLUSOS-EN-AGENDA-DE-LA-COMISION-DE-INFRAESTRUCTURA-"", ""medio"": ""asamblea.gob.pa"", ""idioma"": ""es"", ""fecha_publicacion"": null, ""fecha_deteccion"": ""20260723T213000Z"", ""fecha_extraccion"": ""2026-10-06T18:46:40+00:00"", ""origen"": ""gdelt_doc:economia"", ""descripcion"": null, ""alcance_texto"": ""titular_metadatos""}"
noticia,url_duplicada,url,http://www.prnewswire.com/news-releases/cnbc-names-payjoy-one-of-the-worlds-top-fintech-companies-of-2026-302833730.html,"{""titulo"": ""CNBC Names PayJoy one of the World Top FinTech Companies of 2026"", ""url"": ""http://www.prnewswire.com/news-releases/cnbc-names-payjoy-one-of-the-worlds-top-fintech-companies-of-2026-302833730.html"", ""medio"": ""prnewswire.com"", ""idioma"": ""en"", ""fecha_publicacion"": null, ""fecha_deteccion"": ""20260723T220000Z"", ""fecha_extraccion"": ""2026-10-06T18:46:40+00:00"", ""origen"": ""gdelt_doc:economia"", ""descripcion"": null, ""alcance_texto"": ""titular_metadatos""}"
noticia,url_duplicada,url,https://www.prnewswire.com/news-releases/cnbc-names-payjoy-one-of-the-worlds-top-fintech-companies-of-2026-302833730.html,"{""titulo"": ""CNBC Names PayJoy one of the World Top FinTech Companies of 2026"", ""url"": ""https://www.prnewswire.com/news-releases/cnbc-names-payjoy-one-of-the-worlds-top-fintech-companies-of-2026-302833730.html"", ""medio"": ""prnewswire.com"", ""idioma"": ""en"", ""fecha_publicacion"": null, ""fecha_deteccion"": ""20260723T214500Z"", ""fecha_extraccion"": ""2026-10-06T18:46:40+00:00"", ""origen"": ""gdelt_doc:economia"", ""descripcion"": null, ""alcance_texto"": ""titular_metadatos""}"
noticia,url_duplicada,url,https://www.riotimesonline.com/panama-state-miner-cobre-panama-first-quantum-2026/,"{""titulo"": ""Panama Eyes State Firm to Reopen Cobre Panama Mine"", ""url"": ""https://www.riotimesonline.com/panama-state-miner-cobre-panama-first-quantum-2026/"", ""medio"": ""riotimesonline.com"", ""idioma"": ""en"", ""fecha_publicacion"": null, ""fecha_deteccion"": ""20260724T173000Z"", ""fecha_extraccion"": ""2026-10-06T18:46:40+00:00"", ""origen"": ""gdelt_doc:economia"", ""descripcion"": null, ""alcance_texto"": ""titular_metadatos""}"
noticia,url_duplicada,url,https://www.critica.com.pa/nacional/crisis-en-cocle-deja-locales-vacios-y-ventas-por-el-piso-514256,"{""titulo"": ""Crisis en Coclé deja locales vacíos y ventas por el piso"", ""url"": ""https://www.critica.com.pa/nacional/crisis-en-cocle-deja-locales-vacios-y-ventas-por-el-piso-514256"", ""medio"": ""critica.com.pa"", ""idioma"": ""es"", ""fecha_publicacion"": null, ""fecha_deteccion"": ""20260808T163000Z"", ""fecha_extraccion"": ""2026-10-06T18:46:40+00:00"", ""origen"": ""gdelt_doc:economia"", ""descripcion"": null, ""alcance_texto"": ""titular_metadatos""}"
noticia,url_duplicada,url,https://www.infobae.com/el-salvador/2026/08/08/dia-internacional-de-los-pueblos-indigenas-centroamerica-exhibe-su-diversidad-pero-mantiene-la-brecha-social/,"{""titulo"": ""Día Internacional de los Pueblos Indígenas : Centroamérica exhibe su diversidad , pero mantiene la brecha social"", ""url"": ""https://www.infobae.com/el-salvador/2026/08/08/dia-internacional-de-los-pueblos-indigenas-centroamerica-exhibe-su-diversidad-pero-mantiene-la-brecha-social/"", ""medio"": ""infobae.com"", ""idioma"": ""es"", ""fecha_publicacion"": null, ""fecha_deteccion"": ""20260808T160000Z"", ""fecha_extraccion"": ""2026-10-06T18:46:40+00:00"", ""origen"": ""gdelt_doc:economia"", ""descripcion"": null, ""alcance_texto"": ""titular_metadatos""}"
noticia,url_duplicada,url,https://www.klix.ba/vijesti/svijet/novi-predsjednik-kolumbije-objavio-rat-narko-kartelima-trumpova-administracija-salje-milijardu-dolara-pomoci/260808002,"{""titulo"": ""Novi predsjednik Kolumbije objavio rat narko - kartelima , Trumpova administracija šalje milijardu dolara pomoći"", ""url"": ""https://www.klix.ba/vijesti/svijet/novi-predsjednik-kolumbije-objavio-rat-narko-kartelima-trumpova-administracija-salje-milijardu-dolara-pomoci/260808002"", ""medio"": ""klix.ba"", ""idioma"": ""croatian"", ""fecha_publicacion"": null, ""fecha_deteccion"": ""20260808T060000Z"", ""fecha_extraccion"": ""2026-10-06T18:46:40+00:00"", ""origen"": ""gdelt_doc:economia"", ""descripcion"": null, ""alcance_texto"": ""titular_metadatos""}"
noticia,url_duplicada,url,https://www.panamaamerica.com.pa/sociedad/sector-retail-busca-convertir-el-decimo-tercer-mes-en-una-temporada-record-de-ventas,"{""titulo"": ""Sector retail busca convertir el décimo tercer mes en una temporada récord de ventas"", ""url"": ""https://www.panamaamerica.com.pa/sociedad/sector-retail-busca-convertir-el-decimo-tercer-mes-en-una-temporada-record-de-ventas"", ""medio"": ""panamaamerica.com.pa"", ""idioma"": ""es"", ""fecha_publicacion"": null, ""fecha_deteccion"": ""20260807T220000Z"", ""fecha_extraccion"": ""2026-10-06T18:46:40+00:00"", ""origen"": ""gdelt_doc:economia"", ""descripcion"": null, ""alcance_texto"": ""titular_metadatos""}"
noticia,url_duplicada,url,https://www.ellitoral.com/internacionales/abelardodelaespriella-presidentecolombia-usc-donaldtrump-gustavopetro-ivancepeda_0_iJf1evDz2b.html,"{""titulo"": ""Abelardo De la Espriella ya es presidente de Colombia"", ""url"": ""https://www.ellitoral.com/internacionales/abelardodelaespriella-presidentecolombia-usc-donaldtrump-gustavopetro-ivancepeda_0_iJf1evDz2b.html"", ""medio"": ""ellitoral.com"", ""idioma"": ""es"", ""fecha_publicacion"": null, ""fecha_deteccion"": ""20260807T234500Z"", ""fecha_extraccion"": ""2026-10-06T18:46:40+00:00"", ""origen"": ""gdelt_doc:economia"", ""descripcion"": null, ""alcance_texto"": ""titular_metadatos""}"
noticia,url_duplicada,url,https://newsinamerica.com/pdcc/boletin/2026/cerveceria-nacional-destaca-el-rol-de-la-cerveza-como-motor-de-desarrollo-economico-y-sostenibilidad-en-panama/,"{""titulo"": ""Cervecería Nacional destaca el rol de la cerveza como motor de desarrollo económico y sostenibilidad en Panamá • Periódico Digital Centroamericano y del Caribe"", ""url"": ""https://newsinamerica.com/pdcc/boletin/2026/cerveceria-nacional-destaca-el-rol-de-la-cerveza-como-motor-de-desarrollo-economico-y-sostenibilidad-en-panama/"", ""medio"": ""newsinamerica.com"", ""idioma"": ""es"", ""fecha_publicacion"": null, ""fecha_deteccion"": ""20260808T090000Z"", ""fecha_extraccion"": ""2026-10-06T18:46:40+00:00"", ""origen"": ""gdelt_doc:economia"", ""descripcion"": null, ""alcance_texto"": ""titular_metadatos""}"
noticia,url_duplicada,url,https://www.theguardian.com/world/2026/aug/08/us-promises-1bn-in-security-aid-to-colombia-as-new-rightwing-president-pledges-drugs-crackdown,"{""titulo"": ""US promises $1bn in security aid to Colombia as new rightwing president pledges drugs crackdown"", ""url"": ""https://www.theguardian.com/world/2026/aug/08/us-promises-1bn-in-security-aid-to-colombia-as-new-rightwing-president-pledges-drugs-crackdown"", ""medio"": ""theguardian.com"", ""idioma"": ""en"", ""fecha_publicacion"": null, ""fecha_deteccion"": ""20260808T061500Z"", ""fecha_extraccion"": ""2026-10-06T18:46:40+00:00"", ""origen"": ""gdelt_doc:economia"", ""descripcion"": null, ""alcance_texto"": ""titular_metadatos""}"
noticia,url_duplicada,url,https://www.epochtimes.com/gb/26/8/7/n14825572.htm,"{""titulo"": ""专访吴嘉隆 ： 美中全球博弈 唐罗主义升级 ( 下 )"", ""url"": ""https://www.epochtimes.com/gb/26/8/7/n14825572.htm"", ""medio"": ""epochtimes.com"", ""idioma"": ""chinese"", ""fecha_publicacion"": null, ""fecha_deteccion"": ""20260808T091500Z"", ""fecha_extraccion"": ""2026-10-06T18:46:40+00:00"", ""origen"": ""gdelt_doc:economia"", ""descripcion"": null, ""alcance_texto"": ""titular_metadatos""}"
noticia,url_duplicada,url,https://www.midiario.com/nacionales/un-viaje-por-nuestro-panama-el-corazon-de-panama-capital-panama-oeste-y-cocle/,"{""titulo"": ""Un viaje por nuestro Panamá . El corazón de Panamá : Capital , Panamá Oeste y Coclé"", ""url"": ""https://www.midiario.com/nacionales/un-viaje-por-nuestro-panama-el-corazon-de-panama-capital-panama-oeste-y-cocle/"", ""medio"": ""midiario.com"", ""idioma"": ""es"", ""fecha_publicacion"": null, ""fecha_deteccion"": ""20260823T050000Z"", ""fecha_extraccion"": ""2026-10-06T18:46:40+00:00"", ""origen"": ""gdelt_doc:economia"", ""descripcion"": null, ""alcance_texto"": ""titular_metadatos""}"
noticia,url_duplicada,url,https://www.prensa.com/economia/panama-suma-inversion-hotelera-de-40-millones-con-la-llegada-de-pullman/,"{""titulo"": ""Panamá suma inversión hotelera de $40 millones con la llegada de Pullman"", ""url"": ""https://www.prensa.com/economia/panama-suma-inversion-hotelera-de-40-millones-con-la-llegada-de-pullman/"", ""medio"": ""prensa.com"", ""idioma"": ""es"", ""fecha_publicacion"": null, ""fecha_deteccion"": ""20260823T164500Z"", ""fecha_extraccion"": ""2026-10-06T18:46:40+00:00"", ""origen"": ""gdelt_doc:economia"", ""descripcion"": null, ""alcance_texto"": ""titular_metadatos""}"
noticia,url_duplicada,url,https://www.haberler.com/dunya/hurmuz-panama-kanali-nda-super-gucler-arasindaki-20168600-haberi/,"{""titulo"": ""Hürmüz , Panama Kanalı nda süper gler arasındaki anlaşmazlığı nasıl körklüyor ?"", ""url"": ""https://www.haberler.com/dunya/hurmuz-panama-kanali-nda-super-gucler-arasindaki-20168600-haberi/"", ""medio"": ""haberler.com"", ""idioma"": ""turkish"", ""fecha_publicacion"": null, ""fecha_deteccion"": ""20260823T074500Z"", ""fecha_extraccion"": ""2026-10-06T18:46:40+00:00"", ""origen"": ""gdelt_doc:economia"", ""descripcion"": null, ""alcance_texto"": ""titular_metadatos""}"
noticia,url_duplicada,url,https://www.prensa.com/economia/marcas-espanolas-aceleran-su-expansion-en-panama-con-inversion-de-hasta-2-millones-en-nuevas-tiendas/,"{""titulo"": ""Marcas españolas aceleran su expansión en Panamá con inversión de hasta $2 millones en nuevas tiendas"", ""url"": ""https://www.prensa.com/economia/marcas-espanolas-aceleran-su-expansion-en-panama-con-inversion-de-hasta-2-millones-en-nuevas-tiendas/"", ""medio"": ""prensa.com"", ""idioma"": ""es"", ""fecha_publicacion"": null, ""fecha_deteccion"": ""20260823T164500Z"", ""fecha_extraccion"": ""2026-10-06T18:46:40+00:00"", ""origen"": ""gdelt_doc:economia"", ""descripcion"": null, ""alcance_texto"": ""titular_metadatos""}"
noticia,url_duplicada,url,https://www.prensa.com/economia/apede-panama-debe-fortalecer-sus-instituciones-para-competir-por-mas-inversion/,"{""titulo"": ""Apede : Panamá debe fortalecer sus instituciones para competir por más inversión"", ""url"": ""https://www.prensa.com/economia/apede-panama-debe-fortalecer-sus-instituciones-para-competir-por-mas-inversion/"", ""medio"": ""prensa.com"", ""idioma"": ""es"", ""fecha_publicacion"": null, ""fecha_deteccion"": ""20260823T164500Z"", ""fecha_extraccion"": ""2026-10-06T18:46:40+00:00"", ""origen"": ""gdelt_doc:economia"", ""descripcion"": null, ""alcance_texto"": ""titular_metadatos""}"
noticia,url_duplicada,url,https://www.panamaamerica.com.pa/economia/apede-pide-fortalecer-las-instituciones-para-atraer-mas-inversion-panama-1265474,"{""titulo"": ""Apede pide fortalecer las instituciones para atraer más inversión a Panamá"", ""url"": ""https://www.panamaamerica.com.pa/economia/apede-pide-fortalecer-las-instituciones-para-atraer-mas-inversion-panama-1265474"", ""medio"": ""panamaamerica.com.pa"", ""idioma"": ""es"", ""fecha_publicacion"": null, ""fecha_deteccion"": ""20260823T164500Z"", ""fecha_extraccion"": ""2026-10-06T18:46:40+00:00"", ""origen"": ""gdelt_doc:economia"", ""descripcion"": null, ""alcance_texto"": ""titular_metadatos""}"
noticia,url_duplicada,url,https://www.chinatimes.com/realtimenews/20260823000022-260410,"{""titulo"": ""沒有台日韓 《 富比士 》 全球25個退休天堂 亞洲僅3國上榜 - 財經"", ""url"": ""https://www.chinatimes.com/realtimenews/20260823000022-260410"", ""medio"": ""chinatimes.com"", ""idioma"": ""chinese"", ""fecha_publicacion"": null, ""fecha_deteccion"": ""20260822T213000Z"", ""fecha_extraccion"": ""2026-10-06T18:46:40+00:00"", ""origen"": ""gdelt_doc:economia"", ""descripcion"": null, ""alcance_texto"": ""titular_metadatos""}"
noticia,url_duplicada,url,https://www.prensa.com/politica/spi-tren-panama-david-y-obras-asi-se-repartiran-los-2465-millones-de-la-presidencia-en-2027/,"{""titulo"": ""SPI , tren Panamá - David y obras : así se repartirán los $246 . 5 millones de la Presidencia en 2027"", ""url"": ""https://www.prensa.com/politica/spi-tren-panama-david-y-obras-asi-se-repartiran-los-2465-millones-de-la-presidencia-en-2027/"", ""medio"": ""prensa.com"", ""idioma"": ""es"", ""fecha_publicacion"": null, ""fecha_deteccion"": ""20260823T070000Z"", ""fecha_extraccion"": ""2026-10-06T18:46:40+00:00"", ""origen"": ""gdelt_doc:economia"", ""descripcion"": null, ""alcance_texto"": ""titular_metadatos""}"
noticia,url_duplicada,url,https://www.epochtimes.com/gb/26/8/22/n14834804.htm,"{""titulo"": ""川普执政后 美忽视的拉丁美洲政坛转向右翼"", ""url"": ""https://www.epochtimes.com/gb/26/8/22/n14834804.htm"", ""medio"": ""epochtimes.com"", ""idioma"": ""chinese"", ""fecha_publicacion"": null, ""fecha_deteccion"": ""20260823T040000Z"", ""fecha_extraccion"": ""2026-10-06T18:46:40+00:00"", ""origen"": ""gdelt_doc:economia"", ""descripcion"": null, ""alcance_texto"": ""titular_metadatos""}"
noticia,url_duplicada,url,https://www.epochtimes.com/gb/26/8/23/n14834848.htm,"{""titulo"": ""王友群 ： 中美关系将向何处去 ？"", ""url"": ""https://www.epochtimes.com/gb/26/8/23/n14834848.htm"", ""medio"": ""epochtimes.com"", ""idioma"": ""chinese"", ""fecha_publicacion"": null, ""fecha_deteccion"": ""20260823T173000Z"", ""fecha_extraccion"": ""2026-10-06T18:46:40+00:00"", ""origen"": ""gdelt_doc:economia"", ""descripcion"": null, ""alcance_texto"": ""titular_metadatos""}"
noticia,url_duplicada,url,https://www.antena3.ro/externe/doctorul-banilor-vrea-ca-venezuela-sa-renunte-la-bolivar-si-sa-adopte-dolarul-american-cea-mai-mare-schimbare-de-la-aparitia-euro-800456.html,"{""titulo"": ""„ Doctorul Banilor vrea ca Venezuela să renunțe la bolivar și să adopte dolarul american : „ Cea mai mare schimbare de la apariția euro"", ""url"": ""https://www.antena3.ro/externe/doctorul-banilor-vrea-ca-venezuela-sa-renunte-la-bolivar-si-sa-adopte-dolarul-american-cea-mai-mare-schimbare-de-la-aparitia-euro-800456.html"", ""medio"": ""antena3.ro"", ""idioma"": ""romanian"", ""fecha_publicacion"": null, ""fecha_deteccion"": ""20260823T134500Z"", ""fecha_extraccion"": ""2026-10-06T18:46:40+00:00"", ""origen"": ""gdelt_doc:economia"", ""descripcion"": null, ""alcance_texto"": ""titular_metadatos""}"
noticia,url_duplicada,url,https://www.argaam.com/ar/article/articledetail/id/1934679,"{""titulo"": ""قناة بنما تحذر من احتمال تقليص حركة الملاحة"", ""url"": ""https://www.argaam.com/ar/article/articledetail/id/1934679"", ""medio"": ""argaam.com"", ""idioma"": ""arabic"", ""fecha_publicacion"": null, ""fecha_deteccion"": ""20260907T161500Z"", ""fecha_extraccion"": ""2026-10-06T18:46:40+00:00"", ""origen"": ""gdelt_doc:economia"", ""descripcion"": null, ""alcance_texto"": ""titular_metadatos""}"
noticia,url_duplicada,url,https://www.panamaamerica.com.pa/politica/tratados-torrijos-carter-49-anos-del-hito-que-devolvio-el-canal-panama-1266048,"{""titulo"": ""Tratados Torrijos - Carter : 49 años del hito que devolvió el Canal a Panamá"", ""url"": ""https://www.panamaamerica.com.pa/politica/tratados-torrijos-carter-49-anos-del-hito-que-devolvio-el-canal-panama-1266048"", ""medio"": ""panamaamerica.com.pa"", ""idioma"": ""es"", ""fecha_publicacion"": null, ""fecha_deteccion"": ""20260907T164500Z"", ""fecha_extraccion"": ""2026-10-06T18:46:40+00:00"", ""origen"": ""gdelt_doc:economia"", ""descripcion"": null, ""alcance_texto"": ""titular_metadatos""}"
noticia,url_duplicada,url,https://www.prensa-latina.cu/2026/09/07/primera-mujer-asume-administracion-del-canal-de-panama/,"{""titulo"": ""Primera mujer asume administración del Canal de Panamá - Noticias Prensa Latina"", ""url"": ""https://www.prensa-latina.cu/2026/09/07/primera-mujer-asume-administracion-del-canal-de-panama/"", ""medio"": ""prensa-latina.cu"", ""idioma"": ""es"", ""fecha_publicacion"": null, ""fecha_deteccion"": ""20260907T051500Z"", ""fecha_extraccion"": ""2026-10-06T18:46:40+00:00"", ""origen"": ""gdelt_doc:economia"", ""descripcion"": null, ""alcance_texto"": ""titular_metadatos""}"
noticia,url_duplicada,url,https://www.prensa.com/opinion/panamax-2026-y-la-seguridad-estrategica-del-canal-de-panama/,"{""titulo"": ""Panamax 2026 y la seguridad estratégica del Canal de Panamá"", ""url"": ""https://www.prensa.com/opinion/panamax-2026-y-la-seguridad-estrategica-del-canal-de-panama/"", ""medio"": ""prensa.com"", ""idioma"": ""es"", ""fecha_publicacion"": null, ""fecha_deteccion"": ""20260907T021500Z"", ""fecha_extraccion"": ""2026-10-06T18:46:40+00:00"", ""origen"": ""gdelt_doc:economia"", ""descripcion"": null, ""alcance_texto"": ""titular_metadatos""}"
noticia,url_duplicada,url,https://www.boursorama.com/actualite-economique/actualites/canal-de-panama-la-nouvelle-administratrice-n-ecarte-pas-d-autres-restrictions-de-passages-a-cause-d-el-nino-7454595cb9d12e64f31a31e69deb08f6,"{""titulo"": ""Canal de Panama : la nouvelle administratrice n écarte pas dautres restrictions de passages à cause dEl Niño - 07 / 09 / 2026 à 18 : 15"", ""url"": ""https://www.boursorama.com/actualite-economique/actualites/canal-de-panama-la-nouvelle-administratrice-n-ecarte-pas-d-autres-restrictions-de-passages-a-cause-d-el-nino-7454595cb9d12e64f31a31e69deb08f6"", ""medio"": ""boursorama.com"", ""idioma"": ""fr"", ""fecha_publicacion"": null, ""fecha_deteccion"": ""20260907T183000Z"", ""fecha_extraccion"": ""2026-10-06T18:46:40+00:00"", ""origen"": ""gdelt_doc:economia"", ""descripcion"": null, ""alcance_texto"": ""titular_metadatos""}"
noticia,url_duplicada,url,https://www.panamaamerica.com.pa/economia/servicio-247-se-apaga-en-panama-inseguridad-costos-y-apps-debilitan-la-actividad-comercial,"{""titulo"": ""Servicio 24 / 7 se apaga en Panamá : Inseguridad , costos y app debilitan la actividad comercial nocturna"", ""url"": ""https://www.panamaamerica.com.pa/economia/servicio-247-se-apaga-en-panama-inseguridad-costos-y-apps-debilitan-la-actividad-comercial"", ""medio"": ""panamaamerica.com.pa"", ""idioma"": ""es"", ""fecha_publicacion"": null, ""fecha_deteccion"": ""20260907T070000Z"", ""fecha_extraccion"": ""2026-10-06T18:46:40+00:00"", ""origen"": ""gdelt_doc:economia"", ""descripcion"": null, ""alcance_texto"": ""titular_metadatos""}"
noticia,url_duplicada,url,https://economictimes.indiatimes.com/news/international/global-trends/panama-canal-gets-its-first-woman-boss-as-trump-watches-and-a-1-5-billion-water-crisis-waits/articleshow/133884091.cms,"{""titulo"": ""Panama Canal gets its first woman boss as Trump watches and $1 . 5 billion water crisis waits"", ""url"": ""https://economictimes.indiatimes.com/news/international/global-trends/panama-canal-gets-its-first-woman-boss-as-trump-watches-and-a-1-5-billion-water-crisis-waits/articleshow/133884091.cms"", ""medio"": ""economictimes.indiatimes.com"", ""idioma"": ""en"", ""fecha_publicacion"": null, ""fecha_deteccion"": ""20260907T141500Z"", ""fecha_extraccion"": ""2026-10-06T18:46:40+00:00"", ""origen"": ""gdelt_doc:economia"", ""descripcion"": null, ""alcance_texto"": ""titular_metadatos""}"
noticia,url_duplicada,url,https://www.diaadia.com.pa/el-pais/la-ingeniera-marina-ilya-espino-asume-como-la-primera-mujer-al-frente-del-canal-de-panama,"{""titulo"": ""La ingeniera marina Ilya Espino asume como la primera mujer al frente del Canal de Panamá"", ""url"": ""https://www.diaadia.com.pa/el-pais/la-ingeniera-marina-ilya-espino-asume-como-la-primera-mujer-al-frente-del-canal-de-panama"", ""medio"": ""diaadia.com.pa"", ""idioma"": ""es"", ""fecha_publicacion"": null, ""fecha_deteccion"": ""20260907T184500Z"", ""fecha_extraccion"": ""2026-10-06T18:46:40+00:00"", ""origen"": ""gdelt_doc:economia"", ""descripcion"": null, ""alcance_texto"": ""titular_metadatos""}"
noticia,url_duplicada,url,https://www.panamaamerica.com.pa/economia/merca-panama-estudia-cobrar-los-vehiculos-por-ingresar-colocara-pantallas-para-mostrar-los,"{""titulo"": ""Merca Panamá estudia cobrar a los vehículos por ingresar ; colocará pantallas para mostrar los precios más bajos del día"", ""url"": ""https://www.panamaamerica.com.pa/economia/merca-panama-estudia-cobrar-los-vehiculos-por-ingresar-colocara-pantallas-para-mostrar-los"", ""medio"": ""panamaamerica.com.pa"", ""idioma"": ""es"", ""fecha_publicacion"": null, ""fecha_deteccion"": ""20260907T020000Z"", ""fecha_extraccion"": ""2026-10-06T18:46:40+00:00"", ""origen"": ""gdelt_doc:economia"", ""descripcion"": null, ""alcance_texto"": ""titular_metadatos""}"
noticia,url_duplicada,url,https://www.prensa.com/opinion/la-renta-canalera-y-el-circulo-que-pagamos-todos/,"{""titulo"": ""La renta canalera y el círculo que pagamos todos"", ""url"": ""https://www.prensa.com/opinion/la-renta-canalera-y-el-circulo-que-pagamos-todos/"", ""medio"": ""prensa.com"", ""idioma"": ""es"", ""fecha_publicacion"": null, ""fecha_deteccion"": ""20260907T021500Z"", ""fecha_extraccion"": ""2026-10-06T18:46:40+00:00"", ""origen"": ""gdelt_doc:economia"", ""descripcion"": null, ""alcance_texto"": ""titular_metadatos""}"
noticia,url_duplicada,url,https://www.clickondetroit.com/business/2026/09/07/first-female-administrator-in-the-panama-canals-history-takes-the-helm/,"{""titulo"": ""First female administrator in the Panama Canal history takes the helm"", ""url"": ""https://www.clickondetroit.com/business/2026/09/07/first-female-administrator-in-the-panama-canals-history-takes-the-helm/"", ""medio"": ""clickondetroit.com"", ""idioma"": ""en"", ""fecha_publicacion"": null, ""fecha_deteccion"": ""20260907T161500Z"", ""fecha_extraccion"": ""2026-10-06T18:46:40+00:00"", ""origen"": ""gdelt_doc:economia"", ""descripcion"": null, ""alcance_texto"": ""titular_metadatos""}"
noticia,url_duplicada,url,https://www.therecord.com/business/first-female-administrator-in-the-panama-canal-s-history-takes-the-helm/article_f591e9a9-30f8-55e7-9c54-f9017eee77a1.html,"{""titulo"": ""First female administrator in the Panama Canal history takes the helm"", ""url"": ""https://www.therecord.com/business/first-female-administrator-in-the-panama-canal-s-history-takes-the-helm/article_f591e9a9-30f8-55e7-9c54-f9017eee77a1.html"", ""medio"": ""therecord.com"", ""idioma"": ""en"", ""fecha_publicacion"": null, ""fecha_deteccion"": ""20260907T161500Z"", ""fecha_extraccion"": ""2026-10-06T18:46:40+00:00"", ""origen"": ""gdelt_doc:economia"", ""descripcion"": null, ""alcance_texto"": ""titular_metadatos""}"
noticia,url_duplicada,url,https://www.nrk.no/urix/har-jobbet-med-vaerfenomenet-i-20-ar-_-aldri-sett-maken-1.18000925,"{""titulo"": ""Har jobbet med værfenomenet i 20 år – aldri sett maken"", ""url"": ""https://www.nrk.no/urix/har-jobbet-med-vaerfenomenet-i-20-ar-_-aldri-sett-maken-1.18000925"", ""medio"": ""nrk.no"", ""idioma"": ""norwegian"", ""fecha_publicacion"": null, ""fecha_deteccion"": ""20260907T101500Z"", ""fecha_extraccion"": ""2026-10-06T18:46:40+00:00"", ""origen"": ""gdelt_doc:economia"", ""descripcion"": null, ""alcance_texto"": ""titular_metadatos""}"
noticia,url_duplicada,url,https://www.riotimesonline.com/latin-america-dollarization-2026/,"{""titulo"": ""Dollarization Latin America grows as Ecuador locks dollar"", ""url"": ""https://www.riotimesonline.com/latin-america-dollarization-2026/"", ""medio"": ""riotimesonline.com"", ""idioma"": ""en"", ""fecha_publicacion"": null, ""fecha_deteccion"": ""20260907T164500Z"", ""fecha_extraccion"": ""2026-10-06T18:46:40+00:00"", ""origen"": ""gdelt_doc:economia"", ""descripcion"": null, ""alcance_texto"": ""titular_metadatos""}"
noticia,url_duplicada,url,https://finance.sina.com.cn/roll/2026-09-07/doc-iniqyeue6336095.shtml,"{""titulo"": ""9月7日投资避雷针 ： 5连板人气股公告 公司AI视频业务6月产生营收约80元"", ""url"": ""https://finance.sina.com.cn/roll/2026-09-07/doc-iniqyeue6336095.shtml"", ""medio"": ""finance.sina.com.cn"", ""idioma"": ""chinese"", ""fecha_publicacion"": null, ""fecha_deteccion"": ""20260907T004500Z"", ""fecha_extraccion"": ""2026-10-06T18:46:40+00:00"", ""origen"": ""gdelt_doc:economia"", ""descripcion"": null, ""alcance_texto"": ""titular_metadatos""}"
noticia,url_duplicada,url,https://newsroompanama.com/2026/09/06/panama-is-ready-for-ai-now-it-needs-someone-to-build-it/,"{""titulo"": ""Panama Is Ready for AI . Now It Needs Someone to Build It ."", ""url"": ""https://newsroompanama.com/2026/09/06/panama-is-ready-for-ai-now-it-needs-someone-to-build-it/"", ""medio"": ""newsroompanama.com"", ""idioma"": ""en"", ""fecha_publicacion"": null, ""fecha_deteccion"": ""20260906T190000Z"", ""fecha_extraccion"": ""2026-10-06T18:46:40+00:00"", ""origen"": ""gdelt_doc:economia"", ""descripcion"": null, ""alcance_texto"": ""titular_metadatos""}"
noticia,url_duplicada,url,https://blog.wenxuecity.com/myblog/80056/202609/4516.html,"{""titulo"": ""川普可能读过一本书 ： 美加世纪大合并 - 博客"", ""url"": ""https://blog.wenxuecity.com/myblog/80056/202609/4516.html"", ""medio"": ""blog.wenxuecity.com"", ""idioma"": ""chinese"", ""fecha_publicacion"": null, ""fecha_deteccion"": ""20260907T154500Z"", ""fecha_extraccion"": ""2026-10-06T18:46:40+00:00"", ""origen"": ""gdelt_doc:economia"", ""descripcion"": null, ""alcance_texto"": ""titular_metadatos""}"
noticia,url_duplicada,url,https://www.midiario.com/nacionales/productor-de-torti-logra-cosecha-de-30-quintales-de-aji-trompito-con-apoyo-del-mida/,"{""titulo"": ""Productor de Tortí logra cosecha de 30 quintales de ají trompito con apoyo del MIDA"", ""url"": ""https://www.midiario.com/nacionales/productor-de-torti-logra-cosecha-de-30-quintales-de-aji-trompito-con-apoyo-del-mida/"", ""medio"": ""midiario.com"", ""idioma"": ""es"", ""fecha_publicacion"": null, ""fecha_deteccion"": ""20260921T221500Z"", ""fecha_extraccion"": ""2026-10-06T18:46:40+00:00"", ""origen"": ""gdelt_doc:economia"", ""descripcion"": null, ""alcance_texto"": ""titular_metadatos""}"
noticia,url_duplicada,url,https://www.hispantv.com/noticias/panama/660828/descontento-social-desgaste-gobierno-panameno,"{""titulo"": ""Descontento social evidencia desgaste en el gobierno panameño"", ""url"": ""https://www.hispantv.com/noticias/panama/660828/descontento-social-desgaste-gobierno-panameno"", ""medio"": ""hispantv.com"", ""idioma"": ""es"", ""fecha_publicacion"": null, ""fecha_deteccion"": ""20260921T213000Z"", ""fecha_extraccion"": ""2026-10-06T18:46:40+00:00"", ""origen"": ""gdelt_doc:economia"", ""descripcion"": null, ""alcance_texto"": ""titular_metadatos""}"
noticia,url_duplicada,url,https://www.prensalibre.com/ahora/internacional/estados-unidos/panama-reune-a-cientificos-de-america-latina-para-analizar-nuevas-tecnologias-y-el-futuro-de-los-oceanos/,"{""titulo"": ""Panamá reúne a científicos de América Latina para analizar nuevas tecnologías y el futuro de los océanos"", ""url"": ""https://www.prensalibre.com/ahora/internacional/estados-unidos/panama-reune-a-cientificos-de-america-latina-para-analizar-nuevas-tecnologias-y-el-futuro-de-los-oceanos/"", ""medio"": ""prensalibre.com"", ""idioma"": ""es"", ""fecha_publicacion"": null, ""fecha_deteccion"": ""20260922T021500Z"", ""fecha_extraccion"": ""2026-10-06T18:46:40+00:00"", ""origen"": ""gdelt_doc:economia"", ""descripcion"": null, ""alcance_texto"": ""titular_metadatos""}"
noticia,url_duplicada,url,https://www.laestrella.com.pa/economia/panama-plantea-una-estrategia-regional-conjunta-de-ia-y-semiconductores-FI25875202,"{""titulo"": ""Panamá plantea una estrategia regional conjunta de IA y Semiconductores"", ""url"": ""https://www.laestrella.com.pa/economia/panama-plantea-una-estrategia-regional-conjunta-de-ia-y-semiconductores-FI25875202"", ""medio"": ""laestrella.com.pa"", ""idioma"": ""es"", ""fecha_publicacion"": null, ""fecha_deteccion"": ""20260922T003000Z"", ""fecha_extraccion"": ""2026-10-06T18:46:40+00:00"", ""origen"": ""gdelt_doc:economia"", ""descripcion"": null, ""alcance_texto"": ""titular_metadatos""}"
noticia,url_duplicada,url,https://www.laestrella.com.pa/economia/panama-plantea-al-bid-una-estrategia-regional-conjunta-de-ia-y-semiconductores-FI25875202,"{""titulo"": ""Panamá plantea al BID una estrategia regional conjunta de IA y Semiconductores"", ""url"": ""https://www.laestrella.com.pa/economia/panama-plantea-al-bid-una-estrategia-regional-conjunta-de-ia-y-semiconductores-FI25875202"", ""medio"": ""laestrella.com.pa"", ""idioma"": ""es"", ""fecha_publicacion"": null, ""fecha_deteccion"": ""20260922T050000Z"", ""fecha_extraccion"": ""2026-10-06T18:46:40+00:00"", ""origen"": ""gdelt_doc:economia"", ""descripcion"": null, ""alcance_texto"": ""titular_metadatos""}"
noticia,url_duplicada,url,https://www.laestrella.com.pa/economia/inversiones-en-espana-hay-mucho-interes-por-panama-asegura-molto-BI25873323,"{""titulo"": ""Inversiones : En España , hay mucho interés por Panamá , asegura Moltó"", ""url"": ""https://www.laestrella.com.pa/economia/inversiones-en-espana-hay-mucho-interes-por-panama-asegura-molto-BI25873323"", ""medio"": ""laestrella.com.pa"", ""idioma"": ""es"", ""fecha_publicacion"": null, ""fecha_deteccion"": ""20260922T003000Z"", ""fecha_extraccion"": ""2026-10-06T18:46:40+00:00"", ""origen"": ""gdelt_doc:economia"", ""descripcion"": null, ""alcance_texto"": ""titular_metadatos""}"
noticia,url_duplicada,url,https://www.metro.pr/noticias/2026/09/22/cientificos-se-reunen-en-panama-para-estudiar-los-oceanos/,"{""titulo"": ""Científicos se reúnen en Panamá para estudiar los océanos"", ""url"": ""https://www.metro.pr/noticias/2026/09/22/cientificos-se-reunen-en-panama-para-estudiar-los-oceanos/"", ""medio"": ""metro.pr"", ""idioma"": ""es"", ""fecha_publicacion"": null, ""fecha_deteccion"": ""20260922T043000Z"", ""fecha_extraccion"": ""2026-10-06T18:46:40+00:00"", ""origen"": ""gdelt_doc:economia"", ""descripcion"": null, ""alcance_texto"": ""titular_metadatos""}"
noticia,url_duplicada,url,https://www.arabnews.com/saudi-arabia/deputy-minister-of-economy-and-planning-meets-with-un-official-in-riyadh-3002553,"{""titulo"": ""Arab News | Deputy minister of economy and planning meets with UN official in Riyadh"", ""url"": ""https://www.arabnews.com/saudi-arabia/deputy-minister-of-economy-and-planning-meets-with-un-official-in-riyadh-3002553"", ""medio"": ""arabnews.com"", ""idioma"": ""en"", ""fecha_publicacion"": null, ""fecha_deteccion"": ""20260921T193000Z"", ""fecha_extraccion"": ""2026-10-06T18:46:40+00:00"", ""origen"": ""gdelt_doc:economia"", ""descripcion"": null, ""alcance_texto"": ""titular_metadatos""}"
noticia,url_duplicada,url,https://www.arabnews.com/saudi-arabia/saudfi-deputy-minister-of-economy-and-planning-meets-with-un-official-in-riyadh-3002553,"{""titulo"": ""Arab News | Deputy minister of economy and planning meets with UN official in Riyadh"", ""url"": ""https://www.arabnews.com/saudi-arabia/saudfi-deputy-minister-of-economy-and-planning-meets-with-un-official-in-riyadh-3002553"", ""medio"": ""arabnews.com"", ""idioma"": ""en"", ""fecha_publicacion"": null, ""fecha_deteccion"": ""20260922T053000Z"", ""fecha_extraccion"": ""2026-10-06T18:46:40+00:00"", ""origen"": ""gdelt_doc:economia"", ""descripcion"": null, ""alcance_texto"": ""titular_metadatos""}"
noticia,url_duplicada,url,https://wisata.viva.co.id/wisata/30477-promosi-indonesia-di-palace-of-fine-arts-san-francisco-ada-gamelan-hingga-kopi-nusantara,"{""titulo"": ""Promosi Indonesia di Palace of Fine Arts San Francisco , Ada Gamelan hingga Kopi Nusantara"", ""url"": ""https://wisata.viva.co.id/wisata/30477-promosi-indonesia-di-palace-of-fine-arts-san-francisco-ada-gamelan-hingga-kopi-nusantara"", ""medio"": ""wisata.viva.co.id"", ""idioma"": ""indonesian"", ""fecha_publicacion"": null, ""fecha_deteccion"": ""20260922T043000Z"", ""fecha_extraccion"": ""2026-10-06T18:46:40+00:00"", ""origen"": ""gdelt_doc:economia"", ""descripcion"": null, ""alcance_texto"": ""titular_metadatos""}"
noticia,url_duplicada,url,https://tn.com.ar/politica/2026/09/21/en-medio-de-la-tension-con-reino-unido-javier-milei-volvio-a-reclamar-las-malvinas-cuanto-antes-nos-las-devuelvan-mejor/,"{""titulo"": ""En medio de la tensión con Reino Unido , Javier Milei volvió a reclamar las Malvinas : Cuanto antes nos las devuelvan , mejor"", ""url"": ""https://tn.com.ar/politica/2026/09/21/en-medio-de-la-tension-con-reino-unido-javier-milei-volvio-a-reclamar-las-malvinas-cuanto-antes-nos-las-devuelvan-mejor/"", ""medio"": ""tn.com.ar"", ""idioma"": ""es"", ""fecha_publicacion"": null, ""fecha_deteccion"": ""20260922T011500Z"", ""fecha_extraccion"": ""2026-10-06T18:46:40+00:00"", ""origen"": ""gdelt_doc:economia"", ""descripcion"": null, ""alcance_texto"": ""titular_metadatos""}"
noticia,url_duplicada,url,https://www.panamaamerica.com.pa/politica/mulino-participa-en-apertura-de-la-81a-asamblea-general-de-la-onu-1266606,"{""titulo"": ""Mulino participa en apertura de la 81 . ª Asamblea General de la ONU"", ""url"": ""https://www.panamaamerica.com.pa/politica/mulino-participa-en-apertura-de-la-81a-asamblea-general-de-la-onu-1266606"", ""medio"": ""panamaamerica.com.pa"", ""idioma"": ""es"", ""fecha_publicacion"": null, ""fecha_deteccion"": ""20260922T180000Z"", ""fecha_extraccion"": ""2026-10-06T18:46:40+00:00"", ""origen"": ""gdelt_doc:economia"", ""descripcion"": null, ""alcance_texto"": ""titular_metadatos""}"
noticia,url_duplicada,url,https://www.abc.com.py/internacionales/2026/09/21/el-chavismo-considera-la-presencia-de-delcy-rodriguez-en-la-onu-como-una-gran-victoria/,"{""titulo"": ""El chavismo considera la presencia de Delcy Rodríguez en la ONU como una gran victoria - Mundo"", ""url"": ""https://www.abc.com.py/internacionales/2026/09/21/el-chavismo-considera-la-presencia-de-delcy-rodriguez-en-la-onu-como-una-gran-victoria/"", ""medio"": ""abc.com.py"", ""idioma"": ""es"", ""fecha_publicacion"": null, ""fecha_deteccion"": ""20260921T224500Z"", ""fecha_extraccion"": ""2026-10-06T18:46:40+00:00"", ""origen"": ""gdelt_doc:economia"", ""descripcion"": null, ""alcance_texto"": ""titular_metadatos""}"
noticia,url_duplicada,url,https://www.biobiochile.cl/noticias/internacional/eeuu/2026/09/21/guterres-recibe-a-delcy-rodriguez-en-la-onu-en-la-previa-a-bilateral-de-presidenta-e-con-trump.shtml,"{""titulo"": ""Guterres recibe a Delcy Rodríguez en la ONU en la previa a bilateral de presidenta ( e ) con Trump | Internacional"", ""url"": ""https://www.biobiochile.cl/noticias/internacional/eeuu/2026/09/21/guterres-recibe-a-delcy-rodriguez-en-la-onu-en-la-previa-a-bilateral-de-presidenta-e-con-trump.shtml"", ""medio"": ""biobiochile.cl"", ""idioma"": ""es"", ""fecha_publicacion"": null, ""fecha_deteccion"": ""20260922T011500Z"", ""fecha_extraccion"": ""2026-10-06T18:46:40+00:00"", ""origen"": ""gdelt_doc:economia"", ""descripcion"": null, ""alcance_texto"": ""titular_metadatos""}"
noticia,url_duplicada,url,https://www.elheraldo.co/mundo/2026/09/21/guterres-recibe-a-delcy-rodriguez-antes-de-reunion-con-trump-y-de-intervenir-en-la-onu/,"{""titulo"": ""Guterres recibe a Delcy Rodríguez antes de reunión con Trump y de intervenir en la ONU"", ""url"": ""https://www.elheraldo.co/mundo/2026/09/21/guterres-recibe-a-delcy-rodriguez-antes-de-reunion-con-trump-y-de-intervenir-en-la-onu/"", ""medio"": ""elheraldo.co"", ""idioma"": ""es"", ""fecha_publicacion"": null, ""fecha_deteccion"": ""20260922T000000Z"", ""fecha_extraccion"": ""2026-10-06T18:46:40+00:00"", ""origen"": ""gdelt_doc:economia"", ""descripcion"": null, ""alcance_texto"": ""titular_metadatos""}"
noticia,url_duplicada,url,https://www.riotimesonline.com/panama-canal-investment-mulino-new-york-citi-2026/,"{""titulo"": ""Panama Canal Investment Plan Pitched to New York Investors"", ""url"": ""https://www.riotimesonline.com/panama-canal-investment-mulino-new-york-citi-2026/"", ""medio"": ""riotimesonline.com"", ""idioma"": ""en"", ""fecha_publicacion"": null, ""fecha_deteccion"": ""20260922T110000Z"", ""fecha_extraccion"": ""2026-10-06T18:46:40+00:00"", ""origen"": ""gdelt_doc:economia"", ""descripcion"": null, ""alcance_texto"": ""titular_metadatos""}"
noticia,url_duplicada,url,https://www.cnnchile.com/mundo/en-la-antesala-de-su-intervencion-en-la-onu-antonio-guterres-recibe-a-delcy-rodriguez-presidenta-encargada-de-venezuela/,"{""titulo"": ""En la antesala de su intervención en la ONU , António Guterres recibe a Delcy Rodríguez , presidenta encargada de Venezuela"", ""url"": ""https://www.cnnchile.com/mundo/en-la-antesala-de-su-intervencion-en-la-onu-antonio-guterres-recibe-a-delcy-rodriguez-presidenta-encargada-de-venezuela/"", ""medio"": ""cnnchile.com"", ""idioma"": ""es"", ""fecha_publicacion"": null, ""fecha_deteccion"": ""20260922T043000Z"", ""fecha_extraccion"": ""2026-10-06T18:46:40+00:00"", ""origen"": ""gdelt_doc:economia"", ""descripcion"": null, ""alcance_texto"": ""titular_metadatos""}"
noticia,url_duplicada,url,https://www.informe21.com/post/delcy-rodr%C3%ADguez-se-reuni%C3%B3-con-el-secretario-general-de-la-onu,"{""titulo"": ""Delcy Rodríguez se reunió con el secretario general de la ONU"", ""url"": ""https://www.informe21.com/post/delcy-rodr%C3%ADguez-se-reuni%C3%B3-con-el-secretario-general-de-la-onu"", ""medio"": ""informe21.com"", ""idioma"": ""es"", ""fecha_publicacion"": null, ""fecha_deteccion"": ""20260922T144500Z"", ""fecha_extraccion"": ""2026-10-06T18:46:40+00:00"", ""origen"": ""gdelt_doc:economia"", ""descripcion"": null, ""alcance_texto"": ""titular_metadatos""}"
noticia,url_duplicada,url,https://www.eluniversal.com.mx/mundo/guterres-recibe-a-delcy-rodriguez-en-nueva-york-prepara-su-encuentro-con-trump-y-su-discurso-ante-la-onu/,"{""titulo"": ""Antonio Guterres recibe a Delcy Rodríguez en Nueva York"", ""url"": ""https://www.eluniversal.com.mx/mundo/guterres-recibe-a-delcy-rodriguez-en-nueva-york-prepara-su-encuentro-con-trump-y-su-discurso-ante-la-onu/"", ""medio"": ""eluniversal.com.mx"", ""idioma"": ""es"", ""fecha_publicacion"": null, ""fecha_deteccion"": ""20260922T030000Z"", ""fecha_extraccion"": ""2026-10-06T18:46:40+00:00"", ""origen"": ""gdelt_doc:economia"", ""descripcion"": null, ""alcance_texto"": ""titular_metadatos""}"
noticia,url_duplicada,url,https://www.diariodeburgos.es/noticia/zfac021cd-52fa-4240-a664272083047391/202609/delcy-rodriguez-llega-a-eeuu-para-reunirse-con-trump,"{""titulo"": ""Delcy Rodríguez llega a EEUU para reunirse con Trump | Noticias Diario de Burgos"", ""url"": ""https://www.diariodeburgos.es/noticia/zfac021cd-52fa-4240-a664272083047391/202609/delcy-rodriguez-llega-a-eeuu-para-reunirse-con-trump"", ""medio"": ""diariodeburgos.es"", ""idioma"": ""es"", ""fecha_publicacion"": null, ""fecha_deteccion"": ""20260922T003000Z"", ""fecha_extraccion"": ""2026-10-06T18:46:40+00:00"", ""origen"": ""gdelt_doc:economia"", ""descripcion"": null, ""alcance_texto"": ""titular_metadatos""}"
noticia,url_duplicada,url,https://www.diaadia.com.pa/el-pais/presidente-mulino-y-la-primera-dama-participan-en-la-inauguracion-de-la-asamblea-de-la-onu,"{""titulo"": ""Presidente Mulino y la primera dama participan en la inauguración de la Asamblea de la ONU"", ""url"": ""https://www.diaadia.com.pa/el-pais/presidente-mulino-y-la-primera-dama-participan-en-la-inauguracion-de-la-asamblea-de-la-onu"", ""medio"": ""diaadia.com.pa"", ""idioma"": ""es"", ""fecha_publicacion"": null, ""fecha_deteccion"": ""20260922T180000Z"", ""fecha_extraccion"": ""2026-10-06T18:46:40+00:00"", ""origen"": ""gdelt_doc:economia"", ""descripcion"": null, ""alcance_texto"": ""titular_metadatos""}"
noticia,url_duplicada,url,https://abriendobrecha.tv/politica/san-pedro-sula-se-convierte-en-el-epicentro-regional-con-la-inauguracion-del-xxx-congreso-de-aseguradores-de-centroamerica-panama-y-el-caribe/,"{""titulo"": ""San Pedro Sula se convierte en el epicentro regional con la inauguración del XXX Congreso de Aseguradores de Centroamérica , Panamá y el Caribe"", ""url"": ""https://abriendobrecha.tv/politica/san-pedro-sula-se-convierte-en-el-epicentro-regional-con-la-inauguracion-del-xxx-congreso-de-aseguradores-de-centroamerica-panama-y-el-caribe/"", ""medio"": ""abriendobrecha.tv"", ""idioma"": ""es"", ""fecha_publicacion"": null, ""fecha_deteccion"": ""20260921T211500Z"", ""fecha_extraccion"": ""2026-10-06T18:46:40+00:00"", ""origen"": ""gdelt_doc:economia"", ""descripcion"": null, ""alcance_texto"": ""titular_metadatos""}"
noticia,url_duplicada,url,https://www.turkiyegazetesi.com.tr/saglik/sigaraya-filipinler-modeli-hastaliklarin-faturasi-tutun-devlerine-cikacak-1817607,"{""titulo"": ""Sigaraya Filipinler modeli ! Hastalıkların faturası tütün devlerine çıkacak"", ""url"": ""https://www.turkiyegazetesi.com.tr/saglik/sigaraya-filipinler-modeli-hastaliklarin-faturasi-tutun-devlerine-cikacak-1817607"", ""medio"": ""turkiyegazetesi.com.tr"", ""idioma"": ""turkish"", ""fecha_publicacion"": null, ""fecha_deteccion"": ""20260922T010000Z"", ""fecha_extraccion"": ""2026-10-06T18:46:40+00:00"", ""origen"": ""gdelt_doc:economia"", ""descripcion"": null, ""alcance_texto"": ""titular_metadatos""}"
noticia,url_duplicada,url,https://www.sangbadpratidin.in/editorial/donald-trumps-greenland-deal/pid/1351220/,"{""titulo"": ""Donald Trumps Greenland Deal"", ""url"": ""https://www.sangbadpratidin.in/editorial/donald-trumps-greenland-deal/pid/1351220/"", ""medio"": ""sangbadpratidin.in"", ""idioma"": ""bengali"", ""fecha_publicacion"": null, ""fecha_deteccion"": ""20260922T154500Z"", ""fecha_extraccion"": ""2026-10-06T18:46:40+00:00"", ""origen"": ""gdelt_doc:economia"", ""descripcion"": null, ""alcance_texto"": ""titular_metadatos""}"
noticia,url_duplicada,url,https://annabaa.org/arabic/economicarticles/47450,"{""titulo"": ""ما هي اقتصادات الأسواق الوليدة ، وما أهميتها للاقتصاد العالمي ؟"", ""url"": ""https://annabaa.org/arabic/economicarticles/47450"", ""medio"": ""annabaa.org"", ""idioma"": ""arabic"", ""fecha_publicacion"": null, ""fecha_deteccion"": ""20260922T043000Z"", ""fecha_extraccion"": ""2026-10-06T18:46:40+00:00"", ""origen"": ""gdelt_doc:economia"", ""descripcion"": null, ""alcance_texto"": ""titular_metadatos""}"
noticia,url_duplicada,url,https://www.pulzo.com/nacion/quien-es-esposa-yamid-amat-sus-hijos-detalles-su-vida-personal-PP5310341,"{""titulo"": ""Quién es la esposa de Yamid Amat , sus hijos y más detalles de su vida personal"", ""url"": ""https://www.pulzo.com/nacion/quien-es-esposa-yamid-amat-sus-hijos-detalles-su-vida-personal-PP5310341"", ""medio"": ""pulzo.com"", ""idioma"": ""es"", ""fecha_publicacion"": null, ""fecha_deteccion"": ""20260922T174500Z"", ""fecha_extraccion"": ""2026-10-06T18:46:40+00:00"", ""origen"": ""gdelt_doc:economia"", ""descripcion"": null, ""alcance_texto"": ""titular_metadatos""}"
noticia,url_duplicada,url,https://www.news247.gr/perivallon/el-ninio-epipedou-gkotzila-se-axartografita-nera-o-planitis/,"{""titulo"": ""Ελ Νίνιο επιπέδου Γκοτζίλα - Σε αχαρτογράφητα νερά ο πλανήτης"", ""url"": ""https://www.news247.gr/perivallon/el-ninio-epipedou-gkotzila-se-axartografita-nera-o-planitis/"", ""medio"": ""news247.gr"", ""idioma"": ""greek"", ""fecha_publicacion"": null, ""fecha_deteccion"": ""20260921T193000Z"", ""fecha_extraccion"": ""2026-10-06T18:46:40+00:00"", ""origen"": ""gdelt_doc:economia"", ""descripcion"": null, ""alcance_texto"": ""titular_metadatos""}"
noticia,url_duplicada,url,https://www.163.com/dy/article/L7DSQO8U05199A0B.html,"{""titulo"": ""Jev模型全面开放 ， 上海二手房成交创半年新高 | 财经日日评"", ""url"": ""https://www.163.com/dy/article/L7DSQO8U05199A0B.html"", ""medio"": ""163.com"", ""idioma"": ""chinese"", ""fecha_publicacion"": null, ""fecha_deteccion"": ""20260922T011500Z"", ""fecha_extraccion"": ""2026-10-06T18:46:40+00:00"", ""origen"": ""gdelt_doc:economia"", ""descripcion"": null, ""alcance_texto"": ""titular_metadatos""}"
noticia,url_duplicada,url,https://www.spokesman.com/stories/2026/jul/08/pentagon-seeks-to-rally-latin-america-behind-new-m/,"{""titulo"": ""Pentagon seeks to rally Latin America behind new Monroe Doctrine"", ""url"": ""https://www.spokesman.com/stories/2026/jul/08/pentagon-seeks-to-rally-latin-america-behind-new-m/"", ""medio"": ""spokesman.com"", ""idioma"": ""en"", ""fecha_publicacion"": null, ""fecha_deteccion"": ""20260709T021500Z"", ""fecha_extraccion"": ""2026-10-06T18:46:40+00:00"", ""origen"": ""gdelt_doc:eventos_naturales"", ""descripcion"": null, ""alcance_texto"": ""titular_metadatos""}"
noticia,url_duplicada,url,https://www.independent.co.uk/news/world/americas/us-politics/trump-monroe-doctrine-colby-latin-america-maduro-b3011685.html,"{""titulo"": ""From America First to Donroe Doctrine ? Trump Latin America pivot raises eyebrows"", ""url"": ""https://www.independent.co.uk/news/world/americas/us-politics/trump-monroe-doctrine-colby-latin-america-maduro-b3011685.html"", ""medio"": ""independent.co.uk"", ""idioma"": ""en"", ""fecha_publicacion"": null, ""fecha_deteccion"": ""20260709T164500Z"", ""fecha_extraccion"": ""2026-10-06T18:46:40+00:00"", ""origen"": ""gdelt_doc:eventos_naturales"", ""descripcion"": null, ""alcance_texto"": ""titular_metadatos""}"
noticia,url_duplicada,url,https://www.prensa.com/opinion/la-ninez-desprotegida-la-cosecha-del-abandono/,"{""titulo"": ""La niñez desprotegida : la cosecha del abandono"", ""url"": ""https://www.prensa.com/opinion/la-ninez-desprotegida-la-cosecha-del-abandono/"", ""medio"": ""prensa.com"", ""idioma"": ""es"", ""fecha_publicacion"": null, ""fecha_deteccion"": ""20260804T064500Z"", ""fecha_extraccion"": ""2026-10-06T18:46:40+00:00"", ""origen"": ""gdelt_doc:eventos_naturales"", ""descripcion"": null, ""alcance_texto"": ""titular_metadatos""}"
noticia,url_duplicada,url,https://www.midiario.com/policiales/tragedia-en-darien-hallan-sin-vida-a-chinito-el-comerciante-arrastrado-por-la-corriente-en-platanilla/,"{""titulo"": ""Tragedia en Darién : hallan sin vida a Chinito , el comerciante arrastrado por la corriente en Platanilla"", ""url"": ""https://www.midiario.com/policiales/tragedia-en-darien-hallan-sin-vida-a-chinito-el-comerciante-arrastrado-por-la-corriente-en-platanilla/"", ""medio"": ""midiario.com"", ""idioma"": ""es"", ""fecha_publicacion"": null, ""fecha_deteccion"": ""20260724T053000Z"", ""fecha_extraccion"": ""2026-10-06T18:46:40+00:00"", ""origen"": ""gdelt_doc:eventos_naturales"", ""descripcion"": null, ""alcance_texto"": ""titular_metadatos""}"
noticia,url_duplicada,url,https://www.kyivpost.com/opinion/80938,"{""titulo"": ""Opinion : Fedorov Out , Ships Sunk : Ukraine Drone War Widens as Kyiv Political Storm Brews"", ""url"": ""https://www.kyivpost.com/opinion/80938"", ""medio"": ""kyivpost.com"", ""idioma"": ""en"", ""fecha_publicacion"": null, ""fecha_deteccion"": ""20260723T224500Z"", ""fecha_extraccion"": ""2026-10-06T18:46:40+00:00"", ""origen"": ""gdelt_doc:eventos_naturales"", ""descripcion"": null, ""alcance_texto"": ""titular_metadatos""}"
noticia,url_duplicada,url,https://www.huxiu.com/article/4889693.html,"{""titulo"": ""圣婴苏醒 ： 超级厄尔尼诺或创70年纪录 ， 全球迎战极端风暴 - 虎嗅网"", ""url"": ""https://www.huxiu.com/article/4889693.html"", ""medio"": ""huxiu.com"", ""idioma"": ""chinese"", ""fecha_publicacion"": null, ""fecha_deteccion"": ""20260909T053000Z"", ""fecha_extraccion"": ""2026-10-06T18:46:40+00:00"", ""origen"": ""gdelt_doc:eventos_naturales"", ""descripcion"": null, ""alcance_texto"": ""titular_metadatos""}"
noticia,url_duplicada,url,https://baijiahao.baidu.com/s?id=1875805424164435242,"{""titulo"": ""「 环时深度 」 当气候变化成为影响地缘政治的力量"", ""url"": ""https://baijiahao.baidu.com/s?id=1875805424164435242"", ""medio"": ""baijiahao.baidu.com"", ""idioma"": ""chinese"", ""fecha_publicacion"": null, ""fecha_deteccion"": ""20260908T231500Z"", ""fecha_extraccion"": ""2026-10-06T18:46:40+00:00"", ""origen"": ""gdelt_doc:eventos_naturales"", ""descripcion"": null, ""alcance_texto"": ""titular_metadatos""}"
noticia,url_duplicada,url,https://www.money.pl/biznes/tak-pieniadze-z-ue-plynely-do-machiny-wojennej-putina-otrzezwienie-przyszlo-po-czasie-7331854723856640a.html,"{""titulo"": ""Tak zarabiała Rosja . Po wybuchu wojny kwitł handel z UE i Polską"", ""url"": ""https://www.money.pl/biznes/tak-pieniadze-z-ue-plynely-do-machiny-wojennej-putina-otrzezwienie-przyszlo-po-czasie-7331854723856640a.html"", ""medio"": ""money.pl"", ""idioma"": ""polish"", ""fecha_publicacion"": null, ""fecha_deteccion"": ""20260922T050000Z"", ""fecha_extraccion"": ""2026-10-06T18:46:40+00:00"", ""origen"": ""gdelt_doc:eventos_naturales"", ""descripcion"": null, ""alcance_texto"": ""titular_metadatos""}"
noticia,url_duplicada,url,https://www.yucatan.com.mx/mexico/2026/07/15/cooperacion-en-seguridad-y-economia-destacan-en-la-cumbre-mexico-panama.html,"{""titulo"": ""Cooperación en seguridad y economía destacan en la cumbre México - Panamá"", ""url"": ""https://www.yucatan.com.mx/mexico/2026/07/15/cooperacion-en-seguridad-y-economia-destacan-en-la-cumbre-mexico-panama.html"", ""medio"": ""yucatan.com.mx"", ""idioma"": ""es"", ""fecha_publicacion"": null, ""fecha_deteccion"": ""20260716T001500Z"", ""fecha_extraccion"": ""2026-10-06T18:46:40+00:00"", ""origen"": ""gdelt_doc:logistica"", ""descripcion"": null, ""alcance_texto"": ""titular_metadatos""}"
noticia,url_duplicada,url,https://www.diaadia.com.pa/el-pais/sheinbaum-y-mulino-hablaran-de-economia-y-respaldo-neutralidad-de-canal-de-panama-790706,"{""titulo"": ""Sheinbaum y Mulino hablarán de economía y respaldo a neutralidad de Canal de Panamá"", ""url"": ""https://www.diaadia.com.pa/el-pais/sheinbaum-y-mulino-hablaran-de-economia-y-respaldo-neutralidad-de-canal-de-panama-790706"", ""medio"": ""diaadia.com.pa"", ""idioma"": ""es"", ""fecha_publicacion"": null, ""fecha_deteccion"": ""20260715T170000Z"", ""fecha_extraccion"": ""2026-10-06T18:46:40+00:00"", ""origen"": ""gdelt_doc:logistica"", ""descripcion"": null, ""alcance_texto"": ""titular_metadatos""}"
noticia,url_duplicada,url,https://alwasat.ly/news/economy/525092,"{""titulo"": ""حكومة بنما تبدأ الاستحواذ على حصة الشريك الأميركي في مشروع استراتيجي لنقل النفط"", ""url"": ""https://alwasat.ly/news/economy/525092"", ""medio"": ""alwasat.ly"", ""idioma"": ""arabic"", ""fecha_publicacion"": null, ""fecha_deteccion"": ""20260718T124500Z"", ""fecha_extraccion"": ""2026-10-06T18:46:40+00:00"", ""origen"": ""gdelt_doc:logistica"", ""descripcion"": null, ""alcance_texto"": ""titular_metadatos""}"
noticia,url_duplicada,url,https://www.newkerala.com/news/a/panama-not-only-beginning-foreign-minister-pitches-nation-631.htm,"{""titulo"": ""Panama : India Launchpad to Latin America Trade"", ""url"": ""https://www.newkerala.com/news/a/panama-not-only-beginning-foreign-minister-pitches-nation-631.htm"", ""medio"": ""newkerala.com"", ""idioma"": ""en"", ""fecha_publicacion"": null, ""fecha_deteccion"": ""20260720T120000Z"", ""fecha_extraccion"": ""2026-10-06T18:46:40+00:00"", ""origen"": ""gdelt_doc:logistica"", ""descripcion"": null, ""alcance_texto"": ""titular_metadatos""}"
noticia,url_duplicada,url,https://forbes.com.mx/sheinbaum-y-presidente-de-panama-hablaran-de-economia-y-respaldo-a-neutralidad-del-canal/,"{""titulo"": ""Sheinbaum y el presidente de Panamá hablarán de economía y respaldo a neutralidad del Canal"", ""url"": ""https://forbes.com.mx/sheinbaum-y-presidente-de-panama-hablaran-de-economia-y-respaldo-a-neutralidad-del-canal/"", ""medio"": ""forbes.com.mx"", ""idioma"": ""es"", ""fecha_publicacion"": null, ""fecha_deteccion"": ""20260715T203000Z"", ""fecha_extraccion"": ""2026-10-06T18:46:40+00:00"", ""origen"": ""gdelt_doc:logistica"", ""descripcion"": null, ""alcance_texto"": ""titular_metadatos""}"
noticia,url_duplicada,url,https://wradio.com.mx/2026/07/15/sheinbaum-reitera-apoyo-a-la-neutralidad-del-canal-de-panama-tras-reunion-bilateral-con-jose-raul-mulino/,"{""titulo"": ""Sheinbaum reitera apoyo a la neutralidad del Canal de Panamá tras reunión bilateral con José Raúl Mulino"", ""url"": ""https://wradio.com.mx/2026/07/15/sheinbaum-reitera-apoyo-a-la-neutralidad-del-canal-de-panama-tras-reunion-bilateral-con-jose-raul-mulino/"", ""medio"": ""wradio.com.mx"", ""idioma"": ""es"", ""fecha_publicacion"": null, ""fecha_deteccion"": ""20260715T233000Z"", ""fecha_extraccion"": ""2026-10-06T18:46:40+00:00"", ""origen"": ""gdelt_doc:logistica"", ""descripcion"": null, ""alcance_texto"": ""titular_metadatos""}"
noticia,url_duplicada,url,https://www.prensa.com/economia/fitch-alerta-sobre-riesgos-de-el-nino-para-el-canal-y-preve-que-economia-panamena-crecera-4/,"{""titulo"": ""Fitch alerta sobre riesgos de El Niño para el Canal y prevé que economía panameña crecerá 4 %"", ""url"": ""https://www.prensa.com/economia/fitch-alerta-sobre-riesgos-de-el-nino-para-el-canal-y-preve-que-economia-panamena-crecera-4/"", ""medio"": ""prensa.com"", ""idioma"": ""es"", ""fecha_publicacion"": null, ""fecha_deteccion"": ""20260721T044500Z"", ""fecha_extraccion"": ""2026-10-06T18:46:40+00:00"", ""origen"": ""gdelt_doc:logistica"", ""descripcion"": null, ""alcance_texto"": ""titular_metadatos""}"
noticia,url_duplicada,url,https://www.infobae.com/panama/2026/07/18/el-nino-pone-en-riesgo-la-operacion-del-canal-de-panama-advierte-informe-de-fitch-ratings/,"{""titulo"": ""El Niño pone en riesgo la operación del Canal de Panamá , advierte informe de Fitch Ratings"", ""url"": ""https://www.infobae.com/panama/2026/07/18/el-nino-pone-en-riesgo-la-operacion-del-canal-de-panama-advierte-informe-de-fitch-ratings/"", ""medio"": ""infobae.com"", ""idioma"": ""es"", ""fecha_publicacion"": null, ""fecha_deteccion"": ""20260718T174500Z"", ""fecha_extraccion"": ""2026-10-06T18:46:40+00:00"", ""origen"": ""gdelt_doc:logistica"", ""descripcion"": null, ""alcance_texto"": ""titular_metadatos""}"
noticia,url_duplicada,url,https://www.excelsior.com.mx/nacional/presidenta-claudia-sheinbaum-recibe-palacio-nacional-presidente-panama-jose-raul-mulino-quintero,"{""titulo"": ""La Presidenta Claudia Sheinbaum recibe en Palacio Nacional al presidente de Panamá , José Raúl Mulino Quintero"", ""url"": ""https://www.excelsior.com.mx/nacional/presidenta-claudia-sheinbaum-recibe-palacio-nacional-presidente-panama-jose-raul-mulino-quintero"", ""medio"": ""excelsior.com.mx"", ""idioma"": ""es"", ""fecha_publicacion"": null, ""fecha_deteccion"": ""20260715T203000Z"", ""fecha_extraccion"": ""2026-10-06T18:46:40+00:00"", ""origen"": ""gdelt_doc:logistica"", ""descripcion"": null, ""alcance_texto"": ""titular_metadatos""}"
noticia,url_duplicada,url,https://planoinformativo.com/1157536/apoya-sheinbaum-neutralidad-de-canal-de-panama,"{""titulo"": ""Apoya Sheinbaum neutralidad de Canal de Panamá"", ""url"": ""https://planoinformativo.com/1157536/apoya-sheinbaum-neutralidad-de-canal-de-panama"", ""medio"": ""planoinformativo.com"", ""idioma"": ""es"", ""fecha_publicacion"": null, ""fecha_deteccion"": ""20260715T211500Z"", ""fecha_extraccion"": ""2026-10-06T18:46:40+00:00"", ""origen"": ""gdelt_doc:logistica"", ""descripcion"": null, ""alcance_texto"": ""titular_metadatos""}"
noticia,url_duplicada,url,https://www.panamaamerica.com.pa/nacion/mercado-laboral-y-sector-de-la-vivienda-siguen-dando-tropiezos-1264064,"{""titulo"": ""Mercado laboral y sector de la vivienda siguen dando tropiezos"", ""url"": ""https://www.panamaamerica.com.pa/nacion/mercado-laboral-y-sector-de-la-vivienda-siguen-dando-tropiezos-1264064"", ""medio"": ""panamaamerica.com.pa"", ""idioma"": ""es"", ""fecha_publicacion"": null, ""fecha_deteccion"": ""20260716T054500Z"", ""fecha_extraccion"": ""2026-10-06T18:46:40+00:00"", ""origen"": ""gdelt_doc:logistica"", ""descripcion"": null, ""alcance_texto"": ""titular_metadatos""}"
noticia,url_duplicada,url,https://www.163.com/dy/article/L2FJBKS80519DTSV.html,"{""titulo"": ""双海峡危机 叠加巴拿马运河限流 ， 全球能源供应链告急|港口|红海|曼德海峡"", ""url"": ""https://www.163.com/dy/article/L2FJBKS80519DTSV.html"", ""medio"": ""163.com"", ""idioma"": ""chinese"", ""fecha_publicacion"": null, ""fecha_deteccion"": ""20260722T134500Z"", ""fecha_extraccion"": ""2026-10-06T18:46:40+00:00"", ""origen"": ""gdelt_doc:logistica"", ""descripcion"": null, ""alcance_texto"": ""titular_metadatos""}"
noticia,url_duplicada,url,https://finance.jrj.com.cn/2026/07/22142857872113.shtml,"{""titulo"": ""双海峡危机 叠加巴拿马运河限流 ， 全球能源供应链告急 - 财经 - 金融界"", ""url"": ""https://finance.jrj.com.cn/2026/07/22142857872113.shtml"", ""medio"": ""finance.jrj.com.cn"", ""idioma"": ""chinese"", ""fecha_publicacion"": null, ""fecha_deteccion"": ""20260722T064500Z"", ""fecha_extraccion"": ""2026-10-06T18:46:40+00:00"", ""origen"": ""gdelt_doc:logistica"", ""descripcion"": null, ""alcance_texto"": ""titular_metadatos""}"
noticia,url_duplicada,url,https://www.prensa.com/vivir/francia-celebra-su-fiesta-nacional-en-panama-con-homenaje-a-la-historia-del-canal/,"{""titulo"": ""Francia celebra su fiesta nacional en Panamá con homenaje a la historia del Canal"", ""url"": ""https://www.prensa.com/vivir/francia-celebra-su-fiesta-nacional-en-panama-con-homenaje-a-la-historia-del-canal/"", ""medio"": ""prensa.com"", ""idioma"": ""es"", ""fecha_publicacion"": null, ""fecha_deteccion"": ""20260716T001500Z"", ""fecha_extraccion"": ""2026-10-06T18:46:40+00:00"", ""origen"": ""gdelt_doc:logistica"", ""descripcion"": null, ""alcance_texto"": ""titular_metadatos""}"
noticia,url_duplicada,url,https://www.eldiariodechihuahua.mx/nacional/2026/jul/15/apoya-sheinbaum-neutralidad-de-canal-de-panama-817911.html,"{""titulo"": ""Apoya Sheinbaum neutralidad de Canal de Panamá"", ""url"": ""https://www.eldiariodechihuahua.mx/nacional/2026/jul/15/apoya-sheinbaum-neutralidad-de-canal-de-panama-817911.html"", ""medio"": ""eldiariodechihuahua.mx"", ""idioma"": ""es"", ""fecha_publicacion"": null, ""fecha_deteccion"": ""20260715T230000Z"", ""fecha_extraccion"": ""2026-10-06T18:46:40+00:00"", ""origen"": ""gdelt_doc:logistica"", ""descripcion"": null, ""alcance_texto"": ""titular_metadatos""}"
noticia,url_duplicada,url,https://www.riotimesonline.com/panama-japan-shipowners-maritime-cooperation-2026/,"{""titulo"": ""Panama and Japan Shipowners Deepen Maritime Ties"", ""url"": ""https://www.riotimesonline.com/panama-japan-shipowners-maritime-cooperation-2026/"", ""medio"": ""riotimesonline.com"", ""idioma"": ""en"", ""fecha_publicacion"": null, ""fecha_deteccion"": ""20260714T091500Z"", ""fecha_extraccion"": ""2026-10-06T18:46:40+00:00"", ""origen"": ""gdelt_doc:logistica"", ""descripcion"": null, ""alcance_texto"": ""titular_metadatos""}"
noticia,url_duplicada,url,https://www.panamaamerica.com.pa/economia/panama-refuerza-sus-vinculos-comerciales-y-estrategicos-con-mexico-1264051,"{""titulo"": ""Panamá refuerza sus vínculos comerciales y estratégicos con México"", ""url"": ""https://www.panamaamerica.com.pa/economia/panama-refuerza-sus-vinculos-comerciales-y-estrategicos-con-mexico-1264051"", ""medio"": ""panamaamerica.com.pa"", ""idioma"": ""es"", ""fecha_publicacion"": null, ""fecha_deteccion"": ""20260716T054500Z"", ""fecha_extraccion"": ""2026-10-06T18:46:40+00:00"", ""origen"": ""gdelt_doc:logistica"", ""descripcion"": null, ""alcance_texto"": ""titular_metadatos""}"
noticia,url_duplicada,url,https://www.tabascohoy.com/sheinbaum-recibe-al-presidente-de-panama-para-fortalecer-cooperacion-entre-ambas-naciones/,"{""titulo"": ""Sheinbaum recibe al presidente de Panamá para fortalecer cooperación entre ambas naciones"", ""url"": ""https://www.tabascohoy.com/sheinbaum-recibe-al-presidente-de-panama-para-fortalecer-cooperacion-entre-ambas-naciones/"", ""medio"": ""tabascohoy.com"", ""idioma"": ""es"", ""fecha_publicacion"": null, ""fecha_deteccion"": ""20260716T024500Z"", ""fecha_extraccion"": ""2026-10-06T18:46:40+00:00"", ""origen"": ""gdelt_doc:logistica"", ""descripcion"": null, ""alcance_texto"": ""titular_metadatos""}"
noticia,url_duplicada,url,https://www.sdpnoticias.com/internacional/claudia-sheinbaum-recibio-en-palacio-nacional-a-jose-raul-mulino-presidente-de-panama/,"{""titulo"": ""Claudia Sheinbaum recibió en Palacio Nacional a José Raúl Mulino , presidente de Panamá"", ""url"": ""https://www.sdpnoticias.com/internacional/claudia-sheinbaum-recibio-en-palacio-nacional-a-jose-raul-mulino-presidente-de-panama/"", ""medio"": ""sdpnoticias.com"", ""idioma"": ""es"", ""fecha_publicacion"": null, ""fecha_deteccion"": ""20260715T211500Z"", ""fecha_extraccion"": ""2026-10-06T18:46:40+00:00"", ""origen"": ""gdelt_doc:logistica"", ""descripcion"": null, ""alcance_texto"": ""titular_metadatos""}"
noticia,url_duplicada,url,https://www.panamaamerica.com.pa/nacion/fitch-ratings-preve-que-el-gobierno-cumpla-el-deficit-fiscal-previsto-1264220,"{""titulo"": ""Fitch & Ratings prevé que el Gobierno cumpla el déficit fiscal previsto"", ""url"": ""https://www.panamaamerica.com.pa/nacion/fitch-ratings-preve-que-el-gobierno-cumpla-el-deficit-fiscal-previsto-1264220"", ""medio"": ""panamaamerica.com.pa"", ""idioma"": ""es"", ""fecha_publicacion"": null, ""fecha_deteccion"": ""20260721T053000Z"", ""fecha_extraccion"": ""2026-10-06T18:46:40+00:00"", ""origen"": ""gdelt_doc:logistica"", ""descripcion"": null, ""alcance_texto"": ""titular_metadatos""}"
noticia,url_duplicada,url,https://www.diaadia.com.pa/el-pais/encuentro-mulino-sheinbaum-se-centro-en-la-neutralidad-del-canal-integracion-regional,"{""titulo"": ""Encuentro Mulino - Sheinbaum se centró en la Neutralidad del Canal , integración regional , comercio , inversiones y cooperación"", ""url"": ""https://www.diaadia.com.pa/el-pais/encuentro-mulino-sheinbaum-se-centro-en-la-neutralidad-del-canal-integracion-regional"", ""medio"": ""diaadia.com.pa"", ""idioma"": ""es"", ""fecha_publicacion"": null, ""fecha_deteccion"": ""20260715T230000Z"", ""fecha_extraccion"": ""2026-10-06T18:46:40+00:00"", ""origen"": ""gdelt_doc:logistica"", ""descripcion"": null, ""alcance_texto"": ""titular_metadatos""}"
noticia,url_duplicada,url,https://www.panamaamerica.com.pa/sociedad/panama-busca-el-respaldo-de-la-india-para-el-tratado-de-neutralidad-del-canal-1264190,"{""titulo"": ""Panamá busca el respaldo de la India para el Tratado de Neutralidad del Canal"", ""url"": ""https://www.panamaamerica.com.pa/sociedad/panama-busca-el-respaldo-de-la-india-para-el-tratado-de-neutralidad-del-canal-1264190"", ""medio"": ""panamaamerica.com.pa"", ""idioma"": ""es"", ""fecha_publicacion"": null, ""fecha_deteccion"": ""20260720T143000Z"", ""fecha_extraccion"": ""2026-10-06T18:46:40+00:00"", ""origen"": ""gdelt_doc:logistica"", ""descripcion"": null, ""alcance_texto"": ""titular_metadatos""}"
noticia,url_duplicada,url,http://www.brazilsun.com/news/279199252/panama-is-not-only-the-beginning-foreign-minister-pitches-nation-as-india-premier-manufacturing-trade-launchpad-in-latin-america,"{""titulo"": ""Panama is not only the beginning : Foreign Minister pitches nation as India premier manufacturing , trade launchpad in Latin America"", ""url"": ""http://www.brazilsun.com/news/279199252/panama-is-not-only-the-beginning-foreign-minister-pitches-nation-as-india-premier-manufacturing-trade-launchpad-in-latin-america"", ""medio"": ""brazilsun.com"", ""idioma"": ""en"", ""fecha_publicacion"": null, ""fecha_deteccion"": ""20260720T174500Z"", ""fecha_extraccion"": ""2026-10-06T18:46:40+00:00"", ""origen"": ""gdelt_doc:logistica"", ""descripcion"": null, ""alcance_texto"": ""titular_metadatos""}"
noticia,url_duplicada,url,http://www.taiwansun.com/news/279199252/panama-is-not-only-the-beginning-foreign-minister-pitches-nation-as-india-premier-manufacturing-trade-launchpad-in-latin-america,"{""titulo"": ""Panama is not only the beginning : Foreign Minister pitches nation as India premier manufacturing , trade launchpad in Latin America"", ""url"": ""http://www.taiwansun.com/news/279199252/panama-is-not-only-the-beginning-foreign-minister-pitches-nation-as-india-premier-manufacturing-trade-launchpad-in-latin-america"", ""medio"": ""taiwansun.com"", ""idioma"": ""en"", ""fecha_publicacion"": null, ""fecha_deteccion"": ""20260720T174500Z"", ""fecha_extraccion"": ""2026-10-06T18:46:40+00:00"", ""origen"": ""gdelt_doc:logistica"", ""descripcion"": null, ""alcance_texto"": ""titular_metadatos""}"
noticia,url_duplicada,url,http://www.londonmercury.com/news/279199252/panama-is-not-only-the-beginning-foreign-minister-pitches-nation-as-india-premier-manufacturing-trade-launchpad-in-latin-america,"{""titulo"": ""Panama is not only the beginning : Foreign Minister pitches nation as India premier manufacturing , trade launchpad in Latin America"", ""url"": ""http://www.londonmercury.com/news/279199252/panama-is-not-only-the-beginning-foreign-minister-pitches-nation-as-india-premier-manufacturing-trade-launchpad-in-latin-america"", ""medio"": ""londonmercury.com"", ""idioma"": ""en"", ""fecha_publicacion"": null, ""fecha_deteccion"": ""20260720T164500Z"", ""fecha_extraccion"": ""2026-10-06T18:46:40+00:00"", ""origen"": ""gdelt_doc:logistica"", ""descripcion"": null, ""alcance_texto"": ""titular_metadatos""}"
noticia,url_duplicada,url,http://www.malaysiasun.com/news/279199252/panama-is-not-only-the-beginning-foreign-minister-pitches-nation-as-india-premier-manufacturing-trade-launchpad-in-latin-america,"{""titulo"": ""Panama is not only the beginning : Foreign Minister pitches nation as India premier manufacturing , trade launchpad in Latin America"", ""url"": ""http://www.malaysiasun.com/news/279199252/panama-is-not-only-the-beginning-foreign-minister-pitches-nation-as-india-premier-manufacturing-trade-launchpad-in-latin-america"", ""medio"": ""malaysiasun.com"", ""idioma"": ""en"", ""fecha_publicacion"": null, ""fecha_deteccion"": ""20260720T164500Z"", ""fecha_extraccion"": ""2026-10-06T18:46:40+00:00"", ""origen"": ""gdelt_doc:logistica"", ""descripcion"": null, ""alcance_texto"": ""titular_metadatos""}"
noticia,url_duplicada,url,http://www.indiagazette.com/news/279199252/panama-is-not-only-the-beginning-foreign-minister-pitches-nation-as-india-premier-manufacturing-trade-launchpad-in-latin-america,"{""titulo"": ""Panama is not only the beginning : Foreign Minister pitches nation as India premier manufacturing , trade launchpad in Latin America"", ""url"": ""http://www.indiagazette.com/news/279199252/panama-is-not-only-the-beginning-foreign-minister-pitches-nation-as-india-premier-manufacturing-trade-launchpad-in-latin-america"", ""medio"": ""indiagazette.com"", ""idioma"": ""en"", ""fecha_publicacion"": null, ""fecha_deteccion"": ""20260720T170000Z"", ""fecha_extraccion"": ""2026-10-06T18:46:40+00:00"", ""origen"": ""gdelt_doc:logistica"", ""descripcion"": null, ""alcance_texto"": ""titular_metadatos""}"
noticia,url_duplicada,url,http://www.utahindependent.com/news/279199252/panama-is-not-only-the-beginning-foreign-minister-pitches-nation-as-india-premier-manufacturing-trade-launchpad-in-latin-america,"{""titulo"": ""Panama is not only the beginning : Foreign Minister pitches nation as India premier manufacturing , trade launchpad in Latin America"", ""url"": ""http://www.utahindependent.com/news/279199252/panama-is-not-only-the-beginning-foreign-minister-pitches-nation-as-india-premier-manufacturing-trade-launchpad-in-latin-america"", ""medio"": ""utahindependent.com"", ""idioma"": ""en"", ""fecha_publicacion"": null, ""fecha_deteccion"": ""20260720T170000Z"", ""fecha_extraccion"": ""2026-10-06T18:46:40+00:00"", ""origen"": ""gdelt_doc:logistica"", ""descripcion"": null, ""alcance_texto"": ""titular_metadatos""}"
noticia,url_duplicada,url,http://www.northkoreatimes.com/news/279199252/panama-is-not-only-the-beginning-foreign-minister-pitches-nation-as-india-premier-manufacturing-trade-launchpad-in-latin-america,"{""titulo"": ""Panama is not only the beginning : Foreign Minister pitches nation as India premier manufacturing , trade launchpad in Latin America"", ""url"": ""http://www.northkoreatimes.com/news/279199252/panama-is-not-only-the-beginning-foreign-minister-pitches-nation-as-india-premier-manufacturing-trade-launchpad-in-latin-america"", ""medio"": ""northkoreatimes.com"", ""idioma"": ""en"", ""fecha_publicacion"": null, ""fecha_deteccion"": ""20260720T164500Z"", ""fecha_extraccion"": ""2026-10-06T18:46:40+00:00"", ""origen"": ""gdelt_doc:logistica"", ""descripcion"": null, ""alcance_texto"": ""titular_metadatos""}"
noticia,url_duplicada,url,http://www.greekherald.com/news/279199252/panama-is-not-only-the-beginning-foreign-minister-pitches-nation-as-india-premier-manufacturing-trade-launchpad-in-latin-america,"{""titulo"": ""Panama is not only the beginning : Foreign Minister pitches nation as India premier manufacturing , trade launchpad in Latin America"", ""url"": ""http://www.greekherald.com/news/279199252/panama-is-not-only-the-beginning-foreign-minister-pitches-nation-as-india-premier-manufacturing-trade-launchpad-in-latin-america"", ""medio"": ""greekherald.com"", ""idioma"": ""en"", ""fecha_publicacion"": null, ""fecha_deteccion"": ""20260720T191500Z"", ""fecha_extraccion"": ""2026-10-06T18:46:40+00:00"", ""origen"": ""gdelt_doc:logistica"", ""descripcion"": null, ""alcance_texto"": ""titular_metadatos""}"
noticia,url_duplicada,url,http://www.haitisun.com/news/279199252/panama-is-not-only-the-beginning-foreign-minister-pitches-nation-as-india-premier-manufacturing-trade-launchpad-in-latin-america,"{""titulo"": ""Panama is not only the beginning : Foreign Minister pitches nation as India premier manufacturing , trade launchpad in Latin America"", ""url"": ""http://www.haitisun.com/news/279199252/panama-is-not-only-the-beginning-foreign-minister-pitches-nation-as-india-premier-manufacturing-trade-launchpad-in-latin-america"", ""medio"": ""haitisun.com"", ""idioma"": ""en"", ""fecha_publicacion"": null, ""fecha_deteccion"": ""20260720T191500Z"", ""fecha_extraccion"": ""2026-10-06T18:46:40+00:00"", ""origen"": ""gdelt_doc:logistica"", ""descripcion"": null, ""alcance_texto"": ""titular_metadatos""}"
noticia,url_duplicada,url,http://www.southeastasiapost.com/news/279199252/panama-is-not-only-the-beginning-foreign-minister-pitches-nation-as-india-premier-manufacturing-trade-launchpad-in-latin-america,"{""titulo"": ""Panama is not only the beginning : Foreign Minister pitches nation as India premier manufacturing , trade launchpad in Latin America"", ""url"": ""http://www.southeastasiapost.com/news/279199252/panama-is-not-only-the-beginning-foreign-minister-pitches-nation-as-india-premier-manufacturing-trade-launchpad-in-latin-america"", ""medio"": ""southeastasiapost.com"", ""idioma"": ""en"", ""fecha_publicacion"": null, ""fecha_deteccion"": ""20260720T223000Z"", ""fecha_extraccion"": ""2026-10-06T18:46:40+00:00"", ""origen"": ""gdelt_doc:logistica"", ""descripcion"": null, ""alcance_texto"": ""titular_metadatos""}"
noticia,url_duplicada,url,http://www.cincinnatisun.com/news/279199252/panama-is-not-only-the-beginning-foreign-minister-pitches-nation-as-india-premier-manufacturing-trade-launchpad-in-latin-america,"{""titulo"": ""Panama is not only the beginning : Foreign Minister pitches nation as India premier manufacturing , trade launchpad in Latin America"", ""url"": ""http://www.cincinnatisun.com/news/279199252/panama-is-not-only-the-beginning-foreign-minister-pitches-nation-as-india-premier-manufacturing-trade-launchpad-in-latin-america"", ""medio"": ""cincinnatisun.com"", ""idioma"": ""en"", ""fecha_publicacion"": null, ""fecha_deteccion"": ""20260720T210000Z"", ""fecha_extraccion"": ""2026-10-06T18:46:40+00:00"", ""origen"": ""gdelt_doc:logistica"", ""descripcion"": null, ""alcance_texto"": ""titular_metadatos""}"
noticia,url_duplicada,url,http://www.sierraleonetimes.com/news/279199252/panama-is-not-only-the-beginning-foreign-minister-pitches-nation-as-india-premier-manufacturing-trade-launchpad-in-latin-america,"{""titulo"": ""Panama is not only the beginning : Foreign Minister pitches nation as India premier manufacturing , trade launchpad in Latin America"", ""url"": ""http://www.sierraleonetimes.com/news/279199252/panama-is-not-only-the-beginning-foreign-minister-pitches-nation-as-india-premier-manufacturing-trade-launchpad-in-latin-america"", ""medio"": ""sierraleonetimes.com"", ""idioma"": ""en"", ""fecha_publicacion"": null, ""fecha_deteccion"": ""20260720T191500Z"", ""fecha_extraccion"": ""2026-10-06T18:46:40+00:00"", ""origen"": ""gdelt_doc:logistica"", ""descripcion"": null, ""alcance_texto"": ""titular_metadatos""}"
noticia,url_duplicada,url,http://www.srilankasource.com/news/279199252/panama-is-not-only-the-beginning-foreign-minister-pitches-nation-as-india-premier-manufacturing-trade-launchpad-in-latin-america,"{""titulo"": ""Panama is not only the beginning : Foreign Minister pitches nation as India premier manufacturing , trade launchpad in Latin America"", ""url"": ""http://www.srilankasource.com/news/279199252/panama-is-not-only-the-beginning-foreign-minister-pitches-nation-as-india-premier-manufacturing-trade-launchpad-in-latin-america"", ""medio"": ""srilankasource.com"", ""idioma"": ""en"", ""fecha_publicacion"": null, ""fecha_deteccion"": ""20260720T204500Z"", ""fecha_extraccion"": ""2026-10-06T18:46:40+00:00"", ""origen"": ""gdelt_doc:logistica"", ""descripcion"": null, ""alcance_texto"": ""titular_metadatos""}"
noticia,url_duplicada,url,http://www.asiabulletin.com/news/279199252/panama-is-not-only-the-beginning-foreign-minister-pitches-nation-as-india-premier-manufacturing-trade-launchpad-in-latin-america,"{""titulo"": ""Panama is not only the beginning : Foreign Minister pitches nation as India premier manufacturing , trade launchpad in Latin America"", ""url"": ""http://www.asiabulletin.com/news/279199252/panama-is-not-only-the-beginning-foreign-minister-pitches-nation-as-india-premier-manufacturing-trade-launchpad-in-latin-america"", ""medio"": ""asiabulletin.com"", ""idioma"": ""en"", ""fecha_publicacion"": null, ""fecha_deteccion"": ""20260720T204500Z"", ""fecha_extraccion"": ""2026-10-06T18:46:40+00:00"", ""origen"": ""gdelt_doc:logistica"", ""descripcion"": null, ""alcance_texto"": ""titular_metadatos""}"
noticia,url_duplicada,url,http://www.bruneinews.net/news/279199252/panama-is-not-only-the-beginning-foreign-minister-pitches-nation-as-india-premier-manufacturing-trade-launchpad-in-latin-america,"{""titulo"": ""Panama is not only the beginning : Foreign Minister pitches nation as India premier manufacturing , trade launchpad in Latin America"", ""url"": ""http://www.bruneinews.net/news/279199252/panama-is-not-only-the-beginning-foreign-minister-pitches-nation-as-india-premier-manufacturing-trade-launchpad-in-latin-america"", ""medio"": ""bruneinews.net"", ""idioma"": ""en"", ""fecha_publicacion"": null, ""fecha_deteccion"": ""20260720T210000Z"", ""fecha_extraccion"": ""2026-10-06T18:46:40+00:00"", ""origen"": ""gdelt_doc:logistica"", ""descripcion"": null, ""alcance_texto"": ""titular_metadatos""}"
noticia,url_duplicada,url,http://www.bangladeshsun.com/news/279199252/panama-is-not-only-the-beginning-foreign-minister-pitches-nation-as-india-premier-manufacturing-trade-launchpad-in-latin-america,"{""titulo"": ""Panama is not only the beginning : Foreign Minister pitches nation as India premier manufacturing , trade launchpad in Latin America"", ""url"": ""http://www.bangladeshsun.com/news/279199252/panama-is-not-only-the-beginning-foreign-minister-pitches-nation-as-india-premier-manufacturing-trade-launchpad-in-latin-america"", ""medio"": ""bangladeshsun.com"", ""idioma"": ""en"", ""fecha_publicacion"": null, ""fecha_deteccion"": ""20260720T214500Z"", ""fecha_extraccion"": ""2026-10-06T18:46:40+00:00"", ""origen"": ""gdelt_doc:logistica"", ""descripcion"": null, ""alcance_texto"": ""titular_metadatos""}"
noticia,url_duplicada,url,http://www.floridastatesman.com/news/279199252/panama-is-not-only-the-beginning-foreign-minister-pitches-nation-as-india-premier-manufacturing-trade-launchpad-in-latin-america,"{""titulo"": ""Panama is not only the beginning : Foreign Minister pitches nation as India premier manufacturing , trade launchpad in Latin America"", ""url"": ""http://www.floridastatesman.com/news/279199252/panama-is-not-only-the-beginning-foreign-minister-pitches-nation-as-india-premier-manufacturing-trade-launchpad-in-latin-america"", ""medio"": ""floridastatesman.com"", ""idioma"": ""en"", ""fecha_publicacion"": null, ""fecha_deteccion"": ""20260720T171500Z"", ""fecha_extraccion"": ""2026-10-06T18:46:40+00:00"", ""origen"": ""gdelt_doc:logistica"", ""descripcion"": null, ""alcance_texto"": ""titular_metadatos""}"
noticia,url_duplicada,url,http://www.texasguardian.com/news/279199252/panama-is-not-only-the-beginning-foreign-minister-pitches-nation-as-india-premier-manufacturing-trade-launchpad-in-latin-america,"{""titulo"": ""Panama is not only the beginning : Foreign Minister pitches nation as India premier manufacturing , trade launchpad in Latin America"", ""url"": ""http://www.texasguardian.com/news/279199252/panama-is-not-only-the-beginning-foreign-minister-pitches-nation-as-india-premier-manufacturing-trade-launchpad-in-latin-america"", ""medio"": ""texasguardian.com"", ""idioma"": ""en"", ""fecha_publicacion"": null, ""fecha_deteccion"": ""20260720T174500Z"", ""fecha_extraccion"": ""2026-10-06T18:46:40+00:00"", ""origen"": ""gdelt_doc:logistica"", ""descripcion"": null, ""alcance_texto"": ""titular_metadatos""}"
noticia,url_duplicada,url,http://www.mainemirror.com/news/279199252/panama-is-not-only-the-beginning-foreign-minister-pitches-nation-as-india-premier-manufacturing-trade-launchpad-in-latin-america,"{""titulo"": ""Panama is not only the beginning : Foreign Minister pitches nation as India premier manufacturing , trade launchpad in Latin America"", ""url"": ""http://www.mainemirror.com/news/279199252/panama-is-not-only-the-beginning-foreign-minister-pitches-nation-as-india-premier-manufacturing-trade-launchpad-in-latin-america"", ""medio"": ""mainemirror.com"", ""idioma"": ""en"", ""fecha_publicacion"": null, ""fecha_deteccion"": ""20260720T174500Z"", ""fecha_extraccion"": ""2026-10-06T18:46:40+00:00"", ""origen"": ""gdelt_doc:logistica"", ""descripcion"": null, ""alcance_texto"": ""titular_metadatos""}"
noticia,url_duplicada,url,http://www.thailandnews.net/news/279199252/panama-is-not-only-the-beginning-foreign-minister-pitches-nation-as-india-premier-manufacturing-trade-launchpad-in-latin-america,"{""titulo"": ""Panama is not only the beginning : Foreign Minister pitches nation as India premier manufacturing , trade launchpad in Latin America"", ""url"": ""http://www.thailandnews.net/news/279199252/panama-is-not-only-the-beginning-foreign-minister-pitches-nation-as-india-premier-manufacturing-trade-launchpad-in-latin-america"", ""medio"": ""thailandnews.net"", ""idioma"": ""en"", ""fecha_publicacion"": null, ""fecha_deteccion"": ""20260720T171500Z"", ""fecha_extraccion"": ""2026-10-06T18:46:40+00:00"", ""origen"": ""gdelt_doc:logistica"", ""descripcion"": null, ""alcance_texto"": ""titular_metadatos""}"
noticia,url_duplicada,url,http://www.newzealandstar.com/news/279199252/panama-is-not-only-the-beginning-foreign-minister-pitches-nation-as-india-premier-manufacturing-trade-launchpad-in-latin-america,"{""titulo"": ""Panama is not only the beginning : Foreign Minister pitches nation as India premier manufacturing , trade launchpad in Latin America"", ""url"": ""http://www.newzealandstar.com/news/279199252/panama-is-not-only-the-beginning-foreign-minister-pitches-nation-as-india-premier-manufacturing-trade-launchpad-in-latin-america"", ""medio"": ""newzealandstar.com"", ""idioma"": ""en"", ""fecha_publicacion"": null, ""fecha_deteccion"": ""20260720T171500Z"", ""fecha_extraccion"": ""2026-10-06T18:46:40+00:00"", ""origen"": ""gdelt_doc:logistica"", ""descripcion"": null, ""alcance_texto"": ""titular_metadatos""}"
noticia,url_duplicada,url,http://www.trinidadtimes.com/news/279199252/panama-is-not-only-the-beginning-foreign-minister-pitches-nation-as-india-premier-manufacturing-trade-launchpad-in-latin-america,"{""titulo"": ""Panama is not only the beginning : Foreign Minister pitches nation as India premier manufacturing , trade launchpad in Latin America"", ""url"": ""http://www.trinidadtimes.com/news/279199252/panama-is-not-only-the-beginning-foreign-minister-pitches-nation-as-india-premier-manufacturing-trade-launchpad-in-latin-america"", ""medio"": ""trinidadtimes.com"", ""idioma"": ""en"", ""fecha_publicacion"": null, ""fecha_deteccion"": ""20260720T201500Z"", ""fecha_extraccion"": ""2026-10-06T18:46:40+00:00"", ""origen"": ""gdelt_doc:logistica"", ""descripcion"": null, ""alcance_texto"": ""titular_metadatos""}"
noticia,url_duplicada,url,http://www.russiaherald.com/news/279199252/panama-is-not-only-the-beginning-foreign-minister-pitches-nation-as-india-premier-manufacturing-trade-launchpad-in-latin-america,"{""titulo"": ""Panama is not only the beginning : Foreign Minister pitches nation as India premier manufacturing , trade launchpad in Latin America"", ""url"": ""http://www.russiaherald.com/news/279199252/panama-is-not-only-the-beginning-foreign-minister-pitches-nation-as-india-premier-manufacturing-trade-launchpad-in-latin-america"", ""medio"": ""russiaherald.com"", ""idioma"": ""en"", ""fecha_publicacion"": null, ""fecha_deteccion"": ""20260720T191500Z"", ""fecha_extraccion"": ""2026-10-06T18:46:40+00:00"", ""origen"": ""gdelt_doc:logistica"", ""descripcion"": null, ""alcance_texto"": ""titular_metadatos""}"
noticia,url_duplicada,url,http://www.argentinastar.com/news/279199252/panama-is-not-only-the-beginning-foreign-minister-pitches-nation-as-india-premier-manufacturing-trade-launchpad-in-latin-america,"{""titulo"": ""Panama is not only the beginning : Foreign Minister pitches nation as India premier manufacturing , trade launchpad in Latin America"", ""url"": ""http://www.argentinastar.com/news/279199252/panama-is-not-only-the-beginning-foreign-minister-pitches-nation-as-india-premier-manufacturing-trade-launchpad-in-latin-america"", ""medio"": ""argentinastar.com"", ""idioma"": ""en"", ""fecha_publicacion"": null, ""fecha_deteccion"": ""20260720T191500Z"", ""fecha_extraccion"": ""2026-10-06T18:46:40+00:00"", ""origen"": ""gdelt_doc:logistica"", ""descripcion"": null, ""alcance_texto"": ""titular_metadatos""}"
noticia,url_duplicada,url,http://www.laosnews.net/news/279199252/panama-is-not-only-the-beginning-foreign-minister-pitches-nation-as-india-premier-manufacturing-trade-launchpad-in-latin-america,"{""titulo"": ""Panama is not only the beginning : Foreign Minister pitches nation as India premier manufacturing , trade launchpad in Latin America"", ""url"": ""http://www.laosnews.net/news/279199252/panama-is-not-only-the-beginning-foreign-minister-pitches-nation-as-india-premier-manufacturing-trade-launchpad-in-latin-america"", ""medio"": ""laosnews.net"", ""idioma"": ""en"", ""fecha_publicacion"": null, ""fecha_deteccion"": ""20260720T191500Z"", ""fecha_extraccion"": ""2026-10-06T18:46:40+00:00"", ""origen"": ""gdelt_doc:logistica"", ""descripcion"": null, ""alcance_texto"": ""titular_metadatos""}"
noticia,url_duplicada,url,http://www.heraldglobe.com/news/279199252/panama-is-not-only-the-beginning-foreign-minister-pitches-nation-as-india-premier-manufacturing-trade-launchpad-in-latin-america,"{""titulo"": ""Panama is not only the beginning : Foreign Minister pitches nation as India premier manufacturing , trade launchpad in Latin America"", ""url"": ""http://www.heraldglobe.com/news/279199252/panama-is-not-only-the-beginning-foreign-minister-pitches-nation-as-india-premier-manufacturing-trade-launchpad-in-latin-america"", ""medio"": ""heraldglobe.com"", ""idioma"": ""en"", ""fecha_publicacion"": null, ""fecha_deteccion"": ""20260720T191500Z"", ""fecha_extraccion"": ""2026-10-06T18:46:40+00:00"", ""origen"": ""gdelt_doc:logistica"", ""descripcion"": null, ""alcance_texto"": ""titular_metadatos""}"
noticia,url_duplicada,url,http://www.nigeriasun.com/news/279199252/panama-is-not-only-the-beginning-foreign-minister-pitches-nation-as-india-premier-manufacturing-trade-launchpad-in-latin-america,"{""titulo"": ""Panama is not only the beginning : Foreign Minister pitches nation as India premier manufacturing , trade launchpad in Latin America"", ""url"": ""http://www.nigeriasun.com/news/279199252/panama-is-not-only-the-beginning-foreign-minister-pitches-nation-as-india-premier-manufacturing-trade-launchpad-in-latin-america"", ""medio"": ""nigeriasun.com"", ""idioma"": ""en"", ""fecha_publicacion"": null, ""fecha_deteccion"": ""20260720T193000Z"", ""fecha_extraccion"": ""2026-10-06T18:46:40+00:00"", ""origen"": ""gdelt_doc:logistica"", ""descripcion"": null, ""alcance_texto"": ""titular_metadatos""}"
noticia,url_duplicada,url,https://www.critica.com.pa/nacional/panama-busca-nueva-alianza-con-india-basada-en-tecnologia-comercio-y-canal-513101,"{""titulo"": ""Panamá busca nueva alianza con India basada en tecnología , comercio y Canal"", ""url"": ""https://www.critica.com.pa/nacional/panama-busca-nueva-alianza-con-india-basada-en-tecnologia-comercio-y-canal-513101"", ""medio"": ""critica.com.pa"", ""idioma"": ""es"", ""fecha_publicacion"": null, ""fecha_deteccion"": ""20260719T173000Z"", ""fecha_extraccion"": ""2026-10-06T18:46:40+00:00"", ""origen"": ""gdelt_doc:logistica"", ""descripcion"": null, ""alcance_texto"": ""titular_metadatos""}"
noticia,url_duplicada,url,https://www.eleconomista.com.mx/politica/sheinbaum-recibe-palacio-nacional-jose-raul-mulino-fortalecer-relacion-mexico-panama-20260715-823375.html,"{""titulo"": ""Sheinbaum recibe en Palacio Nacional a José Raúl Mulino para fortalecer la relación México - Panamá"", ""url"": ""https://www.eleconomista.com.mx/politica/sheinbaum-recibe-palacio-nacional-jose-raul-mulino-fortalecer-relacion-mexico-panama-20260715-823375.html"", ""medio"": ""eleconomista.com.mx"", ""idioma"": ""es"", ""fecha_publicacion"": null, ""fecha_deteccion"": ""20260715T203000Z"", ""fecha_extraccion"": ""2026-10-06T18:46:40+00:00"", ""origen"": ""gdelt_doc:logistica"", ""descripcion"": null, ""alcance_texto"": ""titular_metadatos""}"
noticia,url_duplicada,url,https://news.ifeng.com/c/8uoBHng80aR,"{""titulo"": ""巴拿马左脚到大陆求和 ， 右脚到台湾求接盘 ？"", ""url"": ""https://news.ifeng.com/c/8uoBHng80aR"", ""medio"": ""news.ifeng.com"", ""idioma"": ""chinese"", ""fecha_publicacion"": null, ""fecha_deteccion"": ""20260716T084500Z"", ""fecha_extraccion"": ""2026-10-06T18:46:40+00:00"", ""origen"": ""gdelt_doc:logistica"", ""descripcion"": null, ""alcance_texto"": ""titular_metadatos""}"
noticia,url_duplicada,url,https://newsroompanama.com/2026/07/21/how-did-the-purchase-of-canal-land-by-the-us-for-10-million-help-the-panamanian-treasury/,"{""titulo"": ""How Did the Purchase of Canal Land By the US for $10 Million , Help the Panamanian Treasury ?"", ""url"": ""https://newsroompanama.com/2026/07/21/how-did-the-purchase-of-canal-land-by-the-us-for-10-million-help-the-panamanian-treasury/"", ""medio"": ""newsroompanama.com"", ""idioma"": ""en"", ""fecha_publicacion"": null, ""fecha_deteccion"": ""20260721T230000Z"", ""fecha_extraccion"": ""2026-10-06T18:46:40+00:00"", ""origen"": ""gdelt_doc:logistica"", ""descripcion"": null, ""alcance_texto"": ""titular_metadatos""}"
noticia,url_duplicada,url,https://foco.lanacion.com.py/destacado-foco/2026/07/16/el-clima-y-la-guerra-desafian-al-comercio-mundial-mientras-paraguay-conecta-una-nueva-ruta/,"{""titulo"": ""El clima y la guerra desafían al comercio mundial mientras Paraguay conecta una nueva ruta"", ""url"": ""https://foco.lanacion.com.py/destacado-foco/2026/07/16/el-clima-y-la-guerra-desafian-al-comercio-mundial-mientras-paraguay-conecta-una-nueva-ruta/"", ""medio"": ""foco.lanacion.com.py"", ""idioma"": ""es"", ""fecha_publicacion"": null, ""fecha_deteccion"": ""20260716T120000Z"", ""fecha_extraccion"": ""2026-10-06T18:46:40+00:00"", ""origen"": ""gdelt_doc:logistica"", ""descripcion"": null, ""alcance_texto"": ""titular_metadatos""}"
noticia,url_duplicada,url,https://ec.ltn.com.tw/article/breakingnews/5501118,"{""titulo"": ""斷交9年為何一直來 ？ 巴拿馬議員頻訪台 背後藏台灣經濟實力密碼"", ""url"": ""https://ec.ltn.com.tw/article/breakingnews/5501118"", ""medio"": ""ec.ltn.com.tw"", ""idioma"": ""chinese"", ""fecha_publicacion"": null, ""fecha_deteccion"": ""20260710T131500Z"", ""fecha_extraccion"": ""2026-10-06T18:46:40+00:00"", ""origen"": ""gdelt_doc:logistica"", ""descripcion"": null, ""alcance_texto"": ""titular_metadatos""}"
noticia,url_duplicada,url,https://www.critica.com.pa/nacional/panama-no-renueva-contrato-con-fitch-ratings-para-ahorrar-costos-513242,"{""titulo"": ""Panamá no renueva contrato con Fitch Ratings para ahorrar costos"", ""url"": ""https://www.critica.com.pa/nacional/panama-no-renueva-contrato-con-fitch-ratings-para-ahorrar-costos-513242"", ""medio"": ""critica.com.pa"", ""idioma"": ""es"", ""fecha_publicacion"": null, ""fecha_deteccion"": ""20260722T001500Z"", ""fecha_extraccion"": ""2026-10-06T18:46:40+00:00"", ""origen"": ""gdelt_doc:logistica"", ""descripcion"": null, ""alcance_texto"": ""titular_metadatos""}"
noticia,url_duplicada,url,https://www.miragenews.com/switzerland-joins-panama-canal-neutrality-1713947/,"{""titulo"": ""Switzerland Joins Panama Canal Neutrality Protocol"", ""url"": ""https://www.miragenews.com/switzerland-joins-panama-canal-neutrality-1713947/"", ""medio"": ""miragenews.com"", ""idioma"": ""en"", ""fecha_publicacion"": null, ""fecha_deteccion"": ""20260721T221500Z"", ""fecha_extraccion"": ""2026-10-06T18:46:40+00:00"", ""origen"": ""gdelt_doc:logistica"", ""descripcion"": null, ""alcance_texto"": ""titular_metadatos""}"
noticia,url_duplicada,url,https://www.panamaamerica.com.pa/economia/la-paradoja-de-panama-la-economia-crece-en-el-papel-pero-la-crisis-laboral-y-la-venta-de,"{""titulo"": ""La paradoja de Panamá : la economía crece en el papel , pero la crisis laboral y la venta de viviendas se estancan"", ""url"": ""https://www.panamaamerica.com.pa/economia/la-paradoja-de-panama-la-economia-crece-en-el-papel-pero-la-crisis-laboral-y-la-venta-de"", ""medio"": ""panamaamerica.com.pa"", ""idioma"": ""es"", ""fecha_publicacion"": null, ""fecha_deteccion"": ""20260716T030000Z"", ""fecha_extraccion"": ""2026-10-06T18:46:40+00:00"", ""origen"": ""gdelt_doc:logistica"", ""descripcion"": null, ""alcance_texto"": ""titular_metadatos""}"
noticia,url_duplicada,url,https://www.revistaeyn.com/centroamericaymundo/reunion-sheinbaum-y-mulino-economia-y-neutralidad-de-canal-de-panama-seran-temas-AH31412255,"{""titulo"": ""Reunión Sheinbaum y Mulino : Economía y neutralidad de Canal de Panamá serán temas"", ""url"": ""https://www.revistaeyn.com/centroamericaymundo/reunion-sheinbaum-y-mulino-economia-y-neutralidad-de-canal-de-panama-seran-temas-AH31412255"", ""medio"": ""revistaeyn.com"", ""idioma"": ""es"", ""fecha_publicacion"": null, ""fecha_deteccion"": ""20260715T210000Z"", ""fecha_extraccion"": ""2026-10-06T18:46:40+00:00"", ""origen"": ""gdelt_doc:logistica"", ""descripcion"": null, ""alcance_texto"": ""titular_metadatos""}"
noticia,url_duplicada,url,https://www.lajornadadeoriente.com.mx/noticias/nacional/sheinbaum-le-manifiesta-a-mulino-respaldo-a-tratado-de-neutralidad-permanente-del-canal-de-panama/,"{""titulo"": ""Sheinbaum le manifiesta a Mulino respaldo a tratado de neutralidad permanente del Canal de Panamá"", ""url"": ""https://www.lajornadadeoriente.com.mx/noticias/nacional/sheinbaum-le-manifiesta-a-mulino-respaldo-a-tratado-de-neutralidad-permanente-del-canal-de-panama/"", ""medio"": ""lajornadadeoriente.com.mx"", ""idioma"": ""es"", ""fecha_publicacion"": null, ""fecha_deteccion"": ""20260716T024500Z"", ""fecha_extraccion"": ""2026-10-06T18:46:40+00:00"", ""origen"": ""gdelt_doc:logistica"", ""descripcion"": null, ""alcance_texto"": ""titular_metadatos""}"
noticia,url_duplicada,url,https://www.panamaamerica.com.pa/economia/fitch-ratings-proyecta-que-la-reapertura-de-cobre-panama-podria-sumar-hasta-un-2-al,"{""titulo"": ""Fitch Ratings proyecta que la reapertura de Cobre Panamá podría sumar hasta un 2 % al crecimiento del PIB"", ""url"": ""https://www.panamaamerica.com.pa/economia/fitch-ratings-proyecta-que-la-reapertura-de-cobre-panama-podria-sumar-hasta-un-2-al"", ""medio"": ""panamaamerica.com.pa"", ""idioma"": ""es"", ""fecha_publicacion"": null, ""fecha_deteccion"": ""20260722T053000Z"", ""fecha_extraccion"": ""2026-10-06T18:46:40+00:00"", ""origen"": ""gdelt_doc:logistica"", ""descripcion"": null, ""alcance_texto"": ""titular_metadatos""}"
noticia,url_duplicada,url,https://www.bhaskar.com/career/news/india-panama-maritime-security-iasv-triveni-current-affairs-2026-138521246.html,"{""titulo"": ""India Panama Maritime Security Cooperation | IASV Triveni Return Update"", ""url"": ""https://www.bhaskar.com/career/news/india-panama-maritime-security-iasv-triveni-current-affairs-2026-138521246.html"", ""medio"": ""bhaskar.com"", ""idioma"": ""hindi"", ""fecha_publicacion"": null, ""fecha_deteccion"": ""20260724T013000Z"", ""fecha_extraccion"": ""2026-10-06T18:46:40+00:00"", ""origen"": ""gdelt_doc:logistica"", ""descripcion"": null, ""alcance_texto"": ""titular_metadatos""}"
noticia,url_duplicada,url,https://www.setn.com/news/1870888,"{""titulo"": ""頂住中國施壓 ！ 巴拿馬1年3度派團訪台 林佳龍揭密驚人台巴經貿 | 政治 | 三立新聞網 SETN . COM"", ""url"": ""https://www.setn.com/news/1870888"", ""medio"": ""setn.com"", ""idioma"": ""chinese"", ""fecha_publicacion"": null, ""fecha_deteccion"": ""20260711T100000Z"", ""fecha_extraccion"": ""2026-10-06T18:46:40+00:00"", ""origen"": ""gdelt_doc:logistica"", ""descripcion"": null, ""alcance_texto"": ""titular_metadatos""}"
noticia,url_duplicada,url,https://gestion.pe/mundo/internacional/el-disneyland-del-contrabando-esta-en-panama-y-piden-medidas-energicas-para-acabarlo-noticia/,"{""titulo"": ""El Disneyland del contrabando está en Panamá y piden medidas enérgicas para acabarlo | MUNDO"", ""url"": ""https://gestion.pe/mundo/internacional/el-disneyland-del-contrabando-esta-en-panama-y-piden-medidas-energicas-para-acabarlo-noticia/"", ""medio"": ""gestion.pe"", ""idioma"": ""es"", ""fecha_publicacion"": null, ""fecha_deteccion"": ""20260711T014500Z"", ""fecha_extraccion"": ""2026-10-06T18:46:40+00:00"", ""origen"": ""gdelt_doc:logistica"", ""descripcion"": null, ""alcance_texto"": ""titular_metadatos""}"
noticia,url_duplicada,url,https://www.renminbao.com/rmb/articles/2026/7/11/95858.html,"{""titulo"": ""美批中共藉海权扩张施压全球 警告威胁国际安全"", ""url"": ""https://www.renminbao.com/rmb/articles/2026/7/11/95858.html"", ""medio"": ""renminbao.com"", ""idioma"": ""chinese"", ""fecha_publicacion"": null, ""fecha_deteccion"": ""20260711T063000Z"", ""fecha_extraccion"": ""2026-10-06T18:46:40+00:00"", ""origen"": ""gdelt_doc:logistica"", ""descripcion"": null, ""alcance_texto"": ""titular_metadatos""}"
noticia,url_duplicada,url,https://www.prensa.com/economia/movimiento-de-pasajeros-de-cruceros-crecio-156-y-supera-los-460-mil-visitantes-entre-enero-y-mayo/,"{""titulo"": ""Movimiento de pasajeros de cruceros creció 15 . 6 % y supera los 460 mil visitantes entre enero y mayo"", ""url"": ""https://www.prensa.com/economia/movimiento-de-pasajeros-de-cruceros-crecio-156-y-supera-los-460-mil-visitantes-entre-enero-y-mayo/"", ""medio"": ""prensa.com"", ""idioma"": ""es"", ""fecha_publicacion"": null, ""fecha_deteccion"": ""20260722T134500Z"", ""fecha_extraccion"": ""2026-10-06T18:46:40+00:00"", ""origen"": ""gdelt_doc:logistica"", ""descripcion"": null, ""alcance_texto"": ""titular_metadatos""}"
noticia,url_duplicada,url,https://www.epochtimes.com/gb/26/7/22/n14815269.htm,"{""titulo"": ""王友群 ： 美国正在美洲清除中共影响力"", ""url"": ""https://www.epochtimes.com/gb/26/7/22/n14815269.htm"", ""medio"": ""epochtimes.com"", ""idioma"": ""chinese"", ""fecha_publicacion"": null, ""fecha_deteccion"": ""20260723T211500Z"", ""fecha_extraccion"": ""2026-10-06T18:46:40+00:00"", ""origen"": ""gdelt_doc:logistica"", ""descripcion"": null, ""alcance_texto"": ""titular_metadatos""}"
noticia,url_duplicada,url,https://www.prensa.com/opinion/el-agua-como-eje-del-desarrollo-territorial-de-panama/,"{""titulo"": ""El agua como eje del desarrollo territorial de Panamá"", ""url"": ""https://www.prensa.com/opinion/el-agua-como-eje-del-desarrollo-territorial-de-panama/"", ""medio"": ""prensa.com"", ""idioma"": ""es"", ""fecha_publicacion"": null, ""fecha_deteccion"": ""20260718T094500Z"", ""fecha_extraccion"": ""2026-10-06T18:46:40+00:00"", ""origen"": ""gdelt_doc:logistica"", ""descripcion"": null, ""alcance_texto"": ""titular_metadatos""}"
noticia,url_duplicada,url,https://www.insurancebusinessmag.com/us/news/breaking-news/supply-chain-operators-should-prepare-for-super-el-nino-tt-club-warns-582230.aspx,"{""titulo"": ""Supply chain operators should prepare for super El Niño , TT Club warns"", ""url"": ""https://www.insurancebusinessmag.com/us/news/breaking-news/supply-chain-operators-should-prepare-for-super-el-nino-tt-club-warns-582230.aspx"", ""medio"": ""insurancebusinessmag.com"", ""idioma"": ""en"", ""fecha_publicacion"": null, ""fecha_deteccion"": ""20260714T034500Z"", ""fecha_extraccion"": ""2026-10-06T18:46:40+00:00"", ""origen"": ""gdelt_doc:logistica"", ""descripcion"": null, ""alcance_texto"": ""titular_metadatos""}"
noticia,url_duplicada,url,https://www.panamaamerica.com.pa/economia/la-actividad-economica-de-panama-acelera-su-ritmo-registra-crecimiento-del-519-interanual,"{""titulo"": ""La actividad económica de Panamá acelera su ritmo : registra crecimiento del 5 . 19 % interanual en mayo"", ""url"": ""https://www.panamaamerica.com.pa/economia/la-actividad-economica-de-panama-acelera-su-ritmo-registra-crecimiento-del-519-interanual"", ""medio"": ""panamaamerica.com.pa"", ""idioma"": ""es"", ""fecha_publicacion"": null, ""fecha_deteccion"": ""20260716T224500Z"", ""fecha_extraccion"": ""2026-10-06T18:46:40+00:00"", ""origen"": ""gdelt_doc:logistica"", ""descripcion"": null, ""alcance_texto"": ""titular_metadatos""}"
noticia,url_duplicada,url,https://www.prensa.com/economia/coel-pide-acelerar-estrategia-logistica-ante-congestion-portuaria-y-retos-de-conectividad/,"{""titulo"": ""COEL pide acelerar estrategia logística ante congestión portuaria y retos de conectividad"", ""url"": ""https://www.prensa.com/economia/coel-pide-acelerar-estrategia-logistica-ante-congestion-portuaria-y-retos-de-conectividad/"", ""medio"": ""prensa.com"", ""idioma"": ""es"", ""fecha_publicacion"": null, ""fecha_deteccion"": ""20260709T164500Z"", ""fecha_extraccion"": ""2026-10-06T18:46:40+00:00"", ""origen"": ""gdelt_doc:logistica"", ""descripcion"": null, ""alcance_texto"": ""titular_metadatos""}"
noticia,url_duplicada,url,https://arabic.euronews.com/business/2026/07/17/blackrock-tops-15tn-where-does-the-worlds-largest-asset-manager-put-it-all,"{""titulo"": ""بلاك روك تتجاوز أصولها بقيمة 15 تريليون دولار : أين يستثمر أكبر مدير أصول في العالم ؟"", ""url"": ""https://arabic.euronews.com/business/2026/07/17/blackrock-tops-15tn-where-does-the-worlds-largest-asset-manager-put-it-all"", ""medio"": ""arabic.euronews.com"", ""idioma"": ""arabic"", ""fecha_publicacion"": null, ""fecha_deteccion"": ""20260717T181500Z"", ""fecha_extraccion"": ""2026-10-06T18:46:40+00:00"", ""origen"": ""gdelt_doc:logistica"", ""descripcion"": null, ""alcance_texto"": ""titular_metadatos""}"
noticia,url_duplicada,url,https://udn.com/news/story/6811/9626779,"{""titulo"": ""全球海峽收費一次看 ！ 台灣海峽身價曝光 唯一收費天然航道在土耳其 | 中東戰火連綿 | 全球"", ""url"": ""https://udn.com/news/story/6811/9626779"", ""medio"": ""udn.com"", ""idioma"": ""chinese"", ""fecha_publicacion"": null, ""fecha_deteccion"": ""20260714T054500Z"", ""fecha_extraccion"": ""2026-10-06T18:46:40+00:00"", ""origen"": ""gdelt_doc:logistica"", ""descripcion"": null, ""alcance_texto"": ""titular_metadatos""}"
noticia,url_duplicada,url,https://mire.gob.pa/encuentro-mulino-sheinbaum-se-centro-en-la-neutralidad-del-canal-integracion-regional-comercio-inversiones-y-cooperacion/,"{""titulo"": ""Encuentro Mulino - Sheinbaum se centró en la Neutralidad del Canal , integración regional , comercio , inversiones y cooperación – Ministerio de Relaciones exteriores"", ""url"": ""https://mire.gob.pa/encuentro-mulino-sheinbaum-se-centro-en-la-neutralidad-del-canal-integracion-regional-comercio-inversiones-y-cooperacion/"", ""medio"": ""mire.gob.pa"", ""idioma"": ""es"", ""fecha_publicacion"": null, ""fecha_deteccion"": ""20260716T230000Z"", ""fecha_extraccion"": ""2026-10-06T18:46:40+00:00"", ""origen"": ""gdelt_doc:logistica"", ""descripcion"": null, ""alcance_texto"": ""titular_metadatos""}"
noticia,url_duplicada,url,https://baijiahao.baidu.com/s?id=1872403098534183096,"{""titulo"": ""巴拿马运河 缺水 ， 咋办 ？"", ""url"": ""https://baijiahao.baidu.com/s?id=1872403098534183096"", ""medio"": ""baijiahao.baidu.com"", ""idioma"": ""chinese"", ""fecha_publicacion"": null, ""fecha_deteccion"": ""20260803T080000Z"", ""fecha_extraccion"": ""2026-10-06T18:46:40+00:00"", ""origen"": ""gdelt_doc:logistica"", ""descripcion"": null, ""alcance_texto"": ""titular_metadatos""}"
noticia,url_duplicada,url,https://baijiahao.baidu.com/s?id=1872402960691191975,"{""titulo"": ""巴拿马运河 缺水 ， 咋办 ？"", ""url"": ""https://baijiahao.baidu.com/s?id=1872402960691191975"", ""medio"": ""baijiahao.baidu.com"", ""idioma"": ""chinese"", ""fecha_publicacion"": null, ""fecha_deteccion"": ""20260802T100000Z"", ""fecha_extraccion"": ""2026-10-06T18:46:40+00:00"", ""origen"": ""gdelt_doc:logistica"", ""descripcion"": null, ""alcance_texto"": ""titular_metadatos""}"
noticia,url_duplicada,url,http://www.cfi.net.cn/p20260802000104.html,"{""titulo"": ""巴拿马运河 缺水 影响几何 - CFi . CN 中财网"", ""url"": ""http://www.cfi.net.cn/p20260802000104.html"", ""medio"": ""cfi.net.cn"", ""idioma"": ""chinese"", ""fecha_publicacion"": null, ""fecha_deteccion"": ""20260802T081500Z"", ""fecha_extraccion"": ""2026-10-06T18:46:40+00:00"", ""origen"": ""gdelt_doc:logistica"", ""descripcion"": null, ""alcance_texto"": ""titular_metadatos""}"
noticia,url_duplicada,url,http://news.china.com.cn/2026-08/02/content_118629928.shtml,"{""titulo"": ""巴拿马运河 缺水 影响几何 _ 中国网"", ""url"": ""http://news.china.com.cn/2026-08/02/content_118629928.shtml"", ""medio"": ""news.china.com.cn"", ""idioma"": ""chinese"", ""fecha_publicacion"": null, ""fecha_deteccion"": ""20260802T083000Z"", ""fecha_extraccion"": ""2026-10-06T18:46:40+00:00"", ""origen"": ""gdelt_doc:logistica"", ""descripcion"": null, ""alcance_texto"": ""titular_metadatos""}"
noticia,url_duplicada,url,https://finance.sina.com.cn/tech/roll/2026-08-03/doc-inikyarf6475797.shtml,"{""titulo"": ""巴拿马运河 缺水 影响几何 _ 新浪科技 _ 新浪网"", ""url"": ""https://finance.sina.com.cn/tech/roll/2026-08-03/doc-inikyarf6475797.shtml"", ""medio"": ""finance.sina.com.cn"", ""idioma"": ""chinese"", ""fecha_publicacion"": null, ""fecha_deteccion"": ""20260802T180000Z"", ""fecha_extraccion"": ""2026-10-06T18:46:40+00:00"", ""origen"": ""gdelt_doc:logistica"", ""descripcion"": null, ""alcance_texto"": ""titular_metadatos""}"
noticia,url_duplicada,url,https://www.prensa.com/economia/sudamerica-y-el-canal-de-panama-lideran-las-rutas-de-cruceros/,"{""titulo"": ""Sudamérica y el Canal de Panamá lideran las rutas de cruceros"", ""url"": ""https://www.prensa.com/economia/sudamerica-y-el-canal-de-panama-lideran-las-rutas-de-cruceros/"", ""medio"": ""prensa.com"", ""idioma"": ""es"", ""fecha_publicacion"": null, ""fecha_deteccion"": ""20260803T073000Z"", ""fecha_extraccion"": ""2026-10-06T18:46:40+00:00"", ""origen"": ""gdelt_doc:logistica"", ""descripcion"": null, ""alcance_texto"": ""titular_metadatos""}"
noticia,url_duplicada,url,https://news.webindia123.com/news/Articles/World/20260807/4484183.html,"{""titulo"": ""Indian Ambassador Sumit Seth bids farewell to Panama President Jose Raul Mulino , discusses scholarships , development projects and bilateral ties"", ""url"": ""https://news.webindia123.com/news/Articles/World/20260807/4484183.html"", ""medio"": ""news.webindia123.com"", ""idioma"": ""en"", ""fecha_publicacion"": null, ""fecha_deteccion"": ""20260806T223000Z"", ""fecha_extraccion"": ""2026-10-06T18:46:40+00:00"", ""origen"": ""gdelt_doc:logistica"", ""descripcion"": null, ""alcance_texto"": ""titular_metadatos""}"
noticia,url_duplicada,url,https://www.prensa.com/politica/comienzan-en-panama-ejercicios-militares-con-21-paises-y-la-mira-puesta-en-el-canal/,"{""titulo"": ""Comienzan en Panamá ejercicios militares con 21 países y la mira puesta en el Canal"", ""url"": ""https://www.prensa.com/politica/comienzan-en-panama-ejercicios-militares-con-21-paises-y-la-mira-puesta-en-el-canal/"", ""medio"": ""prensa.com"", ""idioma"": ""es"", ""fecha_publicacion"": null, ""fecha_deteccion"": ""20260803T213000Z"", ""fecha_extraccion"": ""2026-10-06T18:46:40+00:00"", ""origen"": ""gdelt_doc:logistica"", ""descripcion"": null, ""alcance_texto"": ""titular_metadatos""}"
noticia,url_duplicada,url,https://www.newkerala.com/news/a/indian-ambassador-sumit-seth-bids-farewell-panama-president-444.htm,"{""titulo"": ""India - Panama Ties Strengthen as Envoy Seth Bids Farewell"", ""url"": ""https://www.newkerala.com/news/a/indian-ambassador-sumit-seth-bids-farewell-panama-president-444.htm"", ""medio"": ""newkerala.com"", ""idioma"": ""en"", ""fecha_publicacion"": null, ""fecha_deteccion"": ""20260806T201500Z"", ""fecha_extraccion"": ""2026-10-06T18:46:40+00:00"", ""origen"": ""gdelt_doc:logistica"", ""descripcion"": null, ""alcance_texto"": ""titular_metadatos""}"
noticia,url_duplicada,url,https://www.freemalaysiatoday.com/category/business/2026/07/24/panama-says-fewer-ships-detained-in-chinese-ports-after-agreement,"{""titulo"": ""Panama says fewer ships detained in Chinese ports after agreement"", ""url"": ""https://www.freemalaysiatoday.com/category/business/2026/07/24/panama-says-fewer-ships-detained-in-chinese-ports-after-agreement"", ""medio"": ""freemalaysiatoday.com"", ""idioma"": ""en"", ""fecha_publicacion"": null, ""fecha_deteccion"": ""20260724T074500Z"", ""fecha_extraccion"": ""2026-10-06T18:46:40+00:00"", ""origen"": ""gdelt_doc:logistica"", ""descripcion"": null, ""alcance_texto"": ""titular_metadatos""}"
noticia,url_duplicada,url,https://www.hsbnoticias.com/comercio-maritimo-global-canal-panama-ajusta-calados-diarios-aumento-embalses/,"{""titulo"": ""Comercio Marítimo Global : Mejoran las condiciones del Canal de Panamá y aumentan los tránsitos diarios de buques"", ""url"": ""https://www.hsbnoticias.com/comercio-maritimo-global-canal-panama-ajusta-calados-diarios-aumento-embalses/"", ""medio"": ""hsbnoticias.com"", ""idioma"": ""es"", ""fecha_publicacion"": null, ""fecha_deteccion"": ""20260804T173000Z"", ""fecha_extraccion"": ""2026-10-06T18:46:40+00:00"", ""origen"": ""gdelt_doc:logistica"", ""descripcion"": null, ""alcance_texto"": ""titular_metadatos""}"
noticia,url_duplicada,url,https://www.freshplaza.com/north-america/article/9860633/panama-canal-transits-up-5-2-as-el-nino-capacity-restrictions-loom/,"{""titulo"": ""Panama Canal transits up 5 . 2 % as El Niño capacity restrictions loom"", ""url"": ""https://www.freshplaza.com/north-america/article/9860633/panama-canal-transits-up-5-2-as-el-nino-capacity-restrictions-loom/"", ""medio"": ""freshplaza.com"", ""idioma"": ""en"", ""fecha_publicacion"": null, ""fecha_deteccion"": ""20260724T163000Z"", ""fecha_extraccion"": ""2026-10-06T18:46:40+00:00"", ""origen"": ""gdelt_doc:logistica"", ""descripcion"": null, ""alcance_texto"": ""titular_metadatos""}"
noticia,url_duplicada,url,https://www.163.com/news/article/L3AF97CL00019B3E.html,"{""titulo"": ""撤销长和两港口经营权 ， 巴拿马惹恼中国 ， 这回真吃瘪了"", ""url"": ""https://www.163.com/news/article/L3AF97CL00019B3E.html"", ""medio"": ""163.com"", ""idioma"": ""chinese"", ""fecha_publicacion"": null, ""fecha_deteccion"": ""20260802T004500Z"", ""fecha_extraccion"": ""2026-10-06T18:46:40+00:00"", ""origen"": ""gdelt_doc:logistica"", ""descripcion"": null, ""alcance_texto"": ""titular_metadatos""}"
noticia,url_duplicada,url,https://www.larepublica.co/globoeconomia/panama-registra-un-alza-de-15-6-en-pasajeros-de-cruceros-y-supera-los-460-000-visitantes-4441902,"{""titulo"": ""Panamá registra un alza de 15 , 6 % en pasajeros de cruceros y supera los 460 . 000 visitantes"", ""url"": ""https://www.larepublica.co/globoeconomia/panama-registra-un-alza-de-15-6-en-pasajeros-de-cruceros-y-supera-los-460-000-visitantes-4441902"", ""medio"": ""larepublica.co"", ""idioma"": ""es"", ""fecha_publicacion"": null, ""fecha_deteccion"": ""20260723T213000Z"", ""fecha_extraccion"": ""2026-10-06T18:46:40+00:00"", ""origen"": ""gdelt_doc:logistica"", ""descripcion"": null, ""alcance_texto"": ""titular_metadatos""}"
noticia,url_duplicada,url,https://www.laestrella.com.pa/panama/nacional/la-desconfianza-institucional-baja-pero-sigue-siendo-mayoritaria-OE24317494,"{""titulo"": ""La desconfianza institucional baja , pero sigue siendo mayoritaria"", ""url"": ""https://www.laestrella.com.pa/panama/nacional/la-desconfianza-institucional-baja-pero-sigue-siendo-mayoritaria-OE24317494"", ""medio"": ""laestrella.com.pa"", ""idioma"": ""es"", ""fecha_publicacion"": null, ""fecha_deteccion"": ""20260724T064500Z"", ""fecha_extraccion"": ""2026-10-06T18:46:40+00:00"", ""origen"": ""gdelt_doc:logistica"", ""descripcion"": null, ""alcance_texto"": ""titular_metadatos""}"
noticia,url_duplicada,url,https://www.telemetro.com/nacionales/10-anos-del-canal-ampliado-el-gigante-que-construimos-los-panamenos-n6086183,"{""titulo"": ""10 años del Canal Ampliado : El gigante que construimos los panameños"", ""url"": ""https://www.telemetro.com/nacionales/10-anos-del-canal-ampliado-el-gigante-que-construimos-los-panamenos-n6086183"", ""medio"": ""telemetro.com"", ""idioma"": ""es"", ""fecha_publicacion"": null, ""fecha_deteccion"": ""20260724T030000Z"", ""fecha_extraccion"": ""2026-10-06T18:46:40+00:00"", ""origen"": ""gdelt_doc:logistica"", ""descripcion"": null, ""alcance_texto"": ""titular_metadatos""}"
noticia,url_duplicada,url,https://www.expreso.ec/internacional/campesinos-marchan-corte-suprema-embalse-canal-panama-cierre-cementerios-291439.html,"{""titulo"": ""Campesinos protestan contra el embalse del Canal de Panamá y el cierre de cementerios"", ""url"": ""https://www.expreso.ec/internacional/campesinos-marchan-corte-suprema-embalse-canal-panama-cierre-cementerios-291439.html"", ""medio"": ""expreso.ec"", ""idioma"": ""es"", ""fecha_publicacion"": null, ""fecha_deteccion"": ""20260804T211500Z"", ""fecha_extraccion"": ""2026-10-06T18:46:40+00:00"", ""origen"": ""gdelt_doc:logistica"", ""descripcion"": null, ""alcance_texto"": ""titular_metadatos""}"
noticia,url_duplicada,url,https://www.elcomercio.es/aviles/panama-abre-empresas-avilesinas-mercado-38000-millones-20260731170508-nt.html,"{""titulo"": ""Panamá abre a las empresas avilesinas un mercado con 38 . 000 millones en proyectos de inversión"", ""url"": ""https://www.elcomercio.es/aviles/panama-abre-empresas-avilesinas-mercado-38000-millones-20260731170508-nt.html"", ""medio"": ""elcomercio.es"", ""idioma"": ""es"", ""fecha_publicacion"": null, ""fecha_deteccion"": ""20260731T170000Z"", ""fecha_extraccion"": ""2026-10-06T18:46:40+00:00"", ""origen"": ""gdelt_doc:logistica"", ""descripcion"": null, ""alcance_texto"": ""titular_metadatos""}"
noticia,url_duplicada,url,https://www.infobae.com/panama/2026/07/23/el-canal-de-panama-mejora-sus-resultados-mientras-disena-su-defensa-contra-el-nino/,"{""titulo"": ""El Canal de Panamá mejora sus resultados mientras diseña su defensa contra El Niño"", ""url"": ""https://www.infobae.com/panama/2026/07/23/el-canal-de-panama-mejora-sus-resultados-mientras-disena-su-defensa-contra-el-nino/"", ""medio"": ""infobae.com"", ""idioma"": ""es"", ""fecha_publicacion"": null, ""fecha_deteccion"": ""20260723T220000Z"", ""fecha_extraccion"": ""2026-10-06T18:46:40+00:00"", ""origen"": ""gdelt_doc:logistica"", ""descripcion"": null, ""alcance_texto"": ""titular_metadatos""}"
noticia,url_duplicada,url,https://www.critica.com.pa/nacional/campesinos-llevan-pelea-corte-por-embalse-del-canal-y-cierre-de-cementerios-513988,"{""titulo"": ""Campesinos llevan pelea a Corte por embalse del Canal y cierre de cementerios"", ""url"": ""https://www.critica.com.pa/nacional/campesinos-llevan-pelea-corte-por-embalse-del-canal-y-cierre-de-cementerios-513988"", ""medio"": ""critica.com.pa"", ""idioma"": ""es"", ""fecha_publicacion"": null, ""fecha_deteccion"": ""20260804T041500Z"", ""fecha_extraccion"": ""2026-10-06T18:46:40+00:00"", ""origen"": ""gdelt_doc:logistica"", ""descripcion"": null, ""alcance_texto"": ""titular_metadatos""}"
noticia,url_duplicada,url,https://www.critica.com.pa/nacional/traslado-de-cementerios-por-embalse-de-rio-indio-genera-rechazo-513879,"{""titulo"": ""Traslado de cementerios por embalse de Río Indio genera rechazo"", ""url"": ""https://www.critica.com.pa/nacional/traslado-de-cementerios-por-embalse-de-rio-indio-genera-rechazo-513879"", ""medio"": ""critica.com.pa"", ""idioma"": ""es"", ""fecha_publicacion"": null, ""fecha_deteccion"": ""20260802T204500Z"", ""fecha_extraccion"": ""2026-10-06T18:46:40+00:00"", ""origen"": ""gdelt_doc:logistica"", ""descripcion"": null, ""alcance_texto"": ""titular_metadatos""}"
noticia,url_duplicada,url,https://www.panamaamerica.com.pa/sociedad/estan-muertos-pero-duele-el-clamor-de-los-familiares-con-difuntos-en-cementerios-del-0,"{""titulo"": ""Están muertos , pero duele : el clamor de los familiares con difuntos en cementerios del embalse"", ""url"": ""https://www.panamaamerica.com.pa/sociedad/estan-muertos-pero-duele-el-clamor-de-los-familiares-con-difuntos-en-cementerios-del-0"", ""medio"": ""panamaamerica.com.pa"", ""idioma"": ""es"", ""fecha_publicacion"": null, ""fecha_deteccion"": ""20260731T190000Z"", ""fecha_extraccion"": ""2026-10-06T18:46:40+00:00"", ""origen"": ""gdelt_doc:logistica"", ""descripcion"": null, ""alcance_texto"": ""titular_metadatos""}"
noticia,url_duplicada,url,http://www.bignewsnetwork.com/news/279225392/indian-ambassador-sumit-seth-bids-farewell-to-panama-president-jose-raul-mulino-discusses-scholarships-development-projects-and-bilateral-ties,"{""titulo"": ""Indian Ambassador Sumit Seth bids farewell to Panama President Jose Raul Mulino , discusses scholarships , development projects and bilateral ties"", ""url"": ""http://www.bignewsnetwork.com/news/279225392/indian-ambassador-sumit-seth-bids-farewell-to-panama-president-jose-raul-mulino-discusses-scholarships-development-projects-and-bilateral-ties"", ""medio"": ""bignewsnetwork.com"", ""idioma"": ""en"", ""fecha_publicacion"": null, ""fecha_deteccion"": ""20260806T200000Z"", ""fecha_extraccion"": ""2026-10-06T18:46:40+00:00"", ""origen"": ""gdelt_doc:logistica"", ""descripcion"": null, ""alcance_texto"": ""titular_metadatos""}"
noticia,url_duplicada,url,http://www.calcuttanews.net/news/279225392/indian-ambassador-sumit-seth-bids-farewell-to-panama-president-jose-raul-mulino-discusses-scholarships-development-projects-and-bilateral-ties,"{""titulo"": ""Indian Ambassador Sumit Seth bids farewell to Panama President Jose Raul Mulino , discusses scholarships , development projects and bilateral ties"", ""url"": ""http://www.calcuttanews.net/news/279225392/indian-ambassador-sumit-seth-bids-farewell-to-panama-president-jose-raul-mulino-discusses-scholarships-development-projects-and-bilateral-ties"", ""medio"": ""calcuttanews.net"", ""idioma"": ""en"", ""fecha_publicacion"": null, ""fecha_deteccion"": ""20260806T201500Z"", ""fecha_extraccion"": ""2026-10-06T18:46:40+00:00"", ""origen"": ""gdelt_doc:logistica"", ""descripcion"": null, ""alcance_texto"": ""titular_metadatos""}"
noticia,url_duplicada,url,http://www.argentinastar.com/news/279225392/indian-ambassador-sumit-seth-bids-farewell-to-panama-president-jose-raul-mulino-discusses-scholarships-development-projects-and-bilateral-ties,"{""titulo"": ""Indian Ambassador Sumit Seth bids farewell to Panama President Jose Raul Mulino , discusses scholarships , development projects and bilateral ties"", ""url"": ""http://www.argentinastar.com/news/279225392/indian-ambassador-sumit-seth-bids-farewell-to-panama-president-jose-raul-mulino-discusses-scholarships-development-projects-and-bilateral-ties"", ""medio"": ""argentinastar.com"", ""idioma"": ""en"", ""fecha_publicacion"": null, ""fecha_deteccion"": ""20260807T004500Z"", ""fecha_extraccion"": ""2026-10-06T18:46:40+00:00"", ""origen"": ""gdelt_doc:logistica"", ""descripcion"": null, ""alcance_texto"": ""titular_metadatos""}"
noticia,url_duplicada,url,http://www.brazilsun.com/news/279225392/indian-ambassador-sumit-seth-bids-farewell-to-panama-president-jose-raul-mulino-discusses-scholarships-development-projects-and-bilateral-ties,"{""titulo"": ""Indian Ambassador Sumit Seth bids farewell to Panama President Jose Raul Mulino , discusses scholarships , development projects and bilateral ties"", ""url"": ""http://www.brazilsun.com/news/279225392/indian-ambassador-sumit-seth-bids-farewell-to-panama-president-jose-raul-mulino-discusses-scholarships-development-projects-and-bilateral-ties"", ""medio"": ""brazilsun.com"", ""idioma"": ""en"", ""fecha_publicacion"": null, ""fecha_deteccion"": ""20260806T230000Z"", ""fecha_extraccion"": ""2026-10-06T18:46:40+00:00"", ""origen"": ""gdelt_doc:logistica"", ""descripcion"": null, ""alcance_texto"": ""titular_metadatos""}"
noticia,url_duplicada,url,http://www.cambodiantimes.com/news/279225392/indian-ambassador-sumit-seth-bids-farewell-to-panama-president-jose-raul-mulino-discusses-scholarships-development-projects-and-bilateral-ties,"{""titulo"": ""Indian Ambassador Sumit Seth bids farewell to Panama President Jose Raul Mulino , discusses scholarships , development projects and bilateral ties"", ""url"": ""http://www.cambodiantimes.com/news/279225392/indian-ambassador-sumit-seth-bids-farewell-to-panama-president-jose-raul-mulino-discusses-scholarships-development-projects-and-bilateral-ties"", ""medio"": ""cambodiantimes.com"", ""idioma"": ""en"", ""fecha_publicacion"": null, ""fecha_deteccion"": ""20260806T210000Z"", ""fecha_extraccion"": ""2026-10-06T18:46:40+00:00"", ""origen"": ""gdelt_doc:logistica"", ""descripcion"": null, ""alcance_texto"": ""titular_metadatos""}"
noticia,url_duplicada,url,http://www.haitisun.com/news/279225392/indian-ambassador-sumit-seth-bids-farewell-to-panama-president-jose-raul-mulino-discusses-scholarships-development-projects-and-bilateral-ties,"{""titulo"": ""Indian Ambassador Sumit Seth bids farewell to Panama President Jose Raul Mulino , discusses scholarships , development projects and bilateral ties"", ""url"": ""http://www.haitisun.com/news/279225392/indian-ambassador-sumit-seth-bids-farewell-to-panama-president-jose-raul-mulino-discusses-scholarships-development-projects-and-bilateral-ties"", ""medio"": ""haitisun.com"", ""idioma"": ""en"", ""fecha_publicacion"": null, ""fecha_deteccion"": ""20260806T230000Z"", ""fecha_extraccion"": ""2026-10-06T18:46:40+00:00"", ""origen"": ""gdelt_doc:logistica"", ""descripcion"": null, ""alcance_texto"": ""titular_metadatos""}"
noticia,url_duplicada,url,https://www.telemetro.com/nacionales/argentina-enviara-militares-panama-participar-el-ejercicio-multinacional-panamax-2026-n6086226,"{""titulo"": ""Argentina enviará militares a Panamá para participar en el ejercicio multinacional Panamax 2026"", ""url"": ""https://www.telemetro.com/nacionales/argentina-enviara-militares-panama-participar-el-ejercicio-multinacional-panamax-2026-n6086226"", ""medio"": ""telemetro.com"", ""idioma"": ""es"", ""fecha_publicacion"": null, ""fecha_deteccion"": ""20260724T161500Z"", ""fecha_extraccion"": ""2026-10-06T18:46:40+00:00"", ""origen"": ""gdelt_doc:logistica"", ""descripcion"": null, ""alcance_texto"": ""titular_metadatos""}"
noticia,url_duplicada,url,https://www.bhaskar.com/career/news/india-panama-maritime-security-iasv-triveni-current-affairs-2026-138521246.html,"{""titulo"": ""India Panama Maritime Security Cooperation | IASV Triveni Return Update"", ""url"": ""https://www.bhaskar.com/career/news/india-panama-maritime-security-iasv-triveni-current-affairs-2026-138521246.html"", ""medio"": ""bhaskar.com"", ""idioma"": ""hindi"", ""fecha_publicacion"": null, ""fecha_deteccion"": ""20260724T013000Z"", ""fecha_extraccion"": ""2026-10-06T18:46:40+00:00"", ""origen"": ""gdelt_doc:logistica"", ""descripcion"": null, ""alcance_texto"": ""titular_metadatos""}"
noticia,url_duplicada,url,https://www.hellenicshippingnews.com/panama-canal-to-temporarily-suspend-period-3-daily-auctions-dry-bulk-markets-weigh-impact/,"{""titulo"": ""Panama Canal to temporarily suspend Period 3 daily auctions ; dry bulk markets weigh impact"", ""url"": ""https://www.hellenicshippingnews.com/panama-canal-to-temporarily-suspend-period-3-daily-auctions-dry-bulk-markets-weigh-impact/"", ""medio"": ""hellenicshippingnews.com"", ""idioma"": ""en"", ""fecha_publicacion"": null, ""fecha_deteccion"": ""20260723T223000Z"", ""fecha_extraccion"": ""2026-10-06T18:46:40+00:00"", ""origen"": ""gdelt_doc:logistica"", ""descripcion"": null, ""alcance_texto"": ""titular_metadatos""}"
noticia,url_duplicada,url,https://mire.gob.pa/extension-de-la-linea-3-del-metro-cerro-patacon-y-tratado-de-neutralidad-puntos-del-encuentro-entre-el-presidente-mulino-y-el-canciller-japones-motegi/,"{""titulo"": ""Extensión de la Línea 3 del Metro , Cerro Patacón y Tratado de Neutralidad , puntos del encuentro entre el presidente Mulino y el canciller japonés Motegi – Ministerio de Relaciones exteriores"", ""url"": ""https://mire.gob.pa/extension-de-la-linea-3-del-metro-cerro-patacon-y-tratado-de-neutralidad-puntos-del-encuentro-entre-el-presidente-mulino-y-el-canciller-japones-motegi/"", ""medio"": ""mire.gob.pa"", ""idioma"": ""es"", ""fecha_publicacion"": null, ""fecha_deteccion"": ""20260806T210000Z"", ""fecha_extraccion"": ""2026-10-06T18:46:40+00:00"", ""origen"": ""gdelt_doc:logistica"", ""descripcion"": null, ""alcance_texto"": ""titular_metadatos""}"
noticia,url_duplicada,url,https://www.finanznachrichten.de/nachrichten-2026-07/69159692-best-s-market-segment-report-am-best-maintains-stable-outlook-on-panama-s-insurance-industry-004.htm,"{""titulo"": ""Best Market Segment Report : AM Best Maintains Stable Outlook on Panama Insurance Industry"", ""url"": ""https://www.finanznachrichten.de/nachrichten-2026-07/69159692-best-s-market-segment-report-am-best-maintains-stable-outlook-on-panama-s-insurance-industry-004.htm"", ""medio"": ""finanznachrichten.de"", ""idioma"": ""en"", ""fecha_publicacion"": null, ""fecha_deteccion"": ""20260729T173000Z"", ""fecha_extraccion"": ""2026-10-06T18:46:40+00:00"", ""origen"": ""gdelt_doc:logistica"", ""descripcion"": null, ""alcance_texto"": ""titular_metadatos""}"
noticia,url_duplicada,url,https://urgente24.com/actualidad/sin-autorizacion-del-congreso-javier-milei-manda-tropas-panama-n629257,"{""titulo"": ""Sin autorización del Congreso , Javier Milei manda tropas a Panamá"", ""url"": ""https://urgente24.com/actualidad/sin-autorizacion-del-congreso-javier-milei-manda-tropas-panama-n629257"", ""medio"": ""urgente24.com"", ""idioma"": ""es"", ""fecha_publicacion"": null, ""fecha_deteccion"": ""20260724T143000Z"", ""fecha_extraccion"": ""2026-10-06T18:46:40+00:00"", ""origen"": ""gdelt_doc:logistica"", ""descripcion"": null, ""alcance_texto"": ""titular_metadatos""}"
noticia,url_duplicada,url,https://www.mondaq.com:443/unitedstates/international-trade-investment/1824116/waterways-canals-and-straits-and-what-clear-passage-means-to-global-trade-survival,"{""titulo"": ""Waterways , Canals , And Straits , And What Clear Passage Means To Global Trade Survival"", ""url"": ""https://www.mondaq.com:443/unitedstates/international-trade-investment/1824116/waterways-canals-and-straits-and-what-clear-passage-means-to-global-trade-survival"", ""medio"": ""mondaq.com"", ""idioma"": ""en"", ""fecha_publicacion"": null, ""fecha_deteccion"": ""20260730T124500Z"", ""fecha_extraccion"": ""2026-10-06T18:46:40+00:00"", ""origen"": ""gdelt_doc:logistica"", ""descripcion"": null, ""alcance_texto"": ""titular_metadatos""}"
noticia,url_duplicada,url,https://www.elnuevodia.com/entretenimiento/peliculas-series/notas/puerto-rico-film-festival-revela-las-novedades-de-su-edicion-2026/,"{""titulo"": ""Puerto Rico Film Festival revela las novedades de su edición 2026"", ""url"": ""https://www.elnuevodia.com/entretenimiento/peliculas-series/notas/puerto-rico-film-festival-revela-las-novedades-de-su-edicion-2026/"", ""medio"": ""elnuevodia.com"", ""idioma"": ""es"", ""fecha_publicacion"": null, ""fecha_deteccion"": ""20260723T204500Z"", ""fecha_extraccion"": ""2026-10-06T18:46:40+00:00"", ""origen"": ""gdelt_doc:logistica"", ""descripcion"": null, ""alcance_texto"": ""titular_metadatos""}"
noticia,url_duplicada,url,https://www.epochtimes.com/gb/26/7/22/n14815269.htm,"{""titulo"": ""王友群 ： 美国正在美洲清除中共影响力"", ""url"": ""https://www.epochtimes.com/gb/26/7/22/n14815269.htm"", ""medio"": ""epochtimes.com"", ""idioma"": ""chinese"", ""fecha_publicacion"": null, ""fecha_deteccion"": ""20260723T211500Z"", ""fecha_extraccion"": ""2026-10-06T18:46:40+00:00"", ""origen"": ""gdelt_doc:logistica"", ""descripcion"": null, ""alcance_texto"": ""titular_metadatos""}"
noticia,url_duplicada,url,https://www.deperu.com/tv/GoFDi7eF2mE.china-blinda-a-sus-empresas-frente-a-presiones-de-otros-paises-i-enclaveeconomica.UC1FZF46zaC26_CynNc786_g.html,"{""titulo"": ""Video : China blinda a sus empresas frente a presiones de otros países I EnClaveEconómica por Diario Gestión"", ""url"": ""https://www.deperu.com/tv/GoFDi7eF2mE.china-blinda-a-sus-empresas-frente-a-presiones-de-otros-paises-i-enclaveeconomica.UC1FZF46zaC26_CynNc786_g.html"", ""medio"": ""deperu.com"", ""idioma"": ""es"", ""fecha_publicacion"": null, ""fecha_deteccion"": ""20260728T150000Z"", ""fecha_extraccion"": ""2026-10-06T18:46:40+00:00"", ""origen"": ""gdelt_doc:logistica"", ""descripcion"": null, ""alcance_texto"": ""titular_metadatos""}"
noticia,url_duplicada,url,https://www.revistaeyn.com/centroamericaymundo/disminuyen-de-140-a-16-los-buques-de-bandera-panamena-detenidos-en-china-FH31500476,"{""titulo"": ""Disminuyen de 140 a 16 los buques de bandera panameña detenidos en China"", ""url"": ""https://www.revistaeyn.com/centroamericaymundo/disminuyen-de-140-a-16-los-buques-de-bandera-panamena-detenidos-en-china-FH31500476"", ""medio"": ""revistaeyn.com"", ""idioma"": ""es"", ""fecha_publicacion"": null, ""fecha_deteccion"": ""20260724T141500Z"", ""fecha_extraccion"": ""2026-10-06T18:46:40+00:00"", ""origen"": ""gdelt_doc:logistica"", ""descripcion"": null, ""alcance_texto"": ""titular_metadatos""}"
noticia,url_duplicada,url,https://www.metro.pr/entretenimiento/2026/07/23/puerto-rico-film-festival-revela-detalles-de-su-edicion-2026/,"{""titulo"": ""Puerto Rico Film Festival revela detalles de su edición 2026"", ""url"": ""https://www.metro.pr/entretenimiento/2026/07/23/puerto-rico-film-festival-revela-detalles-de-su-edicion-2026/"", ""medio"": ""metro.pr"", ""idioma"": ""es"", ""fecha_publicacion"": null, ""fecha_deteccion"": ""20260723T224500Z"", ""fecha_extraccion"": ""2026-10-06T18:46:40+00:00"", ""origen"": ""gdelt_doc:logistica"", ""descripcion"": null, ""alcance_texto"": ""titular_metadatos""}"
noticia,url_duplicada,url,https://www.tarunbharat.com/a-rich-link-connecting-to-south-america/,"{""titulo"": ""A rich link connecting to South America"", ""url"": ""https://www.tarunbharat.com/a-rich-link-connecting-to-south-america/"", ""medio"": ""tarunbharat.com"", ""idioma"": ""marathi"", ""fecha_publicacion"": null, ""fecha_deteccion"": ""20260801T053000Z"", ""fecha_extraccion"": ""2026-10-06T18:46:40+00:00"", ""origen"": ""gdelt_doc:logistica"", ""descripcion"": null, ""alcance_texto"": ""titular_metadatos""}"
noticia,url_duplicada,url,https://www.panamaamerica.com.pa/opinion/entre-el-endeudamiento-y-las-obras-1264864,"{""titulo"": ""Entre el endeudamiento y las obras"", ""url"": ""https://www.panamaamerica.com.pa/opinion/entre-el-endeudamiento-y-las-obras-1264864"", ""medio"": ""panamaamerica.com.pa"", ""idioma"": ""es"", ""fecha_publicacion"": null, ""fecha_deteccion"": ""20260806T134500Z"", ""fecha_extraccion"": ""2026-10-06T18:46:40+00:00"", ""origen"": ""gdelt_doc:logistica"", ""descripcion"": null, ""alcance_texto"": ""titular_metadatos""}"
noticia,url_duplicada,url,https://www.eldestapeweb.com/politica/milei-vuelve-eludir-congreso-envia-tropas-panama-mando-ee-uu-202672494755,"{""titulo"": ""MILEI ELUDE al Congreso y envía tropas a Panamá bajo el mando de ESTADOS UNIDOS"", ""url"": ""https://www.eldestapeweb.com/politica/milei-vuelve-eludir-congreso-envia-tropas-panama-mando-ee-uu-202672494755"", ""medio"": ""eldestapeweb.com"", ""idioma"": ""es"", ""fecha_publicacion"": null, ""fecha_deteccion"": ""20260724T141500Z"", ""fecha_extraccion"": ""2026-10-06T18:46:40+00:00"", ""origen"": ""gdelt_doc:logistica"", ""descripcion"": null, ""alcance_texto"": ""titular_metadatos""}"
noticia,url_duplicada,url,https://www.prensa.com/opinion/crece-el-pib-no-el-optimismo/,"{""titulo"": ""Crece el PIB , no el optimismo"", ""url"": ""https://www.prensa.com/opinion/crece-el-pib-no-el-optimismo/"", ""medio"": ""prensa.com"", ""idioma"": ""es"", ""fecha_publicacion"": null, ""fecha_deteccion"": ""20260802T034500Z"", ""fecha_extraccion"": ""2026-10-06T18:46:40+00:00"", ""origen"": ""gdelt_doc:logistica"", ""descripcion"": null, ""alcance_texto"": ""titular_metadatos""}"
noticia,url_duplicada,url,https://www.telesurtv.net/panama-campeonato-beisbol-juegos-centroamericanos-caribe/,"{""titulo"": ""Panamá logra campeonato en béisbol de los Juegos Centroamericanos y del Caribe"", ""url"": ""https://www.telesurtv.net/panama-campeonato-beisbol-juegos-centroamericanos-caribe/"", ""medio"": ""telesurtv.net"", ""idioma"": ""es"", ""fecha_publicacion"": null, ""fecha_deteccion"": ""20260808T091500Z"", ""fecha_extraccion"": ""2026-10-06T18:46:40+00:00"", ""origen"": ""gdelt_doc:logistica"", ""descripcion"": null, ""alcance_texto"": ""titular_metadatos""}"
noticia,url_duplicada,url,https://www.wenxuecity.com/news/2026/08/21/126749497.html,"{""titulo"": ""霍尔木兹海峡动荡 如何在巴拿马运河引发中美角力 ？"", ""url"": ""https://www.wenxuecity.com/news/2026/08/21/126749497.html"", ""medio"": ""wenxuecity.com"", ""idioma"": ""chinese"", ""fecha_publicacion"": null, ""fecha_deteccion"": ""20260821T191500Z"", ""fecha_extraccion"": ""2026-10-06T18:46:40+00:00"", ""origen"": ""gdelt_doc:logistica"", ""descripcion"": null, ""alcance_texto"": ""titular_metadatos""}"
noticia,url_duplicada,url,https://www.wenxuecity.com/news/2026/08/20/126748705.html,"{""titulo"": ""霍尔木兹动荡 ， 如何在巴拿马运河引发中美角力 ？"", ""url"": ""https://www.wenxuecity.com/news/2026/08/20/126748705.html"", ""medio"": ""wenxuecity.com"", ""idioma"": ""chinese"", ""fecha_publicacion"": null, ""fecha_deteccion"": ""20260820T233000Z"", ""fecha_extraccion"": ""2026-10-06T18:46:40+00:00"", ""origen"": ""gdelt_doc:logistica"", ""descripcion"": null, ""alcance_texto"": ""titular_metadatos""}"
noticia,url_duplicada,url,https://eldeber.com.bo/bbc/el-canal-de-panama-reducira-el-transito-de-buques-por-los-efectos-de-el-nino-2026821143234,"{""titulo"": ""El Canal de Panamá reducirá el tránsito de buques por los efectos de El Niño"", ""url"": ""https://eldeber.com.bo/bbc/el-canal-de-panama-reducira-el-transito-de-buques-por-los-efectos-de-el-nino-2026821143234"", ""medio"": ""eldeber.com.bo"", ""idioma"": ""es"", ""fecha_publicacion"": null, ""fecha_deteccion"": ""20260821T203000Z"", ""fecha_extraccion"": ""2026-10-06T18:46:40+00:00"", ""origen"": ""gdelt_doc:logistica"", ""descripcion"": null, ""alcance_texto"": ""titular_metadatos""}"
noticia,url_duplicada,url,https://www.epochtimes.com/gb/26/8/21/n14834379.htm,"{""titulo"": ""厄尔尼诺回归 冲击巴拿马运河航运和全球贸易"", ""url"": ""https://www.epochtimes.com/gb/26/8/21/n14834379.htm"", ""medio"": ""epochtimes.com"", ""idioma"": ""chinese"", ""fecha_publicacion"": null, ""fecha_deteccion"": ""20260822T001500Z"", ""fecha_extraccion"": ""2026-10-06T18:46:40+00:00"", ""origen"": ""gdelt_doc:logistica"", ""descripcion"": null, ""alcance_texto"": ""titular_metadatos""}"
noticia,url_duplicada,url,https://www.elobservador.com.uy/estados-unidos/bbc-news-mundo/el-canal-panama-reducira-el-transito-buques-los-efectos-el-nino-n6054857,"{""titulo"": ""El Canal de Panamá reducirá el tránsito de buques por los efectos de El Niño"", ""url"": ""https://www.elobservador.com.uy/estados-unidos/bbc-news-mundo/el-canal-panama-reducira-el-transito-buques-los-efectos-el-nino-n6054857"", ""medio"": ""elobservador.com.uy"", ""idioma"": ""es"", ""fecha_publicacion"": null, ""fecha_deteccion"": ""20260821T223000Z"", ""fecha_extraccion"": ""2026-10-06T18:46:40+00:00"", ""origen"": ""gdelt_doc:logistica"", ""descripcion"": null, ""alcance_texto"": ""titular_metadatos""}"
noticia,url_duplicada,url,https://orf.at/stories/3439792/,"{""titulo"": ""Wenig Wasser : Panamakanal reduziert Schiffsverkehr"", ""url"": ""https://orf.at/stories/3439792/"", ""medio"": ""orf.at"", ""idioma"": ""german"", ""fecha_publicacion"": null, ""fecha_deteccion"": ""20260821T134500Z"", ""fecha_extraccion"": ""2026-10-06T18:46:40+00:00"", ""origen"": ""gdelt_doc:logistica"", ""descripcion"": null, ""alcance_texto"": ""titular_metadatos""}"
noticia,url_duplicada,url,https://www.telemetro.com/nacionales/panamax-2026-embarcaciones-realizan-maniobras-cerca-del-canal-panama-n6087803,"{""titulo"": ""Panamax 2026 : embarcaciones realizan maniobras cerca del Canal de Panamá"", ""url"": ""https://www.telemetro.com/nacionales/panamax-2026-embarcaciones-realizan-maniobras-cerca-del-canal-panama-n6087803"", ""medio"": ""telemetro.com"", ""idioma"": ""es"", ""fecha_publicacion"": null, ""fecha_deteccion"": ""20260808T001500Z"", ""fecha_extraccion"": ""2026-10-06T18:46:40+00:00"", ""origen"": ""gdelt_doc:logistica"", ""descripcion"": null, ""alcance_texto"": ""titular_metadatos""}"
noticia,url_duplicada,url,https://www.channelnewsasia.com/business/ck-hutchison-seeks-us15-billion-panama-in-treaty-dispute-arbitration-6329856,"{""titulo"": ""CK Hutchison seeks US$1 . 5 billion from Panama in treaty dispute arbitration"", ""url"": ""https://www.channelnewsasia.com/business/ck-hutchison-seeks-us15-billion-panama-in-treaty-dispute-arbitration-6329856"", ""medio"": ""channelnewsasia.com"", ""idioma"": ""en"", ""fecha_publicacion"": null, ""fecha_deteccion"": ""20260820T051500Z"", ""fecha_extraccion"": ""2026-10-06T18:46:40+00:00"", ""origen"": ""gdelt_doc:logistica"", ""descripcion"": null, ""alcance_texto"": ""titular_metadatos""}"
noticia,url_duplicada,url,https://cnnespanol.cnn.com/2026/08/21/economia/sequia-nino-panama-precios-combustible-trax,"{""titulo"": ""Es probable que la sequía provocada por El Niño en Panamá eleve los precios de todo , desde medicamentos hasta combustible"", ""url"": ""https://cnnespanol.cnn.com/2026/08/21/economia/sequia-nino-panama-precios-combustible-trax"", ""medio"": ""cnnespanol.cnn.com"", ""idioma"": ""es"", ""fecha_publicacion"": null, ""fecha_deteccion"": ""20260821T110000Z"", ""fecha_extraccion"": ""2026-10-06T18:46:40+00:00"", ""origen"": ""gdelt_doc:logistica"", ""descripcion"": null, ""alcance_texto"": ""titular_metadatos""}"
noticia,url_duplicada,url,https://www.antaranews.com/berita/5695107/112-tahun-terusan-panama-perkuat-peran-strategis-perdagangan-global,"{""titulo"": ""112 tahun Terusan Panama perkuat peran strategis perdagangan global"", ""url"": ""https://www.antaranews.com/berita/5695107/112-tahun-terusan-panama-perkuat-peran-strategis-perdagangan-global"", ""medio"": ""antaranews.com"", ""idioma"": ""indonesian"", ""fecha_publicacion"": null, ""fecha_deteccion"": ""20260814T141500Z"", ""fecha_extraccion"": ""2026-10-06T18:46:40+00:00"", ""origen"": ""gdelt_doc:logistica"", ""descripcion"": null, ""alcance_texto"": ""titular_metadatos""}"
noticia,url_duplicada,url,https://www.critica.com.pa/nacional/panamax-2026-simula-asalto-para-impedir-un-ataque-al-canal-de-panama-514229,"{""titulo"": ""Panamax 2026 simula asalto para impedir un ataque al Canal de Panamá"", ""url"": ""https://www.critica.com.pa/nacional/panamax-2026-simula-asalto-para-impedir-un-ataque-al-canal-de-panama-514229"", ""medio"": ""critica.com.pa"", ""idioma"": ""es"", ""fecha_publicacion"": null, ""fecha_deteccion"": ""20260807T234500Z"", ""fecha_extraccion"": ""2026-10-06T18:46:40+00:00"", ""origen"": ""gdelt_doc:logistica"", ""descripcion"": null, ""alcance_texto"": ""titular_metadatos""}"
noticia,url_duplicada,url,https://www.prensa.com/economia/mas-barcos-cruzan-el-canal-de-panama-mientras-que-reportan-subastas-por-4-millones/,"{""titulo"": ""Más barcos cruzan el Canal de Panamá , mientras que reportan subastas por $4 millones"", ""url"": ""https://www.prensa.com/economia/mas-barcos-cruzan-el-canal-de-panama-mientras-que-reportan-subastas-por-4-millones/"", ""medio"": ""prensa.com"", ""idioma"": ""es"", ""fecha_publicacion"": null, ""fecha_deteccion"": ""20260814T093000Z"", ""fecha_extraccion"": ""2026-10-06T18:46:40+00:00"", ""origen"": ""gdelt_doc:logistica"", ""descripcion"": null, ""alcance_texto"": ""titular_metadatos""}"
noticia,url_duplicada,url,https://www.prensa.com/economia/transito-de-alto-calado-aumenta-61-y-refuerza-la-demanda-por-el-canal/,"{""titulo"": ""Tránsito de alto calado aumenta 6 . 1 % y refuerza la demanda por el Canal"", ""url"": ""https://www.prensa.com/economia/transito-de-alto-calado-aumenta-61-y-refuerza-la-demanda-por-el-canal/"", ""medio"": ""prensa.com"", ""idioma"": ""es"", ""fecha_publicacion"": null, ""fecha_deteccion"": ""20260814T093000Z"", ""fecha_extraccion"": ""2026-10-06T18:46:40+00:00"", ""origen"": ""gdelt_doc:logistica"", ""descripcion"": null, ""alcance_texto"": ""titular_metadatos""}"
noticia,url_duplicada,url,https://weeklyblitz.net/2026/08/22/panamas-canal-gamble-could-carry-a-1-5-billion-price-tag/,"{""titulo"": ""Panama Canal gamble could carry a $1 . 5 billion price tag"", ""url"": ""https://weeklyblitz.net/2026/08/22/panamas-canal-gamble-could-carry-a-1-5-billion-price-tag/"", ""medio"": ""weeklyblitz.net"", ""idioma"": ""en"", ""fecha_publicacion"": null, ""fecha_deteccion"": ""20260821T191500Z"", ""fecha_extraccion"": ""2026-10-06T18:46:40+00:00"", ""origen"": ""gdelt_doc:logistica"", ""descripcion"": null, ""alcance_texto"": ""titular_metadatos""}"
noticia,url_duplicada,url,https://www.descifrado.com/2026/08/14/aumentan-costos-para-conseguir-espacio-en-el-canal-de-panama-oliveros-advierte-impacto-en-fletes/,"{""titulo"": ""Aumentan costos para conseguir espacio en el Canal de Panamá : Oliveros advierte impacto en fletes"", ""url"": ""https://www.descifrado.com/2026/08/14/aumentan-costos-para-conseguir-espacio-en-el-canal-de-panama-oliveros-advierte-impacto-en-fletes/"", ""medio"": ""descifrado.com"", ""idioma"": ""es"", ""fecha_publicacion"": null, ""fecha_deteccion"": ""20260815T020000Z"", ""fecha_extraccion"": ""2026-10-06T18:46:40+00:00"", ""origen"": ""gdelt_doc:logistica"", ""descripcion"": null, ""alcance_texto"": ""titular_metadatos""}"
noticia,url_duplicada,url,https://www.cadena3.com/noticia/mundo/el-secretario-de-defensa-de-eeuu-resalta-en-panama-la-cooperacion-en-la-lucha-antidrogas_583608,"{""titulo"": ""El secretario de Defensa de EE . UU . resalta en Panamá la cooperación en la lucha antidrogas"", ""url"": ""https://www.cadena3.com/noticia/mundo/el-secretario-de-defensa-de-eeuu-resalta-en-panama-la-cooperacion-en-la-lucha-antidrogas_583608"", ""medio"": ""cadena3.com"", ""idioma"": ""es"", ""fecha_publicacion"": null, ""fecha_deteccion"": ""20260814T001500Z"", ""fecha_extraccion"": ""2026-10-06T18:46:40+00:00"", ""origen"": ""gdelt_doc:logistica"", ""descripcion"": null, ""alcance_texto"": ""titular_metadatos""}"
noticia,url_duplicada,url,https://www.eltiempo.com/mundo/latinoamerica/canal-de-panama-reducira-el-transito-de-barcos-por-la-falta-de-lluvias-asociada-al-fenomeno-de-el-nino-conozca-las-medidas-que-se-tomaran-3580021,"{""titulo"": ""Canal de Panamá reducirá el tránsito de barcos por la falta de lluvias asociada al fenómeno de El Niño : conozca las medidas que se tomarán"", ""url"": ""https://www.eltiempo.com/mundo/latinoamerica/canal-de-panama-reducira-el-transito-de-barcos-por-la-falta-de-lluvias-asociada-al-fenomeno-de-el-nino-conozca-las-medidas-que-se-tomaran-3580021"", ""medio"": ""eltiempo.com"", ""idioma"": ""es"", ""fecha_publicacion"": null, ""fecha_deteccion"": ""20260821T193000Z"", ""fecha_extraccion"": ""2026-10-06T18:46:40+00:00"", ""origen"": ""gdelt_doc:logistica"", ""descripcion"": null, ""alcance_texto"": ""titular_metadatos""}"
noticia,url_duplicada,url,https://www.elvocero.com/deportes/atletismo-boricua-agrega-cuatro-preseas-un-oro-un-plata-y-dos-bronce/article_5b71e174-ece6-4a28-b301-b2c221f0cbd5.html,"{""titulo"": ""Atletismo boricua agrega cuatro preseas : un oro , un plata y dos bronce"", ""url"": ""https://www.elvocero.com/deportes/atletismo-boricua-agrega-cuatro-preseas-un-oro-un-plata-y-dos-bronce/article_5b71e174-ece6-4a28-b301-b2c221f0cbd5.html"", ""medio"": ""elvocero.com"", ""idioma"": ""es"", ""fecha_publicacion"": null, ""fecha_deteccion"": ""20260808T054500Z"", ""fecha_extraccion"": ""2026-10-06T18:46:40+00:00"", ""origen"": ""gdelt_doc:logistica"", ""descripcion"": null, ""alcance_texto"": ""titular_metadatos""}"
noticia,url_duplicada,url,https://baijiahao.baidu.com/s?id=1875401455497575622,"{""titulo"": ""巴拿马运河下调每日通航量 ： 每天只过32艘船 ！ 巴政府已宣布全国进入紧急状态"", ""url"": ""https://baijiahao.baidu.com/s?id=1875401455497575622"", ""medio"": ""baijiahao.baidu.com"", ""idioma"": ""chinese"", ""fecha_publicacion"": null, ""fecha_deteccion"": ""20260907T070000Z"", ""fecha_extraccion"": ""2026-10-06T18:46:40+00:00"", ""origen"": ""gdelt_doc:logistica"", ""descripcion"": null, ""alcance_texto"": ""titular_metadatos""}"
noticia,url_duplicada,url,https://www.cqnews.net/web/content_1545052661663596544.html,"{""titulo"": ""中东战火叠加强厄尔尼诺 巴拿马运河再次面临通行之困"", ""url"": ""https://www.cqnews.net/web/content_1545052661663596544.html"", ""medio"": ""cqnews.net"", ""idioma"": ""chinese"", ""fecha_publicacion"": null, ""fecha_deteccion"": ""20260903T080000Z"", ""fecha_extraccion"": ""2026-10-06T18:46:40+00:00"", ""origen"": ""gdelt_doc:logistica"", ""descripcion"": null, ""alcance_texto"": ""titular_metadatos""}"
noticia,url_duplicada,url,https://www.dailynayadiganta.com/international/asia/middle-east/2iaEDemo9GMf,"{""titulo"": ""হরমুজের অস্থিরতা যেভাবে পানামা খালকে ঘিরে পরাশক্তিগুলোর বিরোধ উসকে দিচ্ছে"", ""url"": ""https://www.dailynayadiganta.com/international/asia/middle-east/2iaEDemo9GMf"", ""medio"": ""dailynayadiganta.com"", ""idioma"": ""bengali"", ""fecha_publicacion"": null, ""fecha_deteccion"": ""20260824T064500Z"", ""fecha_extraccion"": ""2026-10-06T18:46:40+00:00"", ""origen"": ""gdelt_doc:logistica"", ""descripcion"": null, ""alcance_texto"": ""titular_metadatos""}"
noticia,url_duplicada,url,https://www.nbd.com.cn/articles/2026-08-30/4566072.html,"{""titulo"": ""高峰时131艘船等待通行 ， 巴拿马运河现 枯水运营 ： 插队费 纪录再被刷新 ， 美东航线运价上涨"", ""url"": ""https://www.nbd.com.cn/articles/2026-08-30/4566072.html"", ""medio"": ""nbd.com.cn"", ""idioma"": ""chinese"", ""fecha_publicacion"": null, ""fecha_deteccion"": ""20260830T054500Z"", ""fecha_extraccion"": ""2026-10-06T18:46:40+00:00"", ""origen"": ""gdelt_doc:logistica"", ""descripcion"": null, ""alcance_texto"": ""titular_metadatos""}"
noticia,url_duplicada,url,https://www.taipeitimes.com/News/editorials/archives/2026/08/30/2003863356,"{""titulo"": ""The Panama Canal real challenge is water , not geopolitics"", ""url"": ""https://www.taipeitimes.com/News/editorials/archives/2026/08/30/2003863356"", ""medio"": ""taipeitimes.com"", ""idioma"": ""en"", ""fecha_publicacion"": null, ""fecha_deteccion"": ""20260829T181500Z"", ""fecha_extraccion"": ""2026-10-06T18:46:40+00:00"", ""origen"": ""gdelt_doc:logistica"", ""descripcion"": null, ""alcance_texto"": ""titular_metadatos""}"
noticia,url_duplicada,url,https://efe.com/economia/2026-08-23/canal-panama-lagos-artificiales-agua/,"{""titulo"": ""La cuenta de ahorros del Canal de Panamá : litros de agua en lagos"", ""url"": ""https://efe.com/economia/2026-08-23/canal-panama-lagos-artificiales-agua/"", ""medio"": ""efe.com"", ""idioma"": ""es"", ""fecha_publicacion"": null, ""fecha_deteccion"": ""20260823T144500Z"", ""fecha_extraccion"": ""2026-10-06T18:46:40+00:00"", ""origen"": ""gdelt_doc:logistica"", ""descripcion"": null, ""alcance_texto"": ""titular_metadatos""}"
noticia,url_duplicada,url,https://www.prensa.com/economia/naviera-surcoreana-paga-53-millones-en-subasta-para-cruzar-el-canal-de-panama/,"{""titulo"": ""Naviera surcoreana paga $5 . 3 millones en subasta para cruzar el Canal de Panamá"", ""url"": ""https://www.prensa.com/economia/naviera-surcoreana-paga-53-millones-en-subasta-para-cruzar-el-canal-de-panama/"", ""medio"": ""prensa.com"", ""idioma"": ""es"", ""fecha_publicacion"": null, ""fecha_deteccion"": ""20260826T003000Z"", ""fecha_extraccion"": ""2026-10-06T18:46:40+00:00"", ""origen"": ""gdelt_doc:logistica"", ""descripcion"": null, ""alcance_texto"": ""titular_metadatos""}"
noticia,url_duplicada,url,https://economictimes.indiatimes.com/news/international/global-trends/panama-canal-gets-its-first-woman-boss-as-trump-watches-and-a-1-5-billion-water-crisis-waits/articleshow/133884091.cms,"{""titulo"": ""Panama Canal gets its first woman boss as Trump watches and $1 . 5 billion water crisis waits"", ""url"": ""https://economictimes.indiatimes.com/news/international/global-trends/panama-canal-gets-its-first-woman-boss-as-trump-watches-and-a-1-5-billion-water-crisis-waits/articleshow/133884091.cms"", ""medio"": ""economictimes.indiatimes.com"", ""idioma"": ""en"", ""fecha_publicacion"": null, ""fecha_deteccion"": ""20260907T141500Z"", ""fecha_extraccion"": ""2026-10-06T18:46:40+00:00"", ""origen"": ""gdelt_doc:logistica"", ""descripcion"": null, ""alcance_texto"": ""titular_metadatos""}"
noticia,url_duplicada,url,https://www.panamaamerica.com.pa/politica/tratados-torrijos-carter-49-anos-del-hito-que-devolvio-el-canal-panama-1266048,"{""titulo"": ""Tratados Torrijos - Carter : 49 años del hito que devolvió el Canal a Panamá"", ""url"": ""https://www.panamaamerica.com.pa/politica/tratados-torrijos-carter-49-anos-del-hito-que-devolvio-el-canal-panama-1266048"", ""medio"": ""panamaamerica.com.pa"", ""idioma"": ""es"", ""fecha_publicacion"": null, ""fecha_deteccion"": ""20260907T164500Z"", ""fecha_extraccion"": ""2026-10-06T18:46:40+00:00"", ""origen"": ""gdelt_doc:logistica"", ""descripcion"": null, ""alcance_texto"": ""titular_metadatos""}"
noticia,url_duplicada,url,https://www.prensa.com/opinion/panamax-2026-y-la-seguridad-estrategica-del-canal-de-panama/,"{""titulo"": ""Panamax 2026 y la seguridad estratégica del Canal de Panamá"", ""url"": ""https://www.prensa.com/opinion/panamax-2026-y-la-seguridad-estrategica-del-canal-de-panama/"", ""medio"": ""prensa.com"", ""idioma"": ""es"", ""fecha_publicacion"": null, ""fecha_deteccion"": ""20260907T021500Z"", ""fecha_extraccion"": ""2026-10-06T18:46:40+00:00"", ""origen"": ""gdelt_doc:logistica"", ""descripcion"": null, ""alcance_texto"": ""titular_metadatos""}"
noticia,url_duplicada,url,https://www.teletica.com/bbc-news-mundo/potente-fenomeno-de-el-nino-afectara-operacion-del-canal-de-panama_416584,"{""titulo"": ""Potente fenómeno de El Niño afectará operación del Canal de Panamá"", ""url"": ""https://www.teletica.com/bbc-news-mundo/potente-fenomeno-de-el-nino-afectara-operacion-del-canal-de-panama_416584"", ""medio"": ""teletica.com"", ""idioma"": ""es"", ""fecha_publicacion"": null, ""fecha_deteccion"": ""20260903T153000Z"", ""fecha_extraccion"": ""2026-10-06T18:46:40+00:00"", ""origen"": ""gdelt_doc:logistica"", ""descripcion"": null, ""alcance_texto"": ""titular_metadatos""}"
noticia,url_duplicada,url,https://acento.com.do/bbc-news-mundo/millones-de-litros-de-agua-por-barco-el-sistema-de-esclusas-que-permite-operar-el-canal-de-panama-y-que-el-nino-amenaza-9747213.html,"{""titulo"": ""Millones de litros de agua por barco : el sistema de esclusas que permite operar el Canal de Panamá y que El Niño amenaza"", ""url"": ""https://acento.com.do/bbc-news-mundo/millones-de-litros-de-agua-por-barco-el-sistema-de-esclusas-que-permite-operar-el-canal-de-panama-y-que-el-nino-amenaza-9747213.html"", ""medio"": ""acento.com.do"", ""idioma"": ""es"", ""fecha_publicacion"": null, ""fecha_deteccion"": ""20260903T153000Z"", ""fecha_extraccion"": ""2026-10-06T18:46:40+00:00"", ""origen"": ""gdelt_doc:logistica"", ""descripcion"": null, ""alcance_texto"": ""titular_metadatos""}"
noticia,url_duplicada,url,https://www.mdzol.com/mundo/como-funciona-el-canal-panama-y-que-el-potente-fenomeno-el-nino-afecta-tanto-su-operacion-n1599013,"{""titulo"": ""Cómo funciona el Canal de Panamá y por qué el potente fenómeno de El Niño afecta tanto su operación"", ""url"": ""https://www.mdzol.com/mundo/como-funciona-el-canal-panama-y-que-el-potente-fenomeno-el-nino-afecta-tanto-su-operacion-n1599013"", ""medio"": ""mdzol.com"", ""idioma"": ""es"", ""fecha_publicacion"": null, ""fecha_deteccion"": ""20260903T140000Z"", ""fecha_extraccion"": ""2026-10-06T18:46:40+00:00"", ""origen"": ""gdelt_doc:logistica"", ""descripcion"": null, ""alcance_texto"": ""titular_metadatos""}"
noticia,url_duplicada,url,https://www.prensa-latina.cu/2026/08/26/panama-invita-a-mongolia-y-japon-a-adherirse-a-tratado-canalero/,"{""titulo"": ""Panamá invita a Mongolia y Japón a adherirse a tratado canalero"", ""url"": ""https://www.prensa-latina.cu/2026/08/26/panama-invita-a-mongolia-y-japon-a-adherirse-a-tratado-canalero/"", ""medio"": ""prensa-latina.cu"", ""idioma"": ""es"", ""fecha_publicacion"": null, ""fecha_deteccion"": ""20260826T103000Z"", ""fecha_extraccion"": ""2026-10-06T18:46:40+00:00"", ""origen"": ""gdelt_doc:logistica"", ""descripcion"": null, ""alcance_texto"": ""titular_metadatos""}"
noticia,url_duplicada,url,https://www.prensa.com/economia/canal-suspende-reduccion-de-calado-ante-mejora-del-lago-gatun/,"{""titulo"": ""Canal suspende reducción de calado ante mejora del lago Gatún"", ""url"": ""https://www.prensa.com/economia/canal-suspende-reduccion-de-calado-ante-mejora-del-lago-gatun/"", ""medio"": ""prensa.com"", ""idioma"": ""es"", ""fecha_publicacion"": null, ""fecha_deteccion"": ""20260904T221500Z"", ""fecha_extraccion"": ""2026-10-06T18:46:40+00:00"", ""origen"": ""gdelt_doc:logistica"", ""descripcion"": null, ""alcance_texto"": ""titular_metadatos""}"
noticia,url_duplicada,url,https://www.prensa.com/economia/el-agua-vuelve-a-poner-al-canal-de-panama-bajo-presion-noviembre-sera-clave/,"{""titulo"": ""El agua vuelve a poner al Canal de Panamá bajo presión : noviembre será clave"", ""url"": ""https://www.prensa.com/economia/el-agua-vuelve-a-poner-al-canal-de-panama-bajo-presion-noviembre-sera-clave/"", ""medio"": ""prensa.com"", ""idioma"": ""es"", ""fecha_publicacion"": null, ""fecha_deteccion"": ""20260823T070000Z"", ""fecha_extraccion"": ""2026-10-06T18:46:40+00:00"", ""origen"": ""gdelt_doc:logistica"", ""descripcion"": null, ""alcance_texto"": ""titular_metadatos""}"
noticia,url_duplicada,url,https://www.clickondetroit.com/business/2026/09/07/first-female-administrator-in-the-panama-canals-history-takes-the-helm/,"{""titulo"": ""First female administrator in the Panama Canal history takes the helm"", ""url"": ""https://www.clickondetroit.com/business/2026/09/07/first-female-administrator-in-the-panama-canals-history-takes-the-helm/"", ""medio"": ""clickondetroit.com"", ""idioma"": ""en"", ""fecha_publicacion"": null, ""fecha_deteccion"": ""20260907T161500Z"", ""fecha_extraccion"": ""2026-10-06T18:46:40+00:00"", ""origen"": ""gdelt_doc:logistica"", ""descripcion"": null, ""alcance_texto"": ""titular_metadatos""}"
noticia,url_duplicada,url,https://www.therecord.com/business/first-female-administrator-in-the-panama-canal-s-history-takes-the-helm/article_f591e9a9-30f8-55e7-9c54-f9017eee77a1.html,"{""titulo"": ""First female administrator in the Panama Canal history takes the helm"", ""url"": ""https://www.therecord.com/business/first-female-administrator-in-the-panama-canal-s-history-takes-the-helm/article_f591e9a9-30f8-55e7-9c54-f9017eee77a1.html"", ""medio"": ""therecord.com"", ""idioma"": ""en"", ""fecha_publicacion"": null, ""fecha_deteccion"": ""20260907T161500Z"", ""fecha_extraccion"": ""2026-10-06T18:46:40+00:00"", ""origen"": ""gdelt_doc:logistica"", ""descripcion"": null, ""alcance_texto"": ""titular_metadatos""}"
noticia,url_duplicada,url,https://www.elvocero.com/economia/anticipan-posibles-alzas-y-retrasos-en-mercanc-a-procedente-de-asia/article_162483fb-293f-491d-b554-770065db64b0.html,"{""titulo"": ""Anticipan posibles alzas y retrasos en mercancía de Asia | Economía"", ""url"": ""https://www.elvocero.com/economia/anticipan-posibles-alzas-y-retrasos-en-mercanc-a-procedente-de-asia/article_162483fb-293f-491d-b554-770065db64b0.html"", ""medio"": ""elvocero.com"", ""idioma"": ""es"", ""fecha_publicacion"": null, ""fecha_deteccion"": ""20260901T101500Z"", ""fecha_extraccion"": ""2026-10-06T18:46:40+00:00"", ""origen"": ""gdelt_doc:logistica"", ""descripcion"": null, ""alcance_texto"": ""titular_metadatos""}"
noticia,url_duplicada,url,https://newsroompanama.com/2026/09/05/panamas-ilya-espino-de-marotta-will-make-history-this-monday-as-the-first-woman-in-charge-of-the-canal/,"{""titulo"": ""Panama Ilya Espino de Marotta will Make History this Monday as the First Woman in Charge of the Canal ."", ""url"": ""https://newsroompanama.com/2026/09/05/panamas-ilya-espino-de-marotta-will-make-history-this-monday-as-the-first-woman-in-charge-of-the-canal/"", ""medio"": ""newsroompanama.com"", ""idioma"": ""en"", ""fecha_publicacion"": null, ""fecha_deteccion"": ""20260906T050000Z"", ""fecha_extraccion"": ""2026-10-06T18:46:40+00:00"", ""origen"": ""gdelt_doc:logistica"", ""descripcion"": null, ""alcance_texto"": ""titular_metadatos""}"
noticia,url_duplicada,url,https://www.prensa-latina.cu/2026/09/07/primera-mujer-asume-administracion-del-canal-de-panama/,"{""titulo"": ""Primera mujer asume administración del Canal de Panamá - Noticias Prensa Latina"", ""url"": ""https://www.prensa-latina.cu/2026/09/07/primera-mujer-asume-administracion-del-canal-de-panama/"", ""medio"": ""prensa-latina.cu"", ""idioma"": ""es"", ""fecha_publicacion"": null, ""fecha_deteccion"": ""20260907T051500Z"", ""fecha_extraccion"": ""2026-10-06T18:46:40+00:00"", ""origen"": ""gdelt_doc:logistica"", ""descripcion"": null, ""alcance_texto"": ""titular_metadatos""}"
noticia,url_duplicada,url,https://www.newsweekjapan.jp/articles/-/332609,"{""titulo"": ""エルニーニョで株価上昇 ？ 好決算に沸く海運株 「 商船三井 」 は上場来高値に迫る | ニューズウィーク日本版 オフィシャルサイト"", ""url"": ""https://www.newsweekjapan.jp/articles/-/332609"", ""medio"": ""newsweekjapan.jp"", ""idioma"": ""japanese"", ""fecha_publicacion"": null, ""fecha_deteccion"": ""20260829T021500Z"", ""fecha_extraccion"": ""2026-10-06T18:46:40+00:00"", ""origen"": ""gdelt_doc:logistica"", ""descripcion"": null, ""alcance_texto"": ""titular_metadatos""}"
noticia,url_duplicada,url,https://www.diaadia.com.pa/el-pais/la-ingeniera-marina-ilya-espino-asume-como-la-primera-mujer-al-frente-del-canal-de-panama,"{""titulo"": ""La ingeniera marina Ilya Espino asume como la primera mujer al frente del Canal de Panamá"", ""url"": ""https://www.diaadia.com.pa/el-pais/la-ingeniera-marina-ilya-espino-asume-como-la-primera-mujer-al-frente-del-canal-de-panama"", ""medio"": ""diaadia.com.pa"", ""idioma"": ""es"", ""fecha_publicacion"": null, ""fecha_deteccion"": ""20260907T184500Z"", ""fecha_extraccion"": ""2026-10-06T18:46:40+00:00"", ""origen"": ""gdelt_doc:logistica"", ""descripcion"": null, ""alcance_texto"": ""titular_metadatos""}"
noticia,url_duplicada,url,https://blog.wenxuecity.com/myblog/82012/202608/23192.html,"{""titulo"": ""旅行日志 2026 - 08 - 27 08 - 28 纽瓦克飞往瓜亚基尔 - 博客"", ""url"": ""https://blog.wenxuecity.com/myblog/82012/202608/23192.html"", ""medio"": ""blog.wenxuecity.com"", ""idioma"": ""chinese"", ""fecha_publicacion"": null, ""fecha_deteccion"": ""20260829T034500Z"", ""fecha_extraccion"": ""2026-10-06T18:46:40+00:00"", ""origen"": ""gdelt_doc:logistica"", ""descripcion"": null, ""alcance_texto"": ""titular_metadatos""}"
noticia,url_duplicada,url,https://www.critica.com.pa/nacional/panama-adquiere-la-totalidad-de-un-oleoducto-transistmico-515731,"{""titulo"": ""Panamá adquiere la totalidad de un oleoducto transístmico"", ""url"": ""https://www.critica.com.pa/nacional/panama-adquiere-la-totalidad-de-un-oleoducto-transistmico-515731"", ""medio"": ""critica.com.pa"", ""idioma"": ""es"", ""fecha_publicacion"": null, ""fecha_deteccion"": ""20260903T054500Z"", ""fecha_extraccion"": ""2026-10-06T18:46:40+00:00"", ""origen"": ""gdelt_doc:logistica"", ""descripcion"": null, ""alcance_texto"": ""titular_metadatos""}"
noticia,url_duplicada,url,https://slguardian.org/the-panama-canal-is-running-dry/,"{""titulo"": ""The Panama Canal Is Running Dry"", ""url"": ""https://slguardian.org/the-panama-canal-is-running-dry/"", ""medio"": ""slguardian.org"", ""idioma"": ""en"", ""fecha_publicacion"": null, ""fecha_deteccion"": ""20260823T110000Z"", ""fecha_extraccion"": ""2026-10-06T18:46:40+00:00"", ""origen"": ""gdelt_doc:logistica"", ""descripcion"": null, ""alcance_texto"": ""titular_metadatos""}"
noticia,url_duplicada,url,https://www.n-tv.de/ticker/Panama-und-El-Salvador-rufen-Duerre-Alarm-aus-id31234603.html,"{""titulo"": ""Wegen El - Niño - Trockenheit : Panama und El Salvador rufen Dürre - Alarm aus"", ""url"": ""https://www.n-tv.de/ticker/Panama-und-El-Salvador-rufen-Duerre-Alarm-aus-id31234603.html"", ""medio"": ""n-tv.de"", ""idioma"": ""german"", ""fecha_publicacion"": null, ""fecha_deteccion"": ""20260826T121500Z"", ""fecha_extraccion"": ""2026-10-06T18:46:40+00:00"", ""origen"": ""gdelt_doc:logistica"", ""descripcion"": null, ""alcance_texto"": ""titular_metadatos""}"
noticia,url_duplicada,url,https://www.eluniverso.com/noticias/politica/daniel-noboa-y-jose-mulino-se-reunieron-en-guayaquil-comercio-inversion-y-seguridad-marcaron-la-agenda-nota/,"{""titulo"": ""Daniel Noboa y José Mulino se reunieron en Guayaquil : comercio , inversión y seguridad marcaron la agenda"", ""url"": ""https://www.eluniverso.com/noticias/politica/daniel-noboa-y-jose-mulino-se-reunieron-en-guayaquil-comercio-inversion-y-seguridad-marcaron-la-agenda-nota/"", ""medio"": ""eluniverso.com"", ""idioma"": ""es"", ""fecha_publicacion"": null, ""fecha_deteccion"": ""20260904T203000Z"", ""fecha_extraccion"": ""2026-10-06T18:46:40+00:00"", ""origen"": ""gdelt_doc:logistica"", ""descripcion"": null, ""alcance_texto"": ""titular_metadatos""}"
noticia,url_duplicada,url,https://www.prensa.com/economia/canal-estima-aportar-3608-millones-al-estado-en-el-ano-fiscal-2027/,"{""titulo"": ""Ilya Espino presenta presupuesto del Canal con aportes de $3 , 607 . 8 millones al Estado"", ""url"": ""https://www.prensa.com/economia/canal-estima-aportar-3608-millones-al-estado-en-el-ano-fiscal-2027/"", ""medio"": ""prensa.com"", ""idioma"": ""es"", ""fecha_publicacion"": null, ""fecha_deteccion"": ""20260902T020000Z"", ""fecha_extraccion"": ""2026-10-06T18:46:40+00:00"", ""origen"": ""gdelt_doc:logistica"", ""descripcion"": null, ""alcance_texto"": ""titular_metadatos""}"
noticia,url_duplicada,url,https://www.riotimesonline.com/panama-canal-investment-mulino-new-york-citi-2026/,"{""titulo"": ""Panama Canal Investment Plan Pitched to New York Investors"", ""url"": ""https://www.riotimesonline.com/panama-canal-investment-mulino-new-york-citi-2026/"", ""medio"": ""riotimesonline.com"", ""idioma"": ""en"", ""fecha_publicacion"": null, ""fecha_deteccion"": ""20260922T110000Z"", ""fecha_extraccion"": ""2026-10-06T18:46:40+00:00"", ""origen"": ""gdelt_doc:logistica"", ""descripcion"": null, ""alcance_texto"": ""titular_metadatos""}"
noticia,url_duplicada,url,https://finance.sina.com.cn/stock/usstock/c/2026-09-28/doc-initkhxe2921635.shtml,"{""titulo"": ""巴拿马经济强劲复苏 外资重返债券市场"", ""url"": ""https://finance.sina.com.cn/stock/usstock/c/2026-09-28/doc-initkhxe2921635.shtml"", ""medio"": ""finance.sina.com.cn"", ""idioma"": ""chinese"", ""fecha_publicacion"": null, ""fecha_deteccion"": ""20260928T071500Z"", ""fecha_extraccion"": ""2026-10-06T18:46:40+00:00"", ""origen"": ""gdelt_doc:logistica"", ""descripcion"": null, ""alcance_texto"": ""titular_metadatos""}"
noticia,url_duplicada,url,https://www.telemetro.com/nacionales/blackstone-y-ssa-marine-muestran-interes-nuevas-inversiones-panama-n6092809,"{""titulo"": ""Blackstone y SSA Marine muestran interés en nuevas inversiones en Panamá"", ""url"": ""https://www.telemetro.com/nacionales/blackstone-y-ssa-marine-muestran-interes-nuevas-inversiones-panama-n6092809"", ""medio"": ""telemetro.com"", ""idioma"": ""es"", ""fecha_publicacion"": null, ""fecha_deteccion"": ""20260924T031500Z"", ""fecha_extraccion"": ""2026-10-06T18:46:40+00:00"", ""origen"": ""gdelt_doc:logistica"", ""descripcion"": null, ""alcance_texto"": ""titular_metadatos""}"
noticia,url_duplicada,url,https://www.critica.com.pa/sucesos/panama-y-qatar-estrechan-lazos-con-la-mira-puesta-en-energia-y-negocios-517304,"{""titulo"": ""Panamá y Qatar estrechan lazos con la mira puesta en energía y negocios"", ""url"": ""https://www.critica.com.pa/sucesos/panama-y-qatar-estrechan-lazos-con-la-mira-puesta-en-energia-y-negocios-517304"", ""medio"": ""critica.com.pa"", ""idioma"": ""es"", ""fecha_publicacion"": null, ""fecha_deteccion"": ""20261001T020000Z"", ""fecha_extraccion"": ""2026-10-06T18:46:40+00:00"", ""origen"": ""gdelt_doc:logistica"", ""descripcion"": null, ""alcance_texto"": ""titular_metadatos""}"
noticia,url_duplicada,url,https://www.prensa.com/economia/sp-ratifica-el-grado-de-inversion-de-panama-en-bbb-y-mantiene-perspectiva-estable/,"{""titulo"": ""S & P ratifica el grado de inversión de Panamá en BBB - y mantiene perspectiva estable"", ""url"": ""https://www.prensa.com/economia/sp-ratifica-el-grado-de-inversion-de-panama-en-bbb-y-mantiene-perspectiva-estable/"", ""medio"": ""prensa.com"", ""idioma"": ""es"", ""fecha_publicacion"": null, ""fecha_deteccion"": ""20260923T074500Z"", ""fecha_extraccion"": ""2026-10-06T18:46:40+00:00"", ""origen"": ""gdelt_doc:logistica"", ""descripcion"": null, ""alcance_texto"": ""titular_metadatos""}"
noticia,url_duplicada,url,https://www.laestrella.com.pa/economia/sp-ratifica-grado-de-inversion-de-panama-en-bbb-y-mantiene-perspectiva-estable-dice-el-mef-AO25907968,"{""titulo"": ""S & P ratifica grado de inversión de Panamá en BBB - y mantiene perspectiva estable , dice el MEF"", ""url"": ""https://www.laestrella.com.pa/economia/sp-ratifica-grado-de-inversion-de-panama-en-bbb-y-mantiene-perspectiva-estable-dice-el-mef-AO25907968"", ""medio"": ""laestrella.com.pa"", ""idioma"": ""es"", ""fecha_publicacion"": null, ""fecha_deteccion"": ""20260923T044500Z"", ""fecha_extraccion"": ""2026-10-06T18:46:40+00:00"", ""origen"": ""gdelt_doc:logistica"", ""descripcion"": null, ""alcance_texto"": ""titular_metadatos""}"
noticia,url_duplicada,url,https://www.panamaamerica.com.pa/nacion/sp-global-ratifica-grado-de-inversion-de-panama-1266643,"{""titulo"": ""S & P Global ratifica grado de inversión de Panamá"", ""url"": ""https://www.panamaamerica.com.pa/nacion/sp-global-ratifica-grado-de-inversion-de-panama-1266643"", ""medio"": ""panamaamerica.com.pa"", ""idioma"": ""es"", ""fecha_publicacion"": null, ""fecha_deteccion"": ""20260923T054500Z"", ""fecha_extraccion"": ""2026-10-06T18:46:40+00:00"", ""origen"": ""gdelt_doc:logistica"", ""descripcion"": null, ""alcance_texto"": ""titular_metadatos""}"
noticia,url_duplicada,url,https://www.laestrella.com.pa/mundo/america/mulino-y-sanchez-conversan-sobre-rio-indio-nuevos-puertos-y-cooperacion-bilateral-KG25895294,"{""titulo"": ""Mulino y Sánchez conversan sobre Río Indio , nuevos puertos y cooperación bilateral"", ""url"": ""https://www.laestrella.com.pa/mundo/america/mulino-y-sanchez-conversan-sobre-rio-indio-nuevos-puertos-y-cooperacion-bilateral-KG25895294"", ""medio"": ""laestrella.com.pa"", ""idioma"": ""es"", ""fecha_publicacion"": null, ""fecha_deteccion"": ""20260922T194500Z"", ""fecha_extraccion"": ""2026-10-06T18:46:40+00:00"", ""origen"": ""gdelt_doc:logistica"", ""descripcion"": null, ""alcance_texto"": ""titular_metadatos""}"
noticia,url_duplicada,url,https://finance.eastmoney.com/a/202609223881467683.html,"{""titulo"": ""全球海运费迎来新一轮跳涨 ： 同比升201 % 美东线破1万美元 _ 东方财富网"", ""url"": ""https://finance.eastmoney.com/a/202609223881467683.html"", ""medio"": ""finance.eastmoney.com"", ""idioma"": ""chinese"", ""fecha_publicacion"": null, ""fecha_deteccion"": ""20260923T010000Z"", ""fecha_extraccion"": ""2026-10-06T18:46:40+00:00"", ""origen"": ""gdelt_doc:logistica"", ""descripcion"": null, ""alcance_texto"": ""titular_metadatos""}"
noticia,url_duplicada,url,https://www.diaadia.com.pa/el-pais/la-calificadora-sp-ratifica-panama-el-grado-de-inversion-bbb-con-perspectiva-estable-791715,"{""titulo"": ""La calificadora S & P ratifica a Panamá el grado de inversión BBB - con perspectiva estable"", ""url"": ""https://www.diaadia.com.pa/el-pais/la-calificadora-sp-ratifica-panama-el-grado-de-inversion-bbb-con-perspectiva-estable-791715"", ""medio"": ""diaadia.com.pa"", ""idioma"": ""es"", ""fecha_publicacion"": null, ""fecha_deteccion"": ""20260923T220000Z"", ""fecha_extraccion"": ""2026-10-06T18:46:40+00:00"", ""origen"": ""gdelt_doc:logistica"", ""descripcion"": null, ""alcance_texto"": ""titular_metadatos""}"
noticia,url_duplicada,url,https://www.diaadia.com.pa/el-pais/presidente-de-espana-reitera-importancia-de-panama-en-el-bloque-de-iberoamerica-tras,"{""titulo"": ""Presidente de España reitera importancia de Panamá en el bloque de Iberoamérica tras encuentro con Mulino"", ""url"": ""https://www.diaadia.com.pa/el-pais/presidente-de-espana-reitera-importancia-de-panama-en-el-bloque-de-iberoamerica-tras"", ""medio"": ""diaadia.com.pa"", ""idioma"": ""es"", ""fecha_publicacion"": null, ""fecha_deteccion"": ""20260922T230000Z"", ""fecha_extraccion"": ""2026-10-06T18:46:40+00:00"", ""origen"": ""gdelt_doc:logistica"", ""descripcion"": null, ""alcance_texto"": ""titular_metadatos""}"
noticia,url_duplicada,url,https://www.critica.com.pa/nacional/panama-mantiene-calificacion-bbb-mientras-sp-proyecta-crecimiento-de-45-516847,"{""titulo"": ""Panamá mantiene calificación BBB - mientras S & P proyecta crecimiento de 4 . 5 %"", ""url"": ""https://www.critica.com.pa/nacional/panama-mantiene-calificacion-bbb-mientras-sp-proyecta-crecimiento-de-45-516847"", ""medio"": ""critica.com.pa"", ""idioma"": ""es"", ""fecha_publicacion"": null, ""fecha_deteccion"": ""20260923T040000Z"", ""fecha_extraccion"": ""2026-10-06T18:46:40+00:00"", ""origen"": ""gdelt_doc:logistica"", ""descripcion"": null, ""alcance_texto"": ""titular_metadatos""}"
noticia,url_duplicada,url,https://www.panamaamerica.com.pa/economia/mulino-se-reune-en-nueva-york-con-blackstone-y-ssa-marine-para-impulsar-inversiones-en-el,"{""titulo"": ""Mulino se reúne en Nueva York con Blackstone y SSA Marine para impulsar inversiones en el Canal"", ""url"": ""https://www.panamaamerica.com.pa/economia/mulino-se-reune-en-nueva-york-con-blackstone-y-ssa-marine-para-impulsar-inversiones-en-el"", ""medio"": ""panamaamerica.com.pa"", ""idioma"": ""es"", ""fecha_publicacion"": null, ""fecha_deteccion"": ""20260924T014500Z"", ""fecha_extraccion"": ""2026-10-06T18:46:40+00:00"", ""origen"": ""gdelt_doc:logistica"", ""descripcion"": null, ""alcance_texto"": ""titular_metadatos""}"
noticia,url_duplicada,url,https://www.diaadia.com.pa/el-pais/mulino-confirma-encuentro-en-panama-con-lideres-mundiales-de-energia-y-logistica-791717,"{""titulo"": ""Mulino confirma encuentro en Panamá con líderes mundiales de energía y logística"", ""url"": ""https://www.diaadia.com.pa/el-pais/mulino-confirma-encuentro-en-panama-con-lideres-mundiales-de-energia-y-logistica-791717"", ""medio"": ""diaadia.com.pa"", ""idioma"": ""es"", ""fecha_publicacion"": null, ""fecha_deteccion"": ""20260923T220000Z"", ""fecha_extraccion"": ""2026-10-06T18:46:40+00:00"", ""origen"": ""gdelt_doc:logistica"", ""descripcion"": null, ""alcance_texto"": ""titular_metadatos""}"
noticia,url_duplicada,url,https://www.diaadia.com.pa/el-pais/mulino-confirma-encuentro-en-panama-con-lideres-mundiales-de-energia-y-logistica-791716,"{""titulo"": ""Mulino confirma encuentro en Panamá con líderes mundiales de energía y logística"", ""url"": ""https://www.diaadia.com.pa/el-pais/mulino-confirma-encuentro-en-panama-con-lideres-mundiales-de-energia-y-logistica-791716"", ""medio"": ""diaadia.com.pa"", ""idioma"": ""es"", ""fecha_publicacion"": null, ""fecha_deteccion"": ""20260924T074500Z"", ""fecha_extraccion"": ""2026-10-06T18:46:40+00:00"", ""origen"": ""gdelt_doc:logistica"", ""descripcion"": null, ""alcance_texto"": ""titular_metadatos""}"
noticia,url_duplicada,url,https://www.prensa.com/economia/las-razones-y-advertencias-de-sp-para-mantener-el-grado-de-inversion-a-panama/,"{""titulo"": ""Las razones y advertencias de S & P para mantener el grado de inversión a Panamá"", ""url"": ""https://www.prensa.com/economia/las-razones-y-advertencias-de-sp-para-mantener-el-grado-de-inversion-a-panama/"", ""medio"": ""prensa.com"", ""idioma"": ""es"", ""fecha_publicacion"": null, ""fecha_deteccion"": ""20260923T194500Z"", ""fecha_extraccion"": ""2026-10-06T18:46:40+00:00"", ""origen"": ""gdelt_doc:logistica"", ""descripcion"": null, ""alcance_texto"": ""titular_metadatos""}"
noticia,url_duplicada,url,https://www.critica.com.pa/nacional/mulino-frente-banqueros-no-soy-populistaestamos-poniendo-la-casa-en-orden-516931,"{""titulo"": ""Mulino frente a banqueros : No soy populista ... Estamos poniendo la casa en orden"", ""url"": ""https://www.critica.com.pa/nacional/mulino-frente-banqueros-no-soy-populistaestamos-poniendo-la-casa-en-orden-516931"", ""medio"": ""critica.com.pa"", ""idioma"": ""es"", ""fecha_publicacion"": null, ""fecha_deteccion"": ""20260924T231500Z"", ""fecha_extraccion"": ""2026-10-06T18:46:40+00:00"", ""origen"": ""gdelt_doc:logistica"", ""descripcion"": null, ""alcance_texto"": ""titular_metadatos""}"
noticia,url_duplicada,url,https://www.laestrella.com.pa/economia/inversiones-en-espana-hay-mucho-interes-por-panama-asegura-molto-BI25873323,"{""titulo"": ""Inversiones : En España , hay mucho interés por Panamá , asegura Moltó"", ""url"": ""https://www.laestrella.com.pa/economia/inversiones-en-espana-hay-mucho-interes-por-panama-asegura-molto-BI25873323"", ""medio"": ""laestrella.com.pa"", ""idioma"": ""es"", ""fecha_publicacion"": null, ""fecha_deteccion"": ""20260922T003000Z"", ""fecha_extraccion"": ""2026-10-06T18:46:40+00:00"", ""origen"": ""gdelt_doc:logistica"", ""descripcion"": null, ""alcance_texto"": ""titular_metadatos""}"
noticia,url_duplicada,url,https://www.prensa.com/economia/consorcios-blackstone-y-ssa-marine-ponen-la-mira-en-nuevos-puertos-panamenos-y-proyectos-en-el-canal/,"{""titulo"": ""Consorcios Blackstone y SSA Marine ponen la mira en nuevos puertos panameños y proyectos en el Canal"", ""url"": ""https://www.prensa.com/economia/consorcios-blackstone-y-ssa-marine-ponen-la-mira-en-nuevos-puertos-panamenos-y-proyectos-en-el-canal/"", ""medio"": ""prensa.com"", ""idioma"": ""es"", ""fecha_publicacion"": null, ""fecha_deteccion"": ""20260924T033000Z"", ""fecha_extraccion"": ""2026-10-06T18:46:40+00:00"", ""origen"": ""gdelt_doc:logistica"", ""descripcion"": null, ""alcance_texto"": ""titular_metadatos""}"
noticia,url_duplicada,url,https://www.panamaamerica.com.pa/sociedad/foro-de-columbia-university-resalta-la-vision-de-mulino-y-la-competitividad-logistica-de,"{""titulo"": ""Foro de Columbia University resalta la visión de Mulino y la competitividad logística de Panamá"", ""url"": ""https://www.panamaamerica.com.pa/sociedad/foro-de-columbia-university-resalta-la-vision-de-mulino-y-la-competitividad-logistica-de"", ""medio"": ""panamaamerica.com.pa"", ""idioma"": ""es"", ""fecha_publicacion"": null, ""fecha_deteccion"": ""20260923T011500Z"", ""fecha_extraccion"": ""2026-10-06T18:46:40+00:00"", ""origen"": ""gdelt_doc:logistica"", ""descripcion"": null, ""alcance_texto"": ""titular_metadatos""}"
noticia,url_duplicada,url,https://www.panamaamerica.com.pa/sociedad/la-pobreza-no-solo-sera-economica-1266883,"{""titulo"": ""La pobreza no solo será económica | Panamá América"", ""url"": ""https://www.panamaamerica.com.pa/sociedad/la-pobreza-no-solo-sera-economica-1266883"", ""medio"": ""panamaamerica.com.pa"", ""idioma"": ""es"", ""fecha_publicacion"": null, ""fecha_deteccion"": ""20260930T074500Z"", ""fecha_extraccion"": ""2026-10-06T18:46:40+00:00"", ""origen"": ""gdelt_doc:logistica"", ""descripcion"": null, ""alcance_texto"": ""titular_metadatos""}"
noticia,url_duplicada,url,https://newsroompanama.com/2026/09/22/on-this-occasion-of-the-un-general-assembly-mulino-and-his-cabinet-are-working-from-new-york/,"{""titulo"": ""On this Occasion of the UN General Assembly , Mulino and his Cabinet are Working from New York ."", ""url"": ""https://newsroompanama.com/2026/09/22/on-this-occasion-of-the-un-general-assembly-mulino-and-his-cabinet-are-working-from-new-york/"", ""medio"": ""newsroompanama.com"", ""idioma"": ""en"", ""fecha_publicacion"": null, ""fecha_deteccion"": ""20260923T054500Z"", ""fecha_extraccion"": ""2026-10-06T18:46:40+00:00"", ""origen"": ""gdelt_doc:logistica"", ""descripcion"": null, ""alcance_texto"": ""titular_metadatos""}"
noticia,url_duplicada,url,https://mire.gob.pa/presidente-mulino-recibe-a-altos-delegados-del-estado-de-qatar/,"{""titulo"": ""Presidente Mulino recibe a altos delegados del Estado de Qatar – Ministerio de Relaciones exteriores"", ""url"": ""https://mire.gob.pa/presidente-mulino-recibe-a-altos-delegados-del-estado-de-qatar/"", ""medio"": ""mire.gob.pa"", ""idioma"": ""es"", ""fecha_publicacion"": null, ""fecha_deteccion"": ""20260930T231500Z"", ""fecha_extraccion"": ""2026-10-06T18:46:40+00:00"", ""origen"": ""gdelt_doc:logistica"", ""descripcion"": null, ""alcance_texto"": ""titular_metadatos""}"
noticia,url_duplicada,url,https://actualidad.rt.com/actualidad/629007-cobre-bate-records-gigantesca-mina-panama,"{""titulo"": ""El cobre bate récords , pero la gigantesca mina de Panamá sigue cerrada : ¿ por qué ?"", ""url"": ""https://actualidad.rt.com/actualidad/629007-cobre-bate-records-gigantesca-mina-panama"", ""medio"": ""actualidad.rt.com"", ""idioma"": ""es"", ""fecha_publicacion"": null, ""fecha_deteccion"": ""20260923T194500Z"", ""fecha_extraccion"": ""2026-10-06T18:46:40+00:00"", ""origen"": ""gdelt_doc:logistica"", ""descripcion"": null, ""alcance_texto"": ""titular_metadatos""}"
noticia,url_duplicada,url,https://nuevaya.com.ni/internacionales/panama-se-consolida-como-uno-de-los-mercados-de-entretenimiento-digital-de-centroamerica/,"{""titulo"": ""Panamá se consolida como uno de los mercados de entretenimiento digital de Centroamérica"", ""url"": ""https://nuevaya.com.ni/internacionales/panama-se-consolida-como-uno-de-los-mercados-de-entretenimiento-digital-de-centroamerica/"", ""medio"": ""nuevaya.com.ni"", ""idioma"": ""es"", ""fecha_publicacion"": null, ""fecha_deteccion"": ""20260928T153000Z"", ""fecha_extraccion"": ""2026-10-06T18:46:40+00:00"", ""origen"": ""gdelt_doc:logistica"", ""descripcion"": null, ""alcance_texto"": ""titular_metadatos""}"
noticia,url_duplicada,url,https://www.prensa.com/opinion/el-tigre-dormido-como-panama-puede-recuperar-el-milagro-economico-americano/,"{""titulo"": ""¿ El Tigre dormido ? Cómo Panamá puede recuperar el milagro económico americano"", ""url"": ""https://www.prensa.com/opinion/el-tigre-dormido-como-panama-puede-recuperar-el-milagro-economico-americano/"", ""medio"": ""prensa.com"", ""idioma"": ""es"", ""fecha_publicacion"": null, ""fecha_deteccion"": ""20261001T021500Z"", ""fecha_extraccion"": ""2026-10-06T18:46:40+00:00"", ""origen"": ""gdelt_doc:logistica"", ""descripcion"": null, ""alcance_texto"": ""titular_metadatos""}"
noticia,url_duplicada,url,https://www.prensa.com/economia/la-deuda-publica-llegara-a-64000-millones-en-2027-crecera-a-un-ritmo-mas-lento/,"{""titulo"": ""La deuda pública llegará a $64 , 000 millones en 2027 ; crecerá a un ritmo más lento"", ""url"": ""https://www.prensa.com/economia/la-deuda-publica-llegara-a-64000-millones-en-2027-crecera-a-un-ritmo-mas-lento/"", ""medio"": ""prensa.com"", ""idioma"": ""es"", ""fecha_publicacion"": null, ""fecha_deteccion"": ""20260928T233000Z"", ""fecha_extraccion"": ""2026-10-06T18:46:40+00:00"", ""origen"": ""gdelt_doc:logistica"", ""descripcion"": null, ""alcance_texto"": ""titular_metadatos""}"
noticia,url_duplicada,url,https://www.revistaeyn.com/centroamericaymundo/sp-ratifica-a-panama-el-grado-de-inversion-bbb-con-perspectiva-estable-BB32118977,"{""titulo"": ""S & P ratifica a Panamá el grado de inversión BBB - con perspectiva estable"", ""url"": ""https://www.revistaeyn.com/centroamericaymundo/sp-ratifica-a-panama-el-grado-de-inversion-bbb-con-perspectiva-estable-BB32118977"", ""medio"": ""revistaeyn.com"", ""idioma"": ""es"", ""fecha_publicacion"": null, ""fecha_deteccion"": ""20260923T200000Z"", ""fecha_extraccion"": ""2026-10-06T18:46:40+00:00"", ""origen"": ""gdelt_doc:logistica"", ""descripcion"": null, ""alcance_texto"": ""titular_metadatos""}"
noticia,url_duplicada,url,https://wisata.viva.co.id/wisata/30477-promosi-indonesia-di-palace-of-fine-arts-san-francisco-ada-gamelan-hingga-kopi-nusantara,"{""titulo"": ""Promosi Indonesia di Palace of Fine Arts San Francisco , Ada Gamelan hingga Kopi Nusantara"", ""url"": ""https://wisata.viva.co.id/wisata/30477-promosi-indonesia-di-palace-of-fine-arts-san-francisco-ada-gamelan-hingga-kopi-nusantara"", ""medio"": ""wisata.viva.co.id"", ""idioma"": ""indonesian"", ""fecha_publicacion"": null, ""fecha_deteccion"": ""20260922T043000Z"", ""fecha_extraccion"": ""2026-10-06T18:46:40+00:00"", ""origen"": ""gdelt_doc:logistica"", ""descripcion"": null, ""alcance_texto"": ""titular_metadatos""}"
noticia,url_duplicada,url,https://mire.gob.pa/presidente-de-espana-reitera-importancia-de-panama-en-el-bloque-de-iberoamerica-tras-encuentro-con-mulino/,"{""titulo"": ""Presidente de España reitera importancia de Panamá en el bloque de Iberoamérica tras encuentro con Mulino – Ministerio de Relaciones exteriores"", ""url"": ""https://mire.gob.pa/presidente-de-espana-reitera-importancia-de-panama-en-el-bloque-de-iberoamerica-tras-encuentro-con-mulino/"", ""medio"": ""mire.gob.pa"", ""idioma"": ""es"", ""fecha_publicacion"": null, ""fecha_deteccion"": ""20260923T003000Z"", ""fecha_extraccion"": ""2026-10-06T18:46:40+00:00"", ""origen"": ""gdelt_doc:logistica"", ""descripcion"": null, ""alcance_texto"": ""titular_metadatos""}"
noticia,url_duplicada,url,https://www.prensa.com/politica/mulino-y-medio-gabinete-despachan-desde-nueva-york-con-motivo-de-la-asamblea-general-de-la-onu/,"{""titulo"": ""Mulino y medio gabinete despachan desde Nueva York , con motivo de la Asamblea General de la ONU"", ""url"": ""https://www.prensa.com/politica/mulino-y-medio-gabinete-despachan-desde-nueva-york-con-motivo-de-la-asamblea-general-de-la-onu/"", ""medio"": ""prensa.com"", ""idioma"": ""es"", ""fecha_publicacion"": null, ""fecha_deteccion"": ""20260923T033000Z"", ""fecha_extraccion"": ""2026-10-06T18:46:40+00:00"", ""origen"": ""gdelt_doc:logistica"", ""descripcion"": null, ""alcance_texto"": ""titular_metadatos""}"
noticia,url_duplicada,url,https://fortune.com/2026/09/29/anthropic-ipo-s-1-prospectus-income-statement/,"{""titulo"": ""Anthropic $2 trillion IPO S - 1 prospectus has leaked and it shows steep losses"", ""url"": ""https://fortune.com/2026/09/29/anthropic-ipo-s-1-prospectus-income-statement/"", ""medio"": ""fortune.com"", ""idioma"": ""en"", ""fecha_publicacion"": null, ""fecha_deteccion"": ""20260929T114500Z"", ""fecha_extraccion"": ""2026-10-06T18:46:40+00:00"", ""origen"": ""gdelt_doc:logistica"", ""descripcion"": null, ""alcance_texto"": ""titular_metadatos""}"
noticia,url_duplicada,url,https://www.riotimesonline.com/panama-energy-law-reform-debate-continues-2026/,"{""titulo"": ""Panama Energy Law Reform Back in Committee Debate"", ""url"": ""https://www.riotimesonline.com/panama-energy-law-reform-debate-continues-2026/"", ""medio"": ""riotimesonline.com"", ""idioma"": ""en"", ""fecha_publicacion"": null, ""fecha_deteccion"": ""20260930T184500Z"", ""fecha_extraccion"": ""2026-10-06T18:46:40+00:00"", ""origen"": ""gdelt_doc:logistica"", ""descripcion"": null, ""alcance_texto"": ""titular_metadatos""}"
noticia,url_duplicada,url,https://nepszava.hu/3333488_rendkivuli-figyelmeztetes-erkezett-valsagban-a-globalis-hajozas-szabalyrendszere,"{""titulo"": ""Rendkívüli figyelmeztetés érkezett : válságban a globális hajózás szabályrendszere"", ""url"": ""https://nepszava.hu/3333488_rendkivuli-figyelmeztetes-erkezett-valsagban-a-globalis-hajozas-szabalyrendszere"", ""medio"": ""nepszava.hu"", ""idioma"": ""hungarian"", ""fecha_publicacion"": null, ""fecha_deteccion"": ""20260924T221500Z"", ""fecha_extraccion"": ""2026-10-06T18:46:40+00:00"", ""origen"": ""gdelt_doc:logistica"", ""descripcion"": null, ""alcance_texto"": ""titular_metadatos""}"
noticia,url_duplicada,url,https://www.teletica.com/de-la-a-a-la-z/disputa-geoestrategica-en-america-latina_417959,"{""titulo"": ""Disputa geoestratégica en América Latina"", ""url"": ""https://www.teletica.com/de-la-a-a-la-z/disputa-geoestrategica-en-america-latina_417959"", ""medio"": ""teletica.com"", ""idioma"": ""es"", ""fecha_publicacion"": null, ""fecha_deteccion"": ""20260925T011500Z"", ""fecha_extraccion"": ""2026-10-06T18:46:40+00:00"", ""origen"": ""gdelt_doc:logistica"", ""descripcion"": null, ""alcance_texto"": ""titular_metadatos""}"
noticia,url_duplicada,url,https://www.ibtimes.com/el-nino-has-reached-historical-magnitude-un-warning-about-impact-latin-american-economies-3807812,"{""titulo"": ""El Niño Has Reached a Historical Magnitude . The UN Is Warning About The Impact To Latin American Economies ."", ""url"": ""https://www.ibtimes.com/el-nino-has-reached-historical-magnitude-un-warning-about-impact-latin-american-economies-3807812"", ""medio"": ""ibtimes.com"", ""idioma"": ""en"", ""fecha_publicacion"": null, ""fecha_deteccion"": ""20260923T201500Z"", ""fecha_extraccion"": ""2026-10-06T18:46:40+00:00"", ""origen"": ""gdelt_doc:logistica"", ""descripcion"": null, ""alcance_texto"": ""titular_metadatos""}"
noticia,url_duplicada,url,https://finance.eastmoney.com/a/202609293885741594.html,"{""titulo"": ""新华财经早报 ： 9月29日 _ 东方财富网"", ""url"": ""https://finance.eastmoney.com/a/202609293885741594.html"", ""medio"": ""finance.eastmoney.com"", ""idioma"": ""chinese"", ""fecha_publicacion"": null, ""fecha_deteccion"": ""20260929T004500Z"", ""fecha_extraccion"": ""2026-10-06T18:46:40+00:00"", ""origen"": ""gdelt_doc:logistica"", ""descripcion"": null, ""alcance_texto"": ""titular_metadatos""}"
noticia,url_duplicada,url,https://spectator.org/trumps-greenland-agreement-is-the-art-of-the-deal-in-action/,"{""titulo"": ""Trump Greenland Agreement Is the Art of the Deal in Action | The American Spectator"", ""url"": ""https://spectator.org/trumps-greenland-agreement-is-the-art-of-the-deal-in-action/"", ""medio"": ""spectator.org"", ""idioma"": ""en"", ""fecha_publicacion"": null, ""fecha_deteccion"": ""20260925T074500Z"", ""fecha_extraccion"": ""2026-10-06T18:46:40+00:00"", ""origen"": ""gdelt_doc:logistica"", ""descripcion"": null, ""alcance_texto"": ""titular_metadatos""}"
noticia,url_duplicada,url,https://finance.eastmoney.com/a/202609293885616370.html,"{""titulo"": ""美股三大指数集体收跌 国际金价跌超4 %； 官方确认新iPhone存在 系统漏洞 ； 段永平再次买入茅台丨每经早参 _ 东方财富网"", ""url"": ""https://finance.eastmoney.com/a/202609293885616370.html"", ""medio"": ""finance.eastmoney.com"", ""idioma"": ""chinese"", ""fecha_publicacion"": null, ""fecha_deteccion"": ""20260928T224500Z"", ""fecha_extraccion"": ""2026-10-06T18:46:40+00:00"", ""origen"": ""gdelt_doc:logistica"", ""descripcion"": null, ""alcance_texto"": ""titular_metadatos""}"
noticia,url_duplicada,url,https://www.nbd.com.cn/articles/2026-09-28/4593934.html,"{""titulo"": ""美官员已同美伊调解方对话 ； 美股三大指数集体收跌 ， 国际金价跌超4 %； 官方确认新iPhone存在 系统漏洞 ； 段永平再次买入茅台丨每经早参"", ""url"": ""https://www.nbd.com.cn/articles/2026-09-28/4593934.html"", ""medio"": ""nbd.com.cn"", ""idioma"": ""chinese"", ""fecha_publicacion"": null, ""fecha_deteccion"": ""20260928T234500Z"", ""fecha_extraccion"": ""2026-10-06T18:46:40+00:00"", ""origen"": ""gdelt_doc:logistica"", ""descripcion"": null, ""alcance_texto"": ""titular_metadatos""}"
noticia,url_duplicada,url,https://www.sangbadpratidin.in/editorial/donald-trumps-greenland-deal/pid/1351220/,"{""titulo"": ""Donald Trumps Greenland Deal"", ""url"": ""https://www.sangbadpratidin.in/editorial/donald-trumps-greenland-deal/pid/1351220/"", ""medio"": ""sangbadpratidin.in"", ""idioma"": ""bengali"", ""fecha_publicacion"": null, ""fecha_deteccion"": ""20260922T154500Z"", ""fecha_extraccion"": ""2026-10-06T18:46:40+00:00"", ""origen"": ""gdelt_doc:logistica"", ""descripcion"": null, ""alcance_texto"": ""titular_metadatos""}"
noticia,url_duplicada,url,https://www.news247.gr/perivallon/el-ninio-epipedou-gkotzila-se-axartografita-nera-o-planitis/,"{""titulo"": ""Ελ Νίνιο επιπέδου Γκοτζίλα - Σε αχαρτογράφητα νερά ο πλανήτης"", ""url"": ""https://www.news247.gr/perivallon/el-ninio-epipedou-gkotzila-se-axartografita-nera-o-planitis/"", ""medio"": ""news247.gr"", ""idioma"": ""greek"", ""fecha_publicacion"": null, ""fecha_deteccion"": ""20260921T193000Z"", ""fecha_extraccion"": ""2026-10-06T18:46:40+00:00"", ""origen"": ""gdelt_doc:logistica"", ""descripcion"": null, ""alcance_texto"": ""titular_metadatos""}"
noticia,url_duplicada,url,https://news.ifeng.com/c/8wo3jNNSvi6,"{""titulo"": ""中东冲突如何外溢影响马六甲海峡 ？"", ""url"": ""https://news.ifeng.com/c/8wo3jNNSvi6"", ""medio"": ""news.ifeng.com"", ""idioma"": ""chinese"", ""fecha_publicacion"": null, ""fecha_deteccion"": ""20260930T004500Z"", ""fecha_extraccion"": ""2026-10-06T18:46:40+00:00"", ""origen"": ""gdelt_doc:logistica"", ""descripcion"": null, ""alcance_texto"": ""titular_metadatos""}"
noticia,url_duplicada,url,https://www.prensa.com/economia/citi-eleva-a-44-la-proyeccion-de-crecimiento-de-panama-para-2026/,"{""titulo"": ""Citi eleva a 4 . 4 % la proyección de crecimiento de Panamá para 2026"", ""url"": ""https://www.prensa.com/economia/citi-eleva-a-44-la-proyeccion-de-crecimiento-de-panama-para-2026/"", ""medio"": ""prensa.com"", ""idioma"": ""es"", ""fecha_publicacion"": null, ""fecha_deteccion"": ""20260713T053000Z"", ""fecha_extraccion"": ""2026-10-06T18:46:40+00:00"", ""origen"": ""gdelt_doc:panama"", ""descripcion"": null, ""alcance_texto"": ""titular_metadatos""}"
noticia,url_duplicada,url,https://www.cadena3.com/noticia/mundo/mexico-respalda-el-protocolo-de-neutralidad-del-canal-de-panama-en-encuentro-con-su-presidente_573379,"{""titulo"": ""México respalda el protocolo de neutralidad del Canal de Panamá en encuentro con su presidente"", ""url"": ""https://www.cadena3.com/noticia/mundo/mexico-respalda-el-protocolo-de-neutralidad-del-canal-de-panama-en-encuentro-con-su-presidente_573379"", ""medio"": ""cadena3.com"", ""idioma"": ""es"", ""fecha_publicacion"": null, ""fecha_deteccion"": ""20260715T220000Z"", ""fecha_extraccion"": ""2026-10-06T18:46:40+00:00"", ""origen"": ""gdelt_doc:panama"", ""descripcion"": null, ""alcance_texto"": ""titular_metadatos""}"
noticia,url_duplicada,url,https://www.sdpnoticias.com/internacional/sheinbaum-respalda-la-neutralidad-del-canal-de-panama-ante-jose-raul-mulino/,"{""titulo"": ""Sheinbaum respalda la neutralidad del Canal de Panamá ante José Raúl Mulino"", ""url"": ""https://www.sdpnoticias.com/internacional/sheinbaum-respalda-la-neutralidad-del-canal-de-panama-ante-jose-raul-mulino/"", ""medio"": ""sdpnoticias.com"", ""idioma"": ""es"", ""fecha_publicacion"": null, ""fecha_deteccion"": ""20260715T211500Z"", ""fecha_extraccion"": ""2026-10-06T18:46:40+00:00"", ""origen"": ""gdelt_doc:panama"", ""descripcion"": null, ""alcance_texto"": ""titular_metadatos""}"
noticia,url_duplicada,url,https://www.sdpnoticias.com/internacional/claudia-sheinbaum-recibio-en-palacio-nacional-a-jose-raul-mulino-presidente-de-panama/,"{""titulo"": ""Claudia Sheinbaum recibió en Palacio Nacional a José Raúl Mulino , presidente de Panamá"", ""url"": ""https://www.sdpnoticias.com/internacional/claudia-sheinbaum-recibio-en-palacio-nacional-a-jose-raul-mulino-presidente-de-panama/"", ""medio"": ""sdpnoticias.com"", ""idioma"": ""es"", ""fecha_publicacion"": null, ""fecha_deteccion"": ""20260715T211500Z"", ""fecha_extraccion"": ""2026-10-06T18:46:40+00:00"", ""origen"": ""gdelt_doc:panama"", ""descripcion"": null, ""alcance_texto"": ""titular_metadatos""}"
noticia,url_duplicada,url,https://www.yucatan.com.mx/mexico/2026/07/15/cooperacion-en-seguridad-y-economia-destacan-en-la-cumbre-mexico-panama.html,"{""titulo"": ""Cooperación en seguridad y economía destacan en la cumbre México - Panamá"", ""url"": ""https://www.yucatan.com.mx/mexico/2026/07/15/cooperacion-en-seguridad-y-economia-destacan-en-la-cumbre-mexico-panama.html"", ""medio"": ""yucatan.com.mx"", ""idioma"": ""es"", ""fecha_publicacion"": null, ""fecha_deteccion"": ""20260716T001500Z"", ""fecha_extraccion"": ""2026-10-06T18:46:40+00:00"", ""origen"": ""gdelt_doc:panama"", ""descripcion"": null, ""alcance_texto"": ""titular_metadatos""}"
noticia,url_duplicada,url,https://www.excelsior.com.mx/nacional/presidenta-claudia-sheinbaum-recibe-palacio-nacional-presidente-panama-jose-raul-mulino-quintero,"{""titulo"": ""La Presidenta Claudia Sheinbaum recibe en Palacio Nacional al presidente de Panamá , José Raúl Mulino Quintero"", ""url"": ""https://www.excelsior.com.mx/nacional/presidenta-claudia-sheinbaum-recibe-palacio-nacional-presidente-panama-jose-raul-mulino-quintero"", ""medio"": ""excelsior.com.mx"", ""idioma"": ""es"", ""fecha_publicacion"": null, ""fecha_deteccion"": ""20260715T203000Z"", ""fecha_extraccion"": ""2026-10-06T18:46:40+00:00"", ""origen"": ""gdelt_doc:panama"", ""descripcion"": null, ""alcance_texto"": ""titular_metadatos""}"
noticia,url_duplicada,url,http://www.elmanana.com/noticias/internacional/cooperacion-entre-mexico-y-panama-por-canal-de-panama/6161146,"{""titulo"": ""Cooperación entre México y Panamá por Canal de Panamá"", ""url"": ""http://www.elmanana.com/noticias/internacional/cooperacion-entre-mexico-y-panama-por-canal-de-panama/6161146"", ""medio"": ""elmanana.com"", ""idioma"": ""es"", ""fecha_publicacion"": null, ""fecha_deteccion"": ""20260715T230000Z"", ""fecha_extraccion"": ""2026-10-06T18:46:40+00:00"", ""origen"": ""gdelt_doc:panama"", ""descripcion"": null, ""alcance_texto"": ""titular_metadatos""}"
noticia,url_duplicada,url,https://www.am.com.mx/mundo/2026/07/15/sheinbaum-y-mulino-acuerdan-proteger-el-canal-de-panama-y-elevar-comercio-1820092.html,"{""titulo"": ""Canal Panamá : México respalda el protocolo de neutralidad"", ""url"": ""https://www.am.com.mx/mundo/2026/07/15/sheinbaum-y-mulino-acuerdan-proteger-el-canal-de-panama-y-elevar-comercio-1820092.html"", ""medio"": ""am.com.mx"", ""idioma"": ""es"", ""fecha_publicacion"": null, ""fecha_deteccion"": ""20260716T063000Z"", ""fecha_extraccion"": ""2026-10-06T18:46:40+00:00"", ""origen"": ""gdelt_doc:panama"", ""descripcion"": null, ""alcance_texto"": ""titular_metadatos""}"
noticia,url_duplicada,url,https://www.eleconomista.com.mx/politica/sheinbaum-recibe-palacio-nacional-jose-raul-mulino-fortalecer-relacion-mexico-panama-20260715-823375.html,"{""titulo"": ""Sheinbaum recibe en Palacio Nacional a José Raúl Mulino para fortalecer la relación México - Panamá"", ""url"": ""https://www.eleconomista.com.mx/politica/sheinbaum-recibe-palacio-nacional-jose-raul-mulino-fortalecer-relacion-mexico-panama-20260715-823375.html"", ""medio"": ""eleconomista.com.mx"", ""idioma"": ""es"", ""fecha_publicacion"": null, ""fecha_deteccion"": ""20260715T203000Z"", ""fecha_extraccion"": ""2026-10-06T18:46:40+00:00"", ""origen"": ""gdelt_doc:panama"", ""descripcion"": null, ""alcance_texto"": ""titular_metadatos""}"
noticia,url_duplicada,url,https://forbes.com.mx/sheinbaum-y-presidente-de-panama-hablaran-de-economia-y-respaldo-a-neutralidad-del-canal/,"{""titulo"": ""Sheinbaum y el presidente de Panamá hablarán de economía y respaldo a neutralidad del Canal"", ""url"": ""https://forbes.com.mx/sheinbaum-y-presidente-de-panama-hablaran-de-economia-y-respaldo-a-neutralidad-del-canal/"", ""medio"": ""forbes.com.mx"", ""idioma"": ""es"", ""fecha_publicacion"": null, ""fecha_deteccion"": ""20260715T203000Z"", ""fecha_extraccion"": ""2026-10-06T18:46:40+00:00"", ""origen"": ""gdelt_doc:panama"", ""descripcion"": null, ""alcance_texto"": ""titular_metadatos""}"
noticia,url_duplicada,url,https://www.prensa.com/vivir/francia-celebra-su-fiesta-nacional-en-panama-con-homenaje-a-la-historia-del-canal/,"{""titulo"": ""Francia celebra su fiesta nacional en Panamá con homenaje a la historia del Canal"", ""url"": ""https://www.prensa.com/vivir/francia-celebra-su-fiesta-nacional-en-panama-con-homenaje-a-la-historia-del-canal/"", ""medio"": ""prensa.com"", ""idioma"": ""es"", ""fecha_publicacion"": null, ""fecha_deteccion"": ""20260716T001500Z"", ""fecha_extraccion"": ""2026-10-06T18:46:40+00:00"", ""origen"": ""gdelt_doc:panama"", ""descripcion"": null, ""alcance_texto"": ""titular_metadatos""}"
noticia,url_duplicada,url,https://www.latimes.com/espanol/mexico/articulo/2026-07-15/mexico-anuncia-el-apoyo-al-protocolo-de-neutralidad-del-canal-de-panama,"{""titulo"": ""México anuncia el apoyo al protocolo de neutralidad del Canal de Panamá"", ""url"": ""https://www.latimes.com/espanol/mexico/articulo/2026-07-15/mexico-anuncia-el-apoyo-al-protocolo-de-neutralidad-del-canal-de-panama"", ""medio"": ""latimes.com"", ""idioma"": ""es"", ""fecha_publicacion"": null, ""fecha_deteccion"": ""20260716T043000Z"", ""fecha_extraccion"": ""2026-10-06T18:46:40+00:00"", ""origen"": ""gdelt_doc:panama"", ""descripcion"": null, ""alcance_texto"": ""titular_metadatos""}"
noticia,url_duplicada,url,https://www.critica.com.pa/nacional/china-defiende-inspecciones-buques-panamenos-tras-multiples-incidentes-512754,"{""titulo"": ""China defiende inspecciones a buques panameños tras múltiples incidentes"", ""url"": ""https://www.critica.com.pa/nacional/china-defiende-inspecciones-buques-panamenos-tras-multiples-incidentes-512754"", ""medio"": ""critica.com.pa"", ""idioma"": ""es"", ""fecha_publicacion"": null, ""fecha_deteccion"": ""20260713T173000Z"", ""fecha_extraccion"": ""2026-10-06T18:46:40+00:00"", ""origen"": ""gdelt_doc:panama"", ""descripcion"": null, ""alcance_texto"": ""titular_metadatos""}"
noticia,url_duplicada,url,https://www.excelsior.com.mx/nacional/mexico-suma-protocolo-neutralidad-canal-panama,"{""titulo"": ""México se suma a protocolo de neutralidad en Canal de Panamá"", ""url"": ""https://www.excelsior.com.mx/nacional/mexico-suma-protocolo-neutralidad-canal-panama"", ""medio"": ""excelsior.com.mx"", ""idioma"": ""es"", ""fecha_publicacion"": null, ""fecha_deteccion"": ""20260715T213000Z"", ""fecha_extraccion"": ""2026-10-06T18:46:40+00:00"", ""origen"": ""gdelt_doc:panama"", ""descripcion"": null, ""alcance_texto"": ""titular_metadatos""}"
noticia,url_duplicada,url,https://www.enanyang.my/news/20260723/Finance/1324747,"{""titulo"": ""近500艘船遭扣查 巴拿马赴中国谈判后迎转机"", ""url"": ""https://www.enanyang.my/news/20260723/Finance/1324747"", ""medio"": ""enanyang.my"", ""idioma"": ""chinese"", ""fecha_publicacion"": null, ""fecha_deteccion"": ""20260723T144500Z"", ""fecha_extraccion"": ""2026-10-06T18:46:40+00:00"", ""origen"": ""gdelt_doc:panama"", ""descripcion"": null, ""alcance_texto"": ""titular_metadatos""}"
noticia,url_duplicada,url,https://www.telemetro.com/nacionales/nuevo-embajador-china-llega-panama-medio-tensiones-puertos-y-buques-n6084859,"{""titulo"": ""Nuevo embajador de China llega a Panamá en medio de tensiones por puertos y buques"", ""url"": ""https://www.telemetro.com/nacionales/nuevo-embajador-china-llega-panama-medio-tensiones-puertos-y-buques-n6084859"", ""medio"": ""telemetro.com"", ""idioma"": ""es"", ""fecha_publicacion"": null, ""fecha_deteccion"": ""20260710T221500Z"", ""fecha_extraccion"": ""2026-10-06T18:46:40+00:00"", ""origen"": ""gdelt_doc:panama"", ""descripcion"": null, ""alcance_texto"": ""titular_metadatos""}"
noticia,url_duplicada,url,https://www.prensa.com/economia/panama-puede-exportar-con-arancel-cero-a-estados-unidos/,"{""titulo"": ""Panamá puede exportar con arancel cero a Estados Unidos"", ""url"": ""https://www.prensa.com/economia/panama-puede-exportar-con-arancel-cero-a-estados-unidos/"", ""medio"": ""prensa.com"", ""idioma"": ""es"", ""fecha_publicacion"": null, ""fecha_deteccion"": ""20260724T031500Z"", ""fecha_extraccion"": ""2026-10-06T18:46:40+00:00"", ""origen"": ""gdelt_doc:panama"", ""descripcion"": null, ""alcance_texto"": ""titular_metadatos""}"
noticia,url_duplicada,url,https://forbes.com.mx/ustedes-producen-y-nosotros-distribuimos-panama-a-ip-mexicana/,"{""titulo"": ""Ustedes producen y nosotros distribuimo : Panamá a IP mexicana • Negocios • Forbes México"", ""url"": ""https://forbes.com.mx/ustedes-producen-y-nosotros-distribuimos-panama-a-ip-mexicana/"", ""medio"": ""forbes.com.mx"", ""idioma"": ""es"", ""fecha_publicacion"": null, ""fecha_deteccion"": ""20260716T051500Z"", ""fecha_extraccion"": ""2026-10-06T18:46:40+00:00"", ""origen"": ""gdelt_doc:panama"", ""descripcion"": null, ""alcance_texto"": ""titular_metadatos""}"
noticia,url_duplicada,url,https://planoinformativo.com/1157536/apoya-sheinbaum-neutralidad-de-canal-de-panama,"{""titulo"": ""Apoya Sheinbaum neutralidad de Canal de Panamá"", ""url"": ""https://planoinformativo.com/1157536/apoya-sheinbaum-neutralidad-de-canal-de-panama"", ""medio"": ""planoinformativo.com"", ""idioma"": ""es"", ""fecha_publicacion"": null, ""fecha_deteccion"": ""20260715T211500Z"", ""fecha_extraccion"": ""2026-10-06T18:46:40+00:00"", ""origen"": ""gdelt_doc:panama"", ""descripcion"": null, ""alcance_texto"": ""titular_metadatos""}"
noticia,url_duplicada,url,https://www.prensa.com/economia/panama-y-china-desescalan-tensiones-y-avanzan-en-consensos-tecnicos-para-renovar-acuerdo-maritimo/,"{""titulo"": ""Panamá y China desescalan tensiones y avanzan en consensos técnicos para renovar acuerdo marítimo"", ""url"": ""https://www.prensa.com/economia/panama-y-china-desescalan-tensiones-y-avanzan-en-consensos-tecnicos-para-renovar-acuerdo-maritimo/"", ""medio"": ""prensa.com"", ""idioma"": ""es"", ""fecha_publicacion"": null, ""fecha_deteccion"": ""20260721T000000Z"", ""fecha_extraccion"": ""2026-10-06T18:46:40+00:00"", ""origen"": ""gdelt_doc:panama"", ""descripcion"": null, ""alcance_texto"": ""titular_metadatos""}"
noticia,url_duplicada,url,https://www.prensa.com/vivir/un-practico-del-canal-de-panama-reconstruye-en-miniatura-la-epopeya-de-su-construccion/,"{""titulo"": ""Un práctico del Canal de Panamá reconstruye en miniatura la epopeya de su construcción"", ""url"": ""https://www.prensa.com/vivir/un-practico-del-canal-de-panama-reconstruye-en-miniatura-la-epopeya-de-su-construccion/"", ""medio"": ""prensa.com"", ""idioma"": ""es"", ""fecha_publicacion"": null, ""fecha_deteccion"": ""20260718T094500Z"", ""fecha_extraccion"": ""2026-10-06T18:46:40+00:00"", ""origen"": ""gdelt_doc:panama"", ""descripcion"": null, ""alcance_texto"": ""titular_metadatos""}"
noticia,url_duplicada,url,https://military.china.com/important/64/20260716/49613574.html,"{""titulo"": ""雁默 ： 巴拿马左脚到大陆求和 ， 右脚到台湾求接盘 ？_ 军事频道 _ 中华网"", ""url"": ""https://military.china.com/important/64/20260716/49613574.html"", ""medio"": ""military.china.com"", ""idioma"": ""chinese"", ""fecha_publicacion"": null, ""fecha_deteccion"": ""20260716T044500Z"", ""fecha_extraccion"": ""2026-10-06T18:46:40+00:00"", ""origen"": ""gdelt_doc:panama"", ""descripcion"": null, ""alcance_texto"": ""titular_metadatos""}"
noticia,url_duplicada,url,https://lopezdoriga.com/internacional/tregua-entre-panama-y-china-ambos-paises-renovaran-acuerdo-maritimo/,"{""titulo"": ""¿ Tregua entre Panamá y China ? Ambos países renovarán acuerdo marítimo"", ""url"": ""https://lopezdoriga.com/internacional/tregua-entre-panama-y-china-ambos-paises-renovaran-acuerdo-maritimo/"", ""medio"": ""lopezdoriga.com"", ""idioma"": ""es"", ""fecha_publicacion"": null, ""fecha_deteccion"": ""20260721T063000Z"", ""fecha_extraccion"": ""2026-10-06T18:46:40+00:00"", ""origen"": ""gdelt_doc:panama"", ""descripcion"": null, ""alcance_texto"": ""titular_metadatos""}"
noticia,url_duplicada,url,https://forbes.com.mx/sheinbaum-recibe-al-presidente-de-panama-en-el-palacio-nacional-de-mexico/,"{""titulo"": ""Sheinbaum recibe al presidente de Panamá en el Palacio Nacional de México"", ""url"": ""https://forbes.com.mx/sheinbaum-recibe-al-presidente-de-panama-en-el-palacio-nacional-de-mexico/"", ""medio"": ""forbes.com.mx"", ""idioma"": ""es"", ""fecha_publicacion"": null, ""fecha_deteccion"": ""20260715T203000Z"", ""fecha_extraccion"": ""2026-10-06T18:46:40+00:00"", ""origen"": ""gdelt_doc:panama"", ""descripcion"": null, ""alcance_texto"": ""titular_metadatos""}"
noticia,url_duplicada,url,https://www.tabascohoy.com/sheinbaum-recibe-al-presidente-de-panama-para-fortalecer-cooperacion-entre-ambas-naciones/,"{""titulo"": ""Sheinbaum recibe al presidente de Panamá para fortalecer cooperación entre ambas naciones"", ""url"": ""https://www.tabascohoy.com/sheinbaum-recibe-al-presidente-de-panama-para-fortalecer-cooperacion-entre-ambas-naciones/"", ""medio"": ""tabascohoy.com"", ""idioma"": ""es"", ""fecha_publicacion"": null, ""fecha_deteccion"": ""20260716T024500Z"", ""fecha_extraccion"": ""2026-10-06T18:46:40+00:00"", ""origen"": ""gdelt_doc:panama"", ""descripcion"": null, ""alcance_texto"": ""titular_metadatos""}"
noticia,url_duplicada,url,https://wradio.com.mx/2026/07/15/sheinbaum-reitera-apoyo-a-la-neutralidad-del-canal-de-panama-tras-reunion-bilateral-con-jose-raul-mulino/,"{""titulo"": ""Sheinbaum reitera apoyo a la neutralidad del Canal de Panamá tras reunión bilateral con José Raúl Mulino"", ""url"": ""https://wradio.com.mx/2026/07/15/sheinbaum-reitera-apoyo-a-la-neutralidad-del-canal-de-panama-tras-reunion-bilateral-con-jose-raul-mulino/"", ""medio"": ""wradio.com.mx"", ""idioma"": ""es"", ""fecha_publicacion"": null, ""fecha_deteccion"": ""20260715T233000Z"", ""fecha_extraccion"": ""2026-10-06T18:46:40+00:00"", ""origen"": ""gdelt_doc:panama"", ""descripcion"": null, ""alcance_texto"": ""titular_metadatos""}"
noticia,url_duplicada,url,https://www.telemetro.com/nacionales/mulino-y-sheinbaum-relanzan-relaciones-mexico-respalda-la-neutralidad-del-canal-panama-n6085313,"{""titulo"": ""Mulino y Sheinbaum relanzan relaciones : México respalda la neutralidad del Canal de Panamá"", ""url"": ""https://www.telemetro.com/nacionales/mulino-y-sheinbaum-relanzan-relaciones-mexico-respalda-la-neutralidad-del-canal-panama-n6085313"", ""medio"": ""telemetro.com"", ""idioma"": ""es"", ""fecha_publicacion"": null, ""fecha_deteccion"": ""20260715T220000Z"", ""fecha_extraccion"": ""2026-10-06T18:46:40+00:00"", ""origen"": ""gdelt_doc:panama"", ""descripcion"": null, ""alcance_texto"": ""titular_metadatos""}"
noticia,url_duplicada,url,https://www.prensa.com/economia/suiza-deposita-su-firma-al-tratado-de-neutralidad-del-canal-de-panama/,"{""titulo"": ""Suiza deposita su firma al Tratado de Neutralidad del Canal de Panamá"", ""url"": ""https://www.prensa.com/economia/suiza-deposita-su-firma-al-tratado-de-neutralidad-del-canal-de-panama/"", ""medio"": ""prensa.com"", ""idioma"": ""es"", ""fecha_publicacion"": null, ""fecha_deteccion"": ""20260722T041500Z"", ""fecha_extraccion"": ""2026-10-06T18:46:40+00:00"", ""origen"": ""gdelt_doc:panama"", ""descripcion"": null, ""alcance_texto"": ""titular_metadatos""}"
noticia,url_duplicada,url,https://www.eldiariodechihuahua.mx/nacional/2026/jul/15/apoya-sheinbaum-neutralidad-de-canal-de-panama-817911.html,"{""titulo"": ""Apoya Sheinbaum neutralidad de Canal de Panamá"", ""url"": ""https://www.eldiariodechihuahua.mx/nacional/2026/jul/15/apoya-sheinbaum-neutralidad-de-canal-de-panama-817911.html"", ""medio"": ""eldiariodechihuahua.mx"", ""idioma"": ""es"", ""fecha_publicacion"": null, ""fecha_deteccion"": ""20260715T230000Z"", ""fecha_extraccion"": ""2026-10-06T18:46:40+00:00"", ""origen"": ""gdelt_doc:panama"", ""descripcion"": null, ""alcance_texto"": ""titular_metadatos""}"
noticia,url_duplicada,url,https://www.telemundo.com/deportes/copa-mundial-de-la-fifa-2026/panama-da-voto-de-confianza-a-thomas-christiansen-y-le-dara-continuida-rcna583304,"{""titulo"": ""Panamá da voto de confianza a Thomas Christiansen y le dará continuidad a su proyecto"", ""url"": ""https://www.telemundo.com/deportes/copa-mundial-de-la-fifa-2026/panama-da-voto-de-confianza-a-thomas-christiansen-y-le-dara-continuida-rcna583304"", ""medio"": ""telemundo.com"", ""idioma"": ""es"", ""fecha_publicacion"": null, ""fecha_deteccion"": ""20260714T041500Z"", ""fecha_extraccion"": ""2026-10-06T18:46:40+00:00"", ""origen"": ""gdelt_doc:panama"", ""descripcion"": null, ""alcance_texto"": ""titular_metadatos""}"
noticia,url_duplicada,url,https://www.nacion.com/blogs/de-viaje-con-jairo/convierta-una-escala-en-panama-en-un-paseo-o-un/3BLIFBFAGRA5XFSBYDXAHBR674/story/,"{""titulo"": ""Convierta una escala en Panamá en un paseo o un día de compras"", ""url"": ""https://www.nacion.com/blogs/de-viaje-con-jairo/convierta-una-escala-en-panama-en-un-paseo-o-un/3BLIFBFAGRA5XFSBYDXAHBR674/story/"", ""medio"": ""nacion.com"", ""idioma"": ""es"", ""fecha_publicacion"": null, ""fecha_deteccion"": ""20260714T231500Z"", ""fecha_extraccion"": ""2026-10-06T18:46:40+00:00"", ""origen"": ""gdelt_doc:panama"", ""descripcion"": null, ""alcance_texto"": ""titular_metadatos""}"
noticia,url_duplicada,url,https://news.webindia123.com/news/Articles/World/20260720/4477206.html,"{""titulo"": ""Panama serves as natural bridge for us for global trade routes : Jaishankar"", ""url"": ""https://news.webindia123.com/news/Articles/World/20260720/4477206.html"", ""medio"": ""news.webindia123.com"", ""idioma"": ""en"", ""fecha_publicacion"": null, ""fecha_deteccion"": ""20260720T210000Z"", ""fecha_extraccion"": ""2026-10-06T18:46:40+00:00"", ""origen"": ""gdelt_doc:panama"", ""descripcion"": null, ""alcance_texto"": ""titular_metadatos""}"
noticia,url_duplicada,url,https://news.ifeng.com/c/8uoBHng80aR,"{""titulo"": ""巴拿马左脚到大陆求和 ， 右脚到台湾求接盘 ？"", ""url"": ""https://news.ifeng.com/c/8uoBHng80aR"", ""medio"": ""news.ifeng.com"", ""idioma"": ""chinese"", ""fecha_publicacion"": null, ""fecha_deteccion"": ""20260716T084500Z"", ""fecha_extraccion"": ""2026-10-06T18:46:40+00:00"", ""origen"": ""gdelt_doc:panama"", ""descripcion"": null, ""alcance_texto"": ""titular_metadatos""}"
noticia,url_duplicada,url,https://www.jornada.com.mx/2026/07/16/politica/011n1pol,"{""titulo"": ""La Jornada : Sheinbaum respalda neutralidad permanente del Canal de Panamá"", ""url"": ""https://www.jornada.com.mx/2026/07/16/politica/011n1pol"", ""medio"": ""jornada.com.mx"", ""idioma"": ""es"", ""fecha_publicacion"": null, ""fecha_deteccion"": ""20260716T123000Z"", ""fecha_extraccion"": ""2026-10-06T18:46:40+00:00"", ""origen"": ""gdelt_doc:panama"", ""descripcion"": null, ""alcance_texto"": ""titular_metadatos""}"
noticia,url_duplicada,url,https://www.telemetro.com/nacionales/canal-panama-mantiene-transitos-y-aplica-ajustes-calado-el-nino-n6085500,"{""titulo"": ""Canal de Panamá mantiene tránsitos y aplica ajustes de calado por El Niño"", ""url"": ""https://www.telemetro.com/nacionales/canal-panama-mantiene-transitos-y-aplica-ajustes-calado-el-nino-n6085500"", ""medio"": ""telemetro.com"", ""idioma"": ""es"", ""fecha_publicacion"": null, ""fecha_deteccion"": ""20260717T180000Z"", ""fecha_extraccion"": ""2026-10-06T18:46:40+00:00"", ""origen"": ""gdelt_doc:panama"", ""descripcion"": null, ""alcance_texto"": ""titular_metadatos""}"
noticia,url_duplicada,url,https://www.abc.com.py/internacionales/2026/07/21/suiza-deposita-en-la-oea-su-adhesion-al-tratado-de-neutralidad-del-canal-de-panama/,"{""titulo"": ""Suiza deposita en la OEA su adhesión al Tratado de Neutralidad del Canal de Panamá - Mundo"", ""url"": ""https://www.abc.com.py/internacionales/2026/07/21/suiza-deposita-en-la-oea-su-adhesion-al-tratado-de-neutralidad-del-canal-de-panama/"", ""medio"": ""abc.com.py"", ""idioma"": ""es"", ""fecha_publicacion"": null, ""fecha_deteccion"": ""20260721T224500Z"", ""fecha_extraccion"": ""2026-10-06T18:46:40+00:00"", ""origen"": ""gdelt_doc:panama"", ""descripcion"": null, ""alcance_texto"": ""titular_metadatos""}"
noticia,url_duplicada,url,https://forbes.com.mx/mexico-y-panama-acuerdan-fortalecer-cooperacion-economica/,"{""titulo"": ""México y Panamá acuerdan fortalecer cooperación económica"", ""url"": ""https://forbes.com.mx/mexico-y-panama-acuerdan-fortalecer-cooperacion-economica/"", ""medio"": ""forbes.com.mx"", ""idioma"": ""es"", ""fecha_publicacion"": null, ""fecha_deteccion"": ""20260716T004500Z"", ""fecha_extraccion"": ""2026-10-06T18:46:40+00:00"", ""origen"": ""gdelt_doc:panama"", ""descripcion"": null, ""alcance_texto"": ""titular_metadatos""}"
noticia,url_duplicada,url,https://www.tabascohoy.com/sheinbaum-reconoce-trabajo-de-jose-raul-mulino-tras-reunion-en-palacio-nacional/,"{""titulo"": ""Sheinbaum reconoce trabajo de José Raúl Mulino tras reunión en Palacio Nacional"", ""url"": ""https://www.tabascohoy.com/sheinbaum-reconoce-trabajo-de-jose-raul-mulino-tras-reunion-en-palacio-nacional/"", ""medio"": ""tabascohoy.com"", ""idioma"": ""es"", ""fecha_publicacion"": null, ""fecha_deteccion"": ""20260716T203000Z"", ""fecha_extraccion"": ""2026-10-06T18:46:40+00:00"", ""origen"": ""gdelt_doc:panama"", ""descripcion"": null, ""alcance_texto"": ""titular_metadatos""}"
noticia,url_duplicada,url,https://periodicocorreo.com.mx/nacional/2026/jul/15/panama-agradece-a-claudia-sheinbaum-por-abatir-al-lider-del-cjng-y-acuerda-reforzar-la-cooperacion-161989.html,"{""titulo"": ""Panamá agradece a Sheinbaum por abatir al líder del CJNG y acuerda reforzar la cooperación"", ""url"": ""https://periodicocorreo.com.mx/nacional/2026/jul/15/panama-agradece-a-claudia-sheinbaum-por-abatir-al-lider-del-cjng-y-acuerda-reforzar-la-cooperacion-161989.html"", ""medio"": ""periodicocorreo.com.mx"", ""idioma"": ""es"", ""fecha_publicacion"": null, ""fecha_deteccion"": ""20260716T021500Z"", ""fecha_extraccion"": ""2026-10-06T18:46:40+00:00"", ""origen"": ""gdelt_doc:panama"", ""descripcion"": null, ""alcance_texto"": ""titular_metadatos""}"
noticia,url_duplicada,url,https://www.telemetro.com/nacionales/10-anos-del-canal-ampliado-el-gigante-que-construimos-los-panamenos-n6086183,"{""titulo"": ""10 años del Canal Ampliado : El gigante que construimos los panameños"", ""url"": ""https://www.telemetro.com/nacionales/10-anos-del-canal-ampliado-el-gigante-que-construimos-los-panamenos-n6086183"", ""medio"": ""telemetro.com"", ""idioma"": ""es"", ""fecha_publicacion"": null, ""fecha_deteccion"": ""20260724T030000Z"", ""fecha_extraccion"": ""2026-10-06T18:46:40+00:00"", ""origen"": ""gdelt_doc:panama"", ""descripcion"": null, ""alcance_texto"": ""titular_metadatos""}"
noticia,url_duplicada,url,https://www.tribuneindia.com/news/world/union-minister-piyush-goyal-meets-panama-fm-vasquez-to-deepen-india-panama-partnership/,"{""titulo"": ""Union Minister Piyush Goyal meets Panama FM Vasquez to deepen India - Panama partnership"", ""url"": ""https://www.tribuneindia.com/news/world/union-minister-piyush-goyal-meets-panama-fm-vasquez-to-deepen-india-panama-partnership/"", ""medio"": ""tribuneindia.com"", ""idioma"": ""en"", ""fecha_publicacion"": null, ""fecha_deteccion"": ""20260722T210000Z"", ""fecha_extraccion"": ""2026-10-06T18:46:40+00:00"", ""origen"": ""gdelt_doc:panama"", ""descripcion"": null, ""alcance_texto"": ""titular_metadatos""}"
noticia,url_duplicada,url,https://pulsoslp.com.mx/nacional/apoyara-mexico-neutralidad-de-canal-de-panama/2067326,"{""titulo"": ""Apoyará México neutralidad de Canal de Panamá"", ""url"": ""https://pulsoslp.com.mx/nacional/apoyara-mexico-neutralidad-de-canal-de-panama/2067326"", ""medio"": ""pulsoslp.com.mx"", ""idioma"": ""es"", ""fecha_publicacion"": null, ""fecha_deteccion"": ""20260716T123000Z"", ""fecha_extraccion"": ""2026-10-06T18:46:40+00:00"", ""origen"": ""gdelt_doc:panama"", ""descripcion"": null, ""alcance_texto"": ""titular_metadatos""}"
noticia,url_duplicada,url,https://alwasat.ly/news/economy/525092,"{""titulo"": ""حكومة بنما تبدأ الاستحواذ على حصة الشريك الأميركي في مشروع استراتيجي لنقل النفط"", ""url"": ""https://alwasat.ly/news/economy/525092"", ""medio"": ""alwasat.ly"", ""idioma"": ""arabic"", ""fecha_publicacion"": null, ""fecha_deteccion"": ""20260718T124500Z"", ""fecha_extraccion"": ""2026-10-06T18:46:40+00:00"", ""origen"": ""gdelt_doc:panama"", ""descripcion"": null, ""alcance_texto"": ""titular_metadatos""}"
noticia,url_duplicada,url,https://aninews.in/news/world/asia/union-minister-piyush-goyal-meets-panama-fm-vasquez-to-deepen-india-panama-partnership20260723014749/,"{""titulo"": ""Union Minister Piyush Goyal meets Panama FM Vasquez to deepen India - Panama partnership"", ""url"": ""https://aninews.in/news/world/asia/union-minister-piyush-goyal-meets-panama-fm-vasquez-to-deepen-india-panama-partnership20260723014749/"", ""medio"": ""aninews.in"", ""idioma"": ""en"", ""fecha_publicacion"": null, ""fecha_deteccion"": ""20260722T211500Z"", ""fecha_extraccion"": ""2026-10-06T18:46:40+00:00"", ""origen"": ""gdelt_doc:panama"", ""descripcion"": null, ""alcance_texto"": ""titular_metadatos""}"
noticia,url_duplicada,url,https://www.prensa.com/economia/air-france-abrira-vuelos-de-temporada-entre-las-islas-de-guadalupe-y-panama-desde-diciembre-de-2026/,"{""titulo"": ""Air France abrirá vuelos de temporada entre las islas de Guadalupe y Panamá desde diciembre de 2026"", ""url"": ""https://www.prensa.com/economia/air-france-abrira-vuelos-de-temporada-entre-las-islas-de-guadalupe-y-panama-desde-diciembre-de-2026/"", ""medio"": ""prensa.com"", ""idioma"": ""es"", ""fecha_publicacion"": null, ""fecha_deteccion"": ""20260724T173000Z"", ""fecha_extraccion"": ""2026-10-06T18:46:40+00:00"", ""origen"": ""gdelt_doc:panama"", ""descripcion"": null, ""alcance_texto"": ""titular_metadatos""}"
noticia,url_duplicada,url,https://www.telemetro.com/entrevistas/nacionales/construccion-del-cuarto-puente-el-canal-panama-presenta-un-39-avance-n6085128,"{""titulo"": ""Construcción del Cuarto Puente sobre el Canal de Panamá presenta un 39 % de avance"", ""url"": ""https://www.telemetro.com/entrevistas/nacionales/construccion-del-cuarto-puente-el-canal-panama-presenta-un-39-avance-n6085128"", ""medio"": ""telemetro.com"", ""idioma"": ""es"", ""fecha_publicacion"": null, ""fecha_deteccion"": ""20260714T180000Z"", ""fecha_extraccion"": ""2026-10-06T18:46:40+00:00"", ""origen"": ""gdelt_doc:panama"", ""descripcion"": null, ""alcance_texto"": ""titular_metadatos""}"
noticia,url_duplicada,url,https://news.webindia123.com/news/Articles/World/20260723/4478043.html,"{""titulo"": ""Union Minister Piyush Goyal meets Panama FM Vasquez to deepen India - Panama partnership"", ""url"": ""https://news.webindia123.com/news/Articles/World/20260723/4478043.html"", ""medio"": ""news.webindia123.com"", ""idioma"": ""en"", ""fecha_publicacion"": null, ""fecha_deteccion"": ""20260723T010000Z"", ""fecha_extraccion"": ""2026-10-06T18:46:40+00:00"", ""origen"": ""gdelt_doc:panama"", ""descripcion"": null, ""alcance_texto"": ""titular_metadatos""}"
noticia,url_duplicada,url,https://www.critica.com.pa/nacional/panama-busca-nueva-alianza-con-india-basada-en-tecnologia-comercio-y-canal-513101,"{""titulo"": ""Panamá busca nueva alianza con India basada en tecnología , comercio y Canal"", ""url"": ""https://www.critica.com.pa/nacional/panama-busca-nueva-alianza-con-india-basada-en-tecnologia-comercio-y-canal-513101"", ""medio"": ""critica.com.pa"", ""idioma"": ""es"", ""fecha_publicacion"": null, ""fecha_deteccion"": ""20260719T173000Z"", ""fecha_extraccion"": ""2026-10-06T18:46:40+00:00"", ""origen"": ""gdelt_doc:panama"", ""descripcion"": null, ""alcance_texto"": ""titular_metadatos""}"
noticia,url_duplicada,url,https://www.prensa.com/economia/panama-aun-no-encuentra-la-formula-para-recuperar-la-inversion-extranjera/,"{""titulo"": ""Panamá aún no encuentra la fórmula para recuperar la inversión extranjera"", ""url"": ""https://www.prensa.com/economia/panama-aun-no-encuentra-la-formula-para-recuperar-la-inversion-extranjera/"", ""medio"": ""prensa.com"", ""idioma"": ""es"", ""fecha_publicacion"": null, ""fecha_deteccion"": ""20260713T053000Z"", ""fecha_extraccion"": ""2026-10-06T18:46:40+00:00"", ""origen"": ""gdelt_doc:panama"", ""descripcion"": null, ""alcance_texto"": ""titular_metadatos""}"
noticia,url_duplicada,url,https://www.diaadia.com.pa/el-pais/sheinbaum-y-mulino-hablaran-de-economia-y-respaldo-neutralidad-de-canal-de-panama-790706,"{""titulo"": ""Sheinbaum y Mulino hablarán de economía y respaldo a neutralidad de Canal de Panamá"", ""url"": ""https://www.diaadia.com.pa/el-pais/sheinbaum-y-mulino-hablaran-de-economia-y-respaldo-neutralidad-de-canal-de-panama-790706"", ""medio"": ""diaadia.com.pa"", ""idioma"": ""es"", ""fecha_publicacion"": null, ""fecha_deteccion"": ""20260715T170000Z"", ""fecha_extraccion"": ""2026-10-06T18:46:40+00:00"", ""origen"": ""gdelt_doc:panama"", ""descripcion"": null, ""alcance_texto"": ""titular_metadatos""}"
noticia,url_duplicada,url,https://sana.sy/economy/2530543/,"{""titulo"": ""بنما تستحوذ بالكامل على مشروع خط أنابيب بتروترمينال الاستراتيجي"", ""url"": ""https://sana.sy/economy/2530543/"", ""medio"": ""sana.sy"", ""idioma"": ""arabic"", ""fecha_publicacion"": null, ""fecha_deteccion"": ""20260718T124500Z"", ""fecha_extraccion"": ""2026-10-06T18:46:40+00:00"", ""origen"": ""gdelt_doc:panama"", ""descripcion"": null, ""alcance_texto"": ""titular_metadatos""}"
noticia,url_duplicada,url,https://www.diaadia.com.pa/el-pais/encuentro-mulino-sheinbaum-se-centro-en-la-neutralidad-del-canal-integracion-regional,"{""titulo"": ""Encuentro Mulino - Sheinbaum se centró en la Neutralidad del Canal , integración regional , comercio , inversiones y cooperación"", ""url"": ""https://www.diaadia.com.pa/el-pais/encuentro-mulino-sheinbaum-se-centro-en-la-neutralidad-del-canal-integracion-regional"", ""medio"": ""diaadia.com.pa"", ""idioma"": ""es"", ""fecha_publicacion"": null, ""fecha_deteccion"": ""20260715T230000Z"", ""fecha_extraccion"": ""2026-10-06T18:46:40+00:00"", ""origen"": ""gdelt_doc:panama"", ""descripcion"": null, ""alcance_texto"": ""titular_metadatos""}"
noticia,url_duplicada,url,http://www.elmanana.com/noticias/nacional/ceremonia-de-bienvenida-a-jose-raul-mulino-en-mexico/6161349,"{""titulo"": ""Ceremonia de bienvenida a José Raúl Mulino en México"", ""url"": ""http://www.elmanana.com/noticias/nacional/ceremonia-de-bienvenida-a-jose-raul-mulino-en-mexico/6161349"", ""medio"": ""elmanana.com"", ""idioma"": ""es"", ""fecha_publicacion"": null, ""fecha_deteccion"": ""20260716T161500Z"", ""fecha_extraccion"": ""2026-10-06T18:46:40+00:00"", ""origen"": ""gdelt_doc:panama"", ""descripcion"": null, ""alcance_texto"": ""titular_metadatos""}"
noticia,url_duplicada,url,https://www.tabascohoy.com/presidenta-abordara-cooperacion-y-neutralidad-del-canal-de-panama-en-reunion-bilateral/,"{""titulo"": ""Presidenta abordará cooperación y neutralidad del Canal de Panamá en reunión bilateral"", ""url"": ""https://www.tabascohoy.com/presidenta-abordara-cooperacion-y-neutralidad-del-canal-de-panama-en-reunion-bilateral/"", ""medio"": ""tabascohoy.com"", ""idioma"": ""es"", ""fecha_publicacion"": null, ""fecha_deteccion"": ""20260715T173000Z"", ""fecha_extraccion"": ""2026-10-06T18:46:40+00:00"", ""origen"": ""gdelt_doc:panama"", ""descripcion"": null, ""alcance_texto"": ""titular_metadatos""}"
noticia,url_duplicada,url,https://www.cna.com.tw/news/aopl/202607210362.aspx,"{""titulo"": ""巴拿馬與中國同意續簽海運協議 巴稱扣船問題已改善 | 國際"", ""url"": ""https://www.cna.com.tw/news/aopl/202607210362.aspx"", ""medio"": ""cna.com.tw"", ""idioma"": ""chinese"", ""fecha_publicacion"": null, ""fecha_deteccion"": ""20260721T143000Z"", ""fecha_extraccion"": ""2026-10-06T18:46:40+00:00"", ""origen"": ""gdelt_doc:panama"", ""descripcion"": null, ""alcance_texto"": ""titular_metadatos""}"
noticia,url_duplicada,url,https://news.webindia123.com/news/Articles/World/20260720/4477136.html,"{""titulo"": ""Panama seeks India partnership to protect canal neutrality amid rising geopolitical tensions"", ""url"": ""https://news.webindia123.com/news/Articles/World/20260720/4477136.html"", ""medio"": ""news.webindia123.com"", ""idioma"": ""en"", ""fecha_publicacion"": null, ""fecha_deteccion"": ""20260720T210000Z"", ""fecha_extraccion"": ""2026-10-06T18:46:40+00:00"", ""origen"": ""gdelt_doc:panama"", ""descripcion"": null, ""alcance_texto"": ""titular_metadatos""}"
noticia,url_duplicada,url,https://gestion.pe/mundo/internacional/el-disneyland-del-contrabando-esta-en-panama-y-piden-medidas-energicas-para-acabarlo-noticia/,"{""titulo"": ""El Disneyland del contrabando está en Panamá y piden medidas enérgicas para acabarlo | MUNDO"", ""url"": ""https://gestion.pe/mundo/internacional/el-disneyland-del-contrabando-esta-en-panama-y-piden-medidas-energicas-para-acabarlo-noticia/"", ""medio"": ""gestion.pe"", ""idioma"": ""es"", ""fecha_publicacion"": null, ""fecha_deteccion"": ""20260711T014500Z"", ""fecha_extraccion"": ""2026-10-06T18:46:40+00:00"", ""origen"": ""gdelt_doc:panama"", ""descripcion"": null, ""alcance_texto"": ""titular_metadatos""}"
noticia,url_duplicada,url,https://www.prensa.com/economia/en-directo-comision-ministerial-presenta-avances-de-la-auditoria-integral-a-la-mina-cobre-panama/,"{""titulo"": ""Sin decisión sobre Cobre Panamá : Gobierno daría una recomendación antes de terminar 2026"", ""url"": ""https://www.prensa.com/economia/en-directo-comision-ministerial-presenta-avances-de-la-auditoria-integral-a-la-mina-cobre-panama/"", ""medio"": ""prensa.com"", ""idioma"": ""es"", ""fecha_publicacion"": null, ""fecha_deteccion"": ""20260713T194500Z"", ""fecha_extraccion"": ""2026-10-06T18:46:40+00:00"", ""origen"": ""gdelt_doc:panama"", ""descripcion"": null, ""alcance_texto"": ""titular_metadatos""}"
noticia,url_duplicada,url,https://www.telemetro.com/nacionales/suiza-se-adhiere-al-protocolo-neutralidad-del-canal-panama-n6085895,"{""titulo"": ""Suiza se adhiere al Protocolo de Neutralidad del Canal de Panamá"", ""url"": ""https://www.telemetro.com/nacionales/suiza-se-adhiere-al-protocolo-neutralidad-del-canal-panama-n6085895"", ""medio"": ""telemetro.com"", ""idioma"": ""es"", ""fecha_publicacion"": null, ""fecha_deteccion"": ""20260721T204500Z"", ""fecha_extraccion"": ""2026-10-06T18:46:40+00:00"", ""origen"": ""gdelt_doc:panama"", ""descripcion"": null, ""alcance_texto"": ""titular_metadatos""}"
noticia,url_duplicada,url,https://www.prensa.com/opinion/el-agua-como-eje-del-desarrollo-territorial-de-panama/,"{""titulo"": ""El agua como eje del desarrollo territorial de Panamá"", ""url"": ""https://www.prensa.com/opinion/el-agua-como-eje-del-desarrollo-territorial-de-panama/"", ""medio"": ""prensa.com"", ""idioma"": ""es"", ""fecha_publicacion"": null, ""fecha_deteccion"": ""20260718T094500Z"", ""fecha_extraccion"": ""2026-10-06T18:46:40+00:00"", ""origen"": ""gdelt_doc:panama"", ""descripcion"": null, ""alcance_texto"": ""titular_metadatos""}"
noticia,url_duplicada,url,https://www.diaadia.com.pa/el-pais/panama-y-china-acuerdan-renovar-un-acuerdo-maritimo-en-medio-de-una-desescalada-de-tension,"{""titulo"": ""Panamá y China acuerdan renovar un acuerdo marítimo en medio de una desescalada de tensión"", ""url"": ""https://www.diaadia.com.pa/el-pais/panama-y-china-acuerdan-renovar-un-acuerdo-maritimo-en-medio-de-una-desescalada-de-tension"", ""medio"": ""diaadia.com.pa"", ""idioma"": ""es"", ""fecha_publicacion"": null, ""fecha_deteccion"": ""20260721T040000Z"", ""fecha_extraccion"": ""2026-10-06T18:46:40+00:00"", ""origen"": ""gdelt_doc:panama"", ""descripcion"": null, ""alcance_texto"": ""titular_metadatos""}"
noticia,url_duplicada,url,https://www.yucatan.com.mx/deportes/2026/07/14/panama-ratifica-a-christiansen-como-seleccionador.html,"{""titulo"": ""Panamá ratifica a Christiansen como seleccionador"", ""url"": ""https://www.yucatan.com.mx/deportes/2026/07/14/panama-ratifica-a-christiansen-como-seleccionador.html"", ""medio"": ""yucatan.com.mx"", ""idioma"": ""es"", ""fecha_publicacion"": null, ""fecha_deteccion"": ""20260714T101500Z"", ""fecha_extraccion"": ""2026-10-06T18:46:40+00:00"", ""origen"": ""gdelt_doc:panama"", ""descripcion"": null, ""alcance_texto"": ""titular_metadatos""}"
noticia,url_duplicada,url,https://ec.ltn.com.tw/article/breakingnews/5501118,"{""titulo"": ""斷交9年為何一直來 ？ 巴拿馬議員頻訪台 背後藏台灣經濟實力密碼"", ""url"": ""https://ec.ltn.com.tw/article/breakingnews/5501118"", ""medio"": ""ec.ltn.com.tw"", ""idioma"": ""chinese"", ""fecha_publicacion"": null, ""fecha_deteccion"": ""20260710T131500Z"", ""fecha_extraccion"": ""2026-10-06T18:46:40+00:00"", ""origen"": ""gdelt_doc:panama"", ""descripcion"": null, ""alcance_texto"": ""titular_metadatos""}"
noticia,url_duplicada,url,https://www.prensalibre.com/ahora/internacional/japon-prepara-gira-por-mexico-panama-ecuador-y-colombia-para-fortalecer-la-cooperacion-economica/,"{""titulo"": ""Japón prepara gira por México , Panamá , Ecuador y Colombia para fortalecer la cooperación económica"", ""url"": ""https://www.prensalibre.com/ahora/internacional/japon-prepara-gira-por-mexico-panama-ecuador-y-colombia-para-fortalecer-la-cooperacion-economica/"", ""medio"": ""prensalibre.com"", ""idioma"": ""es"", ""fecha_publicacion"": null, ""fecha_deteccion"": ""20260710T060000Z"", ""fecha_extraccion"": ""2026-10-06T18:46:40+00:00"", ""origen"": ""gdelt_doc:panama"", ""descripcion"": null, ""alcance_texto"": ""titular_metadatos""}"
noticia,url_duplicada,url,https://www.diaadia.com.pa/el-pais/panama-mantiene-una-perspectiva-optimista-por-la-renovacion-del-acuerdo-maritimo-con-china,"{""titulo"": ""Panamá mantiene una perspectiva optimista por la renovación del acuerdo marítimo con China"", ""url"": ""https://www.diaadia.com.pa/el-pais/panama-mantiene-una-perspectiva-optimista-por-la-renovacion-del-acuerdo-maritimo-con-china"", ""medio"": ""diaadia.com.pa"", ""idioma"": ""es"", ""fecha_publicacion"": null, ""fecha_deteccion"": ""20260722T214500Z"", ""fecha_extraccion"": ""2026-10-06T18:46:40+00:00"", ""origen"": ""gdelt_doc:panama"", ""descripcion"": null, ""alcance_texto"": ""titular_metadatos""}"
noticia,url_duplicada,url,https://www.publimetro.com.mx/noticias/2026/07/15/sheinbaum-recibe-a-mulino-y-estrechan-relaciones-con-acuerdos-en-seguridad-y-comercio/,"{""titulo"": ""Sheinbaum recibe a Mulino y estrechan relaciones con acuerdos en seguridad y comercio"", ""url"": ""https://www.publimetro.com.mx/noticias/2026/07/15/sheinbaum-recibe-a-mulino-y-estrechan-relaciones-con-acuerdos-en-seguridad-y-comercio/"", ""medio"": ""publimetro.com.mx"", ""idioma"": ""es"", ""fecha_publicacion"": null, ""fecha_deteccion"": ""20260715T213000Z"", ""fecha_extraccion"": ""2026-10-06T18:46:40+00:00"", ""origen"": ""gdelt_doc:panama"", ""descripcion"": null, ""alcance_texto"": ""titular_metadatos""}"
noticia,url_duplicada,url,https://www.prensa.com/economia/fitch-alerta-sobre-riesgos-de-el-nino-para-el-canal-y-preve-que-economia-panamena-crecera-4/,"{""titulo"": ""Fitch alerta sobre riesgos de El Niño para el Canal y prevé que economía panameña crecerá 4 %"", ""url"": ""https://www.prensa.com/economia/fitch-alerta-sobre-riesgos-de-el-nino-para-el-canal-y-preve-que-economia-panamena-crecera-4/"", ""medio"": ""prensa.com"", ""idioma"": ""es"", ""fecha_publicacion"": null, ""fecha_deteccion"": ""20260721T044500Z"", ""fecha_extraccion"": ""2026-10-06T18:46:40+00:00"", ""origen"": ""gdelt_doc:panama"", ""descripcion"": null, ""alcance_texto"": ""titular_metadatos""}"
noticia,url_duplicada,url,https://www.panamaamerica.com.pa/mundo/el-momento-de-invertir-en-panama-es-ahora-no-despues-senalo-mulino-en-mexico-1264059,"{""titulo"": ""El momento de invertir en Panamá es ahora , no después , señaló Mulino en México"", ""url"": ""https://www.panamaamerica.com.pa/mundo/el-momento-de-invertir-en-panama-es-ahora-no-despues-senalo-mulino-en-mexico-1264059"", ""medio"": ""panamaamerica.com.pa"", ""idioma"": ""es"", ""fecha_publicacion"": null, ""fecha_deteccion"": ""20260716T030000Z"", ""fecha_extraccion"": ""2026-10-06T18:46:40+00:00"", ""origen"": ""gdelt_doc:panama"", ""descripcion"": null, ""alcance_texto"": ""titular_metadatos""}"
noticia,url_duplicada,url,https://www.panamaamerica.com.pa/sociedad/panama-y-china-renovaran-acuerdo-maritimo-tras-tension-por-conflicto-portuario-1264233,"{""titulo"": ""Panamá y China renovarán acuerdo marítimo tras tensión por conflicto portuario"", ""url"": ""https://www.panamaamerica.com.pa/sociedad/panama-y-china-renovaran-acuerdo-maritimo-tras-tension-por-conflicto-portuario-1264233"", ""medio"": ""panamaamerica.com.pa"", ""idioma"": ""es"", ""fecha_publicacion"": null, ""fecha_deteccion"": ""20260721T023000Z"", ""fecha_extraccion"": ""2026-10-06T18:46:40+00:00"", ""origen"": ""gdelt_doc:panama"", ""descripcion"": null, ""alcance_texto"": ""titular_metadatos""}"
noticia,url_duplicada,url,https://www.panamaamerica.com.pa/mundo/mulino-se-reune-con-carlos-slim-para-atraer-inversion-mexicana-panama-1264054,"{""titulo"": ""Mulino se reúne con Carlos Slim para atraer inversión mexicana a Panamá"", ""url"": ""https://www.panamaamerica.com.pa/mundo/mulino-se-reune-con-carlos-slim-para-atraer-inversion-mexicana-panama-1264054"", ""medio"": ""panamaamerica.com.pa"", ""idioma"": ""es"", ""fecha_publicacion"": null, ""fecha_deteccion"": ""20260716T030000Z"", ""fecha_extraccion"": ""2026-10-06T18:46:40+00:00"", ""origen"": ""gdelt_doc:panama"", ""descripcion"": null, ""alcance_texto"": ""titular_metadatos""}"
noticia,url_duplicada,url,https://www.setn.com/news/1870888,"{""titulo"": ""頂住中國施壓 ！ 巴拿馬1年3度派團訪台 林佳龍揭密驚人台巴經貿 | 政治 | 三立新聞網 SETN . COM"", ""url"": ""https://www.setn.com/news/1870888"", ""medio"": ""setn.com"", ""idioma"": ""chinese"", ""fecha_publicacion"": null, ""fecha_deteccion"": ""20260711T100000Z"", ""fecha_extraccion"": ""2026-10-06T18:46:40+00:00"", ""origen"": ""gdelt_doc:panama"", ""descripcion"": null, ""alcance_texto"": ""titular_metadatos""}"
noticia,url_duplicada,url,https://www.critica.com.pa/nacional/mexico-respalda-la-neutralidad-del-canal-tras-reunion-entre-mulino-y-sheinbaum-512911,"{""titulo"": ""México respalda la neutralidad del Canal tras reunión entre Mulino y Sheinbaum"", ""url"": ""https://www.critica.com.pa/nacional/mexico-respalda-la-neutralidad-del-canal-tras-reunion-entre-mulino-y-sheinbaum-512911"", ""medio"": ""critica.com.pa"", ""idioma"": ""es"", ""fecha_publicacion"": null, ""fecha_deteccion"": ""20260715T230000Z"", ""fecha_extraccion"": ""2026-10-06T18:46:40+00:00"", ""origen"": ""gdelt_doc:panama"", ""descripcion"": null, ""alcance_texto"": ""titular_metadatos""}"
noticia,url_duplicada,url,https://www.inewsgr.com/97/ypo-kratisi-o-proin-epikefalis-tis-archis-tis-diorygas-tou-panama.htm,"{""titulo"": ""Υπό κράτηση ο πρώην επικεφαλής της αρχής της Διώρυγας του Παναμά"", ""url"": ""https://www.inewsgr.com/97/ypo-kratisi-o-proin-epikefalis-tis-archis-tis-diorygas-tou-panama.htm"", ""medio"": ""inewsgr.com"", ""idioma"": ""greek"", ""fecha_publicacion"": null, ""fecha_deteccion"": ""20260709T044500Z"", ""fecha_extraccion"": ""2026-10-06T18:46:40+00:00"", ""origen"": ""gdelt_doc:panama"", ""descripcion"": null, ""alcance_texto"": ""titular_metadatos""}"
noticia,url_duplicada,url,https://www.critica.com.pa/nacional/chapman-gobierno-pierde-6300-millones-por-cierre-de-la-mina-512790,"{""titulo"": ""Chapman : Gobierno pierde $6 , 300 millones por cierre de la mina"", ""url"": ""https://www.critica.com.pa/nacional/chapman-gobierno-pierde-6300-millones-por-cierre-de-la-mina-512790"", ""medio"": ""critica.com.pa"", ""idioma"": ""es"", ""fecha_publicacion"": null, ""fecha_deteccion"": ""20260714T010000Z"", ""fecha_extraccion"": ""2026-10-06T18:46:40+00:00"", ""origen"": ""gdelt_doc:panama"", ""descripcion"": null, ""alcance_texto"": ""titular_metadatos""}"
noticia,url_duplicada,url,https://www.prensa.com/economia/mulino-se-reune-con-carlos-slim-uno-de-los-hombres-mas-ricos-del-mundo-en-su-visita-a-mexico/,"{""titulo"": ""Mulino se reúne con Carlos Slim , uno de los hombres más ricos del mundo , en su visita a México"", ""url"": ""https://www.prensa.com/economia/mulino-se-reune-con-carlos-slim-uno-de-los-hombres-mas-ricos-del-mundo-en-su-visita-a-mexico/"", ""medio"": ""prensa.com"", ""idioma"": ""es"", ""fecha_publicacion"": null, ""fecha_deteccion"": ""20260716T001500Z"", ""fecha_extraccion"": ""2026-10-06T18:46:40+00:00"", ""origen"": ""gdelt_doc:panama"", ""descripcion"": null, ""alcance_texto"": ""titular_metadatos""}"
noticia,url_duplicada,url,https://www.diaadia.com.pa/el-pais/suiza-deposita-en-la-oea-su-adhesion-al-tratado-de-neutralidad-del-canal-de-panama-790824,"{""titulo"": ""Suiza deposita en la OEA su adhesión al Tratado de Neutralidad del Canal de Panamá"", ""url"": ""https://www.diaadia.com.pa/el-pais/suiza-deposita-en-la-oea-su-adhesion-al-tratado-de-neutralidad-del-canal-de-panama-790824"", ""medio"": ""diaadia.com.pa"", ""idioma"": ""es"", ""fecha_publicacion"": null, ""fecha_deteccion"": ""20260722T004500Z"", ""fecha_extraccion"": ""2026-10-06T18:46:40+00:00"", ""origen"": ""gdelt_doc:panama"", ""descripcion"": null, ""alcance_texto"": ""titular_metadatos""}"
noticia,url_duplicada,url,https://www.diaadia.com.pa/el-pais/carlos-slim-recibe-al-presidente-mulino-en-su-residencia-790725,"{""titulo"": ""Carlos Slim recibe al presidente Mulino en su residencia"", ""url"": ""https://www.diaadia.com.pa/el-pais/carlos-slim-recibe-al-presidente-mulino-en-su-residencia-790725"", ""medio"": ""diaadia.com.pa"", ""idioma"": ""es"", ""fecha_publicacion"": null, ""fecha_deteccion"": ""20260716T023000Z"", ""fecha_extraccion"": ""2026-10-06T18:46:40+00:00"", ""origen"": ""gdelt_doc:panama"", ""descripcion"": null, ""alcance_texto"": ""titular_metadatos""}"
noticia,url_duplicada,url,http://www.elmanana.com/noticias/internacional/petroterminal-de-panama-bajo-control-estatal/6162669,"{""titulo"": ""Petroterminal de Panamá bajo control estatal"", ""url"": ""http://www.elmanana.com/noticias/internacional/petroterminal-de-panama-bajo-control-estatal/6162669"", ""medio"": ""elmanana.com"", ""idioma"": ""es"", ""fecha_publicacion"": null, ""fecha_deteccion"": ""20260720T073000Z"", ""fecha_extraccion"": ""2026-10-06T18:46:40+00:00"", ""origen"": ""gdelt_doc:panama"", ""descripcion"": null, ""alcance_texto"": ""titular_metadatos""}"
noticia,url_duplicada,url,https://www.panamaamerica.com.pa/sociedad/panama-mantiene-una-perspectiva-optimista-por-la-renovacion-del-acuerdo-maritimo-con-china,"{""titulo"": ""Panamá mantiene una perspectiva optimista por la renovación del acuerdo marítimo con China"", ""url"": ""https://www.panamaamerica.com.pa/sociedad/panama-mantiene-una-perspectiva-optimista-por-la-renovacion-del-acuerdo-maritimo-con-china"", ""medio"": ""panamaamerica.com.pa"", ""idioma"": ""es"", ""fecha_publicacion"": null, ""fecha_deteccion"": ""20260722T213000Z"", ""fecha_extraccion"": ""2026-10-06T18:46:40+00:00"", ""origen"": ""gdelt_doc:panama"", ""descripcion"": null, ""alcance_texto"": ""titular_metadatos""}"
noticia,url_duplicada,url,https://www.panamaamerica.com.pa/nacion/mercado-laboral-y-sector-de-la-vivienda-siguen-dando-tropiezos-1264064,"{""titulo"": ""Mercado laboral y sector de la vivienda siguen dando tropiezos"", ""url"": ""https://www.panamaamerica.com.pa/nacion/mercado-laboral-y-sector-de-la-vivienda-siguen-dando-tropiezos-1264064"", ""medio"": ""panamaamerica.com.pa"", ""idioma"": ""es"", ""fecha_publicacion"": null, ""fecha_deteccion"": ""20260716T054500Z"", ""fecha_extraccion"": ""2026-10-06T18:46:40+00:00"", ""origen"": ""gdelt_doc:panama"", ""descripcion"": null, ""alcance_texto"": ""titular_metadatos""}"
noticia,url_duplicada,url,https://www.catholicculture.org/news/headlines/index.cfm?storyid=70020,"{""titulo"": ""Vatican newspaper claims Panama Canal is symbol of world climate crisis | News Headlines"", ""url"": ""https://www.catholicculture.org/news/headlines/index.cfm?storyid=70020"", ""medio"": ""catholicculture.org"", ""idioma"": ""en"", ""fecha_publicacion"": null, ""fecha_deteccion"": ""20260711T113000Z"", ""fecha_extraccion"": ""2026-10-06T18:46:40+00:00"", ""origen"": ""gdelt_doc:panama"", ""descripcion"": null, ""alcance_texto"": ""titular_metadatos""}"
noticia,url_duplicada,url,https://www.prensa.com/sociedad/nuevo-rector-de-la-universidad-de-panama-prioriza-infraestructura-inteligencia-artificial-y-mayor-presupuesto/,"{""titulo"": ""Nuevo rector de la Universidad de Panamá prioriza infraestructura , inteligencia artificial y mayor presupuesto"", ""url"": ""https://www.prensa.com/sociedad/nuevo-rector-de-la-universidad-de-panama-prioriza-infraestructura-inteligencia-artificial-y-mayor-presupuesto/"", ""medio"": ""prensa.com"", ""idioma"": ""es"", ""fecha_publicacion"": null, ""fecha_deteccion"": ""20260719T053000Z"", ""fecha_extraccion"": ""2026-10-06T18:46:40+00:00"", ""origen"": ""gdelt_doc:panama"", ""descripcion"": null, ""alcance_texto"": ""titular_metadatos""}"
noticia,url_duplicada,url,https://www.newsbeast.gr/world/arthro/13223488/ypo-kratisi-o-proin-epikefalis-tis-archis-tis-diorygas-tou-panama,"{""titulo"": ""Υπό κράτηση ο πρώην επικεφαλής της αρχής της Διώρυγας του Παναμά"", ""url"": ""https://www.newsbeast.gr/world/arthro/13223488/ypo-kratisi-o-proin-epikefalis-tis-archis-tis-diorygas-tou-panama"", ""medio"": ""newsbeast.gr"", ""idioma"": ""greek"", ""fecha_publicacion"": null, ""fecha_deteccion"": ""20260709T043000Z"", ""fecha_extraccion"": ""2026-10-06T18:46:40+00:00"", ""origen"": ""gdelt_doc:panama"", ""descripcion"": null, ""alcance_texto"": ""titular_metadatos""}"
noticia,url_duplicada,url,https://foreignpolicy.com/2026/07/15/panama-congress-anniversary-america-250-us-trump-bolivar-history/,"{""titulo"": ""Congress of Panama : In 1826 , Simón Bolívar Called for Latin America to Resist Great Powers"", ""url"": ""https://foreignpolicy.com/2026/07/15/panama-congress-anniversary-america-250-us-trump-bolivar-history/"", ""medio"": ""foreignpolicy.com"", ""idioma"": ""en"", ""fecha_publicacion"": null, ""fecha_deteccion"": ""20260715T164500Z"", ""fecha_extraccion"": ""2026-10-06T18:46:40+00:00"", ""origen"": ""gdelt_doc:panama"", ""descripcion"": null, ""alcance_texto"": ""titular_metadatos""}"
noticia,url_duplicada,url,https://www.capital.gr/diethni/4003686/upo-kratisi-o-proin-epikefalis-tis-arxis-tis-diorugas-tou-panama/,"{""titulo"": ""Υπό κράτηση ο πρώην επικεφαλής της αρχής της Διώρυγας του Παναμά"", ""url"": ""https://www.capital.gr/diethni/4003686/upo-kratisi-o-proin-epikefalis-tis-arxis-tis-diorugas-tou-panama/"", ""medio"": ""capital.gr"", ""idioma"": ""greek"", ""fecha_publicacion"": null, ""fecha_deteccion"": ""20260709T060000Z"", ""fecha_extraccion"": ""2026-10-06T18:46:40+00:00"", ""origen"": ""gdelt_doc:panama"", ""descripcion"": null, ""alcance_texto"": ""titular_metadatos""}"
noticia,url_duplicada,url,https://www.prensa.com/economia/cerro-el-emblematico-restaurante-chino-golden-unicorn/,"{""titulo"": ""Cerró el emblemático restaurante chino Golden Unicorn"", ""url"": ""https://www.prensa.com/economia/cerro-el-emblematico-restaurante-chino-golden-unicorn/"", ""medio"": ""prensa.com"", ""idioma"": ""es"", ""fecha_publicacion"": null, ""fecha_deteccion"": ""20260717T001500Z"", ""fecha_extraccion"": ""2026-10-06T18:46:40+00:00"", ""origen"": ""gdelt_doc:panama"", ""descripcion"": null, ""alcance_texto"": ""titular_metadatos""}"
noticia,url_duplicada,url,https://www.ecoticias.com/eco-america/panama-sera-la-capital-mundial-de-los-humedales-con-la-cop16-ramsar-en-2028,"{""titulo"": ""Panamá será la capital mundial de los humedales con la COP16 Ramsar en 2028"", ""url"": ""https://www.ecoticias.com/eco-america/panama-sera-la-capital-mundial-de-los-humedales-con-la-cop16-ramsar-en-2028"", ""medio"": ""ecoticias.com"", ""idioma"": ""es"", ""fecha_publicacion"": null, ""fecha_deteccion"": ""20260714T101500Z"", ""fecha_extraccion"": ""2026-10-06T18:46:40+00:00"", ""origen"": ""gdelt_doc:panama"", ""descripcion"": null, ""alcance_texto"": ""titular_metadatos""}"
noticia,url_duplicada,url,https://www.diaadia.com.pa/fama/omar-alfanno-se-suma-al-concierto-de-farruko-en-panama-790747,"{""titulo"": ""Omar Alfanno se suma al concierto de Farruko en Panamá"", ""url"": ""https://www.diaadia.com.pa/fama/omar-alfanno-se-suma-al-concierto-de-farruko-en-panama-790747"", ""medio"": ""diaadia.com.pa"", ""idioma"": ""es"", ""fecha_publicacion"": null, ""fecha_deteccion"": ""20260717T231500Z"", ""fecha_extraccion"": ""2026-10-06T18:46:40+00:00"", ""origen"": ""gdelt_doc:panama"", ""descripcion"": null, ""alcance_texto"": ""titular_metadatos""}"
noticia,url_duplicada,url,https://www.telemetro.com/nacionales/argentina-enviara-militares-panama-participar-el-ejercicio-multinacional-panamax-2026-n6086226,"{""titulo"": ""Argentina enviará militares a Panamá para participar en el ejercicio multinacional Panamax 2026"", ""url"": ""https://www.telemetro.com/nacionales/argentina-enviara-militares-panama-participar-el-ejercicio-multinacional-panamax-2026-n6086226"", ""medio"": ""telemetro.com"", ""idioma"": ""es"", ""fecha_publicacion"": null, ""fecha_deteccion"": ""20260724T161500Z"", ""fecha_extraccion"": ""2026-10-06T18:46:40+00:00"", ""origen"": ""gdelt_doc:panama"", ""descripcion"": null, ""alcance_texto"": ""titular_metadatos""}"
noticia,url_duplicada,url,https://www.panamaamerica.com.pa/economia/panama-refuerza-sus-vinculos-comerciales-y-estrategicos-con-mexico-1264051,"{""titulo"": ""Panamá refuerza sus vínculos comerciales y estratégicos con México"", ""url"": ""https://www.panamaamerica.com.pa/economia/panama-refuerza-sus-vinculos-comerciales-y-estrategicos-con-mexico-1264051"", ""medio"": ""panamaamerica.com.pa"", ""idioma"": ""es"", ""fecha_publicacion"": null, ""fecha_deteccion"": ""20260716T054500Z"", ""fecha_extraccion"": ""2026-10-06T18:46:40+00:00"", ""origen"": ""gdelt_doc:panama"", ""descripcion"": null, ""alcance_texto"": ""titular_metadatos""}"
noticia,url_duplicada,url,https://www.prensa.com/economia/panama-lanza-proyecto-que-impulsa-la-pesca-sostenible-y-protege-los-oceanos-en-seis-paises-de-america-y-africa/,"{""titulo"": ""Panamá lanza proyecto que impulsa la pesca sostenible y protege los océanos en seis países de América y África"", ""url"": ""https://www.prensa.com/economia/panama-lanza-proyecto-que-impulsa-la-pesca-sostenible-y-protege-los-oceanos-en-seis-paises-de-america-y-africa/"", ""medio"": ""prensa.com"", ""idioma"": ""es"", ""fecha_publicacion"": null, ""fecha_deteccion"": ""20260723T223000Z"", ""fecha_extraccion"": ""2026-10-06T18:46:40+00:00"", ""origen"": ""gdelt_doc:panama"", ""descripcion"": null, ""alcance_texto"": ""titular_metadatos""}"
noticia,url_duplicada,url,https://www.panamaamerica.com.pa/economia/panama-fija-plazo-de-12-meses-para-concretar-alianza-economica-con-la-india-1264236,"{""titulo"": ""Panamá fija plazo de 12 meses para concretar alianza económica con la India"", ""url"": ""https://www.panamaamerica.com.pa/economia/panama-fija-plazo-de-12-meses-para-concretar-alianza-economica-con-la-india-1264236"", ""medio"": ""panamaamerica.com.pa"", ""idioma"": ""es"", ""fecha_publicacion"": null, ""fecha_deteccion"": ""20260721T151500Z"", ""fecha_extraccion"": ""2026-10-06T18:46:40+00:00"", ""origen"": ""gdelt_doc:panama"", ""descripcion"": null, ""alcance_texto"": ""titular_metadatos""}"
noticia,url_duplicada,url,https://www.freemalaysiatoday.com/category/business/2026/07/24/panama-says-fewer-ships-detained-in-chinese-ports-after-agreement,"{""titulo"": ""Panama says fewer ships detained in Chinese ports after agreement"", ""url"": ""https://www.freemalaysiatoday.com/category/business/2026/07/24/panama-says-fewer-ships-detained-in-chinese-ports-after-agreement"", ""medio"": ""freemalaysiatoday.com"", ""idioma"": ""en"", ""fecha_publicacion"": null, ""fecha_deteccion"": ""20260724T074500Z"", ""fecha_extraccion"": ""2026-10-06T18:46:40+00:00"", ""origen"": ""gdelt_doc:panama"", ""descripcion"": null, ""alcance_texto"": ""titular_metadatos""}"
noticia,url_duplicada,url,https://www.panamaamerica.com.pa/mundo/mexico-y-panama-refuerzan-lazos-economicos-y-diplomaticos-1264028,"{""titulo"": ""México y Panamá refuerzan lazos económicos y diplomáticos"", ""url"": ""https://www.panamaamerica.com.pa/mundo/mexico-y-panama-refuerzan-lazos-economicos-y-diplomaticos-1264028"", ""medio"": ""panamaamerica.com.pa"", ""idioma"": ""es"", ""fecha_publicacion"": null, ""fecha_deteccion"": ""20260716T030000Z"", ""fecha_extraccion"": ""2026-10-06T18:46:40+00:00"", ""origen"": ""gdelt_doc:panama"", ""descripcion"": null, ""alcance_texto"": ""titular_metadatos""}"
noticia,url_duplicada,url,https://www.prensa.com/economia/superintendencia-destaca-solidez-del-sistema-financiero-y-banqueros-piden-rigor-en-investigacion-por-creditos-fiscales-ilegitimos/,"{""titulo"": ""Superintendencia destaca solidez del sistema financiero y banqueros piden rigor en investigación por créditos fiscales ilegítimos"", ""url"": ""https://www.prensa.com/economia/superintendencia-destaca-solidez-del-sistema-financiero-y-banqueros-piden-rigor-en-investigacion-por-creditos-fiscales-ilegitimos/"", ""medio"": ""prensa.com"", ""idioma"": ""es"", ""fecha_publicacion"": null, ""fecha_deteccion"": ""20260719T190000Z"", ""fecha_extraccion"": ""2026-10-06T18:46:40+00:00"", ""origen"": ""gdelt_doc:panama"", ""descripcion"": null, ""alcance_texto"": ""titular_metadatos""}"
noticia,url_duplicada,url,https://www.panamaamerica.com.pa/sociedad/mulino-presenta-portafolio-de-proyectos-del-canal-navieros-de-japon-1263943,"{""titulo"": ""Mulino presenta portafolio de proyectos del Canal a navieros de Japón"", ""url"": ""https://www.panamaamerica.com.pa/sociedad/mulino-presenta-portafolio-de-proyectos-del-canal-navieros-de-japon-1263943"", ""medio"": ""panamaamerica.com.pa"", ""idioma"": ""es"", ""fecha_publicacion"": null, ""fecha_deteccion"": ""20260714T003000Z"", ""fecha_extraccion"": ""2026-10-06T18:46:40+00:00"", ""origen"": ""gdelt_doc:panama"", ""descripcion"": null, ""alcance_texto"": ""titular_metadatos""}"
noticia,url_duplicada,url,https://www.panamaamerica.com.pa/economia/fitch-ratings-proyecta-que-la-reapertura-de-cobre-panama-podria-sumar-hasta-un-2-al,"{""titulo"": ""Fitch Ratings proyecta que la reapertura de Cobre Panamá podría sumar hasta un 2 % al crecimiento del PIB"", ""url"": ""https://www.panamaamerica.com.pa/economia/fitch-ratings-proyecta-que-la-reapertura-de-cobre-panama-podria-sumar-hasta-un-2-al"", ""medio"": ""panamaamerica.com.pa"", ""idioma"": ""es"", ""fecha_publicacion"": null, ""fecha_deteccion"": ""20260722T053000Z"", ""fecha_extraccion"": ""2026-10-06T18:46:40+00:00"", ""origen"": ""gdelt_doc:panama"", ""descripcion"": null, ""alcance_texto"": ""titular_metadatos""}"
noticia,url_duplicada,url,https://www.prensa.com/politica/la-perpetuidad-que-se-pudo-derrotar-la-utopia-realizada/,"{""titulo"": ""La perpetuidad que se pudo derrotar : la utopía realizada"", ""url"": ""https://www.prensa.com/politica/la-perpetuidad-que-se-pudo-derrotar-la-utopia-realizada/"", ""medio"": ""prensa.com"", ""idioma"": ""es"", ""fecha_publicacion"": null, ""fecha_deteccion"": ""20260907T071500Z"", ""fecha_extraccion"": ""2026-10-06T18:46:40+00:00"", ""origen"": ""gdelt_doc:panama"", ""descripcion"": null, ""alcance_texto"": ""titular_metadatos""}"
noticia,url_duplicada,url,https://baijiahao.baidu.com/s?id=1875401455497575622,"{""titulo"": ""巴拿马运河下调每日通航量 ： 每天只过32艘船 ！ 巴政府已宣布全国进入紧急状态"", ""url"": ""https://baijiahao.baidu.com/s?id=1875401455497575622"", ""medio"": ""baijiahao.baidu.com"", ""idioma"": ""chinese"", ""fecha_publicacion"": null, ""fecha_deteccion"": ""20260907T070000Z"", ""fecha_extraccion"": ""2026-10-06T18:46:40+00:00"", ""origen"": ""gdelt_doc:panama"", ""descripcion"": null, ""alcance_texto"": ""titular_metadatos""}"
noticia,url_duplicada,url,https://www.eluniverso.com/noticias/politica/daniel-noboa-y-jose-mulino-se-reunieron-en-guayaquil-comercio-inversion-y-seguridad-marcaron-la-agenda-nota/,"{""titulo"": ""Daniel Noboa y José Mulino se reunieron en Guayaquil : comercio , inversión y seguridad marcaron la agenda"", ""url"": ""https://www.eluniverso.com/noticias/politica/daniel-noboa-y-jose-mulino-se-reunieron-en-guayaquil-comercio-inversion-y-seguridad-marcaron-la-agenda-nota/"", ""medio"": ""eluniverso.com"", ""idioma"": ""es"", ""fecha_publicacion"": null, ""fecha_deteccion"": ""20260904T203000Z"", ""fecha_extraccion"": ""2026-10-06T18:46:40+00:00"", ""origen"": ""gdelt_doc:panama"", ""descripcion"": null, ""alcance_texto"": ""titular_metadatos""}"
noticia,url_duplicada,url,https://www.telemetro.com/nacionales/transicion-mando-el-canal-panama-49-anos-la-firma-los-tratados-torrijos-carter-n6090958,"{""titulo"": ""Transición de mando en el Canal de Panamá , tras 49 años de la firma de los tratados Torrijos - Carter"", ""url"": ""https://www.telemetro.com/nacionales/transicion-mando-el-canal-panama-49-anos-la-firma-los-tratados-torrijos-carter-n6090958"", ""medio"": ""telemetro.com"", ""idioma"": ""es"", ""fecha_publicacion"": null, ""fecha_deteccion"": ""20260907T041500Z"", ""fecha_extraccion"": ""2026-10-06T18:46:40+00:00"", ""origen"": ""gdelt_doc:panama"", ""descripcion"": null, ""alcance_texto"": ""titular_metadatos""}"
noticia,url_duplicada,url,https://www.telemetro.com/nacionales/consejo-gabinete-aprueba-presupuesto-del-canal-panama-el-2027-n6090500,"{""titulo"": ""Consejo de Gabinete aprueba presupuesto del Canal de Panamá para el 2027"", ""url"": ""https://www.telemetro.com/nacionales/consejo-gabinete-aprueba-presupuesto-del-canal-panama-el-2027-n6090500"", ""medio"": ""telemetro.com"", ""idioma"": ""es"", ""fecha_publicacion"": null, ""fecha_deteccion"": ""20260902T030000Z"", ""fecha_extraccion"": ""2026-10-06T18:46:40+00:00"", ""origen"": ""gdelt_doc:panama"", ""descripcion"": null, ""alcance_texto"": ""titular_metadatos""}"
noticia,url_duplicada,url,https://www.prensa.com/opinion/mas-alla-del-7-de-septiembre-74-anos-de-construccion-de-soberania-sobre-el-canal/,"{""titulo"": ""Más allá del 7 de septiembre : 74 años de construcción de soberanía sobre el Canal"", ""url"": ""https://www.prensa.com/opinion/mas-alla-del-7-de-septiembre-74-anos-de-construccion-de-soberania-sobre-el-canal/"", ""medio"": ""prensa.com"", ""idioma"": ""es"", ""fecha_publicacion"": null, ""fecha_deteccion"": ""20260907T021500Z"", ""fecha_extraccion"": ""2026-10-06T18:46:40+00:00"", ""origen"": ""gdelt_doc:panama"", ""descripcion"": null, ""alcance_texto"": ""titular_metadatos""}"
noticia,url_duplicada,url,https://www.cqnews.net/web/content_1545052661663596544.html,"{""titulo"": ""中东战火叠加强厄尔尼诺 巴拿马运河再次面临通行之困"", ""url"": ""https://www.cqnews.net/web/content_1545052661663596544.html"", ""medio"": ""cqnews.net"", ""idioma"": ""chinese"", ""fecha_publicacion"": null, ""fecha_deteccion"": ""20260903T080000Z"", ""fecha_extraccion"": ""2026-10-06T18:46:40+00:00"", ""origen"": ""gdelt_doc:panama"", ""descripcion"": null, ""alcance_texto"": ""titular_metadatos""}"
noticia,url_duplicada,url,https://www.prensa.com/opinion/el-rector-que-panama-necesita/,"{""titulo"": ""El rector que Panamá necesita"", ""url"": ""https://www.prensa.com/opinion/el-rector-que-panama-necesita/"", ""medio"": ""prensa.com"", ""idioma"": ""es"", ""fecha_publicacion"": null, ""fecha_deteccion"": ""20260902T020000Z"", ""fecha_extraccion"": ""2026-10-06T18:46:40+00:00"", ""origen"": ""gdelt_doc:panama"", ""descripcion"": null, ""alcance_texto"": ""titular_metadatos""}"
noticia,url_duplicada,url,https://www.prensa.com/economia/panama-no-busca-entrar-a-la-ocde-todavia-esta-es-la-hoja-de-ruta/,"{""titulo"": ""Panamá no busca entrar a la OCDE todavía : esta es la hoja de ruta"", ""url"": ""https://www.prensa.com/economia/panama-no-busca-entrar-a-la-ocde-todavia-esta-es-la-hoja-de-ruta/"", ""medio"": ""prensa.com"", ""idioma"": ""es"", ""fecha_publicacion"": null, ""fecha_deteccion"": ""20260906T070000Z"", ""fecha_extraccion"": ""2026-10-06T18:46:40+00:00"", ""origen"": ""gdelt_doc:panama"", ""descripcion"": null, ""alcance_texto"": ""titular_metadatos""}"
noticia,url_duplicada,url,https://www.eluniverso.com/noticias/politica/cancilleres-de-ecuador-y-panama-se-reunen-en-guayaquil-para-firmar-acuerdos-y-avanzar-en-relacion-bilateral-nota/,"{""titulo"": ""Cancilleres de Ecuador y Panamá se reúnen en Guayaquil para firmar acuerdos y avanzar en relación bilateral"", ""url"": ""https://www.eluniverso.com/noticias/politica/cancilleres-de-ecuador-y-panama-se-reunen-en-guayaquil-para-firmar-acuerdos-y-avanzar-en-relacion-bilateral-nota/"", ""medio"": ""eluniverso.com"", ""idioma"": ""es"", ""fecha_publicacion"": null, ""fecha_deteccion"": ""20260904T181500Z"", ""fecha_extraccion"": ""2026-10-06T18:46:40+00:00"", ""origen"": ""gdelt_doc:panama"", ""descripcion"": null, ""alcance_texto"": ""titular_metadatos""}"
noticia,url_duplicada,url,https://www.dailynews.co.th/news/6164885/,"{""titulo"": ""คลองปานามาเริ่มมาตรการลดเรือผ่าน เหตุแล้งจากเอลนีโญรุนแรง"", ""url"": ""https://www.dailynews.co.th/news/6164885/"", ""medio"": ""dailynews.co.th"", ""idioma"": ""thai"", ""fecha_publicacion"": null, ""fecha_deteccion"": ""20260905T051500Z"", ""fecha_extraccion"": ""2026-10-06T18:46:40+00:00"", ""origen"": ""gdelt_doc:panama"", ""descripcion"": null, ""alcance_texto"": ""titular_metadatos""}"
noticia,url_duplicada,url,https://www.teleamazonas.com/actualidad/noticias/economia/ecuador-panama-negocian-acuerdo-comercial-son-productos-ecuador-exporta-127172/,"{""titulo"": ""Ecuador y Panamá negocian acuerdo comercial : estos son los productos que Ecuador exporta"", ""url"": ""https://www.teleamazonas.com/actualidad/noticias/economia/ecuador-panama-negocian-acuerdo-comercial-son-productos-ecuador-exporta-127172/"", ""medio"": ""teleamazonas.com"", ""idioma"": ""es"", ""fecha_publicacion"": null, ""fecha_deteccion"": ""20260904T223000Z"", ""fecha_extraccion"": ""2026-10-06T18:46:40+00:00"", ""origen"": ""gdelt_doc:panama"", ""descripcion"": null, ""alcance_texto"": ""titular_metadatos""}"
noticia,url_duplicada,url,https://www.ideal.es/internacional/expansion-militar-donald-trump-panama-poco-sentido-20260828011322-nt.html,"{""titulo"": ""La expansión militar de Donald Trump en Panamá tiene poco sentido"", ""url"": ""https://www.ideal.es/internacional/expansion-militar-donald-trump-panama-poco-sentido-20260828011322-nt.html"", ""medio"": ""ideal.es"", ""idioma"": ""es"", ""fecha_publicacion"": null, ""fecha_deteccion"": ""20260903T021500Z"", ""fecha_extraccion"": ""2026-10-06T18:46:40+00:00"", ""origen"": ""gdelt_doc:panama"", ""descripcion"": null, ""alcance_texto"": ""titular_metadatos""}"
noticia,url_duplicada,url,https://www.critica.com.pa/nacional/mulino-viajara-ecuador-para-hablar-con-noboa-sobre-comercio-y-seguridad-515723,"{""titulo"": ""Mulino viajará a Ecuador para hablar con Noboa sobre Comercio y Seguridad"", ""url"": ""https://www.critica.com.pa/nacional/mulino-viajara-ecuador-para-hablar-con-noboa-sobre-comercio-y-seguridad-515723"", ""medio"": ""critica.com.pa"", ""idioma"": ""es"", ""fecha_publicacion"": null, ""fecha_deteccion"": ""20260903T021500Z"", ""fecha_extraccion"": ""2026-10-06T18:46:40+00:00"", ""origen"": ""gdelt_doc:panama"", ""descripcion"": null, ""alcance_texto"": ""titular_metadatos""}"
noticia,url_duplicada,url,https://www.diariovasco.com/internacional/expansion-militar-donald-trump-panama-poco-sentido-20260828011322-nt.html,"{""titulo"": ""La expansión militar de Donald Trump en Panamá tiene poco sentido"", ""url"": ""https://www.diariovasco.com/internacional/expansion-militar-donald-trump-panama-poco-sentido-20260828011322-nt.html"", ""medio"": ""diariovasco.com"", ""idioma"": ""es"", ""fecha_publicacion"": null, ""fecha_deteccion"": ""20260903T001500Z"", ""fecha_extraccion"": ""2026-10-06T18:46:40+00:00"", ""origen"": ""gdelt_doc:panama"", ""descripcion"": null, ""alcance_texto"": ""titular_metadatos""}"
noticia,url_duplicada,url,https://www.telemetro.com/debate-abierto-dominical/analisis-retos-del-canal-panama-reformas-electorales-seguridad-y-otros-temas-n6090936,"{""titulo"": ""Análisis sobre retos del Canal de Panamá , reformas electorales , seguridad y otros temas"", ""url"": ""https://www.telemetro.com/debate-abierto-dominical/analisis-retos-del-canal-panama-reformas-electorales-seguridad-y-otros-temas-n6090936"", ""medio"": ""telemetro.com"", ""idioma"": ""es"", ""fecha_publicacion"": null, ""fecha_deteccion"": ""20260906T181500Z"", ""fecha_extraccion"": ""2026-10-06T18:46:40+00:00"", ""origen"": ""gdelt_doc:panama"", ""descripcion"": null, ""alcance_texto"": ""titular_metadatos""}"
noticia,url_duplicada,url,https://www.elcomercio.es/internacional/expansion-militar-donald-trump-panama-poco-sentido-20260828011322-nt.html,"{""titulo"": ""La expansión militar de Donald Trump en Panamá tiene poco sentido | El Comercio : Diario de Asturias"", ""url"": ""https://www.elcomercio.es/internacional/expansion-militar-donald-trump-panama-poco-sentido-20260828011322-nt.html"", ""medio"": ""elcomercio.es"", ""idioma"": ""es"", ""fecha_publicacion"": null, ""fecha_deteccion"": ""20260903T020000Z"", ""fecha_extraccion"": ""2026-10-06T18:46:40+00:00"", ""origen"": ""gdelt_doc:panama"", ""descripcion"": null, ""alcance_texto"": ""titular_metadatos""}"
noticia,url_duplicada,url,https://www.hoy.es/internacional/expansion-militar-donald-trump-panama-poco-sentido-20260828011322-nt.html,"{""titulo"": ""La expansión militar de Donald Trump en Panamá tiene poco sentido"", ""url"": ""https://www.hoy.es/internacional/expansion-militar-donald-trump-panama-poco-sentido-20260828011322-nt.html"", ""medio"": ""hoy.es"", ""idioma"": ""es"", ""fecha_publicacion"": null, ""fecha_deteccion"": ""20260903T004500Z"", ""fecha_extraccion"": ""2026-10-06T18:46:40+00:00"", ""origen"": ""gdelt_doc:panama"", ""descripcion"": null, ""alcance_texto"": ""titular_metadatos""}"
noticia,url_duplicada,url,https://www.critica.com.pa/nacional/mulino-ya-esta-en-ecuador-para-reunirse-con-noboa-515814,"{""titulo"": ""Mulino ya está en Ecuador para reunirse con Noboa"", ""url"": ""https://www.critica.com.pa/nacional/mulino-ya-esta-en-ecuador-para-reunirse-con-noboa-515814"", ""medio"": ""critica.com.pa"", ""idioma"": ""es"", ""fecha_publicacion"": null, ""fecha_deteccion"": ""20260904T191500Z"", ""fecha_extraccion"": ""2026-10-06T18:46:40+00:00"", ""origen"": ""gdelt_doc:panama"", ""descripcion"": null, ""alcance_texto"": ""titular_metadatos""}"
noticia,url_duplicada,url,https://www.midiario.com/nacionales/un-viaje-por-nuestro-panama-el-corazon-de-panama-capital-panama-oeste-y-cocle/,"{""titulo"": ""Un viaje por nuestro Panamá . El corazón de Panamá : Capital , Panamá Oeste y Coclé"", ""url"": ""https://www.midiario.com/nacionales/un-viaje-por-nuestro-panama-el-corazon-de-panama-capital-panama-oeste-y-cocle/"", ""medio"": ""midiario.com"", ""idioma"": ""es"", ""fecha_publicacion"": null, ""fecha_deteccion"": ""20260823T050000Z"", ""fecha_extraccion"": ""2026-10-06T18:46:40+00:00"", ""origen"": ""gdelt_doc:panama"", ""descripcion"": null, ""alcance_texto"": ""titular_metadatos""}"
noticia,url_duplicada,url,https://www.critica.com.pa/nacional/panama-adquiere-la-totalidad-de-un-oleoducto-transistmico-515731,"{""titulo"": ""Panamá adquiere la totalidad de un oleoducto transístmico"", ""url"": ""https://www.critica.com.pa/nacional/panama-adquiere-la-totalidad-de-un-oleoducto-transistmico-515731"", ""medio"": ""critica.com.pa"", ""idioma"": ""es"", ""fecha_publicacion"": null, ""fecha_deteccion"": ""20260903T054500Z"", ""fecha_extraccion"": ""2026-10-06T18:46:40+00:00"", ""origen"": ""gdelt_doc:panama"", ""descripcion"": null, ""alcance_texto"": ""titular_metadatos""}"
noticia,url_duplicada,url,https://www.critica.com.pa/nacional/vasquez-pide-trabajadores-del-canal-defender-la-institucionalidad-515713,"{""titulo"": ""Vásquez pide a trabajadores del Canal defender la institucionalidad"", ""url"": ""https://www.critica.com.pa/nacional/vasquez-pide-trabajadores-del-canal-defender-la-institucionalidad-515713"", ""medio"": ""critica.com.pa"", ""idioma"": ""es"", ""fecha_publicacion"": null, ""fecha_deteccion"": ""20260902T221500Z"", ""fecha_extraccion"": ""2026-10-06T18:46:40+00:00"", ""origen"": ""gdelt_doc:panama"", ""descripcion"": null, ""alcance_texto"": ""titular_metadatos""}"
noticia,url_duplicada,url,https://www.prensa.com/opinion/lo-que-le-falta-a-panama-no-esta-en-el-presupuesto/,"{""titulo"": ""Lo que le falta a Panamá no está en el presupuesto"", ""url"": ""https://www.prensa.com/opinion/lo-que-le-falta-a-panama-no-esta-en-el-presupuesto/"", ""medio"": ""prensa.com"", ""idioma"": ""es"", ""fecha_publicacion"": null, ""fecha_deteccion"": ""20260901T073000Z"", ""fecha_extraccion"": ""2026-10-06T18:46:40+00:00"", ""origen"": ""gdelt_doc:panama"", ""descripcion"": null, ""alcance_texto"": ""titular_metadatos""}"
noticia,url_duplicada,url,https://www.critica.com.pa/nacional/panama-y-barbados-buscan-abrir-nuevas-oportunidades-comerciales-en-el-caribe-515730,"{""titulo"": ""Panamá y Barbados buscan abrir nuevas oportunidades comerciales en el Caribe"", ""url"": ""https://www.critica.com.pa/nacional/panama-y-barbados-buscan-abrir-nuevas-oportunidades-comerciales-en-el-caribe-515730"", ""medio"": ""critica.com.pa"", ""idioma"": ""es"", ""fecha_publicacion"": null, ""fecha_deteccion"": ""20260903T054500Z"", ""fecha_extraccion"": ""2026-10-06T18:46:40+00:00"", ""origen"": ""gdelt_doc:panama"", ""descripcion"": null, ""alcance_texto"": ""titular_metadatos""}"
noticia,url_duplicada,url,http://inews24.com/view/1998446,"{""titulo"": ""SK가스 , 파나마운하 통항권 73억원에 확보 … 2월 대비 100배 비싸"", ""url"": ""http://inews24.com/view/1998446"", ""medio"": ""inews24.com"", ""idioma"": ""korean"", ""fecha_publicacion"": null, ""fecha_deteccion"": ""20260826T054500Z"", ""fecha_extraccion"": ""2026-10-06T18:46:40+00:00"", ""origen"": ""gdelt_doc:panama"", ""descripcion"": null, ""alcance_texto"": ""titular_metadatos""}"
noticia,url_duplicada,url,https://www.canarias7.es/internacional/expansion-militar-donald-trump-panama-poco-sentido-20260828011322-nt.html,"{""titulo"": ""La expansión militar de Donald Trump en Panamá tiene poco sentido"", ""url"": ""https://www.canarias7.es/internacional/expansion-militar-donald-trump-panama-poco-sentido-20260828011322-nt.html"", ""medio"": ""canarias7.es"", ""idioma"": ""es"", ""fecha_publicacion"": null, ""fecha_deteccion"": ""20260903T010000Z"", ""fecha_extraccion"": ""2026-10-06T18:46:40+00:00"", ""origen"": ""gdelt_doc:panama"", ""descripcion"": null, ""alcance_texto"": ""titular_metadatos""}"
noticia,url_duplicada,url,https://www.laestrella.com.pa/panama/nacional/universidad-de-panama-advierte-sobre-tensiones-con-estados-unidos-y-defiende-la-soberania-del-canal-DG25233123,"{""titulo"": ""Universidad de Panamá advierte sobre tensiones con Estados Unidos y defiende la soberanía del Canal"", ""url"": ""https://www.laestrella.com.pa/panama/nacional/universidad-de-panama-advierte-sobre-tensiones-con-estados-unidos-y-defiende-la-soberania-del-canal-DG25233123"", ""medio"": ""laestrella.com.pa"", ""idioma"": ""es"", ""fecha_publicacion"": null, ""fecha_deteccion"": ""20260828T161500Z"", ""fecha_extraccion"": ""2026-10-06T18:46:40+00:00"", ""origen"": ""gdelt_doc:panama"", ""descripcion"": null, ""alcance_texto"": ""titular_metadatos""}"
noticia,url_duplicada,url,https://www.telemetro.com/nacionales/panama-insta-mongolia-adherirse-al-tratado-neutralidad-del-canal-panama-n6089705,"{""titulo"": ""Panamá insta a Mongolia a adherirse al Tratado de Neutralidad del Canal de Panamá"", ""url"": ""https://www.telemetro.com/nacionales/panama-insta-mongolia-adherirse-al-tratado-neutralidad-del-canal-panama-n6089705"", ""medio"": ""telemetro.com"", ""idioma"": ""es"", ""fecha_publicacion"": null, ""fecha_deteccion"": ""20260825T221500Z"", ""fecha_extraccion"": ""2026-10-06T18:46:40+00:00"", ""origen"": ""gdelt_doc:panama"", ""descripcion"": null, ""alcance_texto"": ""titular_metadatos""}"
noticia,url_duplicada,url,https://www.nbd.com.cn/articles/2026-08-30/4566072.html,"{""titulo"": ""高峰时131艘船等待通行 ， 巴拿马运河现 枯水运营 ： 插队费 纪录再被刷新 ， 美东航线运价上涨"", ""url"": ""https://www.nbd.com.cn/articles/2026-08-30/4566072.html"", ""medio"": ""nbd.com.cn"", ""idioma"": ""chinese"", ""fecha_publicacion"": null, ""fecha_deteccion"": ""20260830T054500Z"", ""fecha_extraccion"": ""2026-10-06T18:46:40+00:00"", ""origen"": ""gdelt_doc:panama"", ""descripcion"": null, ""alcance_texto"": ""titular_metadatos""}"
noticia,url_duplicada,url,https://www.haberler.com/dunya/hurmuz-panama-kanali-nda-super-gucler-arasindaki-20168600-haberi/,"{""titulo"": ""Hürmüz , Panama Kanalı nda süper gler arasındaki anlaşmazlığı nasıl körklüyor ?"", ""url"": ""https://www.haberler.com/dunya/hurmuz-panama-kanali-nda-super-gucler-arasindaki-20168600-haberi/"", ""medio"": ""haberler.com"", ""idioma"": ""turkish"", ""fecha_publicacion"": null, ""fecha_deteccion"": ""20260823T074500Z"", ""fecha_extraccion"": ""2026-10-06T18:46:40+00:00"", ""origen"": ""gdelt_doc:panama"", ""descripcion"": null, ""alcance_texto"": ""titular_metadatos""}"
noticia,url_duplicada,url,https://www.prensa.com/economia/panama-presenta-su-marca-pais-para-promover-el-turismo-y-las-inversiones-en-el-exterior/,"{""titulo"": ""Panamá anfitrión del mundo ; la marca país para promover el turismo y las inversiones en el exterior"", ""url"": ""https://www.prensa.com/economia/panama-presenta-su-marca-pais-para-promover-el-turismo-y-las-inversiones-en-el-exterior/"", ""medio"": ""prensa.com"", ""idioma"": ""es"", ""fecha_publicacion"": null, ""fecha_deteccion"": ""20260827T000000Z"", ""fecha_extraccion"": ""2026-10-06T18:46:40+00:00"", ""origen"": ""gdelt_doc:panama"", ""descripcion"": null, ""alcance_texto"": ""titular_metadatos""}"
noticia,url_duplicada,url,https://www.expreso.ec/economia-y-negocios/ecuador-panama-firman-terminos-negociar-acuerdo-comercial-alcance-parcial-294647.html,"{""titulo"": ""Ecuador y Panamá firman los términos para negociar un acuerdo comercial de alcance parcial"", ""url"": ""https://www.expreso.ec/economia-y-negocios/ecuador-panama-firman-terminos-negociar-acuerdo-comercial-alcance-parcial-294647.html"", ""medio"": ""expreso.ec"", ""idioma"": ""es"", ""fecha_publicacion"": null, ""fecha_deteccion"": ""20260904T231500Z"", ""fecha_extraccion"": ""2026-10-06T18:46:40+00:00"", ""origen"": ""gdelt_doc:panama"", ""descripcion"": null, ""alcance_texto"": ""titular_metadatos""}"
noticia,url_duplicada,url,https://bbs.wenxuecity.com/financenews/34252.html,"{""titulo"": ""尽管巴拿马港口被抢 ， 李嘉诚仍维持全球港口卖价 - ZAKER发表于 财经新闻 - 论坛"", ""url"": ""https://bbs.wenxuecity.com/financenews/34252.html"", ""medio"": ""bbs.wenxuecity.com"", ""idioma"": ""chinese"", ""fecha_publicacion"": null, ""fecha_deteccion"": ""20260827T130000Z"", ""fecha_extraccion"": ""2026-10-06T18:46:40+00:00"", ""origen"": ""gdelt_doc:panama"", ""descripcion"": null, ""alcance_texto"": ""titular_metadatos""}"
noticia,url_duplicada,url,https://www.dailynayadiganta.com/international/asia/middle-east/2iaEDemo9GMf,"{""titulo"": ""হরমুজের অস্থিরতা যেভাবে পানামা খালকে ঘিরে পরাশক্তিগুলোর বিরোধ উসকে দিচ্ছে"", ""url"": ""https://www.dailynayadiganta.com/international/asia/middle-east/2iaEDemo9GMf"", ""medio"": ""dailynayadiganta.com"", ""idioma"": ""bengali"", ""fecha_publicacion"": null, ""fecha_deteccion"": ""20260824T064500Z"", ""fecha_extraccion"": ""2026-10-06T18:46:40+00:00"", ""origen"": ""gdelt_doc:panama"", ""descripcion"": null, ""alcance_texto"": ""titular_metadatos""}"
noticia,url_duplicada,url,https://www.telemetro.com/nacionales/combustible-panama-aprueban-b263-millones-estabilizar-parcialmente-su-precio-n6090712,"{""titulo"": ""Combustible en Panamá : aprueban B /. 26 . 3 millones para estabilizar parcialmente su precio"", ""url"": ""https://www.telemetro.com/nacionales/combustible-panama-aprueban-b263-millones-estabilizar-parcialmente-su-precio-n6090712"", ""medio"": ""telemetro.com"", ""idioma"": ""es"", ""fecha_publicacion"": null, ""fecha_deteccion"": ""20260903T221500Z"", ""fecha_extraccion"": ""2026-10-06T18:46:40+00:00"", ""origen"": ""gdelt_doc:panama"", ""descripcion"": null, ""alcance_texto"": ""titular_metadatos""}"
noticia,url_duplicada,url,https://www.laestrella.com.pa/mundo/america/mulino-y-noboa-acuerdan-alianzas-en-comercio-inversion-seguridad-y-energia-JA25430999,"{""titulo"": ""Mulino y Noboa acuerdan alianzas en comercio , inversión , seguridad y energía"", ""url"": ""https://www.laestrella.com.pa/mundo/america/mulino-y-noboa-acuerdan-alianzas-en-comercio-inversion-seguridad-y-energia-JA25430999"", ""medio"": ""laestrella.com.pa"", ""idioma"": ""es"", ""fecha_publicacion"": null, ""fecha_deteccion"": ""20260904T211500Z"", ""fecha_extraccion"": ""2026-10-06T18:46:40+00:00"", ""origen"": ""gdelt_doc:panama"", ""descripcion"": null, ""alcance_texto"": ""titular_metadatos""}"
noticia,url_duplicada,url,https://www.critica.com.pa/show/arranca-la-feria-internacional-del-libro-de-panama-2026-en-atlapa-515325,"{""titulo"": ""Arranca la Feria Internacional del Libro de Panamá 2026 en ATLAPA"", ""url"": ""https://www.critica.com.pa/show/arranca-la-feria-internacional-del-libro-de-panama-2026-en-atlapa-515325"", ""medio"": ""critica.com.pa"", ""idioma"": ""es"", ""fecha_publicacion"": null, ""fecha_deteccion"": ""20260826T231500Z"", ""fecha_extraccion"": ""2026-10-06T18:46:40+00:00"", ""origen"": ""gdelt_doc:panama"", ""descripcion"": null, ""alcance_texto"": ""titular_metadatos""}"
noticia,url_duplicada,url,https://www.dostor.org/5691695,"{""titulo"": ""قناة بنما تبدأ في خفض عدد السفن العابرة بسبب ظاهرة"", ""url"": ""https://www.dostor.org/5691695"", ""medio"": ""dostor.org"", ""idioma"": ""arabic"", ""fecha_publicacion"": null, ""fecha_deteccion"": ""20260905T114500Z"", ""fecha_extraccion"": ""2026-10-06T18:46:40+00:00"", ""origen"": ""gdelt_doc:panama"", ""descripcion"": null, ""alcance_texto"": ""titular_metadatos""}"
noticia,url_duplicada,url,https://www.telemetro.com/nacionales/agroferias-del-ima-el-jueves-3-septiembre-panama-n6090583,"{""titulo"": ""Agroferias del IMA para el jueves 3 de septiembre en Panamá"", ""url"": ""https://www.telemetro.com/nacionales/agroferias-del-ima-el-jueves-3-septiembre-panama-n6090583"", ""medio"": ""telemetro.com"", ""idioma"": ""es"", ""fecha_publicacion"": null, ""fecha_deteccion"": ""20260902T223000Z"", ""fecha_extraccion"": ""2026-10-06T18:46:40+00:00"", ""origen"": ""gdelt_doc:panama"", ""descripcion"": null, ""alcance_texto"": ""titular_metadatos""}"
noticia,url_duplicada,url,https://www.midiario.com/nacionales/la-feria-del-libro-abre-sus-puertas-con-el-canal-de-panama-como-invitado-de-honor/,"{""titulo"": ""La Feria del Libro abre sus puertas con el Canal de Panamá como invitado de honor"", ""url"": ""https://www.midiario.com/nacionales/la-feria-del-libro-abre-sus-puertas-con-el-canal-de-panama-como-invitado-de-honor/"", ""medio"": ""midiario.com"", ""idioma"": ""es"", ""fecha_publicacion"": null, ""fecha_deteccion"": ""20260825T223000Z"", ""fecha_extraccion"": ""2026-10-06T18:46:40+00:00"", ""origen"": ""gdelt_doc:panama"", ""descripcion"": null, ""alcance_texto"": ""titular_metadatos""}"
noticia,url_duplicada,url,https://www.prensa.com/economia/el-nino-vuelve-a-poner-a-prueba-la-matriz-electrica-de-panama/,"{""titulo"": ""El Niño vuelve a poner a prueba la matriz eléctrica de Panamá"", ""url"": ""https://www.prensa.com/economia/el-nino-vuelve-a-poner-a-prueba-la-matriz-electrica-de-panama/"", ""medio"": ""prensa.com"", ""idioma"": ""es"", ""fecha_publicacion"": null, ""fecha_deteccion"": ""20260830T060000Z"", ""fecha_extraccion"": ""2026-10-06T18:46:40+00:00"", ""origen"": ""gdelt_doc:panama"", ""descripcion"": null, ""alcance_texto"": ""titular_metadatos""}"
noticia,url_duplicada,url,https://akhbarelyom.com/news/newdetails/4873726/1/%D9%82%D9%86%D8%A7%D8%A9-%D8%A8%D9%86%D9%85%D8%A7-%D8%AA%D9%82%D9%84%D8%B5-%D8%AD%D8%B1%D9%83%D8%A9-%D8%B9%D8%A8%D9%88%D8%B1-%D8%A7%D9%84%D8%B3%D9%81%D9%86-%D8%A8%D8%B3%D8%A8%D8%A8-%D8%B8%D8%A7%D9%87%D8%B1,"{""titulo"": ""قناة بنما تقلص حركة عبور السفن بسبب ظاهرة ال نينيو المناخية"", ""url"": ""https://akhbarelyom.com/news/newdetails/4873726/1/%D9%82%D9%86%D8%A7%D8%A9-%D8%A8%D9%86%D9%85%D8%A7-%D8%AA%D9%82%D9%84%D8%B5-%D8%AD%D8%B1%D9%83%D8%A9-%D8%B9%D8%A8%D9%88%D8%B1-%D8%A7%D9%84%D8%B3%D9%81%D9%86-%D8%A8%D8%B3%D8%A8%D8%A8-%D8%B8%D8%A7%D9%87%D8%B1"", ""medio"": ""akhbarelyom.com"", ""idioma"": ""arabic"", ""fecha_publicacion"": null, ""fecha_deteccion"": ""20260905T093000Z"", ""fecha_extraccion"": ""2026-10-06T18:46:40+00:00"", ""origen"": ""gdelt_doc:panama"", ""descripcion"": null, ""alcance_texto"": ""titular_metadatos""}"
noticia,url_duplicada,url,https://www.teletica.com/bbc-news-mundo/potente-fenomeno-de-el-nino-afectara-operacion-del-canal-de-panama_416584,"{""titulo"": ""Potente fenómeno de El Niño afectará operación del Canal de Panamá"", ""url"": ""https://www.teletica.com/bbc-news-mundo/potente-fenomeno-de-el-nino-afectara-operacion-del-canal-de-panama_416584"", ""medio"": ""teletica.com"", ""idioma"": ""es"", ""fecha_publicacion"": null, ""fecha_deteccion"": ""20260903T153000Z"", ""fecha_extraccion"": ""2026-10-06T18:46:40+00:00"", ""origen"": ""gdelt_doc:panama"", ""descripcion"": null, ""alcance_texto"": ""titular_metadatos""}"
noticia,url_duplicada,url,https://www.mdzol.com/mundo/como-funciona-el-canal-panama-y-que-el-potente-fenomeno-el-nino-afecta-tanto-su-operacion-n1599013,"{""titulo"": ""Cómo funciona el Canal de Panamá y por qué el potente fenómeno de El Niño afecta tanto su operación"", ""url"": ""https://www.mdzol.com/mundo/como-funciona-el-canal-panama-y-que-el-potente-fenomeno-el-nino-afecta-tanto-su-operacion-n1599013"", ""medio"": ""mdzol.com"", ""idioma"": ""es"", ""fecha_publicacion"": null, ""fecha_deteccion"": ""20260903T140000Z"", ""fecha_extraccion"": ""2026-10-06T18:46:40+00:00"", ""origen"": ""gdelt_doc:panama"", ""descripcion"": null, ""alcance_texto"": ""titular_metadatos""}"
noticia,url_duplicada,url,https://www.midiario.com/farandula/tony-vega-celebra-en-panama-sus-491-anos-de-trayectoria-al-ritmo-de-salsa-y-nostalgia/,"{""titulo"": ""Tony Vega celebra en Panamá sus 49+1 años de trayectoria al ritmo de salsa y nostalgia"", ""url"": ""https://www.midiario.com/farandula/tony-vega-celebra-en-panama-sus-491-anos-de-trayectoria-al-ritmo-de-salsa-y-nostalgia/"", ""medio"": ""midiario.com"", ""idioma"": ""es"", ""fecha_publicacion"": null, ""fecha_deteccion"": ""20260830T003000Z"", ""fecha_extraccion"": ""2026-10-06T18:46:40+00:00"", ""origen"": ""gdelt_doc:panama"", ""descripcion"": null, ""alcance_texto"": ""titular_metadatos""}"
noticia,url_duplicada,url,https://www.correiobraziliense.com.br/mundo/2026/08/7490033-como-a-guerra-do-ira-reacendeu-a-disputa-pelo-canal-do-panama.html,"{""titulo"": ""Como a guerra do Irã reacendeu a disputa pelo Canal do Panamá"", ""url"": ""https://www.correiobraziliense.com.br/mundo/2026/08/7490033-como-a-guerra-do-ira-reacendeu-a-disputa-pelo-canal-do-panama.html"", ""medio"": ""correiobraziliense.com.br"", ""idioma"": ""pt"", ""fecha_publicacion"": null, ""fecha_deteccion"": ""20260829T193000Z"", ""fecha_extraccion"": ""2026-10-06T18:46:40+00:00"", ""origen"": ""gdelt_doc:panama"", ""descripcion"": null, ""alcance_texto"": ""titular_metadatos""}"
noticia,url_duplicada,url,https://www.critica.com.pa/nacional/exdiplomatico-chino-lanza-dura-advertencia-panama-por-conflicto-con-ppc-515164,"{""titulo"": ""Exdiplomático chino lanza dura advertencia a Panamá por conflicto con PPC"", ""url"": ""https://www.critica.com.pa/nacional/exdiplomatico-chino-lanza-dura-advertencia-panama-por-conflicto-con-ppc-515164"", ""medio"": ""critica.com.pa"", ""idioma"": ""es"", ""fecha_publicacion"": null, ""fecha_deteccion"": ""20260824T033000Z"", ""fecha_extraccion"": ""2026-10-06T18:46:40+00:00"", ""origen"": ""gdelt_doc:panama"", ""descripcion"": null, ""alcance_texto"": ""titular_metadatos""}"
noticia,url_duplicada,url,https://www.panamaamerica.com.pa/politica/tratados-torrijos-carter-49-anos-del-hito-que-devolvio-el-canal-panama-1266048,"{""titulo"": ""Tratados Torrijos - Carter : 49 años del hito que devolvió el Canal a Panamá"", ""url"": ""https://www.panamaamerica.com.pa/politica/tratados-torrijos-carter-49-anos-del-hito-que-devolvio-el-canal-panama-1266048"", ""medio"": ""panamaamerica.com.pa"", ""idioma"": ""es"", ""fecha_publicacion"": null, ""fecha_deteccion"": ""20260907T164500Z"", ""fecha_extraccion"": ""2026-10-06T18:46:40+00:00"", ""origen"": ""gdelt_doc:panama"", ""descripcion"": null, ""alcance_texto"": ""titular_metadatos""}"
noticia,url_duplicada,url,https://www.diaadia.com.pa/el-pais/ecuador-y-panama-establecen-las-bases-para-negociar-un-acuerdo-comercial-791469,"{""titulo"": ""Ecuador y Panamá establecen las bases para negociar un acuerdo comercial"", ""url"": ""https://www.diaadia.com.pa/el-pais/ecuador-y-panama-establecen-las-bases-para-negociar-un-acuerdo-comercial-791469"", ""medio"": ""diaadia.com.pa"", ""idioma"": ""es"", ""fecha_publicacion"": null, ""fecha_deteccion"": ""20260905T003000Z"", ""fecha_extraccion"": ""2026-10-06T18:46:40+00:00"", ""origen"": ""gdelt_doc:panama"", ""descripcion"": null, ""alcance_texto"": ""titular_metadatos""}"
noticia,url_duplicada,url,https://acento.com.do/bbc-news-mundo/millones-de-litros-de-agua-por-barco-el-sistema-de-esclusas-que-permite-operar-el-canal-de-panama-y-que-el-nino-amenaza-9747213.html,"{""titulo"": ""Millones de litros de agua por barco : el sistema de esclusas que permite operar el Canal de Panamá y que El Niño amenaza"", ""url"": ""https://acento.com.do/bbc-news-mundo/millones-de-litros-de-agua-por-barco-el-sistema-de-esclusas-que-permite-operar-el-canal-de-panama-y-que-el-nino-amenaza-9747213.html"", ""medio"": ""acento.com.do"", ""idioma"": ""es"", ""fecha_publicacion"": null, ""fecha_deteccion"": ""20260903T153000Z"", ""fecha_extraccion"": ""2026-10-06T18:46:40+00:00"", ""origen"": ""gdelt_doc:panama"", ""descripcion"": null, ""alcance_texto"": ""titular_metadatos""}"
noticia,url_duplicada,url,https://www.prensa.com/politica/panama-invita-a-mongolia-a-adherirse-al-tratado-de-neutralidad-del-canal-y-negocian-acuerdo-de-libre-visado/,"{""titulo"": ""Panamá invita a Mongolia a adherirse al Tratado de Neutralidad del Canal y negocian acuerdo de libre visado"", ""url"": ""https://www.prensa.com/politica/panama-invita-a-mongolia-a-adherirse-al-tratado-de-neutralidad-del-canal-y-negocian-acuerdo-de-libre-visado/"", ""medio"": ""prensa.com"", ""idioma"": ""es"", ""fecha_publicacion"": null, ""fecha_deteccion"": ""20260826T003000Z"", ""fecha_extraccion"": ""2026-10-06T18:46:40+00:00"", ""origen"": ""gdelt_doc:panama"", ""descripcion"": null, ""alcance_texto"": ""titular_metadatos""}"
noticia,url_duplicada,url,https://www.expreso.ec/economia-y-negocios/colineal-invierte-usd-215-000-abre-segunda-tienda-panama-293805.html,"{""titulo"": ""Colineal invierte $ 215 . 000 y abre su segunda tienda en Panamá"", ""url"": ""https://www.expreso.ec/economia-y-negocios/colineal-invierte-usd-215-000-abre-segunda-tienda-panama-293805.html"", ""medio"": ""expreso.ec"", ""idioma"": ""es"", ""fecha_publicacion"": null, ""fecha_deteccion"": ""20260828T001500Z"", ""fecha_extraccion"": ""2026-10-06T18:46:40+00:00"", ""origen"": ""gdelt_doc:panama"", ""descripcion"": null, ""alcance_texto"": ""titular_metadatos""}"
noticia,url_duplicada,url,https://www.dagelijksestandaard.nl/nieuws/panamakanaal-beperkt-aantal-doorvaarten-door-droogte-el-nino,"{""titulo"": ""Panamakanaal beperkt aantal doorvaarten door droogte El Niño"", ""url"": ""https://www.dagelijksestandaard.nl/nieuws/panamakanaal-beperkt-aantal-doorvaarten-door-droogte-el-nino"", ""medio"": ""dagelijksestandaard.nl"", ""idioma"": ""dutch"", ""fecha_publicacion"": null, ""fecha_deteccion"": ""20260905T010000Z"", ""fecha_extraccion"": ""2026-10-06T18:46:40+00:00"", ""origen"": ""gdelt_doc:panama"", ""descripcion"": null, ""alcance_texto"": ""titular_metadatos""}"
noticia,url_duplicada,url,https://eju.tv/2026/09/por-que-el-nino-golpea-la-operacion-del-canal-de-panama/,"{""titulo"": ""¿ Por qué El Niño golpea la operación del canal de Panamá ?"", ""url"": ""https://eju.tv/2026/09/por-que-el-nino-golpea-la-operacion-del-canal-de-panama/"", ""medio"": ""eju.tv"", ""idioma"": ""es"", ""fecha_publicacion"": null, ""fecha_deteccion"": ""20260904T004500Z"", ""fecha_extraccion"": ""2026-10-06T18:46:40+00:00"", ""origen"": ""gdelt_doc:panama"", ""descripcion"": null, ""alcance_texto"": ""titular_metadatos""}"
noticia,url_duplicada,url,https://www.newsweek.com/el-nino-sparks-panama-canal-cuts-what-it-means-americans-12351479,"{""titulo"": ""El Niño Sparks Panama Canal Cuts : What It Means for Americans"", ""url"": ""https://www.newsweek.com/el-nino-sparks-panama-canal-cuts-what-it-means-americans-12351479"", ""medio"": ""newsweek.com"", ""idioma"": ""en"", ""fecha_publicacion"": null, ""fecha_deteccion"": ""20260824T103000Z"", ""fecha_extraccion"": ""2026-10-06T18:46:40+00:00"", ""origen"": ""gdelt_doc:panama"", ""descripcion"": null, ""alcance_texto"": ""titular_metadatos""}"
noticia,url_duplicada,url,https://www.prensa.com/economia/marcas-espanolas-aceleran-su-expansion-en-panama-con-inversion-de-hasta-2-millones-en-nuevas-tiendas/,"{""titulo"": ""Marcas españolas aceleran su expansión en Panamá con inversión de hasta $2 millones en nuevas tiendas"", ""url"": ""https://www.prensa.com/economia/marcas-espanolas-aceleran-su-expansion-en-panama-con-inversion-de-hasta-2-millones-en-nuevas-tiendas/"", ""medio"": ""prensa.com"", ""idioma"": ""es"", ""fecha_publicacion"": null, ""fecha_deteccion"": ""20260823T164500Z"", ""fecha_extraccion"": ""2026-10-06T18:46:40+00:00"", ""origen"": ""gdelt_doc:panama"", ""descripcion"": null, ""alcance_texto"": ""titular_metadatos""}"
noticia,url_duplicada,url,https://www.entornointeligente.com/la-expansion-militar-de-donald-trump-en-panama-tiene-poco-sentido/,"{""titulo"": ""La expansión militar de Donald Trump en Panamá tiene poco sentido – EntornoInteligente . com"", ""url"": ""https://www.entornointeligente.com/la-expansion-militar-de-donald-trump-en-panama-tiene-poco-sentido/"", ""medio"": ""entornointeligente.com"", ""idioma"": ""es"", ""fecha_publicacion"": null, ""fecha_deteccion"": ""20260903T090000Z"", ""fecha_extraccion"": ""2026-10-06T18:46:40+00:00"", ""origen"": ""gdelt_doc:panama"", ""descripcion"": null, ""alcance_texto"": ""titular_metadatos""}"
noticia,url_duplicada,url,https://www.expreso.ec/politica/ecuador-panama-acuerdos-firmaran-daniel-noboa-jose-raul-mulino-guayaquil-294549.html,"{""titulo"": ""Ecuador y Panamá : ¿ qué acuerdos firmarán Daniel Noboa y José Raúl Mulino en Guayaquil ?"", ""url"": ""https://www.expreso.ec/politica/ecuador-panama-acuerdos-firmaran-daniel-noboa-jose-raul-mulino-guayaquil-294549.html"", ""medio"": ""expreso.ec"", ""idioma"": ""es"", ""fecha_publicacion"": null, ""fecha_deteccion"": ""20260904T043000Z"", ""fecha_extraccion"": ""2026-10-06T18:46:40+00:00"", ""origen"": ""gdelt_doc:panama"", ""descripcion"": null, ""alcance_texto"": ""titular_metadatos""}"
noticia,url_duplicada,url,https://www.prensa.com/economia/pax-silica-panama-sera-sede-de-un-proyecto-para-cadenas-de-suministro-tecnologico/,"{""titulo"": ""Pax Silica : Panamá será sede de un proyecto para cadenas de suministro tecnológico"", ""url"": ""https://www.prensa.com/economia/pax-silica-panama-sera-sede-de-un-proyecto-para-cadenas-de-suministro-tecnologico/"", ""medio"": ""prensa.com"", ""idioma"": ""es"", ""fecha_publicacion"": null, ""fecha_deteccion"": ""20260901T073000Z"", ""fecha_extraccion"": ""2026-10-06T18:46:40+00:00"", ""origen"": ""gdelt_doc:panama"", ""descripcion"": null, ""alcance_texto"": ""titular_metadatos""}"
noticia,url_duplicada,url,https://drimble.nl/binnenlands-nieuws/107902429/panamakanaal-beperkt-aantal-doorvaarten-door-droogte-el-nino.html,"{""titulo"": ""Panamakanaal beperkt aantal doorvaarten door droogte El Niño"", ""url"": ""https://drimble.nl/binnenlands-nieuws/107902429/panamakanaal-beperkt-aantal-doorvaarten-door-droogte-el-nino.html"", ""medio"": ""drimble.nl"", ""idioma"": ""dutch"", ""fecha_publicacion"": null, ""fecha_deteccion"": ""20260905T020000Z"", ""fecha_extraccion"": ""2026-10-06T18:46:40+00:00"", ""origen"": ""gdelt_doc:panama"", ""descripcion"": null, ""alcance_texto"": ""titular_metadatos""}"
noticia,url_duplicada,url,https://www.laestrella.com.pa/vida-y-cultura/cultura/del-transitismo-a-la-nueva-era-oscar-hawkins-apuesta-por-un-debate-nacional-basado-en-cifras-DE25215336,"{""titulo"": ""Del transitismo a la nueva era : Óscar Hawkins apuesta por un debate nacional basado en cifras"", ""url"": ""https://www.laestrella.com.pa/vida-y-cultura/cultura/del-transitismo-a-la-nueva-era-oscar-hawkins-apuesta-por-un-debate-nacional-basado-en-cifras-DE25215336"", ""medio"": ""laestrella.com.pa"", ""idioma"": ""es"", ""fecha_publicacion"": null, ""fecha_deteccion"": ""20260827T214500Z"", ""fecha_extraccion"": ""2026-10-06T18:46:40+00:00"", ""origen"": ""gdelt_doc:panama"", ""descripcion"": null, ""alcance_texto"": ""titular_metadatos""}"
noticia,url_duplicada,url,https://www.haberler.com/guncel/panama-el-nino-nedeniyle-ulke-capinda-acil-durum-20180649-haberi/,"{""titulo"": ""Panama El Nino Nedeniyle Alarm Seviyesini Yükseltti"", ""url"": ""https://www.haberler.com/guncel/panama-el-nino-nedeniyle-ulke-capinda-acil-durum-20180649-haberi/"", ""medio"": ""haberler.com"", ""idioma"": ""turkish"", ""fecha_publicacion"": null, ""fecha_deteccion"": ""20260827T083000Z"", ""fecha_extraccion"": ""2026-10-06T18:46:40+00:00"", ""origen"": ""gdelt_doc:panama"", ""descripcion"": null, ""alcance_texto"": ""titular_metadatos""}"
noticia,url_duplicada,url,https://www.critica.com.pa/nacional/panama-presenta-su-nueva-marca-pais-anfitrion-del-mundo-515361,"{""titulo"": ""Panamá presenta su nueva marca país : Anfitrión del Mundo"", ""url"": ""https://www.critica.com.pa/nacional/panama-presenta-su-nueva-marca-pais-anfitrion-del-mundo-515361"", ""medio"": ""critica.com.pa"", ""idioma"": ""es"", ""fecha_publicacion"": null, ""fecha_deteccion"": ""20260827T184500Z"", ""fecha_extraccion"": ""2026-10-06T18:46:40+00:00"", ""origen"": ""gdelt_doc:panama"", ""descripcion"": null, ""alcance_texto"": ""titular_metadatos""}"
noticia,url_duplicada,url,https://blog.wenxuecity.com/myblog/82012/202608/23192.html,"{""titulo"": ""旅行日志 2026 - 08 - 27 08 - 28 纽瓦克飞往瓜亚基尔 - 博客"", ""url"": ""https://blog.wenxuecity.com/myblog/82012/202608/23192.html"", ""medio"": ""blog.wenxuecity.com"", ""idioma"": ""chinese"", ""fecha_publicacion"": null, ""fecha_deteccion"": ""20260829T034500Z"", ""fecha_extraccion"": ""2026-10-06T18:46:40+00:00"", ""origen"": ""gdelt_doc:panama"", ""descripcion"": null, ""alcance_texto"": ""titular_metadatos""}"
noticia,url_duplicada,url,https://www.okaz.com.sa/variety/na/2264546,"{""titulo"": ""« نينو » تربك قناة بنما .. الجفاف يخفض عبور السفن ويهدد شريان التجارة العالمية"", ""url"": ""https://www.okaz.com.sa/variety/na/2264546"", ""medio"": ""okaz.com.sa"", ""idioma"": ""arabic"", ""fecha_publicacion"": null, ""fecha_deteccion"": ""20260905T180000Z"", ""fecha_extraccion"": ""2026-10-06T18:46:40+00:00"", ""origen"": ""gdelt_doc:panama"", ""descripcion"": null, ""alcance_texto"": ""titular_metadatos""}"
noticia,url_duplicada,url,https://www.chunichi.co.jp:443/article/1303189,"{""titulo"": ""パナマ運河に水不足危機 エルニーニョ発生で非常事態 ： 中日新聞Web"", ""url"": ""https://www.chunichi.co.jp:443/article/1303189"", ""medio"": ""chunichi.co.jp"", ""idioma"": ""japanese"", ""fecha_publicacion"": null, ""fecha_deteccion"": ""20260828T081500Z"", ""fecha_extraccion"": ""2026-10-06T18:46:40+00:00"", ""origen"": ""gdelt_doc:panama"", ""descripcion"": null, ""alcance_texto"": ""titular_metadatos""}"
noticia,url_duplicada,url,https://www.infobae.com/panama/2026/08/26/el-gobierno-de-panama-declara-el-estado-de-emergencia-nacional-por-los-efectos-de-el-nino/,"{""titulo"": ""El Gobierno de Panamá declara el estado de emergencia nacional por los efectos de El Niño"", ""url"": ""https://www.infobae.com/panama/2026/08/26/el-gobierno-de-panama-declara-el-estado-de-emergencia-nacional-por-los-efectos-de-el-nino/"", ""medio"": ""infobae.com"", ""idioma"": ""es"", ""fecha_publicacion"": null, ""fecha_deteccion"": ""20260826T090000Z"", ""fecha_extraccion"": ""2026-10-06T18:46:40+00:00"", ""origen"": ""gdelt_doc:panama"", ""descripcion"": null, ""alcance_texto"": ""titular_metadatos""}"
noticia,url_duplicada,url,https://www.teleamazonas.com/actualidad/noticias/internacional/panama-declara-emergencia-nacional-efectos-nino-126290/,"{""titulo"": ""Panamá declara estado de emergencia nacional por efectos de El Niño"", ""url"": ""https://www.teleamazonas.com/actualidad/noticias/internacional/panama-declara-emergencia-nacional-efectos-nino-126290/"", ""medio"": ""teleamazonas.com"", ""idioma"": ""es"", ""fecha_publicacion"": null, ""fecha_deteccion"": ""20260826T060000Z"", ""fecha_extraccion"": ""2026-10-06T18:46:40+00:00"", ""origen"": ""gdelt_doc:panama"", ""descripcion"": null, ""alcance_texto"": ""titular_metadatos""}"
noticia,url_duplicada,url,http://www.merkur.de/wirtschaft/panama-kanal-drosselt-schiffsverkehr-el-nin-trifft-welthandel-zr-94459521.html,"{""titulo"": ""Panama - Kanal drosselt Schiffsverkehr – El Niño trifft Welthandel"", ""url"": ""http://www.merkur.de/wirtschaft/panama-kanal-drosselt-schiffsverkehr-el-nin-trifft-welthandel-zr-94459521.html"", ""medio"": ""merkur.de"", ""idioma"": ""german"", ""fecha_publicacion"": null, ""fecha_deteccion"": ""20260825T151500Z"", ""fecha_extraccion"": ""2026-10-06T18:46:40+00:00"", ""origen"": ""gdelt_doc:panama"", ""descripcion"": null, ""alcance_texto"": ""titular_metadatos""}"
noticia,url_duplicada,url,https://www.merkur.de/wirtschaft/panama-kanal-drosselt-schiffsverkehr-el-nin-trifft-welthandel-zr-94459521.html,"{""titulo"": ""Panama - Kanal drosselt Schiffsverkehr – El Niño trifft Welthandel"", ""url"": ""https://www.merkur.de/wirtschaft/panama-kanal-drosselt-schiffsverkehr-el-nin-trifft-welthandel-zr-94459521.html"", ""medio"": ""merkur.de"", ""idioma"": ""german"", ""fecha_publicacion"": null, ""fecha_deteccion"": ""20260825T151500Z"", ""fecha_extraccion"": ""2026-10-06T18:46:40+00:00"", ""origen"": ""gdelt_doc:panama"", ""descripcion"": null, ""alcance_texto"": ""titular_metadatos""}"
noticia,url_duplicada,url,https://www.prensa-latina.cu/2026/09/07/primera-mujer-asume-administracion-del-canal-de-panama/,"{""titulo"": ""Primera mujer asume administración del Canal de Panamá - Noticias Prensa Latina"", ""url"": ""https://www.prensa-latina.cu/2026/09/07/primera-mujer-asume-administracion-del-canal-de-panama/"", ""medio"": ""prensa-latina.cu"", ""idioma"": ""es"", ""fecha_publicacion"": null, ""fecha_deteccion"": ""20260907T051500Z"", ""fecha_extraccion"": ""2026-10-06T18:46:40+00:00"", ""origen"": ""gdelt_doc:panama"", ""descripcion"": null, ""alcance_texto"": ""titular_metadatos""}"
noticia,url_duplicada,url,https://www.midiario.com/deportivas/panama-enfrentara-a-india-en-historica-visita/,"{""titulo"": ""Panamá enfrentará a India en histórica visita"", ""url"": ""https://www.midiario.com/deportivas/panama-enfrentara-a-india-en-historica-visita/"", ""medio"": ""midiario.com"", ""idioma"": ""es"", ""fecha_publicacion"": null, ""fecha_deteccion"": ""20260825T180000Z"", ""fecha_extraccion"": ""2026-10-06T18:46:40+00:00"", ""origen"": ""gdelt_doc:panama"", ""descripcion"": null, ""alcance_texto"": ""titular_metadatos""}"
noticia,url_duplicada,url,http://www.tz.de/wirtschaft/panama-kanal-drosselt-schiffsverkehr-el-nin-trifft-welthandel-zr-94459521.html,"{""titulo"": ""Panama - Kanal drosselt Schiffsverkehr – El Niño trifft Welthandel"", ""url"": ""http://www.tz.de/wirtschaft/panama-kanal-drosselt-schiffsverkehr-el-nin-trifft-welthandel-zr-94459521.html"", ""medio"": ""tz.de"", ""idioma"": ""german"", ""fecha_publicacion"": null, ""fecha_deteccion"": ""20260825T151500Z"", ""fecha_extraccion"": ""2026-10-06T18:46:40+00:00"", ""origen"": ""gdelt_doc:panama"", ""descripcion"": null, ""alcance_texto"": ""titular_metadatos""}"
noticia,url_duplicada,url,https://www.hurriyetdailynews.com/tanker-pays-record-5-3-million-to-transit-panama-canal-226166,"{""titulo"": ""Tanker pays record $5 . 3 million to transit Panama Canal"", ""url"": ""https://www.hurriyetdailynews.com/tanker-pays-record-5-3-million-to-transit-panama-canal-226166"", ""medio"": ""hurriyetdailynews.com"", ""idioma"": ""en"", ""fecha_publicacion"": null, ""fecha_deteccion"": ""20260828T074500Z"", ""fecha_extraccion"": ""2026-10-06T18:46:40+00:00"", ""origen"": ""gdelt_doc:panama"", ""descripcion"": null, ""alcance_texto"": ""titular_metadatos""}"
noticia,url_duplicada,url,https://www.telemetro.com/nacionales/canal-panama-anuncia-suspension-agua-este-viernes-afectara-el-tucan-panama-pacifico-y-veracruz-n6090031,"{""titulo"": ""Canal de Panamá anuncia suspensión de agua este viernes : afectará a El Tucán , Panamá Pacífico y Veracruz"", ""url"": ""https://www.telemetro.com/nacionales/canal-panama-anuncia-suspension-agua-este-viernes-afectara-el-tucan-panama-pacifico-y-veracruz-n6090031"", ""medio"": ""telemetro.com"", ""idioma"": ""es"", ""fecha_publicacion"": null, ""fecha_deteccion"": ""20260828T140000Z"", ""fecha_extraccion"": ""2026-10-06T18:46:40+00:00"", ""origen"": ""gdelt_doc:panama"", ""descripcion"": null, ""alcance_texto"": ""titular_metadatos""}"
noticia,url_duplicada,url,https://www.elcaribe.com.do/panorama/internacionales/el-canal-de-panama-aplica-restriccion-de-transitos-por-sequia/,"{""titulo"": ""El Canal de Panamá aplica restricción de tránsitos por sequía"", ""url"": ""https://www.elcaribe.com.do/panorama/internacionales/el-canal-de-panama-aplica-restriccion-de-transitos-por-sequia/"", ""medio"": ""elcaribe.com.do"", ""idioma"": ""es"", ""fecha_publicacion"": null, ""fecha_deteccion"": ""20260904T073000Z"", ""fecha_extraccion"": ""2026-10-06T18:46:40+00:00"", ""origen"": ""gdelt_doc:panama"", ""descripcion"": null, ""alcance_texto"": ""titular_metadatos""}"
noticia,url_duplicada,url,https://www.abc.com.py/internacionales/2026/09/03/el-canal-de-panama-aplica-la-primera-restriccion-de-transitos-de-2026-por-la-sequia/,"{""titulo"": ""El Canal de Panamá aplica la primera restricción de tránsitos de 2026 por la sequía - Mundo"", ""url"": ""https://www.abc.com.py/internacionales/2026/09/03/el-canal-de-panama-aplica-la-primera-restriccion-de-transitos-de-2026-por-la-sequia/"", ""medio"": ""abc.com.py"", ""idioma"": ""es"", ""fecha_publicacion"": null, ""fecha_deteccion"": ""20260903T154500Z"", ""fecha_extraccion"": ""2026-10-06T18:46:40+00:00"", ""origen"": ""gdelt_doc:panama"", ""descripcion"": null, ""alcance_texto"": ""titular_metadatos""}"
noticia,url_duplicada,url,https://variety.com/2026/film/global/abner-benaim-daniela-vega-alfredo-castro-school-americas-1236853506/,"{""titulo"": ""Abner Benaim , Alfredo Castro Board School of the Americas"", ""url"": ""https://variety.com/2026/film/global/abner-benaim-daniela-vega-alfredo-castro-school-americas-1236853506/"", ""medio"": ""variety.com"", ""idioma"": ""en"", ""fecha_publicacion"": null, ""fecha_deteccion"": ""20260907T124500Z"", ""fecha_extraccion"": ""2026-10-06T18:46:40+00:00"", ""origen"": ""gdelt_doc:panama"", ""descripcion"": null, ""alcance_texto"": ""titular_metadatos""}"
noticia,url_duplicada,url,https://www.panamaamerica.com.pa/sociedad/ricaurte-vasquez-defiende-institucionalidad-del-canal-y-exige-respeto-su-neutralidad-frente,"{""titulo"": ""Ricaurte Vásquez defiende institucionalidad del Canal y exige respeto a su neutralidad frente a EE . UU ."", ""url"": ""https://www.panamaamerica.com.pa/sociedad/ricaurte-vasquez-defiende-institucionalidad-del-canal-y-exige-respeto-su-neutralidad-frente"", ""medio"": ""panamaamerica.com.pa"", ""idioma"": ""es"", ""fecha_publicacion"": null, ""fecha_deteccion"": ""20260903T000000Z"", ""fecha_extraccion"": ""2026-10-06T18:46:40+00:00"", ""origen"": ""gdelt_doc:panama"", ""descripcion"": null, ""alcance_texto"": ""titular_metadatos""}"
noticia,url_duplicada,url,https://www.prensa-latina.cu/2026/08/26/panama-invita-a-mongolia-y-japon-a-adherirse-a-tratado-canalero/,"{""titulo"": ""Panamá invita a Mongolia y Japón a adherirse a tratado canalero"", ""url"": ""https://www.prensa-latina.cu/2026/08/26/panama-invita-a-mongolia-y-japon-a-adherirse-a-tratado-canalero/"", ""medio"": ""prensa-latina.cu"", ""idioma"": ""es"", ""fecha_publicacion"": null, ""fecha_deteccion"": ""20260826T103000Z"", ""fecha_extraccion"": ""2026-10-06T18:46:40+00:00"", ""origen"": ""gdelt_doc:panama"", ""descripcion"": null, ""alcance_texto"": ""titular_metadatos""}"
noticia,url_duplicada,url,https://efe.com/economia/2026-08-23/canal-panama-lagos-artificiales-agua/,"{""titulo"": ""La cuenta de ahorros del Canal de Panamá : litros de agua en lagos"", ""url"": ""https://efe.com/economia/2026-08-23/canal-panama-lagos-artificiales-agua/"", ""medio"": ""efe.com"", ""idioma"": ""es"", ""fecha_publicacion"": null, ""fecha_deteccion"": ""20260823T144500Z"", ""fecha_extraccion"": ""2026-10-06T18:46:40+00:00"", ""origen"": ""gdelt_doc:panama"", ""descripcion"": null, ""alcance_texto"": ""titular_metadatos""}"
noticia,url_duplicada,url,https://www.laestrella.com.pa/panama/nacional/ilya-espino-al-frente-del-canal-de-panama-las-claves-de-su-primer-discurso-GL25485641,"{""titulo"": ""Ilya Espino al frente del Canal de Panamá : las claves de su primer discurso"", ""url"": ""https://www.laestrella.com.pa/panama/nacional/ilya-espino-al-frente-del-canal-de-panama-las-claves-de-su-primer-discurso-GL25485641"", ""medio"": ""laestrella.com.pa"", ""idioma"": ""es"", ""fecha_publicacion"": null, ""fecha_deteccion"": ""20260907T173000Z"", ""fecha_extraccion"": ""2026-10-06T18:46:40+00:00"", ""origen"": ""gdelt_doc:panama"", ""descripcion"": null, ""alcance_texto"": ""titular_metadatos""}"
noticia,url_duplicada,url,http://www.come-on.de/wirtschaft/panama-kanal-drosselt-schiffsverkehr-el-nin-trifft-welthandel-zr-94459521.html,"{""titulo"": ""Panama - Kanal drosselt Schiffsverkehr – El Niño trifft Welthandel"", ""url"": ""http://www.come-on.de/wirtschaft/panama-kanal-drosselt-schiffsverkehr-el-nin-trifft-welthandel-zr-94459521.html"", ""medio"": ""come-on.de"", ""idioma"": ""german"", ""fecha_publicacion"": null, ""fecha_deteccion"": ""20260825T151500Z"", ""fecha_extraccion"": ""2026-10-06T18:46:40+00:00"", ""origen"": ""gdelt_doc:panama"", ""descripcion"": null, ""alcance_texto"": ""titular_metadatos""}"
noticia,url_duplicada,url,https://www.prensa.com/economia/naviera-surcoreana-paga-53-millones-en-subasta-para-cruzar-el-canal-de-panama/,"{""titulo"": ""Naviera surcoreana paga $5 . 3 millones en subasta para cruzar el Canal de Panamá"", ""url"": ""https://www.prensa.com/economia/naviera-surcoreana-paga-53-millones-en-subasta-para-cruzar-el-canal-de-panama/"", ""medio"": ""prensa.com"", ""idioma"": ""es"", ""fecha_publicacion"": null, ""fecha_deteccion"": ""20260826T003000Z"", ""fecha_extraccion"": ""2026-10-06T18:46:40+00:00"", ""origen"": ""gdelt_doc:panama"", ""descripcion"": null, ""alcance_texto"": ""titular_metadatos""}"
noticia,url_duplicada,url,https://www.laestrella.com.pa/panama/nacional/mulino-defiende-en-ecuador-sus-viajes-creen-que-uno-viene-aqui-de-paseo-hacer-shopping-y-turismo-HE25470043,"{""titulo"": ""Mulino defiende en Ecuador sus viajes : Creen que uno viene aquí de paseo , hacer shopping y turismo"", ""url"": ""https://www.laestrella.com.pa/panama/nacional/mulino-defiende-en-ecuador-sus-viajes-creen-que-uno-viene-aqui-de-paseo-hacer-shopping-y-turismo-HE25470043"", ""medio"": ""laestrella.com.pa"", ""idioma"": ""es"", ""fecha_publicacion"": null, ""fecha_deteccion"": ""20260906T221500Z"", ""fecha_extraccion"": ""2026-10-06T18:46:40+00:00"", ""origen"": ""gdelt_doc:panama"", ""descripcion"": null, ""alcance_texto"": ""titular_metadatos""}"
noticia,url_duplicada,url,https://nieuws.nl/buitenland/panamakanaal-beperkt-aantal-doorvaarten-door-droogte-el-nino,"{""titulo"": ""Panamakanaal beperkt doorvaarten door El Niño - droogte"", ""url"": ""https://nieuws.nl/buitenland/panamakanaal-beperkt-aantal-doorvaarten-door-droogte-el-nino"", ""medio"": ""nieuws.nl"", ""idioma"": ""dutch"", ""fecha_publicacion"": null, ""fecha_deteccion"": ""20260905T013000Z"", ""fecha_extraccion"": ""2026-10-06T18:46:40+00:00"", ""origen"": ""gdelt_doc:panama"", ""descripcion"": null, ""alcance_texto"": ""titular_metadatos""}"
noticia,url_duplicada,url,https://www.laestrella.com.pa/vida-y-cultura/cultura/fil-panama-2026-asi-arranco-la-fiesta-literaria-en-atlapa-KA25168637,"{""titulo"": ""FIL Panamá 2026 : así arrancó la fiesta literaria en Atlapa"", ""url"": ""https://www.laestrella.com.pa/vida-y-cultura/cultura/fil-panama-2026-asi-arranco-la-fiesta-literaria-en-atlapa-KA25168637"", ""medio"": ""laestrella.com.pa"", ""idioma"": ""es"", ""fecha_publicacion"": null, ""fecha_deteccion"": ""20260825T233000Z"", ""fecha_extraccion"": ""2026-10-06T18:46:40+00:00"", ""origen"": ""gdelt_doc:panama"", ""descripcion"": null, ""alcance_texto"": ""titular_metadatos""}"
noticia,url_duplicada,url,https://www.panamaamerica.com.pa/deportes/panama-obligada-ganar-ante-bahamas-en-los-clasificatorios-al-mundial-de-baloncesto-catar,"{""titulo"": ""Panamá , obligada a ganar ante Bahamas en los clasificatorios al Mundial de Baloncesto Catar 2027"", ""url"": ""https://www.panamaamerica.com.pa/deportes/panama-obligada-ganar-ante-bahamas-en-los-clasificatorios-al-mundial-de-baloncesto-catar"", ""medio"": ""panamaamerica.com.pa"", ""idioma"": ""es"", ""fecha_publicacion"": null, ""fecha_deteccion"": ""20260831T080000Z"", ""fecha_extraccion"": ""2026-10-06T18:46:40+00:00"", ""origen"": ""gdelt_doc:panama"", ""descripcion"": null, ""alcance_texto"": ""titular_metadatos""}"
noticia,url_duplicada,url,https://www.prensa.com/economia/panama-es-sede-de-encuentro-sobre-la-acuicultura-sostenible-de-centroamerica-y-el-caribe/,"{""titulo"": ""Panamá es sede de encuentro sobre la acuicultura sostenible de Centroamérica y el Caribe"", ""url"": ""https://www.prensa.com/economia/panama-es-sede-de-encuentro-sobre-la-acuicultura-sostenible-de-centroamerica-y-el-caribe/"", ""medio"": ""prensa.com"", ""idioma"": ""es"", ""fecha_publicacion"": null, ""fecha_deteccion"": ""20260826T003000Z"", ""fecha_extraccion"": ""2026-10-06T18:46:40+00:00"", ""origen"": ""gdelt_doc:panama"", ""descripcion"": null, ""alcance_texto"": ""titular_metadatos""}"
noticia,url_duplicada,url,https://www.prensa.com/economia/mef-reglamenta-la-sustancia-economica-para-grupos-multinacionales-expertos-advierten-vacios-en-su-aplicacion/,"{""titulo"": ""MEF reglamenta la sustancia económica para grupos multinacionales ; expertos advierten algunos retos para la aplicación"", ""url"": ""https://www.prensa.com/economia/mef-reglamenta-la-sustancia-economica-para-grupos-multinacionales-expertos-advierten-vacios-en-su-aplicacion/"", ""medio"": ""prensa.com"", ""idioma"": ""es"", ""fecha_publicacion"": null, ""fecha_deteccion"": ""20260903T033000Z"", ""fecha_extraccion"": ""2026-10-06T18:46:40+00:00"", ""origen"": ""gdelt_doc:panama"", ""descripcion"": null, ""alcance_texto"": ""titular_metadatos""}"
noticia,url_duplicada,url,http://thepeninsulaqatar.com/article/05/09/2026/panama-canal-begins-reducing-crossings-due-to-el-nino,"{""titulo"": ""Panama Canal begins reducing crossings due to El Nino | The Peninsula Qatar"", ""url"": ""http://thepeninsulaqatar.com/article/05/09/2026/panama-canal-begins-reducing-crossings-due-to-el-nino"", ""medio"": ""thepeninsulaqatar.com"", ""idioma"": ""en"", ""fecha_publicacion"": null, ""fecha_deteccion"": ""20260905T090000Z"", ""fecha_extraccion"": ""2026-10-06T18:46:40+00:00"", ""origen"": ""gdelt_doc:panama"", ""descripcion"": null, ""alcance_texto"": ""titular_metadatos""}"
noticia,url_duplicada,url,https://www.telemetro.com/nacionales/tren-panama-david-avanzan-estudios-tecnicos-y-transferencia-tecnologica-corea-del-sur-n6090163,"{""titulo"": ""Tren Panamá - David : avanzan estudios técnicos y transferencia tecnológica con Corea del Sur"", ""url"": ""https://www.telemetro.com/nacionales/tren-panama-david-avanzan-estudios-tecnicos-y-transferencia-tecnologica-corea-del-sur-n6090163"", ""medio"": ""telemetro.com"", ""idioma"": ""es"", ""fecha_publicacion"": null, ""fecha_deteccion"": ""20260829T171500Z"", ""fecha_extraccion"": ""2026-10-06T18:46:40+00:00"", ""origen"": ""gdelt_doc:panama"", ""descripcion"": null, ""alcance_texto"": ""titular_metadatos""}"
noticia,url_duplicada,url,https://economia.ig.com.br/2026-09-05/canal-do-panama-reduz-trafego-de-navios-devido-ao-el-nio.html,"{""titulo"": ""Canal do Panamá reduz tráfego de navios devido ao El Niño"", ""url"": ""https://economia.ig.com.br/2026-09-05/canal-do-panama-reduz-trafego-de-navios-devido-ao-el-nio.html"", ""medio"": ""economia.ig.com.br"", ""idioma"": ""pt"", ""fecha_publicacion"": null, ""fecha_deteccion"": ""20260905T230000Z"", ""fecha_extraccion"": ""2026-10-06T18:46:40+00:00"", ""origen"": ""gdelt_doc:panama"", ""descripcion"": null, ""alcance_texto"": ""titular_metadatos""}"
noticia,url_duplicada,url,https://www.prensa.com/opinion/panama-la-crisis-permanente/,"{""titulo"": ""Panamá : La crisis permanente"", ""url"": ""https://www.prensa.com/opinion/panama-la-crisis-permanente/"", ""medio"": ""prensa.com"", ""idioma"": ""es"", ""fecha_publicacion"": null, ""fecha_deteccion"": ""20260906T070000Z"", ""fecha_extraccion"": ""2026-10-06T18:46:40+00:00"", ""origen"": ""gdelt_doc:panama"", ""descripcion"": null, ""alcance_texto"": ""titular_metadatos""}"
noticia,url_duplicada,url,http://www.thejakartapost.com/world/2026/09/05/panama-canal-begins-reducing-crossings-due-to-el-nino,"{""titulo"": ""Panama Canal begins reducing crossings due to El Nino - Americas"", ""url"": ""http://www.thejakartapost.com/world/2026/09/05/panama-canal-begins-reducing-crossings-due-to-el-nino"", ""medio"": ""thejakartapost.com"", ""idioma"": ""en"", ""fecha_publicacion"": null, ""fecha_deteccion"": ""20260905T093000Z"", ""fecha_extraccion"": ""2026-10-06T18:46:40+00:00"", ""origen"": ""gdelt_doc:panama"", ""descripcion"": null, ""alcance_texto"": ""titular_metadatos""}"
noticia,url_duplicada,url,https://www.cronista.com/usa/trending/no-es-carlos-slim-el-millonario-mexicano-nacido-en-eeuu-que-presento-a-sheinbaum-un-megaproyecto-para-competir-con-el-canal-de-panama/,"{""titulo"": ""No es Carlos Slim : el millonario mexicano nacido en EE . UU . que presentó a Sheinbaum un megaproyecto para competir con el Canal de Panamá"", ""url"": ""https://www.cronista.com/usa/trending/no-es-carlos-slim-el-millonario-mexicano-nacido-en-eeuu-que-presento-a-sheinbaum-un-megaproyecto-para-competir-con-el-canal-de-panama/"", ""medio"": ""cronista.com"", ""idioma"": ""es"", ""fecha_publicacion"": null, ""fecha_deteccion"": ""20260827T210000Z"", ""fecha_extraccion"": ""2026-10-06T18:46:40+00:00"", ""origen"": ""gdelt_doc:panama"", ""descripcion"": null, ""alcance_texto"": ""titular_metadatos""}"
noticia,url_duplicada,url,https://www.critica.com.pa/show/yandel-sinfonico-una-mezcla-de-elegancia-instrumentos-y-regueton-515428,"{""titulo"": ""Yandel Sinfónico : una mezcla de elegancia , instrumentos y reguetón"", ""url"": ""https://www.critica.com.pa/show/yandel-sinfonico-una-mezcla-de-elegancia-instrumentos-y-regueton-515428"", ""medio"": ""critica.com.pa"", ""idioma"": ""es"", ""fecha_publicacion"": null, ""fecha_deteccion"": ""20260828T193000Z"", ""fecha_extraccion"": ""2026-10-06T18:46:40+00:00"", ""origen"": ""gdelt_doc:panama"", ""descripcion"": null, ""alcance_texto"": ""titular_metadatos""}"
noticia,url_duplicada,url,https://www.prensa.com/opinion/panamax-2026-y-la-seguridad-estrategica-del-canal-de-panama/,"{""titulo"": ""Panamax 2026 y la seguridad estratégica del Canal de Panamá"", ""url"": ""https://www.prensa.com/opinion/panamax-2026-y-la-seguridad-estrategica-del-canal-de-panama/"", ""medio"": ""prensa.com"", ""idioma"": ""es"", ""fecha_publicacion"": null, ""fecha_deteccion"": ""20260907T021500Z"", ""fecha_extraccion"": ""2026-10-06T18:46:40+00:00"", ""origen"": ""gdelt_doc:panama"", ""descripcion"": null, ""alcance_texto"": ""titular_metadatos""}"
noticia,url_duplicada,url,https://www.zocalo.com.mx/panama-declara-emergencia-para-enfrentar-sequia-y-lluvias-intensas-por-el-nino-2/,"{""titulo"": ""Panamá declara emergencia para enfrentar sequía y lluvias intensas por El Niño – Periódico Zócalo | Noticias de Saltillo , Torreón , Piedras Negras , Monclova , Acuña"", ""url"": ""https://www.zocalo.com.mx/panama-declara-emergencia-para-enfrentar-sequia-y-lluvias-intensas-por-el-nino-2/"", ""medio"": ""zocalo.com.mx"", ""idioma"": ""es"", ""fecha_publicacion"": null, ""fecha_deteccion"": ""20260826T050000Z"", ""fecha_extraccion"": ""2026-10-06T18:46:40+00:00"", ""origen"": ""gdelt_doc:panama"", ""descripcion"": null, ""alcance_texto"": ""titular_metadatos""}"
noticia,url_duplicada,url,https://www.n-tv.de/wirtschaft/Panamakanal-Tanker-zahlt-Millionensumme-fuer-Durchfahrt-id31241684.html,"{""titulo"": ""Sonst im Schnitt 55 . 000 Dollar : Panamakanal : Tanker zahlt Millionensumme für Durchfahrt"", ""url"": ""https://www.n-tv.de/wirtschaft/Panamakanal-Tanker-zahlt-Millionensumme-fuer-Durchfahrt-id31241684.html"", ""medio"": ""n-tv.de"", ""idioma"": ""german"", ""fecha_publicacion"": null, ""fecha_deteccion"": ""20260828T101500Z"", ""fecha_extraccion"": ""2026-10-06T18:46:40+00:00"", ""origen"": ""gdelt_doc:panama"", ""descripcion"": null, ""alcance_texto"": ""titular_metadatos""}"
noticia,url_duplicada,url,https://www.inewsgr.com/184/synagermos-ston-panama-logo-el-ninio--periorizontai-oi-dielefseis-sti-dioryga.htm,"{""titulo"": ""Συναγερμός στον Παναμά λόγω Ελ Νίνιο - Περιορίζονται οι διελεύσεις στη Διώρυγα"", ""url"": ""https://www.inewsgr.com/184/synagermos-ston-panama-logo-el-ninio--periorizontai-oi-dielefseis-sti-dioryga.htm"", ""medio"": ""inewsgr.com"", ""idioma"": ""greek"", ""fecha_publicacion"": null, ""fecha_deteccion"": ""20260826T040000Z"", ""fecha_extraccion"": ""2026-10-06T18:46:40+00:00"", ""origen"": ""gdelt_doc:panama"", ""descripcion"": null, ""alcance_texto"": ""titular_metadatos""}"
noticia,url_duplicada,url,https://timesofindia.indiatimes.com/world/rest-of-world/panama-canal-warns-of-cutting-5-ship-transits-a-day-adding-to-global-shipping-woes/articleshow/133879746.cms,"{""titulo"": ""Panama Canal warns of cutting 5 ship transits a day , adding to global shipping woes"", ""url"": ""https://timesofindia.indiatimes.com/world/rest-of-world/panama-canal-warns-of-cutting-5-ship-transits-a-day-adding-to-global-shipping-woes/articleshow/133879746.cms"", ""medio"": ""timesofindia.indiatimes.com"", ""idioma"": ""en"", ""fecha_publicacion"": null, ""fecha_deteccion"": ""20260907T124500Z"", ""fecha_extraccion"": ""2026-10-06T18:46:40+00:00"", ""origen"": ""gdelt_doc:panama"", ""descripcion"": null, ""alcance_texto"": ""titular_metadatos""}"
noticia,url_duplicada,url,https://www.freemalaysiatoday.com/category/world/2026/09/05/panama-canal-begins-reducing-crossings-due-to-el-nino,"{""titulo"": ""Panama Canal begins reducing crossings due to El Nino"", ""url"": ""https://www.freemalaysiatoday.com/category/world/2026/09/05/panama-canal-begins-reducing-crossings-due-to-el-nino"", ""medio"": ""freemalaysiatoday.com"", ""idioma"": ""en"", ""fecha_publicacion"": null, ""fecha_deteccion"": ""20260905T013000Z"", ""fecha_extraccion"": ""2026-10-06T18:46:40+00:00"", ""origen"": ""gdelt_doc:panama"", ""descripcion"": null, ""alcance_texto"": ""titular_metadatos""}"
noticia,url_duplicada,url,https://www.panamaamerica.com.pa/variedades/cierra-la-fil-panama-2026-tras-seis-dias-en-atlapa-1265773,"{""titulo"": ""Cierra la FIL Panamá 2026 tras seis días en Atlapa"", ""url"": ""https://www.panamaamerica.com.pa/variedades/cierra-la-fil-panama-2026-tras-seis-dias-en-atlapa-1265773"", ""medio"": ""panamaamerica.com.pa"", ""idioma"": ""es"", ""fecha_publicacion"": null, ""fecha_deteccion"": ""20260831T200000Z"", ""fecha_extraccion"": ""2026-10-06T18:46:40+00:00"", ""origen"": ""gdelt_doc:panama"", ""descripcion"": null, ""alcance_texto"": ""titular_metadatos""}"
noticia,url_duplicada,url,https://www.panamaamerica.com.pa/economia/33-mil-millones-en-reclamos-de-arbitrajes-enfrenta-panama-equivale-casi-al-presupuesto,"{""titulo"": ""$33 mil millones en reclamos de arbitrajes enfrenta Panamá ; equivale casi al Presupuesto General del Estado"", ""url"": ""https://www.panamaamerica.com.pa/economia/33-mil-millones-en-reclamos-de-arbitrajes-enfrenta-panama-equivale-casi-al-presupuesto"", ""medio"": ""panamaamerica.com.pa"", ""idioma"": ""es"", ""fecha_publicacion"": null, ""fecha_deteccion"": ""20260828T184500Z"", ""fecha_extraccion"": ""2026-10-06T18:46:40+00:00"", ""origen"": ""gdelt_doc:panama"", ""descripcion"": null, ""alcance_texto"": ""titular_metadatos""}"
noticia,url_duplicada,url,https://www.panamaamerica.com.pa/economia/estado-panameno-asume-el-100-de-las-acciones-de-petroterminal-de-panama-por-1917-millones,"{""titulo"": ""Estado panameño asume el 100 % de las acciones de Petroterminal de Panamá por $191 . 7 millones"", ""url"": ""https://www.panamaamerica.com.pa/economia/estado-panameno-asume-el-100-de-las-acciones-de-petroterminal-de-panama-por-1917-millones"", ""medio"": ""panamaamerica.com.pa"", ""idioma"": ""es"", ""fecha_publicacion"": null, ""fecha_deteccion"": ""20260902T223000Z"", ""fecha_extraccion"": ""2026-10-06T18:46:40+00:00"", ""origen"": ""gdelt_doc:panama"", ""descripcion"": null, ""alcance_texto"": ""titular_metadatos""}"
noticia,url_duplicada,url,https://www.diaadia.com.pa/el-pais/el-presidente-noboa-dice-que-panama-puede-venderle-energia-ecuador-791463,"{""titulo"": ""El presidente Noboa dice que Panamá puede venderle energía a Ecuador"", ""url"": ""https://www.diaadia.com.pa/el-pais/el-presidente-noboa-dice-que-panama-puede-venderle-energia-ecuador-791463"", ""medio"": ""diaadia.com.pa"", ""idioma"": ""es"", ""fecha_publicacion"": null, ""fecha_deteccion"": ""20260904T200000Z"", ""fecha_extraccion"": ""2026-10-06T18:46:40+00:00"", ""origen"": ""gdelt_doc:panama"", ""descripcion"": null, ""alcance_texto"": ""titular_metadatos""}"
noticia,url_duplicada,url,https://www.deccanchronicle.com/world/panama-declares-emergency-over-el-nio-1982346,"{""titulo"": ""Panama Declares Emergency Over El Niño"", ""url"": ""https://www.deccanchronicle.com/world/panama-declares-emergency-over-el-nio-1982346"", ""medio"": ""deccanchronicle.com"", ""idioma"": ""en"", ""fecha_publicacion"": null, ""fecha_deteccion"": ""20260826T043000Z"", ""fecha_extraccion"": ""2026-10-06T18:46:40+00:00"", ""origen"": ""gdelt_doc:panama"", ""descripcion"": null, ""alcance_texto"": ""titular_metadatos""}"
noticia,url_duplicada,url,https://finance.sina.com.cn/stock/usstock/c/2026-09-28/doc-initkhxe2921635.shtml,"{""titulo"": ""巴拿马经济强劲复苏 外资重返债券市场"", ""url"": ""https://finance.sina.com.cn/stock/usstock/c/2026-09-28/doc-initkhxe2921635.shtml"", ""medio"": ""finance.sina.com.cn"", ""idioma"": ""chinese"", ""fecha_publicacion"": null, ""fecha_deteccion"": ""20260928T071500Z"", ""fecha_extraccion"": ""2026-10-06T18:46:40+00:00"", ""origen"": ""gdelt_doc:panama"", ""descripcion"": null, ""alcance_texto"": ""titular_metadatos""}"
noticia,url_duplicada,url,https://www.prensa.com/economia/first-quantum-dispuesta-a-negociar-con-el-gobierno-sobre-el-futuro-de-la-mina/,"{""titulo"": ""Acciones de First Quantum Minerals registran fuerte volatilidad tras informe que recomienda cierre ordenado de la mina de Donoso"", ""url"": ""https://www.prensa.com/economia/first-quantum-dispuesta-a-negociar-con-el-gobierno-sobre-el-futuro-de-la-mina/"", ""medio"": ""prensa.com"", ""idioma"": ""es"", ""fecha_publicacion"": null, ""fecha_deteccion"": ""20260930T224500Z"", ""fecha_extraccion"": ""2026-10-06T18:46:40+00:00"", ""origen"": ""gdelt_doc:panama"", ""descripcion"": null, ""alcance_texto"": ""titular_metadatos""}"
noticia,url_duplicada,url,https://www.laestrella.com.pa/economia/cinco-grandes-bancos-e-inversionistas-muestran-apetito-por-panama-NC26061639,"{""titulo"": ""Cinco grandes bancos e inversionistas muestran apetito por Panamá"", ""url"": ""https://www.laestrella.com.pa/economia/cinco-grandes-bancos-e-inversionistas-muestran-apetito-por-panama-NC26061639"", ""medio"": ""laestrella.com.pa"", ""idioma"": ""es"", ""fecha_publicacion"": null, ""fecha_deteccion"": ""20260929T073000Z"", ""fecha_extraccion"": ""2026-10-06T18:46:40+00:00"", ""origen"": ""gdelt_doc:panama"", ""descripcion"": null, ""alcance_texto"": ""titular_metadatos""}"
noticia,url_duplicada,url,https://www.diaadia.com.pa/el-pais/first-quantum-se-abre-negociar-de-buena-fe-con-panama-el-futuro-de-cobre-panama-791814,"{""titulo"": ""First Quantum se abre a negociar de buena fe con Panamá el futuro de Cobre Panamá"", ""url"": ""https://www.diaadia.com.pa/el-pais/first-quantum-se-abre-negociar-de-buena-fe-con-panama-el-futuro-de-cobre-panama-791814"", ""medio"": ""diaadia.com.pa"", ""idioma"": ""es"", ""fecha_publicacion"": null, ""fecha_deteccion"": ""20261001T003000Z"", ""fecha_extraccion"": ""2026-10-06T18:46:40+00:00"", ""origen"": ""gdelt_doc:panama"", ""descripcion"": null, ""alcance_texto"": ""titular_metadatos""}"
noticia,url_duplicada,url,https://www.critica.com.pa/sucesos/panama-y-qatar-estrechan-lazos-con-la-mira-puesta-en-energia-y-negocios-517304,"{""titulo"": ""Panamá y Qatar estrechan lazos con la mira puesta en energía y negocios"", ""url"": ""https://www.critica.com.pa/sucesos/panama-y-qatar-estrechan-lazos-con-la-mira-puesta-en-energia-y-negocios-517304"", ""medio"": ""critica.com.pa"", ""idioma"": ""es"", ""fecha_publicacion"": null, ""fecha_deteccion"": ""20261001T020000Z"", ""fecha_extraccion"": ""2026-10-06T18:46:40+00:00"", ""origen"": ""gdelt_doc:panama"", ""descripcion"": null, ""alcance_texto"": ""titular_metadatos""}"
noticia,url_duplicada,url,https://www.prensa-latina.cu/2026/09/27/panama-refuerza-promocion-turistica-en-argentina/,"{""titulo"": ""Panamá refuerza promoción turística en Argentina - Noticias Prensa Latina"", ""url"": ""https://www.prensa-latina.cu/2026/09/27/panama-refuerza-promocion-turistica-en-argentina/"", ""medio"": ""prensa-latina.cu"", ""idioma"": ""es"", ""fecha_publicacion"": null, ""fecha_deteccion"": ""20260927T103000Z"", ""fecha_extraccion"": ""2026-10-06T18:46:40+00:00"", ""origen"": ""gdelt_doc:panama"", ""descripcion"": null, ""alcance_texto"": ""titular_metadatos""}"
noticia,url_duplicada,url,https://www.critica.com.pa/nacional/first-quantum-abre-la-puerta-al-dialogo-por-cobre-panama-tras-informe-517286,"{""titulo"": ""First Quantum abre la puerta al diálogo por Cobre Panamá tras informe"", ""url"": ""https://www.critica.com.pa/nacional/first-quantum-abre-la-puerta-al-dialogo-por-cobre-panama-tras-informe-517286"", ""medio"": ""critica.com.pa"", ""idioma"": ""es"", ""fecha_publicacion"": null, ""fecha_deteccion"": ""20260930T221500Z"", ""fecha_extraccion"": ""2026-10-06T18:46:40+00:00"", ""origen"": ""gdelt_doc:panama"", ""descripcion"": null, ""alcance_texto"": ""titular_metadatos""}"
noticia,url_duplicada,url,https://www.laestrella.com.pa/economia/panama-busca-atraer-inversion-de-texas-en-sectores-estrategicos-PE26117954,"{""titulo"": ""Panamá busca atraer inversión de Texas en sectores estratégicos"", ""url"": ""https://www.laestrella.com.pa/economia/panama-busca-atraer-inversion-de-texas-en-sectores-estrategicos-PE26117954"", ""medio"": ""laestrella.com.pa"", ""idioma"": ""es"", ""fecha_publicacion"": null, ""fecha_deteccion"": ""20260930T214500Z"", ""fecha_extraccion"": ""2026-10-06T18:46:40+00:00"", ""origen"": ""gdelt_doc:panama"", ""descripcion"": null, ""alcance_texto"": ""titular_metadatos""}"
noticia,url_duplicada,url,https://www.infobae.com/panama/2026/10/01/cobre-panama-volveria-a-producir-lo-que-falta-definir-es-bajo-que-modelo/,"{""titulo"": ""Cobre Panamá volvería a producir : lo que falta definir es bajo qué modelo"", ""url"": ""https://www.infobae.com/panama/2026/10/01/cobre-panama-volveria-a-producir-lo-que-falta-definir-es-bajo-que-modelo/"", ""medio"": ""infobae.com"", ""idioma"": ""es"", ""fecha_publicacion"": null, ""fecha_deteccion"": ""20261002T000000Z"", ""fecha_extraccion"": ""2026-10-06T18:46:40+00:00"", ""origen"": ""gdelt_doc:panama"", ""descripcion"": null, ""alcance_texto"": ""titular_metadatos""}"
noticia,url_duplicada,url,https://allafrica.com/stories/202609280739.html,"{""titulo"": ""Liberia Widens Lead As World Top Ship Registry"", ""url"": ""https://allafrica.com/stories/202609280739.html"", ""medio"": ""allafrica.com"", ""idioma"": ""en"", ""fecha_publicacion"": null, ""fecha_deteccion"": ""20260929T011500Z"", ""fecha_extraccion"": ""2026-10-06T18:46:40+00:00"", ""origen"": ""gdelt_doc:panama"", ""descripcion"": null, ""alcance_texto"": ""titular_metadatos""}"
noticia,url_duplicada,url,https://www.prensa.com/economia/panama-apunta-a-salir-de-la-lista-fiscal-de-la-union-europea-pero-aun-enfrenta-una-revision-clave-en-2027/,"{""titulo"": ""Panamá apunta a salir de la lista fiscal de la Unión Europea , pero aún enfrenta una revisión clave en 2027"", ""url"": ""https://www.prensa.com/economia/panama-apunta-a-salir-de-la-lista-fiscal-de-la-union-europea-pero-aun-enfrenta-una-revision-clave-en-2027/"", ""medio"": ""prensa.com"", ""idioma"": ""es"", ""fecha_publicacion"": null, ""fecha_deteccion"": ""20261002T081500Z"", ""fecha_extraccion"": ""2026-10-06T18:46:40+00:00"", ""origen"": ""gdelt_doc:panama"", ""descripcion"": null, ""alcance_texto"": ""titular_metadatos""}"
noticia,url_duplicada,url,https://www.midiario.com/nacionales/dengue-da-un-respiro-en-panama-aunque-metropolitana-y-colon-siguen-bajo-presion/,"{""titulo"": ""Dengue da un respiro en Panamá , aunque Metropolitana y Colón siguen bajo presión"", ""url"": ""https://www.midiario.com/nacionales/dengue-da-un-respiro-en-panama-aunque-metropolitana-y-colon-siguen-bajo-presion/"", ""medio"": ""midiario.com"", ""idioma"": ""es"", ""fecha_publicacion"": null, ""fecha_deteccion"": ""20260927T051500Z"", ""fecha_extraccion"": ""2026-10-06T18:46:40+00:00"", ""origen"": ""gdelt_doc:panama"", ""descripcion"": null, ""alcance_texto"": ""titular_metadatos""}"
noticia,url_duplicada,url,https://www.critica.com.pa/nacional/recomiendan-apertura-de-la-mina-de-cobre-panama-517260,"{""titulo"": ""Recomiendan apertura de la mina de Cobre Panamá"", ""url"": ""https://www.critica.com.pa/nacional/recomiendan-apertura-de-la-mina-de-cobre-panama-517260"", ""medio"": ""critica.com.pa"", ""idioma"": ""es"", ""fecha_publicacion"": null, ""fecha_deteccion"": ""20260930T173000Z"", ""fecha_extraccion"": ""2026-10-06T18:46:40+00:00"", ""origen"": ""gdelt_doc:panama"", ""descripcion"": null, ""alcance_texto"": ""titular_metadatos""}"
noticia,url_duplicada,url,https://www.panamaamerica.com.pa/sociedad/miguel-lorenzo-fabrega-toma-posesion-como-nuevo-subadministrador-del-canal-de-panama,"{""titulo"": ""Miguel Lorenzo Fábrega toma posesión como nuevo subadministrador del Canal de Panamá"", ""url"": ""https://www.panamaamerica.com.pa/sociedad/miguel-lorenzo-fabrega-toma-posesion-como-nuevo-subadministrador-del-canal-de-panama"", ""medio"": ""panamaamerica.com.pa"", ""idioma"": ""es"", ""fecha_publicacion"": null, ""fecha_deteccion"": ""20261001T223000Z"", ""fecha_extraccion"": ""2026-10-06T18:46:40+00:00"", ""origen"": ""gdelt_doc:panama"", ""descripcion"": null, ""alcance_texto"": ""titular_metadatos""}"
noticia,url_duplicada,url,https://www.diaadia.com.pa/el-pais/panama-sigue-moviendo-sus-fichas-para-atraer-inversiones-y-fortalecer-sus-relaciones-con,"{""titulo"": ""Panamá sigue moviendo sus fichas para atraer inversiones y fortalecer sus relaciones con Emiratos Árabes Unidos"", ""url"": ""https://www.diaadia.com.pa/el-pais/panama-sigue-moviendo-sus-fichas-para-atraer-inversiones-y-fortalecer-sus-relaciones-con"", ""medio"": ""diaadia.com.pa"", ""idioma"": ""es"", ""fecha_publicacion"": null, ""fecha_deteccion"": ""20260928T154500Z"", ""fecha_extraccion"": ""2026-10-06T18:46:40+00:00"", ""origen"": ""gdelt_doc:panama"", ""descripcion"": null, ""alcance_texto"": ""titular_metadatos""}"
noticia,url_duplicada,url,https://www.telemetro.com/nacionales/canal-panama-esta-es-la-millonaria-cifra-que-aportara-al-estado-2027-n6093556,"{""titulo"": ""Canal de Panamá : esta es la millonaria cifra que aportará al Estado en 2027"", ""url"": ""https://www.telemetro.com/nacionales/canal-panama-esta-es-la-millonaria-cifra-que-aportara-al-estado-2027-n6093556"", ""medio"": ""telemetro.com"", ""idioma"": ""es"", ""fecha_publicacion"": null, ""fecha_deteccion"": ""20260930T183000Z"", ""fecha_extraccion"": ""2026-10-06T18:46:40+00:00"", ""origen"": ""gdelt_doc:panama"", ""descripcion"": null, ""alcance_texto"": ""titular_metadatos""}"
noticia,url_duplicada,url,https://www.prensa.com/economia/en-directo-comision-interministerial-presenta-recomendaciones-al-presidente-mulino-sobre-la-mina-de-donoso/,"{""titulo"": ""Comisión Interministerial recomienda al presidente Mulino un cierre ordenado de la mina de Donoso"", ""url"": ""https://www.prensa.com/economia/en-directo-comision-interministerial-presenta-recomendaciones-al-presidente-mulino-sobre-la-mina-de-donoso/"", ""medio"": ""prensa.com"", ""idioma"": ""es"", ""fecha_publicacion"": null, ""fecha_deteccion"": ""20260930T150000Z"", ""fecha_extraccion"": ""2026-10-06T18:46:40+00:00"", ""origen"": ""gdelt_doc:panama"", ""descripcion"": null, ""alcance_texto"": ""titular_metadatos""}"
noticia,url_duplicada,url,https://www.nacion.com/economia/canal-de-panama-flexibiliza-restricciones-tras/T5PAZJYD4JFULOMOYZEQFZFXBE/story/,"{""titulo"": ""Canal de Panamá flexibiliza restricciones tras aumento de lluvias"", ""url"": ""https://www.nacion.com/economia/canal-de-panama-flexibiliza-restricciones-tras/T5PAZJYD4JFULOMOYZEQFZFXBE/story/"", ""medio"": ""nacion.com"", ""idioma"": ""es"", ""fecha_publicacion"": null, ""fecha_deteccion"": ""20260928T233000Z"", ""fecha_extraccion"": ""2026-10-06T18:46:40+00:00"", ""origen"": ""gdelt_doc:panama"", ""descripcion"": null, ""alcance_texto"": ""titular_metadatos""}"
noticia,url_duplicada,url,https://www.laestrella.com.pa/economia/congestion-portuaria-y-falta-de-infraestructura-digital-ponen-presion-a-panama-DH26034698,"{""titulo"": ""Congestión portuaria y falta de infraestructura digital ponen presión a Panamá"", ""url"": ""https://www.laestrella.com.pa/economia/congestion-portuaria-y-falta-de-infraestructura-digital-ponen-presion-a-panama-DH26034698"", ""medio"": ""laestrella.com.pa"", ""idioma"": ""es"", ""fecha_publicacion"": null, ""fecha_deteccion"": ""20260928T073000Z"", ""fecha_extraccion"": ""2026-10-06T18:46:40+00:00"", ""origen"": ""gdelt_doc:panama"", ""descripcion"": null, ""alcance_texto"": ""titular_metadatos""}"
noticia,url_duplicada,url,https://www.larepublica.co/globoeconomia/la-union-europea-planea-retirar-a-panama-de-lista-de-paraisos-fiscales-4491849,"{""titulo"": ""La Unión Europea planea retirar a Vietnam y Panamá de su lista de paraísos fiscales"", ""url"": ""https://www.larepublica.co/globoeconomia/la-union-europea-planea-retirar-a-panama-de-lista-de-paraisos-fiscales-4491849"", ""medio"": ""larepublica.co"", ""idioma"": ""es"", ""fecha_publicacion"": null, ""fecha_deteccion"": ""20260928T194500Z"", ""fecha_extraccion"": ""2026-10-06T18:46:40+00:00"", ""origen"": ""gdelt_doc:panama"", ""descripcion"": null, ""alcance_texto"": ""titular_metadatos""}"
noticia,url_duplicada,url,https://www.diaadia.com.pa/el-pais/comision-interministerial-entrego-al-presidente-mulino-el-informe-final-sobre-el-sitio,"{""titulo"": ""Comisión Interministerial entregó al presidente Mulino el Informe Final sobre el sitio minero Cobre Panamá"", ""url"": ""https://www.diaadia.com.pa/el-pais/comision-interministerial-entrego-al-presidente-mulino-el-informe-final-sobre-el-sitio"", ""medio"": ""diaadia.com.pa"", ""idioma"": ""es"", ""fecha_publicacion"": null, ""fecha_deteccion"": ""20260930T193000Z"", ""fecha_extraccion"": ""2026-10-06T18:46:40+00:00"", ""origen"": ""gdelt_doc:panama"", ""descripcion"": null, ""alcance_texto"": ""titular_metadatos""}"
noticia,url_duplicada,url,https://www.telemetro.com/nacionales/discurso-del-presidente-mulino-la-onu-panama-pide-el-cese-las-guerras-y-defiende-el-dialogo-n6092775,"{""titulo"": ""Discurso del presidente Mulino ante la ONU : Panamá pide el cese de las guerras y defiende el diálogo"", ""url"": ""https://www.telemetro.com/nacionales/discurso-del-presidente-mulino-la-onu-panama-pide-el-cese-las-guerras-y-defiende-el-dialogo-n6092775"", ""medio"": ""telemetro.com"", ""idioma"": ""es"", ""fecha_publicacion"": null, ""fecha_deteccion"": ""20260923T220000Z"", ""fecha_extraccion"": ""2026-10-06T18:46:40+00:00"", ""origen"": ""gdelt_doc:panama"", ""descripcion"": null, ""alcance_texto"": ""titular_metadatos""}"
noticia,url_duplicada,url,https://www.laestrella.com.pa/economia/inversiones-en-espana-hay-mucho-interes-por-panama-asegura-molto-BI25873323,"{""titulo"": ""Inversiones : En España , hay mucho interés por Panamá , asegura Moltó"", ""url"": ""https://www.laestrella.com.pa/economia/inversiones-en-espana-hay-mucho-interes-por-panama-asegura-molto-BI25873323"", ""medio"": ""laestrella.com.pa"", ""idioma"": ""es"", ""fecha_publicacion"": null, ""fecha_deteccion"": ""20260922T003000Z"", ""fecha_extraccion"": ""2026-10-06T18:46:40+00:00"", ""origen"": ""gdelt_doc:panama"", ""descripcion"": null, ""alcance_texto"": ""titular_metadatos""}"
noticia,url_duplicada,url,https://www.prensa.com/vivir/periodista-de-la-prensa-gana-el-premio-palma-de-oro-por-su-investigacion-sobre-las-amenazas-costeras-en-panama/,"{""titulo"": ""Periodista de La Prensa gana el Premio Palma de Oro por su investigación sobre las amenazas costeras en Panamá"", ""url"": ""https://www.prensa.com/vivir/periodista-de-la-prensa-gana-el-premio-palma-de-oro-por-su-investigacion-sobre-las-amenazas-costeras-en-panama/"", ""medio"": ""prensa.com"", ""idioma"": ""es"", ""fecha_publicacion"": null, ""fecha_deteccion"": ""20260923T194500Z"", ""fecha_extraccion"": ""2026-10-06T18:46:40+00:00"", ""origen"": ""gdelt_doc:panama"", ""descripcion"": null, ""alcance_texto"": ""titular_metadatos""}"
noticia,url_duplicada,url,https://www.freshplaza.com/north-america/article/9877740/panama-canal-increases-daily-transit-slots-to-33/,"{""titulo"": ""Panama Canal increases daily transit slots to 33"", ""url"": ""https://www.freshplaza.com/north-america/article/9877740/panama-canal-increases-daily-transit-slots-to-33/"", ""medio"": ""freshplaza.com"", ""idioma"": ""en"", ""fecha_publicacion"": null, ""fecha_deteccion"": ""20260929T164500Z"", ""fecha_extraccion"": ""2026-10-06T18:46:40+00:00"", ""origen"": ""gdelt_doc:panama"", ""descripcion"": null, ""alcance_texto"": ""titular_metadatos""}"
noticia,url_duplicada,url,https://www.telemetro.com/nacionales/blackstone-y-ssa-marine-muestran-interes-nuevas-inversiones-panama-n6092809,"{""titulo"": ""Blackstone y SSA Marine muestran interés en nuevas inversiones en Panamá"", ""url"": ""https://www.telemetro.com/nacionales/blackstone-y-ssa-marine-muestran-interes-nuevas-inversiones-panama-n6092809"", ""medio"": ""telemetro.com"", ""idioma"": ""es"", ""fecha_publicacion"": null, ""fecha_deteccion"": ""20260924T031500Z"", ""fecha_extraccion"": ""2026-10-06T18:46:40+00:00"", ""origen"": ""gdelt_doc:panama"", ""descripcion"": null, ""alcance_texto"": ""titular_metadatos""}"
noticia,url_duplicada,url,https://www.laestrella.com.pa/mundo/america/mulino-y-sanchez-conversan-sobre-rio-indio-nuevos-puertos-y-cooperacion-bilateral-KG25895294,"{""titulo"": ""Mulino y Sánchez conversan sobre Río Indio , nuevos puertos y cooperación bilateral"", ""url"": ""https://www.laestrella.com.pa/mundo/america/mulino-y-sanchez-conversan-sobre-rio-indio-nuevos-puertos-y-cooperacion-bilateral-KG25895294"", ""medio"": ""laestrella.com.pa"", ""idioma"": ""es"", ""fecha_publicacion"": null, ""fecha_deteccion"": ""20260922T194500Z"", ""fecha_extraccion"": ""2026-10-06T18:46:40+00:00"", ""origen"": ""gdelt_doc:panama"", ""descripcion"": null, ""alcance_texto"": ""titular_metadatos""}"
noticia,url_duplicada,url,https://www.panamaamerica.com.pa/sociedad/universidad-de-panama-destaca-avances-cientificos-y-academicos-al-cierre-de-gestion-de,"{""titulo"": ""Universidad de Panamá destaca avances científicos y académicos al cierre de gestión de Flores"", ""url"": ""https://www.panamaamerica.com.pa/sociedad/universidad-de-panama-destaca-avances-cientificos-y-academicos-al-cierre-de-gestion-de"", ""medio"": ""panamaamerica.com.pa"", ""idioma"": ""es"", ""fecha_publicacion"": null, ""fecha_deteccion"": ""20260928T174500Z"", ""fecha_extraccion"": ""2026-10-06T18:46:40+00:00"", ""origen"": ""gdelt_doc:panama"", ""descripcion"": null, ""alcance_texto"": ""titular_metadatos""}"
noticia,url_duplicada,url,https://www.telemetro.com/nacionales/como-esta-el-empleo-panama-presidente-afirma-que-el-desempleo-baja-y-sector-privado-gana-terreno-n6093508,"{""titulo"": ""¿ Cómo está el empleo en Panamá ? Presidente afirma que el desempleo baja y sector privado gana terreno"", ""url"": ""https://www.telemetro.com/nacionales/como-esta-el-empleo-panama-presidente-afirma-que-el-desempleo-baja-y-sector-privado-gana-terreno-n6093508"", ""medio"": ""telemetro.com"", ""idioma"": ""es"", ""fecha_publicacion"": null, ""fecha_deteccion"": ""20260930T134500Z"", ""fecha_extraccion"": ""2026-10-06T18:46:40+00:00"", ""origen"": ""gdelt_doc:panama"", ""descripcion"": null, ""alcance_texto"": ""titular_metadatos""}"
noticia,url_duplicada,url,https://www.critica.com.pa/nacional/comision-europea-destaca-avances-para-salir-de-la-lista-fiscal-516838,"{""titulo"": ""Comisión Europea destaca avances para salir de la lista fiscal"", ""url"": ""https://www.critica.com.pa/nacional/comision-europea-destaca-avances-para-salir-de-la-lista-fiscal-516838"", ""medio"": ""critica.com.pa"", ""idioma"": ""es"", ""fecha_publicacion"": null, ""fecha_deteccion"": ""20260923T003000Z"", ""fecha_extraccion"": ""2026-10-06T18:46:40+00:00"", ""origen"": ""gdelt_doc:panama"", ""descripcion"": null, ""alcance_texto"": ""titular_metadatos""}"
noticia,url_duplicada,url,https://www.telemetro.com/nacionales/panama-fortalece-cooperacion-ghana-trinidad-y-tobago-y-ucrania-n6092789,"{""titulo"": ""Panamá fortalece cooperación con Ghana , Trinidad y Tobago y Ucrania"", ""url"": ""https://www.telemetro.com/nacionales/panama-fortalece-cooperacion-ghana-trinidad-y-tobago-y-ucrania-n6092789"", ""medio"": ""telemetro.com"", ""idioma"": ""es"", ""fecha_publicacion"": null, ""fecha_deteccion"": ""20260923T220000Z"", ""fecha_extraccion"": ""2026-10-06T18:46:40+00:00"", ""origen"": ""gdelt_doc:panama"", ""descripcion"": null, ""alcance_texto"": ""titular_metadatos""}"
noticia,url_duplicada,url,https://www.antaranews.com/berita/5763408/terusan-panama-akan-tambah-jumlah-transit-harian-jadi-10-kapal,"{""titulo"": ""Terusan Panama akan tambah jumlah transit harian jadi 10 kapal"", ""url"": ""https://www.antaranews.com/berita/5763408/terusan-panama-akan-tambah-jumlah-transit-harian-jadi-10-kapal"", ""medio"": ""antaranews.com"", ""idioma"": ""indonesian"", ""fecha_publicacion"": null, ""fecha_deteccion"": ""20260929T113000Z"", ""fecha_extraccion"": ""2026-10-06T18:46:40+00:00"", ""origen"": ""gdelt_doc:panama"", ""descripcion"": null, ""alcance_texto"": ""titular_metadatos""}"
noticia,url_duplicada,url,https://n.yam.com/Article/20260924895470,"{""titulo"": ""2026巴拿馬房產投資攻略 ： 外國人購屋法規與黃金簽證解析"", ""url"": ""https://n.yam.com/Article/20260924895470"", ""medio"": ""n.yam.com"", ""idioma"": ""chinese"", ""fecha_publicacion"": null, ""fecha_deteccion"": ""20260924T091500Z"", ""fecha_extraccion"": ""2026-10-06T18:46:40+00:00"", ""origen"": ""gdelt_doc:panama"", ""descripcion"": null, ""alcance_texto"": ""titular_metadatos""}"
noticia,url_duplicada,url,https://www.telemetro.com/nacionales/cuarto-puente-reanudan-trabajos-subsanar-hallazgos-seguridad-laboral-n6093360,"{""titulo"": ""Cuarto Puente : reanudan trabajos tras subsanar hallazgos de seguridad laboral"", ""url"": ""https://www.telemetro.com/nacionales/cuarto-puente-reanudan-trabajos-subsanar-hallazgos-seguridad-laboral-n6093360"", ""medio"": ""telemetro.com"", ""idioma"": ""es"", ""fecha_publicacion"": null, ""fecha_deteccion"": ""20260929T144500Z"", ""fecha_extraccion"": ""2026-10-06T18:46:40+00:00"", ""origen"": ""gdelt_doc:panama"", ""descripcion"": null, ""alcance_texto"": ""titular_metadatos""}"
noticia,url_duplicada,url,https://www.prensa.com/contenido-de-marcas/panapark-free-zone-lidera-el-modelo-de-zona-franca-40-en-panama/,"{""titulo"": ""Panapark Free Zone lidera el modelo de Zona Franca 4 . 0 en Panamá | La Prensa Panamá"", ""url"": ""https://www.prensa.com/contenido-de-marcas/panapark-free-zone-lidera-el-modelo-de-zona-franca-40-en-panama/"", ""medio"": ""prensa.com"", ""idioma"": ""es"", ""fecha_publicacion"": null, ""fecha_deteccion"": ""20260923T074500Z"", ""fecha_extraccion"": ""2026-10-06T18:46:40+00:00"", ""origen"": ""gdelt_doc:panama"", ""descripcion"": null, ""alcance_texto"": ""titular_metadatos""}"
noticia,url_duplicada,url,https://www.nacion.com/economia/solo-dos-ciudades-de-centroamerica-estan-entre-las/RB4G6GS7C5H4PAZJXMNR4LIJGI/story/,"{""titulo"": ""Solo dos ciudades de Centroamérica están entre las mejores 300 del mundo , según ranking"", ""url"": ""https://www.nacion.com/economia/solo-dos-ciudades-de-centroamerica-estan-entre-las/RB4G6GS7C5H4PAZJXMNR4LIJGI/story/"", ""medio"": ""nacion.com"", ""idioma"": ""es"", ""fecha_publicacion"": null, ""fecha_deteccion"": ""20261001T183000Z"", ""fecha_extraccion"": ""2026-10-06T18:46:40+00:00"", ""origen"": ""gdelt_doc:panama"", ""descripcion"": null, ""alcance_texto"": ""titular_metadatos""}"
noticia,url_duplicada,url,https://www.panamaamerica.com.pa/economia/panama-enfrenta-reto-de-agilizar-movimiento-de-carga-frente-sus-competidores-1266840,"{""titulo"": ""Panamá enfrenta reto de agilizar movimiento de carga frente a sus competidores"", ""url"": ""https://www.panamaamerica.com.pa/economia/panama-enfrenta-reto-de-agilizar-movimiento-de-carga-frente-sus-competidores-1266840"", ""medio"": ""panamaamerica.com.pa"", ""idioma"": ""es"", ""fecha_publicacion"": null, ""fecha_deteccion"": ""20260929T053000Z"", ""fecha_extraccion"": ""2026-10-06T18:46:40+00:00"", ""origen"": ""gdelt_doc:panama"", ""descripcion"": null, ""alcance_texto"": ""titular_metadatos""}"
noticia,url_duplicada,url,https://www.telemetro.com/nacionales/proyecto-ley-que-dicta-el-presupuesto-del-canal-panama-pasa-tercer-debate-n6092955,"{""titulo"": ""Proyecto de ley que dicta el presupuesto del Canal de Panamá pasa a tercer debate"", ""url"": ""https://www.telemetro.com/nacionales/proyecto-ley-que-dicta-el-presupuesto-del-canal-panama-pasa-tercer-debate-n6092955"", ""medio"": ""telemetro.com"", ""idioma"": ""es"", ""fecha_publicacion"": null, ""fecha_deteccion"": ""20260925T071500Z"", ""fecha_extraccion"": ""2026-10-06T18:46:40+00:00"", ""origen"": ""gdelt_doc:panama"", ""descripcion"": null, ""alcance_texto"": ""titular_metadatos""}"
noticia,url_duplicada,url,https://www.critica.com.pa/nacional/surinam-pone-la-mira-en-panama-para-impulsar-energia-comercio-e-inversiones-516984,"{""titulo"": ""Surinam pone la mira en Panamá para impulsar energía , comercio e inversiones"", ""url"": ""https://www.critica.com.pa/nacional/surinam-pone-la-mira-en-panama-para-impulsar-energia-comercio-e-inversiones-516984"", ""medio"": ""critica.com.pa"", ""idioma"": ""es"", ""fecha_publicacion"": null, ""fecha_deteccion"": ""20260925T051500Z"", ""fecha_extraccion"": ""2026-10-06T18:46:40+00:00"", ""origen"": ""gdelt_doc:panama"", ""descripcion"": null, ""alcance_texto"": ""titular_metadatos""}"
noticia,url_duplicada,url,https://www.prensa.com/opinion/panama-entre-dos-desconfianzas/,"{""titulo"": ""Panamá , entre dos desconfianzas"", ""url"": ""https://www.prensa.com/opinion/panama-entre-dos-desconfianzas/"", ""medio"": ""prensa.com"", ""idioma"": ""es"", ""fecha_publicacion"": null, ""fecha_deteccion"": ""20260924T074500Z"", ""fecha_extraccion"": ""2026-10-06T18:46:40+00:00"", ""origen"": ""gdelt_doc:panama"", ""descripcion"": null, ""alcance_texto"": ""titular_metadatos""}"
noticia,url_duplicada,url,https://www.prensa-latina.cu/2026/10/01/mas-trabajadores-panamenos-con-ingresos-inferiores-al-salario-minimo/,"{""titulo"": ""Más trabajadores panameños con ingresos inferiores al salario mínimo"", ""url"": ""https://www.prensa-latina.cu/2026/10/01/mas-trabajadores-panamenos-con-ingresos-inferiores-al-salario-minimo/"", ""medio"": ""prensa-latina.cu"", ""idioma"": ""es"", ""fecha_publicacion"": null, ""fecha_deteccion"": ""20261001T110000Z"", ""fecha_extraccion"": ""2026-10-06T18:46:40+00:00"", ""origen"": ""gdelt_doc:panama"", ""descripcion"": null, ""alcance_texto"": ""titular_metadatos""}"
noticia,url_duplicada,url,https://www.prensa.com/deportes/nathalee-aranda-conquista-el-primer-oro-de-panama-en-santa-fe-2026/,"{""titulo"": ""Nathalee Aranda conquista el primer oro de Panamá en Santa Fe 2026"", ""url"": ""https://www.prensa.com/deportes/nathalee-aranda-conquista-el-primer-oro-de-panama-en-santa-fe-2026/"", ""medio"": ""prensa.com"", ""idioma"": ""es"", ""fecha_publicacion"": null, ""fecha_deteccion"": ""20260923T033000Z"", ""fecha_extraccion"": ""2026-10-06T18:46:40+00:00"", ""origen"": ""gdelt_doc:panama"", ""descripcion"": null, ""alcance_texto"": ""titular_metadatos""}"
noticia,url_duplicada,url,https://www.midiario.com/deportivas/oro-para-panama-nathalee-aranda-domina-el-salto-de-longitud-en-santa-fe/,"{""titulo"": ""¡ Oro para Panamá ! Nathalee Aranda domina el salto de longitud en Santa Fe"", ""url"": ""https://www.midiario.com/deportivas/oro-para-panama-nathalee-aranda-domina-el-salto-de-longitud-en-santa-fe/"", ""medio"": ""midiario.com"", ""idioma"": ""es"", ""fecha_publicacion"": null, ""fecha_deteccion"": ""20260923T021500Z"", ""fecha_extraccion"": ""2026-10-06T18:46:40+00:00"", ""origen"": ""gdelt_doc:panama"", ""descripcion"": null, ""alcance_texto"": ""titular_metadatos""}"
noticia,url_duplicada,url,https://www.prensa.com/economia/sp-ratifica-el-grado-de-inversion-de-panama-en-bbb-y-mantiene-perspectiva-estable/,"{""titulo"": ""S & P ratifica el grado de inversión de Panamá en BBB - y mantiene perspectiva estable"", ""url"": ""https://www.prensa.com/economia/sp-ratifica-el-grado-de-inversion-de-panama-en-bbb-y-mantiene-perspectiva-estable/"", ""medio"": ""prensa.com"", ""idioma"": ""es"", ""fecha_publicacion"": null, ""fecha_deteccion"": ""20260923T074500Z"", ""fecha_extraccion"": ""2026-10-06T18:46:40+00:00"", ""origen"": ""gdelt_doc:panama"", ""descripcion"": null, ""alcance_texto"": ""titular_metadatos""}"
noticia,url_duplicada,url,https://actualidad.rt.com/actualidad/629007-cobre-bate-records-gigantesca-mina-panama,"{""titulo"": ""El cobre bate récords , pero la gigantesca mina de Panamá sigue cerrada : ¿ por qué ?"", ""url"": ""https://actualidad.rt.com/actualidad/629007-cobre-bate-records-gigantesca-mina-panama"", ""medio"": ""actualidad.rt.com"", ""idioma"": ""es"", ""fecha_publicacion"": null, ""fecha_deteccion"": ""20260923T194500Z"", ""fecha_extraccion"": ""2026-10-06T18:46:40+00:00"", ""origen"": ""gdelt_doc:panama"", ""descripcion"": null, ""alcance_texto"": ""titular_metadatos""}"
noticia,url_duplicada,url,https://www.hsbnoticias.com/panama-pide-apoyo-a-la-onu-para-construir-un-embalse-que-garantice-la-operacion-del-canal/,"{""titulo"": ""Panamá pide apoyo a la ONU para construir un embalse que garantice la operación del Canal"", ""url"": ""https://www.hsbnoticias.com/panama-pide-apoyo-a-la-onu-para-construir-un-embalse-que-garantice-la-operacion-del-canal/"", ""medio"": ""hsbnoticias.com"", ""idioma"": ""es"", ""fecha_publicacion"": null, ""fecha_deteccion"": ""20260924T014500Z"", ""fecha_extraccion"": ""2026-10-06T18:46:40+00:00"", ""origen"": ""gdelt_doc:panama"", ""descripcion"": null, ""alcance_texto"": ""titular_metadatos""}"
noticia,url_duplicada,url,https://www.prensa.com/opinion/estabilidad-para-seguir-gastando/,"{""titulo"": ""Estabilidad para seguir gastando"", ""url"": ""https://www.prensa.com/opinion/estabilidad-para-seguir-gastando/"", ""medio"": ""prensa.com"", ""idioma"": ""es"", ""fecha_publicacion"": null, ""fecha_deteccion"": ""20261001T060000Z"", ""fecha_extraccion"": ""2026-10-06T18:46:40+00:00"", ""origen"": ""gdelt_doc:panama"", ""descripcion"": null, ""alcance_texto"": ""titular_metadatos""}"
noticia,url_duplicada,url,https://www.prensa.com/economia/las-razones-y-advertencias-de-sp-para-mantener-el-grado-de-inversion-a-panama/,"{""titulo"": ""Las razones y advertencias de S & P para mantener el grado de inversión a Panamá"", ""url"": ""https://www.prensa.com/economia/las-razones-y-advertencias-de-sp-para-mantener-el-grado-de-inversion-a-panama/"", ""medio"": ""prensa.com"", ""idioma"": ""es"", ""fecha_publicacion"": null, ""fecha_deteccion"": ""20260923T194500Z"", ""fecha_extraccion"": ""2026-10-06T18:46:40+00:00"", ""origen"": ""gdelt_doc:panama"", ""descripcion"": null, ""alcance_texto"": ""titular_metadatos""}"
noticia,campo_obligatorio,titulo,https://primicia.com.ve/mundo/frustran-viaje-de-maria-corina-machado/,"{""titulo"": null, ""url"": ""https://primicia.com.ve/mundo/frustran-viaje-de-maria-corina-machado/"", ""medio"": ""primicia.com.ve"", ""idioma"": ""es"", ""fecha_publicacion"": null, ""fecha_deteccion"": ""20260923T054500Z"", ""fecha_extraccion"": ""2026-10-06T18:46:40+00:00"", ""origen"": ""gdelt_doc:panama"", ""descripcion"": null, ""alcance_texto"": ""titular_metadatos""}"
noticia,url_duplicada,url,https://www.diaadia.com.pa/el-pais/la-calificadora-sp-ratifica-panama-el-grado-de-inversion-bbb-con-perspectiva-estable-791715,"{""titulo"": ""La calificadora S & P ratifica a Panamá el grado de inversión BBB - con perspectiva estable"", ""url"": ""https://www.diaadia.com.pa/el-pais/la-calificadora-sp-ratifica-panama-el-grado-de-inversion-bbb-con-perspectiva-estable-791715"", ""medio"": ""diaadia.com.pa"", ""idioma"": ""es"", ""fecha_publicacion"": null, ""fecha_deteccion"": ""20260923T220000Z"", ""fecha_extraccion"": ""2026-10-06T18:46:40+00:00"", ""origen"": ""gdelt_doc:panama"", ""descripcion"": null, ""alcance_texto"": ""titular_metadatos""}"
noticia,url_duplicada,url,https://www.muypymes.com/2026/09/24/panama-anima-empresas-espanolas-reforzar-inversion-pais,"{""titulo"": ""Panamá anima a las empresas españolas a reforzar su inversión en el país"", ""url"": ""https://www.muypymes.com/2026/09/24/panama-anima-empresas-espanolas-reforzar-inversion-pais"", ""medio"": ""muypymes.com"", ""idioma"": ""es"", ""fecha_publicacion"": null, ""fecha_deteccion"": ""20260924T160000Z"", ""fecha_extraccion"": ""2026-10-06T18:46:40+00:00"", ""origen"": ""gdelt_doc:panama"", ""descripcion"": null, ""alcance_texto"": ""titular_metadatos""}"
noticia,url_duplicada,url,https://www.telemetro.com/nacionales/cobre-panama-navarro-pide-ponerle-fecha-cumpleanos-al-cierre-la-mina-n6093525,"{""titulo"": ""Cobre Panamá : Navarro pide ponerle fecha de cumpleaños al cierre de la mina"", ""url"": ""https://www.telemetro.com/nacionales/cobre-panama-navarro-pide-ponerle-fecha-cumpleanos-al-cierre-la-mina-n6093525"", ""medio"": ""telemetro.com"", ""idioma"": ""es"", ""fecha_publicacion"": null, ""fecha_deteccion"": ""20260930T153000Z"", ""fecha_extraccion"": ""2026-10-06T18:46:40+00:00"", ""origen"": ""gdelt_doc:panama"", ""descripcion"": null, ""alcance_texto"": ""titular_metadatos""}"
noticia,url_duplicada,url,https://www.laestrella.com.pa/economia/sp-ratifica-grado-de-inversion-de-panama-en-bbb-y-mantiene-perspectiva-estable-dice-el-mef-AO25907968,"{""titulo"": ""S & P ratifica grado de inversión de Panamá en BBB - y mantiene perspectiva estable , dice el MEF"", ""url"": ""https://www.laestrella.com.pa/economia/sp-ratifica-grado-de-inversion-de-panama-en-bbb-y-mantiene-perspectiva-estable-dice-el-mef-AO25907968"", ""medio"": ""laestrella.com.pa"", ""idioma"": ""es"", ""fecha_publicacion"": null, ""fecha_deteccion"": ""20260923T044500Z"", ""fecha_extraccion"": ""2026-10-06T18:46:40+00:00"", ""origen"": ""gdelt_doc:panama"", ""descripcion"": null, ""alcance_texto"": ""titular_metadatos""}"
noticia,url_duplicada,url,https://www.midiario.com/nacionales/productor-de-torti-logra-cosecha-de-30-quintales-de-aji-trompito-con-apoyo-del-mida/,"{""titulo"": ""Productor de Tortí logra cosecha de 30 quintales de ají trompito con apoyo del MIDA"", ""url"": ""https://www.midiario.com/nacionales/productor-de-torti-logra-cosecha-de-30-quintales-de-aji-trompito-con-apoyo-del-mida/"", ""medio"": ""midiario.com"", ""idioma"": ""es"", ""fecha_publicacion"": null, ""fecha_deteccion"": ""20260921T221500Z"", ""fecha_extraccion"": ""2026-10-06T18:46:40+00:00"", ""origen"": ""gdelt_doc:panama"", ""descripcion"": null, ""alcance_texto"": ""titular_metadatos""}"
noticia,url_duplicada,url,https://www.prensa.com/economia/abrir-la-mina-para-pagar-su-cierre-la-ruta-que-plantea-la-comision-para-donoso/,"{""titulo"": ""¿ Abrir la mina para pagar su cierre ? La ruta que plantea la Comisión para Donoso"", ""url"": ""https://www.prensa.com/economia/abrir-la-mina-para-pagar-su-cierre-la-ruta-que-plantea-la-comision-para-donoso/"", ""medio"": ""prensa.com"", ""idioma"": ""es"", ""fecha_publicacion"": null, ""fecha_deteccion"": ""20261001T060000Z"", ""fecha_extraccion"": ""2026-10-06T18:46:40+00:00"", ""origen"": ""gdelt_doc:panama"", ""descripcion"": null, ""alcance_texto"": ""titular_metadatos""}"
noticia,url_duplicada,url,https://www.prensa.com/opinion/tratados-torrijos-carter-entresijos-de-la-historia/,"{""titulo"": ""Tratados Torrijos - Carter : entresijos de la historia"", ""url"": ""https://www.prensa.com/opinion/tratados-torrijos-carter-entresijos-de-la-historia/"", ""medio"": ""prensa.com"", ""idioma"": ""es"", ""fecha_publicacion"": null, ""fecha_deteccion"": ""20261001T021500Z"", ""fecha_extraccion"": ""2026-10-06T18:46:40+00:00"", ""origen"": ""gdelt_doc:panama"", ""descripcion"": null, ""alcance_texto"": ""titular_metadatos""}"
noticia,url_duplicada,url,https://www.prensa.com/economia/cobre-panama-el-abrir-para-cerrar-genera-dudas-y-cuestionamientos-en-el-frente-ambiental-y-financiero/,"{""titulo"": ""El abrir para cerrar de la mina de cobre genera dudas y cuestionamientos en el frente ambiental y financiero"", ""url"": ""https://www.prensa.com/economia/cobre-panama-el-abrir-para-cerrar-genera-dudas-y-cuestionamientos-en-el-frente-ambiental-y-financiero/"", ""medio"": ""prensa.com"", ""idioma"": ""es"", ""fecha_publicacion"": null, ""fecha_deteccion"": ""20261002T034500Z"", ""fecha_extraccion"": ""2026-10-06T18:46:40+00:00"", ""origen"": ""gdelt_doc:panama"", ""descripcion"": null, ""alcance_texto"": ""titular_metadatos""}"
noticia,url_duplicada,url,https://www.prensa.com/opinion/el-tigre-dormido-como-panama-puede-recuperar-el-milagro-economico-americano/,"{""titulo"": ""¿ El Tigre dormido ? Cómo Panamá puede recuperar el milagro económico americano"", ""url"": ""https://www.prensa.com/opinion/el-tigre-dormido-como-panama-puede-recuperar-el-milagro-economico-americano/"", ""medio"": ""prensa.com"", ""idioma"": ""es"", ""fecha_publicacion"": null, ""fecha_deteccion"": ""20261001T021500Z"", ""fecha_extraccion"": ""2026-10-06T18:46:40+00:00"", ""origen"": ""gdelt_doc:panama"", ""descripcion"": null, ""alcance_texto"": ""titular_metadatos""}"
noticia,url_duplicada,url,https://www.critica.com.pa/nacional/mulino-frente-banqueros-no-soy-populistaestamos-poniendo-la-casa-en-orden-516931,"{""titulo"": ""Mulino frente a banqueros : No soy populista ... Estamos poniendo la casa en orden"", ""url"": ""https://www.critica.com.pa/nacional/mulino-frente-banqueros-no-soy-populistaestamos-poniendo-la-casa-en-orden-516931"", ""medio"": ""critica.com.pa"", ""idioma"": ""es"", ""fecha_publicacion"": null, ""fecha_deteccion"": ""20260924T231500Z"", ""fecha_extraccion"": ""2026-10-06T18:46:40+00:00"", ""origen"": ""gdelt_doc:panama"", ""descripcion"": null, ""alcance_texto"": ""titular_metadatos""}"
noticia,url_duplicada,url,https://www.metro.pr/noticias/2026/09/22/cientificos-se-reunen-en-panama-para-estudiar-los-oceanos/,"{""titulo"": ""Científicos se reúnen en Panamá para estudiar los océanos"", ""url"": ""https://www.metro.pr/noticias/2026/09/22/cientificos-se-reunen-en-panama-para-estudiar-los-oceanos/"", ""medio"": ""metro.pr"", ""idioma"": ""es"", ""fecha_publicacion"": null, ""fecha_deteccion"": ""20260922T043000Z"", ""fecha_extraccion"": ""2026-10-06T18:46:40+00:00"", ""origen"": ""gdelt_doc:panama"", ""descripcion"": null, ""alcance_texto"": ""titular_metadatos""}"
noticia,url_duplicada,url,https://nuevaya.com.ni/internacionales/panama-se-consolida-como-uno-de-los-mercados-de-entretenimiento-digital-de-centroamerica/,"{""titulo"": ""Panamá se consolida como uno de los mercados de entretenimiento digital de Centroamérica"", ""url"": ""https://nuevaya.com.ni/internacionales/panama-se-consolida-como-uno-de-los-mercados-de-entretenimiento-digital-de-centroamerica/"", ""medio"": ""nuevaya.com.ni"", ""idioma"": ""es"", ""fecha_publicacion"": null, ""fecha_deteccion"": ""20260928T153000Z"", ""fecha_extraccion"": ""2026-10-06T18:46:40+00:00"", ""origen"": ""gdelt_doc:panama"", ""descripcion"": null, ""alcance_texto"": ""titular_metadatos""}"
noticia,url_duplicada,url,https://www.globalsecurity.org/wmd/library/news/ukraine/2026/09/ukraine-260921-ukraine-mfa03.htm,"{""titulo"": ""Andrii Sybiha held a meeting with Minister of Foreign Affairs of the Republic of Panama Javier Martínez - Acha"", ""url"": ""https://www.globalsecurity.org/wmd/library/news/ukraine/2026/09/ukraine-260921-ukraine-mfa03.htm"", ""medio"": ""globalsecurity.org"", ""idioma"": ""en"", ""fecha_publicacion"": null, ""fecha_deteccion"": ""20260922T144500Z"", ""fecha_extraccion"": ""2026-10-06T18:46:40+00:00"", ""origen"": ""gdelt_doc:panama"", ""descripcion"": null, ""alcance_texto"": ""titular_metadatos""}"
noticia,url_duplicada,url,https://www.laestrella.com.pa/panama/nacional/panama-y-el-mundo-las-noticias-mas-destacadas-de-este-23-de-septiembre-IN25937681,"{""titulo"": ""Panamá y el mundo : las noticias más destacadas de este 23 de septiembre"", ""url"": ""https://www.laestrella.com.pa/panama/nacional/panama-y-el-mundo-las-noticias-mas-destacadas-de-este-23-de-septiembre-IN25937681"", ""medio"": ""laestrella.com.pa"", ""idioma"": ""es"", ""fecha_publicacion"": null, ""fecha_deteccion"": ""20260924T193000Z"", ""fecha_extraccion"": ""2026-10-06T18:46:40+00:00"", ""origen"": ""gdelt_doc:panama"", ""descripcion"": null, ""alcance_texto"": ""titular_metadatos""}"
noticia,url_duplicada,url,https://www.critica.com.pa/nacional/panama-sera-sede-de-cumbre-mundial-sobre-crimen-organizado-e-inteligencia-516754,"{""titulo"": ""Panamá será sede de cumbre mundial sobre crimen organizado e inteligencia"", ""url"": ""https://www.critica.com.pa/nacional/panama-sera-sede-de-cumbre-mundial-sobre-crimen-organizado-e-inteligencia-516754"", ""medio"": ""critica.com.pa"", ""idioma"": ""es"", ""fecha_publicacion"": null, ""fecha_deteccion"": ""20260921T211500Z"", ""fecha_extraccion"": ""2026-10-06T18:46:40+00:00"", ""origen"": ""gdelt_doc:panama"", ""descripcion"": null, ""alcance_texto"": ""titular_metadatos""}"
noticia,url_duplicada,url,https://www.diaadia.com.pa/el-pais/presidente-de-espana-reitera-importancia-de-panama-en-el-bloque-de-iberoamerica-tras,"{""titulo"": ""Presidente de España reitera importancia de Panamá en el bloque de Iberoamérica tras encuentro con Mulino"", ""url"": ""https://www.diaadia.com.pa/el-pais/presidente-de-espana-reitera-importancia-de-panama-en-el-bloque-de-iberoamerica-tras"", ""medio"": ""diaadia.com.pa"", ""idioma"": ""es"", ""fecha_publicacion"": null, ""fecha_deteccion"": ""20260922T230000Z"", ""fecha_extraccion"": ""2026-10-06T18:46:40+00:00"", ""origen"": ""gdelt_doc:panama"", ""descripcion"": null, ""alcance_texto"": ""titular_metadatos""}"
noticia,url_duplicada,url,https://www.prensa.com/economia/innovacion-y-conectividad-aerea-marcan-el-debate-sobre-el-futuro-del-turismo-en-panama/,"{""titulo"": ""Café con La Prensa : Innovación y conectividad aérea marcan el debate sobre el futuro del turismo"", ""url"": ""https://www.prensa.com/economia/innovacion-y-conectividad-aerea-marcan-el-debate-sobre-el-futuro-del-turismo-en-panama/"", ""medio"": ""prensa.com"", ""idioma"": ""es"", ""fecha_publicacion"": null, ""fecha_deteccion"": ""20260728T151500Z"", ""fecha_extraccion"": ""2026-10-06T18:46:40+00:00"", ""origen"": ""gdelt_doc:turismo"", ""descripcion"": null, ""alcance_texto"": ""titular_metadatos""}"
noticia,url_duplicada,url,https://www.laestrella.com.pa/economia/turismo-en-panama-crece-174-en-2026-y-genera-impacto-economico-de-159-millones-FF24470500,"{""titulo"": ""Turismo en Panamá crece 17 . 4 % en 2026 y genera impacto económico de $159 millones"", ""url"": ""https://www.laestrella.com.pa/economia/turismo-en-panama-crece-174-en-2026-y-genera-impacto-economico-de-159-millones-FF24470500"", ""medio"": ""laestrella.com.pa"", ""idioma"": ""es"", ""fecha_publicacion"": null, ""fecha_deteccion"": ""20260729T224500Z"", ""fecha_extraccion"": ""2026-10-06T18:46:40+00:00"", ""origen"": ""gdelt_doc:turismo"", ""descripcion"": null, ""alcance_texto"": ""titular_metadatos""}"
noticia,url_duplicada,url,https://www.prensa.com/economia/panama-es-el-segundo-destino-latinoamericano-con-mayor-crecimiento-del-gasto-turistico/,"{""titulo"": ""Panamá es el segundo destino latinoamericano con mayor crecimiento del gasto turístico"", ""url"": ""https://www.prensa.com/economia/panama-es-el-segundo-destino-latinoamericano-con-mayor-crecimiento-del-gasto-turistico/"", ""medio"": ""prensa.com"", ""idioma"": ""es"", ""fecha_publicacion"": null, ""fecha_deteccion"": ""20260729T053000Z"", ""fecha_extraccion"": ""2026-10-06T18:46:40+00:00"", ""origen"": ""gdelt_doc:turismo"", ""descripcion"": null, ""alcance_texto"": ""titular_metadatos""}"
noticia,url_duplicada,url,https://www.prensa.com/vivir/miss-universe-panama-anuncian-la-gran-final-de-la-edicion-2026/,"{""titulo"": ""Miss Universe Panamá : Anuncian la gran final de la edición 2026"", ""url"": ""https://www.prensa.com/vivir/miss-universe-panama-anuncian-la-gran-final-de-la-edicion-2026/"", ""medio"": ""prensa.com"", ""idioma"": ""es"", ""fecha_publicacion"": null, ""fecha_deteccion"": ""20260724T173000Z"", ""fecha_extraccion"": ""2026-10-06T18:46:40+00:00"", ""origen"": ""gdelt_doc:turismo"", ""descripcion"": null, ""alcance_texto"": ""titular_metadatos""}"
noticia,url_duplicada,url,https://www.prensalibre.com/economia/panama-sera-sede-del-world-of-coffee-2026-el-mayor-evento-de-la-industria-del-cafe/,"{""titulo"": ""Panamá será sede del World of Coffee 2026 , el mayor evento de la industria del café"", ""url"": ""https://www.prensalibre.com/economia/panama-sera-sede-del-world-of-coffee-2026-el-mayor-evento-de-la-industria-del-cafe/"", ""medio"": ""prensalibre.com"", ""idioma"": ""es"", ""fecha_publicacion"": null, ""fecha_deteccion"": ""20260802T131500Z"", ""fecha_extraccion"": ""2026-10-06T18:46:40+00:00"", ""origen"": ""gdelt_doc:turismo"", ""descripcion"": null, ""alcance_texto"": ""titular_metadatos""}"
noticia,url_duplicada,url,https://www.prensa.com/vivir/la-industrial-mundial-del-cafe-se-reunira-en-una-cita-inedita-en-panama/,"{""titulo"": ""La industrial mundial del café se reunirá en una cita inédita en Panamá"", ""url"": ""https://www.prensa.com/vivir/la-industrial-mundial-del-cafe-se-reunira-en-una-cita-inedita-en-panama/"", ""medio"": ""prensa.com"", ""idioma"": ""es"", ""fecha_publicacion"": null, ""fecha_deteccion"": ""20260802T083000Z"", ""fecha_extraccion"": ""2026-10-06T18:46:40+00:00"", ""origen"": ""gdelt_doc:turismo"", ""descripcion"": null, ""alcance_texto"": ""titular_metadatos""}"
noticia,url_duplicada,url,https://www.prensa.com/economia/panama-recibe-175-millones-de-visitantes-y-crece-174-en-primer-semestre/,"{""titulo"": ""Panamá recibió 1 . 75 millones de visitantes y creció 17 . 4 % en el primer semestre"", ""url"": ""https://www.prensa.com/economia/panama-recibe-175-millones-de-visitantes-y-crece-174-en-primer-semestre/"", ""medio"": ""prensa.com"", ""idioma"": ""es"", ""fecha_publicacion"": null, ""fecha_deteccion"": ""20260730T000000Z"", ""fecha_extraccion"": ""2026-10-06T18:46:40+00:00"", ""origen"": ""gdelt_doc:turismo"", ""descripcion"": null, ""alcance_texto"": ""titular_metadatos""}"
noticia,url_duplicada,url,https://www.midiario.com/nacionales/kayra-harding-dara-ultimo-adios-a-su-esposo-anthony-bart-appiah/,"{""titulo"": ""Kayra Harding dará último adiós a su esposo Anthony Bart - Appiah"", ""url"": ""https://www.midiario.com/nacionales/kayra-harding-dara-ultimo-adios-a-su-esposo-anthony-bart-appiah/"", ""medio"": ""midiario.com"", ""idioma"": ""es"", ""fecha_publicacion"": null, ""fecha_deteccion"": ""20260729T191500Z"", ""fecha_extraccion"": ""2026-10-06T18:46:40+00:00"", ""origen"": ""gdelt_doc:turismo"", ""descripcion"": null, ""alcance_texto"": ""titular_metadatos""}"
noticia,url_duplicada,url,https://www.laestrella.com.pa/panama/nacional/las-noticias-que-estan-dando-de-que-hablar-en-panama-y-el-mundo-este-29-de-julio-BF24471617,"{""titulo"": ""Las noticias que están dando de qué hablar en Panamá y el mundo este 29 de julio"", ""url"": ""https://www.laestrella.com.pa/panama/nacional/las-noticias-que-estan-dando-de-que-hablar-en-panama-y-el-mundo-este-29-de-julio-BF24471617"", ""medio"": ""laestrella.com.pa"", ""idioma"": ""es"", ""fecha_publicacion"": null, ""fecha_deteccion"": ""20260730T004500Z"", ""fecha_extraccion"": ""2026-10-06T18:46:40+00:00"", ""origen"": ""gdelt_doc:turismo"", ""descripcion"": null, ""alcance_texto"": ""titular_metadatos""}"
noticia,url_duplicada,url,https://www.panamaamerica.com.pa/sociedad/el-destino-no-surge-solo-se-construye-la-apuesta-de-panama-para-llevar-el-boom-turistico-al,"{""titulo"": ""El destino no surge solo , se construye : La apuesta de Panamá para llevar el boom turístico al interior del país"", ""url"": ""https://www.panamaamerica.com.pa/sociedad/el-destino-no-surge-solo-se-construye-la-apuesta-de-panama-para-llevar-el-boom-turistico-al"", ""medio"": ""panamaamerica.com.pa"", ""idioma"": ""es"", ""fecha_publicacion"": null, ""fecha_deteccion"": ""20260730T224500Z"", ""fecha_extraccion"": ""2026-10-06T18:46:40+00:00"", ""origen"": ""gdelt_doc:turismo"", ""descripcion"": null, ""alcance_texto"": ""titular_metadatos""}"
noticia,url_duplicada,url,https://www.larepublica.co/globoeconomia/panama-registra-un-alza-de-15-6-en-pasajeros-de-cruceros-y-supera-los-460-000-visitantes-4441902,"{""titulo"": ""Panamá registra un alza de 15 , 6 % en pasajeros de cruceros y supera los 460 . 000 visitantes"", ""url"": ""https://www.larepublica.co/globoeconomia/panama-registra-un-alza-de-15-6-en-pasajeros-de-cruceros-y-supera-los-460-000-visitantes-4441902"", ""medio"": ""larepublica.co"", ""idioma"": ""es"", ""fecha_publicacion"": null, ""fecha_deteccion"": ""20260723T213000Z"", ""fecha_extraccion"": ""2026-10-06T18:46:40+00:00"", ""origen"": ""gdelt_doc:turismo"", ""descripcion"": null, ""alcance_texto"": ""titular_metadatos""}"
noticia,url_duplicada,url,https://www.prensa.com/economia/los-panamenos-ya-no-rumbean-como-antes-que-cambio/,"{""titulo"": ""Los panameños ya no rumbean como antes : ¿ qué cambió ?"", ""url"": ""https://www.prensa.com/economia/los-panamenos-ya-no-rumbean-como-antes-que-cambio/"", ""medio"": ""prensa.com"", ""idioma"": ""es"", ""fecha_publicacion"": null, ""fecha_deteccion"": ""20260723T223000Z"", ""fecha_extraccion"": ""2026-10-06T18:46:40+00:00"", ""origen"": ""gdelt_doc:turismo"", ""descripcion"": null, ""alcance_texto"": ""titular_metadatos""}"
noticia,campo_obligatorio,titulo,https://primicia.com.ve/economia/copa-airlines-abre-un-vuelo-directo-a-margarita/,"{""titulo"": null, ""url"": ""https://primicia.com.ve/economia/copa-airlines-abre-un-vuelo-directo-a-margarita/"", ""medio"": ""primicia.com.ve"", ""idioma"": ""es"", ""fecha_publicacion"": null, ""fecha_deteccion"": ""20260805T011500Z"", ""fecha_extraccion"": ""2026-10-06T18:46:40+00:00"", ""origen"": ""gdelt_doc:turismo"", ""descripcion"": null, ""alcance_texto"": ""titular_metadatos""}"
noticia,url_duplicada,url,https://www.semana.com/confidenciales/articulo/reabren-el-consulado-de-panama-en-monteria-esto-dijo-el-presidente-jose-raul-mulino/202654/,"{""titulo"": ""¿ Reabren el consulado de Panamá en Montería ?: Esto dijo el presidente José Raúl Mulino"", ""url"": ""https://www.semana.com/confidenciales/articulo/reabren-el-consulado-de-panama-en-monteria-esto-dijo-el-presidente-jose-raul-mulino/202654/"", ""medio"": ""semana.com"", ""idioma"": ""es"", ""fecha_publicacion"": null, ""fecha_deteccion"": ""20260724T173000Z"", ""fecha_extraccion"": ""2026-10-06T18:46:40+00:00"", ""origen"": ""gdelt_doc:turismo"", ""descripcion"": null, ""alcance_texto"": ""titular_metadatos""}"
noticia,url_duplicada,url,https://www.critica.com.pa/nacional/mulino-inaugura-flota-de-cinco-buses-100-electricos-en-el-casco-antiguo-514092,"{""titulo"": ""Mulino inaugura flota de cinco buses 100 % eléctricos en el Casco Antiguo"", ""url"": ""https://www.critica.com.pa/nacional/mulino-inaugura-flota-de-cinco-buses-100-electricos-en-el-casco-antiguo-514092"", ""medio"": ""critica.com.pa"", ""idioma"": ""es"", ""fecha_publicacion"": null, ""fecha_deteccion"": ""20260805T214500Z"", ""fecha_extraccion"": ""2026-10-06T18:46:40+00:00"", ""origen"": ""gdelt_doc:turismo"", ""descripcion"": null, ""alcance_texto"": ""titular_metadatos""}"
noticia,url_duplicada,url,https://www.santafenewmexican.com/news/local_news/first-of-its-kind-exhibit-in-santa-fe-showcases-indigenous-culture-from-panama/article_d9f70d6c-bd65-46e7-b3e2-e6e7040f3b18.html,"{""titulo"": ""First - of - its - kind exhibit in Santa Fe showcases Indigenous culture from Panama"", ""url"": ""https://www.santafenewmexican.com/news/local_news/first-of-its-kind-exhibit-in-santa-fe-showcases-indigenous-culture-from-panama/article_d9f70d6c-bd65-46e7-b3e2-e6e7040f3b18.html"", ""medio"": ""santafenewmexican.com"", ""idioma"": ""en"", ""fecha_publicacion"": null, ""fecha_deteccion"": ""20260731T060000Z"", ""fecha_extraccion"": ""2026-10-06T18:46:40+00:00"", ""origen"": ""gdelt_doc:turismo"", ""descripcion"": null, ""alcance_texto"": ""titular_metadatos""}"
noticia,url_duplicada,url,https://www.panamaamerica.com.pa/sociedad/inaugura-congreso-internacional-sobre-moda-sostenible-con-15-paises-1264474,"{""titulo"": ""UP inaugura congreso internacional sobre moda sostenible con 15 países"", ""url"": ""https://www.panamaamerica.com.pa/sociedad/inaugura-congreso-internacional-sobre-moda-sostenible-con-15-paises-1264474"", ""medio"": ""panamaamerica.com.pa"", ""idioma"": ""es"", ""fecha_publicacion"": null, ""fecha_deteccion"": ""20260727T181500Z"", ""fecha_extraccion"": ""2026-10-06T18:46:40+00:00"", ""origen"": ""gdelt_doc:turismo"", ""descripcion"": null, ""alcance_texto"": ""titular_metadatos""}"
noticia,url_duplicada,url,https://www.prensa.com/economia/copa-airlines-volara-a-margarita-desde-noviembre-y-sumara-un-nuevo-destino-en-venezuela/,"{""titulo"": ""Copa Airlines volará a la isla de Margarita desde noviembre y sumará un nuevo destino en Venezuela"", ""url"": ""https://www.prensa.com/economia/copa-airlines-volara-a-margarita-desde-noviembre-y-sumara-un-nuevo-destino-en-venezuela/"", ""medio"": ""prensa.com"", ""idioma"": ""es"", ""fecha_publicacion"": null, ""fecha_deteccion"": ""20260804T153000Z"", ""fecha_extraccion"": ""2026-10-06T18:46:40+00:00"", ""origen"": ""gdelt_doc:turismo"", ""descripcion"": null, ""alcance_texto"": ""titular_metadatos""}"
noticia,url_duplicada,url,https://www.prensa.com/opinion/la-estrategia-nacional-de-inteligencia-artificial-de-panama-su-exito-dependera-de-la-implementacion/,"{""titulo"": ""La Estrategia Nacional de Inteligencia Artificial de Panamá : su éxito dependerá de la implementación"", ""url"": ""https://www.prensa.com/opinion/la-estrategia-nacional-de-inteligencia-artificial-de-panama-su-exito-dependera-de-la-implementacion/"", ""medio"": ""prensa.com"", ""idioma"": ""es"", ""fecha_publicacion"": null, ""fecha_deteccion"": ""20260803T073000Z"", ""fecha_extraccion"": ""2026-10-06T18:46:40+00:00"", ""origen"": ""gdelt_doc:turismo"", ""descripcion"": null, ""alcance_texto"": ""titular_metadatos""}"
noticia,url_duplicada,url,https://www.prensa.com/economia/bid-invest-pondra-a-disposicion-hasta-1000-millones-para-proyectos-privados-en-panama/,"{""titulo"": ""BID Invest pondrá a disposición hasta $1 , 000 millones para proyectos privados en Panamá"", ""url"": ""https://www.prensa.com/economia/bid-invest-pondra-a-disposicion-hasta-1000-millones-para-proyectos-privados-en-panama/"", ""medio"": ""prensa.com"", ""idioma"": ""es"", ""fecha_publicacion"": null, ""fecha_deteccion"": ""20260729T004500Z"", ""fecha_extraccion"": ""2026-10-06T18:46:40+00:00"", ""origen"": ""gdelt_doc:turismo"", ""descripcion"": null, ""alcance_texto"": ""titular_metadatos""}"
noticia,url_duplicada,url,https://www.diaadia.com.pa/el-pais/festival-nacional-del-manito-afina-detalles-para-celebrar-la-riqueza-cultural-de-ocu-790912,"{""titulo"": ""Festival Nacional del Manito afina detalles para celebrar la riqueza cultural de Ocú"", ""url"": ""https://www.diaadia.com.pa/el-pais/festival-nacional-del-manito-afina-detalles-para-celebrar-la-riqueza-cultural-de-ocu-790912"", ""medio"": ""diaadia.com.pa"", ""idioma"": ""es"", ""fecha_publicacion"": null, ""fecha_deteccion"": ""20260728T003000Z"", ""fecha_extraccion"": ""2026-10-06T18:46:40+00:00"", ""origen"": ""gdelt_doc:turismo"", ""descripcion"": null, ""alcance_texto"": ""titular_metadatos""}"
noticia,url_duplicada,url,https://www.expreso.ec/economia-y-negocios/banco-manabi-cepan-presentan-expoconecta-fortalecer-negocios-ecuador-panama-291646.html,"{""titulo"": ""Banco Manabí y CEPAN presentan EXPOCONECTA para fortalecer los negocios entre Ecuador y Panamá"", ""url"": ""https://www.expreso.ec/economia-y-negocios/banco-manabi-cepan-presentan-expoconecta-fortalecer-negocios-ecuador-panama-291646.html"", ""medio"": ""expreso.ec"", ""idioma"": ""es"", ""fecha_publicacion"": null, ""fecha_deteccion"": ""20260807T000000Z"", ""fecha_extraccion"": ""2026-10-06T18:46:40+00:00"", ""origen"": ""gdelt_doc:turismo"", ""descripcion"": null, ""alcance_texto"": ""titular_metadatos""}"
noticia,url_duplicada,url,https://noticaribe.com.mx/2026/08/04/cancun-deja-escapar-millonaria-derrama-por-falta-de-promocion-al-turismo-medico/,"{""titulo"": ""Cancún deja escapar millonaria derrama por falta de promoción al turismo médico"", ""url"": ""https://noticaribe.com.mx/2026/08/04/cancun-deja-escapar-millonaria-derrama-por-falta-de-promocion-al-turismo-medico/"", ""medio"": ""noticaribe.com.mx"", ""idioma"": ""es"", ""fecha_publicacion"": null, ""fecha_deteccion"": ""20260804T183000Z"", ""fecha_extraccion"": ""2026-10-06T18:46:40+00:00"", ""origen"": ""gdelt_doc:turismo"", ""descripcion"": null, ""alcance_texto"": ""titular_metadatos""}"
noticia,url_duplicada,url,https://www.prensa.com/opinion/cuando-colon-avanza-panama-crece/,"{""titulo"": ""Cuando Colón avanza , Panamá crece"", ""url"": ""https://www.prensa.com/opinion/cuando-colon-avanza-panama-crece/"", ""medio"": ""prensa.com"", ""idioma"": ""es"", ""fecha_publicacion"": null, ""fecha_deteccion"": ""20260725T081500Z"", ""fecha_extraccion"": ""2026-10-06T18:46:40+00:00"", ""origen"": ""gdelt_doc:turismo"", ""descripcion"": null, ""alcance_texto"": ""titular_metadatos""}"
noticia,url_duplicada,url,https://www.infobae.com/el-salvador/2026/08/08/dia-internacional-de-los-pueblos-indigenas-centroamerica-exhibe-su-diversidad-pero-mantiene-la-brecha-social/,"{""titulo"": ""Día Internacional de los Pueblos Indígenas : Centroamérica exhibe su diversidad , pero mantiene la brecha social"", ""url"": ""https://www.infobae.com/el-salvador/2026/08/08/dia-internacional-de-los-pueblos-indigenas-centroamerica-exhibe-su-diversidad-pero-mantiene-la-brecha-social/"", ""medio"": ""infobae.com"", ""idioma"": ""es"", ""fecha_publicacion"": null, ""fecha_deteccion"": ""20260808T160000Z"", ""fecha_extraccion"": ""2026-10-06T18:46:40+00:00"", ""origen"": ""gdelt_doc:turismo"", ""descripcion"": null, ""alcance_texto"": ""titular_metadatos""}"
noticia,url_duplicada,url,https://www.dunya.com/ekonomik-veriler/turkiyenin-latin-amerika-ihracati-ilk-6-ayda-25-milyar-dolara-ulasti-haberi-834100,"{""titulo"": ""Türkiyenin Latin Amerika ihracatı ilk 6 ayda 2 , 5 milyar dolara ulaştı"", ""url"": ""https://www.dunya.com/ekonomik-veriler/turkiyenin-latin-amerika-ihracati-ilk-6-ayda-25-milyar-dolara-ulasti-haberi-834100"", ""medio"": ""dunya.com"", ""idioma"": ""turkish"", ""fecha_publicacion"": null, ""fecha_deteccion"": ""20260729T091500Z"", ""fecha_extraccion"": ""2026-10-06T18:46:40+00:00"", ""origen"": ""gdelt_doc:turismo"", ""descripcion"": null, ""alcance_texto"": ""titular_metadatos""}"
noticia,url_duplicada,url,https://www.diaadia.com.pa/el-pais/colon-estrena-el-renovado-estadio-armando-dely-valdes-790851,"{""titulo"": ""Colón estrena el renovado Estadio Armando Dely Valdés"", ""url"": ""https://www.diaadia.com.pa/el-pais/colon-estrena-el-renovado-estadio-armando-dely-valdes-790851"", ""medio"": ""diaadia.com.pa"", ""idioma"": ""es"", ""fecha_publicacion"": null, ""fecha_deteccion"": ""20260723T204500Z"", ""fecha_extraccion"": ""2026-10-06T18:46:40+00:00"", ""origen"": ""gdelt_doc:turismo"", ""descripcion"": null, ""alcance_texto"": ""titular_metadatos""}"
noticia,url_duplicada,url,https://www.elcaribe.com.do/gente/cultura/juegos-del-centenario-santo-domingo-2026-economia-integracion-y-valores-a-traves-del-deporte/,"{""titulo"": ""Juegos del Centenario Santo Domingo 2026 : economía , integración y valores a través del deporte"", ""url"": ""https://www.elcaribe.com.do/gente/cultura/juegos-del-centenario-santo-domingo-2026-economia-integracion-y-valores-a-traves-del-deporte/"", ""medio"": ""elcaribe.com.do"", ""idioma"": ""es"", ""fecha_publicacion"": null, ""fecha_deteccion"": ""20260801T054500Z"", ""fecha_extraccion"": ""2026-10-06T18:46:40+00:00"", ""origen"": ""gdelt_doc:turismo"", ""descripcion"": null, ""alcance_texto"": ""titular_metadatos""}"
noticia,url_duplicada,url,https://www.metro.pr/entretenimiento/2026/08/06/puerto-rico-film-festival-anuncia-edicion-con-agenda-internacional-y-homenajes-al-cine/,"{""titulo"": ""Puerto Rico Film Festival anuncia edición con agenda internacional y homenajes al cine"", ""url"": ""https://www.metro.pr/entretenimiento/2026/08/06/puerto-rico-film-festival-anuncia-edicion-con-agenda-internacional-y-homenajes-al-cine/"", ""medio"": ""metro.pr"", ""idioma"": ""es"", ""fecha_publicacion"": null, ""fecha_deteccion"": ""20260806T233000Z"", ""fecha_extraccion"": ""2026-10-06T18:46:40+00:00"", ""origen"": ""gdelt_doc:turismo"", ""descripcion"": null, ""alcance_texto"": ""titular_metadatos""}"
noticia,url_duplicada,url,https://www.eluniversal.com.co/regional/bolivar/2026/07/28/expertos-de-cinco-paises-se-reunieron-en-cartagena-para-fortalecer-la-proteccion-de-los-manglares/,"{""titulo"": ""Expertos de cinco países se reunieron en Cartagena para fortalecer la protección de los manglares"", ""url"": ""https://www.eluniversal.com.co/regional/bolivar/2026/07/28/expertos-de-cinco-paises-se-reunieron-en-cartagena-para-fortalecer-la-proteccion-de-los-manglares/"", ""medio"": ""eluniversal.com.co"", ""idioma"": ""es"", ""fecha_publicacion"": null, ""fecha_deteccion"": ""20260728T180000Z"", ""fecha_extraccion"": ""2026-10-06T18:46:40+00:00"", ""origen"": ""gdelt_doc:turismo"", ""descripcion"": null, ""alcance_texto"": ""titular_metadatos""}"
noticia,url_duplicada,url,https://www.hsbnoticias.com/polemica-en-tolu-gobierno-defiende-desarrollo-del-acto-inaugural-del-aeropuerto/,"{""titulo"": ""Polémica en Tolú : Gobierno defiende desarrollo del acto inaugural del aeropuerto"", ""url"": ""https://www.hsbnoticias.com/polemica-en-tolu-gobierno-defiende-desarrollo-del-acto-inaugural-del-aeropuerto/"", ""medio"": ""hsbnoticias.com"", ""idioma"": ""es"", ""fecha_publicacion"": null, ""fecha_deteccion"": ""20260803T044500Z"", ""fecha_extraccion"": ""2026-10-06T18:46:40+00:00"", ""origen"": ""gdelt_doc:turismo"", ""descripcion"": null, ""alcance_texto"": ""titular_metadatos""}"
noticia,url_duplicada,url,https://www.elobservador.com.uy/estados-unidos/america-latina/venezuela-inicia-su-retorno-al-radar-la-inversion-extranjera-movimientos-alimentos-fintech-y-retail-n6052148,"{""titulo"": ""Venezuela inicia su retorno al radar de la inversión extranjera con movimientos en alimentos , fintech y retail"", ""url"": ""https://www.elobservador.com.uy/estados-unidos/america-latina/venezuela-inicia-su-retorno-al-radar-la-inversion-extranjera-movimientos-alimentos-fintech-y-retail-n6052148"", ""medio"": ""elobservador.com.uy"", ""idioma"": ""es"", ""fecha_publicacion"": null, ""fecha_deteccion"": ""20260728T143000Z"", ""fecha_extraccion"": ""2026-10-06T18:46:40+00:00"", ""origen"": ""gdelt_doc:turismo"", ""descripcion"": null, ""alcance_texto"": ""titular_metadatos""}"
noticia,url_duplicada,url,https://hoy.com.do/economia/republica-dominicana-escalon-retador-inb-per-capita_1097302.html,"{""titulo"": ""República Dominicana está en un escalón retador INB per cápita"", ""url"": ""https://hoy.com.do/economia/republica-dominicana-escalon-retador-inb-per-capita_1097302.html"", ""medio"": ""hoy.com.do"", ""idioma"": ""es"", ""fecha_publicacion"": null, ""fecha_deteccion"": ""20260803T013000Z"", ""fecha_extraccion"": ""2026-10-06T18:46:40+00:00"", ""origen"": ""gdelt_doc:turismo"", ""descripcion"": null, ""alcance_texto"": ""titular_metadatos""}"
noticia,url_duplicada,url,https://www.hola.com/us/celebrities/20260807916953/miss-universe-fatima-bosch-guatemala-last-stretch-reining-queen/,"{""titulo"": ""Miss Universe Fátima Bosch visits Guatemala as part of her last stretch as the reining queen"", ""url"": ""https://www.hola.com/us/celebrities/20260807916953/miss-universe-fatima-bosch-guatemala-last-stretch-reining-queen/"", ""medio"": ""hola.com"", ""idioma"": ""en"", ""fecha_publicacion"": null, ""fecha_deteccion"": ""20260807T181500Z"", ""fecha_extraccion"": ""2026-10-06T18:46:40+00:00"", ""origen"": ""gdelt_doc:turismo"", ""descripcion"": null, ""alcance_texto"": ""titular_metadatos""}"
noticia,url_duplicada,url,https://www.163.com/dy/article/L2RM2NEJ0516DHVE.html,"{""titulo"": ""高中地理太难背 ？ 这些顺口溜 ， 帮你一口气背完三年的书 ！"", ""url"": ""https://www.163.com/dy/article/L2RM2NEJ0516DHVE.html"", ""medio"": ""163.com"", ""idioma"": ""chinese"", ""fecha_publicacion"": null, ""fecha_deteccion"": ""20260727T063000Z"", ""fecha_extraccion"": ""2026-10-06T18:46:40+00:00"", ""origen"": ""gdelt_doc:turismo"", ""descripcion"": null, ""alcance_texto"": ""titular_metadatos""}"
noticia,url_duplicada,url,https://www.capital.ro/mihai-daraban-turismul-catre-america-latina-si-serviciile-in-domeniul-naval-sunt-oportunitati-pentru-romania.html,"{""titulo"": ""Mihai Daraban : „ Turismul către America Latină și serviciile în domeniul naval sunt oportunități pentru România"", ""url"": ""https://www.capital.ro/mihai-daraban-turismul-catre-america-latina-si-serviciile-in-domeniul-naval-sunt-oportunitati-pentru-romania.html"", ""medio"": ""capital.ro"", ""idioma"": ""romanian"", ""fecha_publicacion"": null, ""fecha_deteccion"": ""20260902T133000Z"", ""fecha_extraccion"": ""2026-10-06T18:46:40+00:00"", ""origen"": ""gdelt_doc:turismo"", ""descripcion"": null, ""alcance_texto"": ""titular_metadatos""}"
noticia,url_duplicada,url,http://www.prnewswire.com/news-releases/mercan-group-announces-its-first-hotel-development-in-panama-pullman-panama-city-302860993.html,"{""titulo"": ""MERCAN Group announces its first hotel development in Panama : Pullman Panama City"", ""url"": ""http://www.prnewswire.com/news-releases/mercan-group-announces-its-first-hotel-development-in-panama-pullman-panama-city-302860993.html"", ""medio"": ""prnewswire.com"", ""idioma"": ""en"", ""fecha_publicacion"": null, ""fecha_deteccion"": ""20260826T233000Z"", ""fecha_extraccion"": ""2026-10-06T18:46:40+00:00"", ""origen"": ""gdelt_doc:turismo"", ""descripcion"": null, ""alcance_texto"": ""titular_metadatos""}"
noticia,url_duplicada,url,https://www.prensa.com/economia/panama-presenta-su-marca-pais-para-promover-el-turismo-y-las-inversiones-en-el-exterior/,"{""titulo"": ""Panamá anfitrión del mundo ; la marca país para promover el turismo y las inversiones en el exterior"", ""url"": ""https://www.prensa.com/economia/panama-presenta-su-marca-pais-para-promover-el-turismo-y-las-inversiones-en-el-exterior/"", ""medio"": ""prensa.com"", ""idioma"": ""es"", ""fecha_publicacion"": null, ""fecha_deteccion"": ""20260827T000000Z"", ""fecha_extraccion"": ""2026-10-06T18:46:40+00:00"", ""origen"": ""gdelt_doc:turismo"", ""descripcion"": null, ""alcance_texto"": ""titular_metadatos""}"
noticia,url_duplicada,url,https://www.diariolasamericas.com/america-latina/panama-presenta-marca-pais-atraer-inversiones-y-turismo-n5401363,"{""titulo"": ""Panamá presenta marca país para atraer inversiones y turismo"", ""url"": ""https://www.diariolasamericas.com/america-latina/panama-presenta-marca-pais-atraer-inversiones-y-turismo-n5401363"", ""medio"": ""diariolasamericas.com"", ""idioma"": ""es"", ""fecha_publicacion"": null, ""fecha_deteccion"": ""20260829T150000Z"", ""fecha_extraccion"": ""2026-10-06T18:46:40+00:00"", ""origen"": ""gdelt_doc:turismo"", ""descripcion"": null, ""alcance_texto"": ""titular_metadatos""}"
noticia,url_duplicada,url,https://www.critica.com.pa/nacional/panama-estrena-marca-pais-bajo-el-lema-anfitrion-del-mundo-515332,"{""titulo"": ""Panamá estrena marca país bajo el lema Anfitrión del mundo"", ""url"": ""https://www.critica.com.pa/nacional/panama-estrena-marca-pais-bajo-el-lema-anfitrion-del-mundo-515332"", ""medio"": ""critica.com.pa"", ""idioma"": ""es"", ""fecha_publicacion"": null, ""fecha_deteccion"": ""20260827T033000Z"", ""fecha_extraccion"": ""2026-10-06T18:46:40+00:00"", ""origen"": ""gdelt_doc:turismo"", ""descripcion"": null, ""alcance_texto"": ""titular_metadatos""}"
noticia,url_duplicada,url,https://www.midiario.com/nacionales/panama-anfitrion-del-mundo-la-marca-pais-para-promover-el-turismo-y-las-inversiones-en-el-exterior/,"{""titulo"": ""Panamá anfitrión del mundo ; la marca país para promover el turismo y las inversiones en el exterior"", ""url"": ""https://www.midiario.com/nacionales/panama-anfitrion-del-mundo-la-marca-pais-para-promover-el-turismo-y-las-inversiones-en-el-exterior/"", ""medio"": ""midiario.com"", ""idioma"": ""es"", ""fecha_publicacion"": null, ""fecha_deteccion"": ""20260827T024500Z"", ""fecha_extraccion"": ""2026-10-06T18:46:40+00:00"", ""origen"": ""gdelt_doc:turismo"", ""descripcion"": null, ""alcance_texto"": ""titular_metadatos""}"
noticia,url_duplicada,url,https://www.critica.com.pa/nacional/panama-presenta-su-nueva-marca-pais-anfitrion-del-mundo-515361,"{""titulo"": ""Panamá presenta su nueva marca país : Anfitrión del Mundo"", ""url"": ""https://www.critica.com.pa/nacional/panama-presenta-su-nueva-marca-pais-anfitrion-del-mundo-515361"", ""medio"": ""critica.com.pa"", ""idioma"": ""es"", ""fecha_publicacion"": null, ""fecha_deteccion"": ""20260827T184500Z"", ""fecha_extraccion"": ""2026-10-06T18:46:40+00:00"", ""origen"": ""gdelt_doc:turismo"", ""descripcion"": null, ""alcance_texto"": ""titular_metadatos""}"
noticia,url_duplicada,url,https://www.laestrella.com.pa/vida-y-cultura/ciencia/panama-abre-centro-que-fusiona-historia-y-naturaleza-tras-invertir-77-millones-de-dolares-AA25438901,"{""titulo"": ""Panamá abre centro que fusiona historia y naturaleza tras invertir 7 , 7 millones de dólares"", ""url"": ""https://www.laestrella.com.pa/vida-y-cultura/ciencia/panama-abre-centro-que-fusiona-historia-y-naturaleza-tras-invertir-77-millones-de-dolares-AA25438901"", ""medio"": ""laestrella.com.pa"", ""idioma"": ""es"", ""fecha_publicacion"": null, ""fecha_deteccion"": ""20260905T014500Z"", ""fecha_extraccion"": ""2026-10-06T18:46:40+00:00"", ""origen"": ""gdelt_doc:turismo"", ""descripcion"": null, ""alcance_texto"": ""titular_metadatos""}"
noticia,url_duplicada,url,https://www.telemetro.com/miss-universe/la-mordida/miss-universe-panama-2026-a-que-hora-comienza-hoy-la-competencia-preliminar-n6090815,"{""titulo"": ""Miss Universe Panamá 2026 : ¿ a qué hora comienza hoy la competencia preliminar ?"", ""url"": ""https://www.telemetro.com/miss-universe/la-mordida/miss-universe-panama-2026-a-que-hora-comienza-hoy-la-competencia-preliminar-n6090815"", ""medio"": ""telemetro.com"", ""idioma"": ""es"", ""fecha_publicacion"": null, ""fecha_deteccion"": ""20260904T213000Z"", ""fecha_extraccion"": ""2026-10-06T18:46:40+00:00"", ""origen"": ""gdelt_doc:turismo"", ""descripcion"": null, ""alcance_texto"": ""titular_metadatos""}"
noticia,url_duplicada,url,https://www.critica.com.pa/nacional/panama-y-barbados-buscan-abrir-nuevas-oportunidades-comerciales-en-el-caribe-515730,"{""titulo"": ""Panamá y Barbados buscan abrir nuevas oportunidades comerciales en el Caribe"", ""url"": ""https://www.critica.com.pa/nacional/panama-y-barbados-buscan-abrir-nuevas-oportunidades-comerciales-en-el-caribe-515730"", ""medio"": ""critica.com.pa"", ""idioma"": ""es"", ""fecha_publicacion"": null, ""fecha_deteccion"": ""20260903T054500Z"", ""fecha_extraccion"": ""2026-10-06T18:46:40+00:00"", ""origen"": ""gdelt_doc:turismo"", ""descripcion"": null, ""alcance_texto"": ""titular_metadatos""}"
noticia,url_duplicada,url,https://www.telemetro.com/entrevistas/nacionales/vicecanciller-hoyos-destaca-la-marca-pais-panama-anfitrion-del-mundo-y-explica-sus-pilares-n6089904,"{""titulo"": ""Vicecanciller Hoyos destaca la marca país Panamá , Anfitrión del Mundo y explica sus pilares"", ""url"": ""https://www.telemetro.com/entrevistas/nacionales/vicecanciller-hoyos-destaca-la-marca-pais-panama-anfitrion-del-mundo-y-explica-sus-pilares-n6089904"", ""medio"": ""telemetro.com"", ""idioma"": ""es"", ""fecha_publicacion"": null, ""fecha_deteccion"": ""20260827T154500Z"", ""fecha_extraccion"": ""2026-10-06T18:46:40+00:00"", ""origen"": ""gdelt_doc:turismo"", ""descripcion"": null, ""alcance_texto"": ""titular_metadatos""}"
noticia,url_duplicada,url,https://www.midiario.com/nacionales/panama-abre-centro-que-fusiona-historia-y-naturaleza-tras-invertir-77-millones-de-dolares/,"{""titulo"": ""Panamá abre centro que fusiona historia y naturaleza tras invertir 7 , 7 millones de dólares"", ""url"": ""https://www.midiario.com/nacionales/panama-abre-centro-que-fusiona-historia-y-naturaleza-tras-invertir-77-millones-de-dolares/"", ""medio"": ""midiario.com"", ""idioma"": ""es"", ""fecha_publicacion"": null, ""fecha_deteccion"": ""20260906T003000Z"", ""fecha_extraccion"": ""2026-10-06T18:46:40+00:00"", ""origen"": ""gdelt_doc:turismo"", ""descripcion"": null, ""alcance_texto"": ""titular_metadatos""}"
noticia,url_duplicada,url,https://www.colombia.com/actualidad/internacionales/panama-abre-centro-que-fusiona-historia-y-naturaleza-tras-invertir-77-millones-de-dolares-599370,"{""titulo"": ""Panamá abre centro que fusiona historia y naturaleza tras invertir 7 , 7 millones de dólares"", ""url"": ""https://www.colombia.com/actualidad/internacionales/panama-abre-centro-que-fusiona-historia-y-naturaleza-tras-invertir-77-millones-de-dolares-599370"", ""medio"": ""colombia.com"", ""idioma"": ""es"", ""fecha_publicacion"": null, ""fecha_deteccion"": ""20260907T170000Z"", ""fecha_extraccion"": ""2026-10-06T18:46:40+00:00"", ""origen"": ""gdelt_doc:turismo"", ""descripcion"": null, ""alcance_texto"": ""titular_metadatos""}"
noticia,url_duplicada,url,https://www.laestrella.com.pa/panama/nacional/mulino-defiende-en-ecuador-sus-viajes-creen-que-uno-viene-aqui-de-paseo-hacer-shopping-y-turismo-HE25470043,"{""titulo"": ""Mulino defiende en Ecuador sus viajes : Creen que uno viene aquí de paseo , hacer shopping y turismo"", ""url"": ""https://www.laestrella.com.pa/panama/nacional/mulino-defiende-en-ecuador-sus-viajes-creen-que-uno-viene-aqui-de-paseo-hacer-shopping-y-turismo-HE25470043"", ""medio"": ""laestrella.com.pa"", ""idioma"": ""es"", ""fecha_publicacion"": null, ""fecha_deteccion"": ""20260906T221500Z"", ""fecha_extraccion"": ""2026-10-06T18:46:40+00:00"", ""origen"": ""gdelt_doc:turismo"", ""descripcion"": null, ""alcance_texto"": ""titular_metadatos""}"
noticia,url_duplicada,url,https://www.eluniverso.com/noticias/economia/panama-incorporo-oficialmente-a-ecuador-a-su-lista-de-paises-amigos-nota/,"{""titulo"": ""Panamá incorporó oficialmente a Ecuador a su lista de países amigos"", ""url"": ""https://www.eluniverso.com/noticias/economia/panama-incorporo-oficialmente-a-ecuador-a-su-lista-de-paises-amigos-nota/"", ""medio"": ""eluniverso.com"", ""idioma"": ""es"", ""fecha_publicacion"": null, ""fecha_deteccion"": ""20260901T221500Z"", ""fecha_extraccion"": ""2026-10-06T18:46:40+00:00"", ""origen"": ""gdelt_doc:turismo"", ""descripcion"": null, ""alcance_texto"": ""titular_metadatos""}"
noticia,url_duplicada,url,https://www.laestrella.com.pa/vida-y-cultura/farandula/gabriela-lineth-gonzalez-del-valle-se-corona-como-la-nueva-miss-universe-panama-2026-HF25464223,"{""titulo"": ""Gabriela Lineth González del Valle se corona como la nueva Miss Universe Panamá 2026"", ""url"": ""https://www.laestrella.com.pa/vida-y-cultura/farandula/gabriela-lineth-gonzalez-del-valle-se-corona-como-la-nueva-miss-universe-panama-2026-HF25464223"", ""medio"": ""laestrella.com.pa"", ""idioma"": ""es"", ""fecha_publicacion"": null, ""fecha_deteccion"": ""20260906T171500Z"", ""fecha_extraccion"": ""2026-10-06T18:46:40+00:00"", ""origen"": ""gdelt_doc:turismo"", ""descripcion"": null, ""alcance_texto"": ""titular_metadatos""}"
noticia,url_duplicada,url,https://www.prensa.com/economia/gabinete-aprueba-proyecto-de-ley-que-plantea-exoneraciones-de-hasta-15-anos-para-inversiones-turisticas/,"{""titulo"": ""Gabinete aprueba proyecto con exoneraciones de hasta 15 años y prohíbe duplicar beneficios en inversiones turísticas"", ""url"": ""https://www.prensa.com/economia/gabinete-aprueba-proyecto-de-ley-que-plantea-exoneraciones-de-hasta-15-anos-para-inversiones-turisticas/"", ""medio"": ""prensa.com"", ""idioma"": ""es"", ""fecha_publicacion"": null, ""fecha_deteccion"": ""20260826T003000Z"", ""fecha_extraccion"": ""2026-10-06T18:46:40+00:00"", ""origen"": ""gdelt_doc:turismo"", ""descripcion"": null, ""alcance_texto"": ""titular_metadatos""}"
noticia,url_duplicada,url,https://www.teleamazonas.com/actualidad/noticias/politica/presidente-panama-jose-raul-mulino-visitara-ecuador-viernes-4-septiembre-126886/,"{""titulo"": ""El presidente de Panamá , José Raúl Mulino , visitará Ecuador el viernes 4 de septiembre"", ""url"": ""https://www.teleamazonas.com/actualidad/noticias/politica/presidente-panama-jose-raul-mulino-visitara-ecuador-viernes-4-septiembre-126886/"", ""medio"": ""teleamazonas.com"", ""idioma"": ""es"", ""fecha_publicacion"": null, ""fecha_deteccion"": ""20260902T073000Z"", ""fecha_extraccion"": ""2026-10-06T18:46:40+00:00"", ""origen"": ""gdelt_doc:turismo"", ""descripcion"": null, ""alcance_texto"": ""titular_metadatos""}"
noticia,url_duplicada,url,https://www.midiario.com/nacionales/panama-presenta-su-marca-pais-anfitrion-del-mundo/,"{""titulo"": ""Panamá presenta su marca país : Anfitrión del mundo"", ""url"": ""https://www.midiario.com/nacionales/panama-presenta-su-marca-pais-anfitrion-del-mundo/"", ""medio"": ""midiario.com"", ""idioma"": ""es"", ""fecha_publicacion"": null, ""fecha_deteccion"": ""20260827T120000Z"", ""fecha_extraccion"": ""2026-10-06T18:46:40+00:00"", ""origen"": ""gdelt_doc:turismo"", ""descripcion"": null, ""alcance_texto"": ""titular_metadatos""}"
noticia,url_duplicada,url,https://www.teleamazonas.com/actualidad/noticias/politica/ecuador-paises-amigos-panama-beneficios-ecuatorianos-127074/,"{""titulo"": ""Ecuador entra a la lista de Países Amigos de Panamá : ¿ qué beneficios tendrán los ecuatorianos ?"", ""url"": ""https://www.teleamazonas.com/actualidad/noticias/politica/ecuador-paises-amigos-panama-beneficios-ecuatorianos-127074/"", ""medio"": ""teleamazonas.com"", ""idioma"": ""es"", ""fecha_publicacion"": null, ""fecha_deteccion"": ""20260904T004500Z"", ""fecha_extraccion"": ""2026-10-06T18:46:40+00:00"", ""origen"": ""gdelt_doc:turismo"", ""descripcion"": null, ""alcance_texto"": ""titular_metadatos""}"
noticia,url_duplicada,url,https://www.midiario.com/nacionales/un-viaje-por-nuestro-panama-el-corazon-de-panama-capital-panama-oeste-y-cocle/,"{""titulo"": ""Un viaje por nuestro Panamá . El corazón de Panamá : Capital , Panamá Oeste y Coclé"", ""url"": ""https://www.midiario.com/nacionales/un-viaje-por-nuestro-panama-el-corazon-de-panama-capital-panama-oeste-y-cocle/"", ""medio"": ""midiario.com"", ""idioma"": ""es"", ""fecha_publicacion"": null, ""fecha_deteccion"": ""20260823T050000Z"", ""fecha_extraccion"": ""2026-10-06T18:46:40+00:00"", ""origen"": ""gdelt_doc:turismo"", ""descripcion"": null, ""alcance_texto"": ""titular_metadatos""}"
noticia,url_duplicada,url,https://www.panamaamerica.com.pa/deportes/el-ciclismo-internacional-activa-la-economia-de-azuero-y-proyecta-panama-rumbo-los-angeles,"{""titulo"": ""El ciclismo internacional activa la economía de Azuero y proyecta a Panamá rumbo a Los Ángeles 2028"", ""url"": ""https://www.panamaamerica.com.pa/deportes/el-ciclismo-internacional-activa-la-economia-de-azuero-y-proyecta-panama-rumbo-los-angeles"", ""medio"": ""panamaamerica.com.pa"", ""idioma"": ""es"", ""fecha_publicacion"": null, ""fecha_deteccion"": ""20260826T211500Z"", ""fecha_extraccion"": ""2026-10-06T18:46:40+00:00"", ""origen"": ""gdelt_doc:turismo"", ""descripcion"": null, ""alcance_texto"": ""titular_metadatos""}"
noticia,url_duplicada,url,https://www.prensa-latina.cu/2026/08/26/marca-pais-de-panama-debe-trascender-gobiernos-afirma-presidente/,"{""titulo"": ""Marca país de Panamá debe trascender gobiernos , afirma presidente"", ""url"": ""https://www.prensa-latina.cu/2026/08/26/marca-pais-de-panama-debe-trascender-gobiernos-afirma-presidente/"", ""medio"": ""prensa-latina.cu"", ""idioma"": ""es"", ""fecha_publicacion"": null, ""fecha_deteccion"": ""20260827T000000Z"", ""fecha_extraccion"": ""2026-10-06T18:46:40+00:00"", ""origen"": ""gdelt_doc:turismo"", ""descripcion"": null, ""alcance_texto"": ""titular_metadatos""}"
noticia,url_duplicada,url,https://www.panamaamerica.com.pa/economia/servicios-y-logistica-con-ecuador-tienen-potencial-1266019,"{""titulo"": ""Servicios y logística con Ecuador tienen potencial"", ""url"": ""https://www.panamaamerica.com.pa/economia/servicios-y-logistica-con-ecuador-tienen-potencial-1266019"", ""medio"": ""panamaamerica.com.pa"", ""idioma"": ""es"", ""fecha_publicacion"": null, ""fecha_deteccion"": ""20260907T070000Z"", ""fecha_extraccion"": ""2026-10-06T18:46:40+00:00"", ""origen"": ""gdelt_doc:turismo"", ""descripcion"": null, ""alcance_texto"": ""titular_metadatos""}"
noticia,url_duplicada,url,https://www.laestrella.com.pa/panama/nacional/panama-anfitrion-del-mundo-nueva-marca-pais-mulino-buscara-garantizar-su-continuidad-por-ley-CF25201276,"{""titulo"": ""Panamá , anfitrión del mundo , nueva marca país ; Mulino buscará garantizar su continuidad por ley"", ""url"": ""https://www.laestrella.com.pa/panama/nacional/panama-anfitrion-del-mundo-nueva-marca-pais-mulino-buscara-garantizar-su-continuidad-por-ley-CF25201276"", ""medio"": ""laestrella.com.pa"", ""idioma"": ""es"", ""fecha_publicacion"": null, ""fecha_deteccion"": ""20260827T071500Z"", ""fecha_extraccion"": ""2026-10-06T18:46:40+00:00"", ""origen"": ""gdelt_doc:turismo"", ""descripcion"": null, ""alcance_texto"": ""titular_metadatos""}"
noticia,url_duplicada,url,https://www.eluniverso.com/noticias/politica/que-implica-ser-parte-de-los-paises-amigos-de-panama-esto-dice-el-decreto-suscrito-por-el-presidente-de-ese-pais-jose-raul-mulino-nota/,"{""titulo"": ""¿ Qué implica ser parte de los países amigos de Panamá ? Esto dice el decreto suscrito por el presidente de ese país , José Raúl Mulino | Política | Noticias"", ""url"": ""https://www.eluniverso.com/noticias/politica/que-implica-ser-parte-de-los-paises-amigos-de-panama-esto-dice-el-decreto-suscrito-por-el-presidente-de-ese-pais-jose-raul-mulino-nota/"", ""medio"": ""eluniverso.com"", ""idioma"": ""es"", ""fecha_publicacion"": null, ""fecha_deteccion"": ""20260905T211500Z"", ""fecha_extraccion"": ""2026-10-06T18:46:40+00:00"", ""origen"": ""gdelt_doc:turismo"", ""descripcion"": null, ""alcance_texto"": ""titular_metadatos""}"
noticia,url_duplicada,url,https://www.prensa.com/economia/panama-suma-inversion-hotelera-de-40-millones-con-la-llegada-de-pullman/,"{""titulo"": ""Panamá suma inversión hotelera de $40 millones con la llegada de Pullman"", ""url"": ""https://www.prensa.com/economia/panama-suma-inversion-hotelera-de-40-millones-con-la-llegada-de-pullman/"", ""medio"": ""prensa.com"", ""idioma"": ""es"", ""fecha_publicacion"": null, ""fecha_deteccion"": ""20260823T164500Z"", ""fecha_extraccion"": ""2026-10-06T18:46:40+00:00"", ""origen"": ""gdelt_doc:turismo"", ""descripcion"": null, ""alcance_texto"": ""titular_metadatos""}"
noticia,url_duplicada,url,https://www.critica.com.pa/nacional/el-casco-se-prendio-cultura-sabor-y-tradicion-se-tomaron-las-calles-515537,"{""titulo"": ""¡ El Casco se prendió ! Cultura , sabor y tradición se tomaron las calles"", ""url"": ""https://www.critica.com.pa/nacional/el-casco-se-prendio-cultura-sabor-y-tradicion-se-tomaron-las-calles-515537"", ""medio"": ""critica.com.pa"", ""idioma"": ""es"", ""fecha_publicacion"": null, ""fecha_deteccion"": ""20260831T030000Z"", ""fecha_extraccion"": ""2026-10-06T18:46:40+00:00"", ""origen"": ""gdelt_doc:turismo"", ""descripcion"": null, ""alcance_texto"": ""titular_metadatos""}"
noticia,url_duplicada,url,https://www.albayan.ae/news/world/1548254,"{""titulo"": ""5 دول في العالم لا تملك جيشاً .. تعرّف إليها"", ""url"": ""https://www.albayan.ae/news/world/1548254"", ""medio"": ""albayan.ae"", ""idioma"": ""arabic"", ""fecha_publicacion"": null, ""fecha_deteccion"": ""20260826T141500Z"", ""fecha_extraccion"": ""2026-10-06T18:46:40+00:00"", ""origen"": ""gdelt_doc:turismo"", ""descripcion"": null, ""alcance_texto"": ""titular_metadatos""}"
noticia,url_duplicada,url,https://www.critica.com.pa/nacional/ciclismo-internacional-mueve-la-economia-y-el-turismo-de-panama-515316,"{""titulo"": ""Ciclismo internacional mueve la economía y el turismo de Panamá"", ""url"": ""https://www.critica.com.pa/nacional/ciclismo-internacional-mueve-la-economia-y-el-turismo-de-panama-515316"", ""medio"": ""critica.com.pa"", ""idioma"": ""es"", ""fecha_publicacion"": null, ""fecha_deteccion"": ""20260826T231500Z"", ""fecha_extraccion"": ""2026-10-06T18:46:40+00:00"", ""origen"": ""gdelt_doc:turismo"", ""descripcion"": null, ""alcance_texto"": ""titular_metadatos""}"
noticia,url_duplicada,url,https://www.telemetro.com/nacionales/casco-peatonal-regresa-este-domingo-30-agosto-estas-son-las-actividades-y-lugares-n6089835,"{""titulo"": ""Casco Peatonal regresa este domingo 30 de agosto : estas son las actividades y lugares"", ""url"": ""https://www.telemetro.com/nacionales/casco-peatonal-regresa-este-domingo-30-agosto-estas-son-las-actividades-y-lugares-n6089835"", ""medio"": ""telemetro.com"", ""idioma"": ""es"", ""fecha_publicacion"": null, ""fecha_deteccion"": ""20260826T200000Z"", ""fecha_extraccion"": ""2026-10-06T18:46:40+00:00"", ""origen"": ""gdelt_doc:turismo"", ""descripcion"": null, ""alcance_texto"": ""titular_metadatos""}"
noticia,url_duplicada,url,https://www.laestrella.com.pa/deportes/mas-deportes/pandeportes-ejecutara-43-proyectos-deportivos-en-el-pais-en-el-2027-LC25414816,"{""titulo"": ""Pandeportes ejecutará 43 proyectos deportivos en el país en el 2027"", ""url"": ""https://www.laestrella.com.pa/deportes/mas-deportes/pandeportes-ejecutara-43-proyectos-deportivos-en-el-pais-en-el-2027-LC25414816"", ""medio"": ""laestrella.com.pa"", ""idioma"": ""es"", ""fecha_publicacion"": null, ""fecha_deteccion"": ""20260904T070000Z"", ""fecha_extraccion"": ""2026-10-06T18:46:40+00:00"", ""origen"": ""gdelt_doc:turismo"", ""descripcion"": null, ""alcance_texto"": ""titular_metadatos""}"
noticia,url_duplicada,url,https://www.laestrella.com.pa/deportes/futbol/pandeportes-ejecutara-43-proyectos-deportivos-en-el-pais-en-el-2027-AC25412389,"{""titulo"": ""Pandeportes ejecutará 43 proyectos deportivos en el país en el 2027"", ""url"": ""https://www.laestrella.com.pa/deportes/futbol/pandeportes-ejecutara-43-proyectos-deportivos-en-el-pais-en-el-2027-AC25412389"", ""medio"": ""laestrella.com.pa"", ""idioma"": ""es"", ""fecha_publicacion"": null, ""fecha_deteccion"": ""20260904T023000Z"", ""fecha_extraccion"": ""2026-10-06T18:46:40+00:00"", ""origen"": ""gdelt_doc:turismo"", ""descripcion"": null, ""alcance_texto"": ""titular_metadatos""}"
noticia,url_duplicada,url,https://www.prensa.com/historias/maria-ossa-frente-al-ejercito-de-estados-unidos-la-historia-de-la-calzada-de-amador/,"{""titulo"": ""María Ossa frente al Ejército de Estados Unidos : la historia de la calzada de Amador"", ""url"": ""https://www.prensa.com/historias/maria-ossa-frente-al-ejercito-de-estados-unidos-la-historia-de-la-calzada-de-amador/"", ""medio"": ""prensa.com"", ""idioma"": ""es"", ""fecha_publicacion"": null, ""fecha_deteccion"": ""20260901T073000Z"", ""fecha_extraccion"": ""2026-10-06T18:46:40+00:00"", ""origen"": ""gdelt_doc:turismo"", ""descripcion"": null, ""alcance_texto"": ""titular_metadatos""}"
noticia,url_duplicada,url,https://www.midiario.com/nacionales/sabias-que-maria-ossa-de-amador-protesto-ante-militares-de-eeuu-la-historia-detras-de-la-calzada-de-amador/,"{""titulo"": ""¿ Sabías que María Ossa de Amador protestó ante militares de EE . UU .? La historia detrás de la Calzada de Amador"", ""url"": ""https://www.midiario.com/nacionales/sabias-que-maria-ossa-de-amador-protesto-ante-militares-de-eeuu-la-historia-detras-de-la-calzada-de-amador/"", ""medio"": ""midiario.com"", ""idioma"": ""es"", ""fecha_publicacion"": null, ""fecha_deteccion"": ""20260901T131500Z"", ""fecha_extraccion"": ""2026-10-06T18:46:40+00:00"", ""origen"": ""gdelt_doc:turismo"", ""descripcion"": null, ""alcance_texto"": ""titular_metadatos""}"
noticia,url_duplicada,url,https://almomento.net/banco-popular-sostenibilidad-clave-para-fortalecer-turismo-rd/,"{""titulo"": ""Banco Popular : Sostenibilidad clave para fortalecer turismo RD"", ""url"": ""https://almomento.net/banco-popular-sostenibilidad-clave-para-fortalecer-turismo-rd/"", ""medio"": ""almomento.net"", ""idioma"": ""es"", ""fecha_publicacion"": null, ""fecha_deteccion"": ""20260904T090000Z"", ""fecha_extraccion"": ""2026-10-06T18:46:40+00:00"", ""origen"": ""gdelt_doc:turismo"", ""descripcion"": null, ""alcance_texto"": ""titular_metadatos""}"
noticia,url_duplicada,url,https://www.revistaeyn.com/centroamericaymundo/panama-lanza-su-nueva-marca-pais-somos-anfitrion-del-mundo-HO31843444,"{""titulo"": ""Panamá lanza su nueva marca país Somos anfitrión del mundo"", ""url"": ""https://www.revistaeyn.com/centroamericaymundo/panama-lanza-su-nueva-marca-pais-somos-anfitrion-del-mundo-HO31843444"", ""medio"": ""revistaeyn.com"", ""idioma"": ""es"", ""fecha_publicacion"": null, ""fecha_deteccion"": ""20260827T184500Z"", ""fecha_extraccion"": ""2026-10-06T18:46:40+00:00"", ""origen"": ""gdelt_doc:turismo"", ""descripcion"": null, ""alcance_texto"": ""titular_metadatos""}"
noticia,url_duplicada,url,https://acento.com.do/turismo/banco-popular-destina-rd-61505-millones-al-financiamiento-del-turismo-dominicano-9747362.html,"{""titulo"": ""Banco Popular destina RD$ 61 , 505 millones al financiamiento del turismo dominicano"", ""url"": ""https://acento.com.do/turismo/banco-popular-destina-rd-61505-millones-al-financiamiento-del-turismo-dominicano-9747362.html"", ""medio"": ""acento.com.do"", ""idioma"": ""es"", ""fecha_publicacion"": null, ""fecha_deteccion"": ""20260904T000000Z"", ""fecha_extraccion"": ""2026-10-06T18:46:40+00:00"", ""origen"": ""gdelt_doc:turismo"", ""descripcion"": null, ""alcance_texto"": ""titular_metadatos""}"
noticia,url_duplicada,url,https://aawsat.com/%D8%A7%D9%84%D8%B9%D8%A7%D9%84%D9%85/5311291-%D8%A5%D8%AD%D8%AF%D8%A7%D9%87%D8%A7-%D8%B9%D8%B6%D9%88-%D9%81%D9%8A-%D8%A7%D9%84%D9%86%D8%A7%D8%AA%D9%88-5-%D8%AF%D9%88%D9%84-%D8%A8%D9%84%D8%A7-%D8%AC%D9%8A%D9%88%D8%B4,"{""titulo"": ""إحداها عضو في « الناتو »... 5 دول بلا جيوش"", ""url"": ""https://aawsat.com/%D8%A7%D9%84%D8%B9%D8%A7%D9%84%D9%85/5311291-%D8%A5%D8%AD%D8%AF%D8%A7%D9%87%D8%A7-%D8%B9%D8%B6%D9%88-%D9%81%D9%8A-%D8%A7%D9%84%D9%86%D8%A7%D8%AA%D9%88-5-%D8%AF%D9%88%D9%84-%D8%A8%D9%84%D8%A7-%D8%AC%D9%8A%D9%88%D8%B4"", ""medio"": ""aawsat.com"", ""idioma"": ""arabic"", ""fecha_publicacion"": null, ""fecha_deteccion"": ""20260826T124500Z"", ""fecha_extraccion"": ""2026-10-06T18:46:40+00:00"", ""origen"": ""gdelt_doc:turismo"", ""descripcion"": null, ""alcance_texto"": ""titular_metadatos""}"
noticia,url_duplicada,url,https://ensegundos.do/2026/09/03/banco-popular-destaca-sostenibilidad-como-factor-de-competitividad-para-el-turismo-dominicano/,"{""titulo"": ""Banco Popular destaca sostenibilidad como factor de competitividad para el turismo dominicano Ensegundos República Dominicana"", ""url"": ""https://ensegundos.do/2026/09/03/banco-popular-destaca-sostenibilidad-como-factor-de-competitividad-para-el-turismo-dominicano/"", ""medio"": ""ensegundos.do"", ""idioma"": ""es"", ""fecha_publicacion"": null, ""fecha_deteccion"": ""20260903T223000Z"", ""fecha_extraccion"": ""2026-10-06T18:46:40+00:00"", ""origen"": ""gdelt_doc:turismo"", ""descripcion"": null, ""alcance_texto"": ""titular_metadatos""}"
noticia,url_duplicada,url,https://www.laestrella.com.pa/economia/aeropuerto-de-tocumen-prepara-ampliacion-con-dos-proyectos-y-una-inversion-de-3067-millones-KB25429982,"{""titulo"": ""Aeropuerto de Tocumen prepara ampliación con dos proyectos y una inversión de $306 . 7 millones"", ""url"": ""https://www.laestrella.com.pa/economia/aeropuerto-de-tocumen-prepara-ampliacion-con-dos-proyectos-y-una-inversion-de-3067-millones-KB25429982"", ""medio"": ""laestrella.com.pa"", ""idioma"": ""es"", ""fecha_publicacion"": null, ""fecha_deteccion"": ""20260904T211500Z"", ""fecha_extraccion"": ""2026-10-06T18:46:40+00:00"", ""origen"": ""gdelt_doc:turismo"", ""descripcion"": null, ""alcance_texto"": ""titular_metadatos""}"
noticia,url_duplicada,url,https://www.theweathernetwork.com/en/news/weather/severe/how-a-powerful-el-nino-will-affect-people-around-the-world,"{""titulo"": ""How a powerful El Niño will affect people around the world"", ""url"": ""https://www.theweathernetwork.com/en/news/weather/severe/how-a-powerful-el-nino-will-affect-people-around-the-world"", ""medio"": ""theweathernetwork.com"", ""idioma"": ""en"", ""fecha_publicacion"": null, ""fecha_deteccion"": ""20260904T021500Z"", ""fecha_extraccion"": ""2026-10-06T18:46:40+00:00"", ""origen"": ""gdelt_doc:turismo"", ""descripcion"": null, ""alcance_texto"": ""titular_metadatos""}"
noticia,url_duplicada,url,https://newsroompanama.com/2026/09/05/growth-forecasts-for-panama-are-raised-to-more-than-5-in-2026-from-ubs/,"{""titulo"": ""Growth Forecasts for Panama are Raised to More than 5 % in 2026 from UBS ."", ""url"": ""https://newsroompanama.com/2026/09/05/growth-forecasts-for-panama-are-raised-to-more-than-5-in-2026-from-ubs/"", ""medio"": ""newsroompanama.com"", ""idioma"": ""en"", ""fecha_publicacion"": null, ""fecha_deteccion"": ""20260906T003000Z"", ""fecha_extraccion"": ""2026-10-06T18:46:40+00:00"", ""origen"": ""gdelt_doc:turismo"", ""descripcion"": null, ""alcance_texto"": ""titular_metadatos""}"
noticia,url_duplicada,url,https://proceso.hn/el-ritual-del-origen-la-experiencia-inmersiva-que-bucea-en-las-raices-del-cafe-panameno/,"{""titulo"": ""El Ritual del Origen , la experiencia inmersiva que bucea en las raíces del café panameño"", ""url"": ""https://proceso.hn/el-ritual-del-origen-la-experiencia-inmersiva-que-bucea-en-las-raices-del-cafe-panameno/"", ""medio"": ""proceso.hn"", ""idioma"": ""es"", ""fecha_publicacion"": null, ""fecha_deteccion"": ""20260828T140000Z"", ""fecha_extraccion"": ""2026-10-06T18:46:40+00:00"", ""origen"": ""gdelt_doc:turismo"", ""descripcion"": null, ""alcance_texto"": ""titular_metadatos""}"
noticia,url_duplicada,url,https://listindiario.com/puntos-de-vista/20260827/rd-estabilidad-economica-sienta-bases-gran-transformacion_919714.html,"{""titulo"": ""RD : cuando la estabilidad económica sienta las bases de una gran transformación"", ""url"": ""https://listindiario.com/puntos-de-vista/20260827/rd-estabilidad-economica-sienta-bases-gran-transformacion_919714.html"", ""medio"": ""listindiario.com"", ""idioma"": ""es"", ""fecha_publicacion"": null, ""fecha_deteccion"": ""20260827T090000Z"", ""fecha_extraccion"": ""2026-10-06T18:46:40+00:00"", ""origen"": ""gdelt_doc:turismo"", ""descripcion"": null, ""alcance_texto"": ""titular_metadatos""}"
noticia,url_duplicada,url,https://gestion.pe/economia/empresas/insalud-abre-sede-en-el-salvador-prepara-una-clinica-digital-en-lima-y-apuesta-por-la-ia-para-crecer-noticia/,"{""titulo"": ""Insalud abre sede en El Salvador , prepara una clínica digital en Lima y apuesta por la IA para crecer | ECONOMIA"", ""url"": ""https://gestion.pe/economia/empresas/insalud-abre-sede-en-el-salvador-prepara-una-clinica-digital-en-lima-y-apuesta-por-la-ia-para-crecer-noticia/"", ""medio"": ""gestion.pe"", ""idioma"": ""es"", ""fecha_publicacion"": null, ""fecha_deteccion"": ""20260903T011500Z"", ""fecha_extraccion"": ""2026-10-06T18:46:40+00:00"", ""origen"": ""gdelt_doc:turismo"", ""descripcion"": null, ""alcance_texto"": ""titular_metadatos""}"
noticia,url_duplicada,url,https://newsroompanama.com/2026/08/30/cruise-tourism-in-panama-is-projected-to-increase-by-21-6-by-2026-reaching-nearly-500000-passengers-according-to-the-panama-maritime-authority-amp/,"{""titulo"": ""Cruise Tourism in Panama is Projected to Increase by 21 . 6 % by 2026 , Reaching Nearly 500 , 000 Passengers , According to the Panama Maritime Authority ( AMP )."", ""url"": ""https://newsroompanama.com/2026/08/30/cruise-tourism-in-panama-is-projected-to-increase-by-21-6-by-2026-reaching-nearly-500000-passengers-according-to-the-panama-maritime-authority-amp/"", ""medio"": ""newsroompanama.com"", ""idioma"": ""en"", ""fecha_publicacion"": null, ""fecha_deteccion"": ""20260830T163000Z"", ""fecha_extraccion"": ""2026-10-06T18:46:40+00:00"", ""origen"": ""gdelt_doc:turismo"", ""descripcion"": null, ""alcance_texto"": ""titular_metadatos""}"
noticia,url_duplicada,url,https://newsroompanama.com/2026/09/06/panama-is-ready-for-ai-now-it-needs-someone-to-build-it/,"{""titulo"": ""Panama Is Ready for AI . Now It Needs Someone to Build It ."", ""url"": ""https://newsroompanama.com/2026/09/06/panama-is-ready-for-ai-now-it-needs-someone-to-build-it/"", ""medio"": ""newsroompanama.com"", ""idioma"": ""en"", ""fecha_publicacion"": null, ""fecha_deteccion"": ""20260906T190000Z"", ""fecha_extraccion"": ""2026-10-06T18:46:40+00:00"", ""origen"": ""gdelt_doc:turismo"", ""descripcion"": null, ""alcance_texto"": ""titular_metadatos""}"
noticia,url_duplicada,url,https://www.businesstoday.in/latest/economy/story/from-gift-city-to-global-finance-british-virgin-islands-pitches-trade-ties-with-india-551341-2026-08-25,"{""titulo"": ""From GIFT City to global finance : British Virgin Islands pitches trade ties with India"", ""url"": ""https://www.businesstoday.in/latest/economy/story/from-gift-city-to-global-finance-british-virgin-islands-pitches-trade-ties-with-india-551341-2026-08-25"", ""medio"": ""businesstoday.in"", ""idioma"": ""en"", ""fecha_publicacion"": null, ""fecha_deteccion"": ""20260825T171500Z"", ""fecha_extraccion"": ""2026-10-06T18:46:40+00:00"", ""origen"": ""gdelt_doc:turismo"", ""descripcion"": null, ""alcance_texto"": ""titular_metadatos""}"
noticia,url_duplicada,url,https://www.asamblea.gob.pa/Noticias/Actualidad/PRESIDENTA-DE-LA-ASAMBLEA-SUSTENTA-PRESUPUESTO-PARA-LA-VIGENCIA-FISCAL-DE-2027,"{""titulo"": ""Preview - Asamblea de Panamá"", ""url"": ""https://www.asamblea.gob.pa/Noticias/Actualidad/PRESIDENTA-DE-LA-ASAMBLEA-SUSTENTA-PRESUPUESTO-PARA-LA-VIGENCIA-FISCAL-DE-2027"", ""medio"": ""asamblea.gob.pa"", ""idioma"": ""es"", ""fecha_publicacion"": null, ""fecha_deteccion"": ""20260904T040000Z"", ""fecha_extraccion"": ""2026-10-06T18:46:40+00:00"", ""origen"": ""gdelt_doc:turismo"", ""descripcion"": null, ""alcance_texto"": ""titular_metadatos""}"
noticia,url_duplicada,url,https://www.riotimesonline.com/latin-america-news-roundup-august-26-2026/,"{""titulo"": ""Latin America News Roundup : Panamá , Nicaragua , DR , Uruguay"", ""url"": ""https://www.riotimesonline.com/latin-america-news-roundup-august-26-2026/"", ""medio"": ""riotimesonline.com"", ""idioma"": ""en"", ""fecha_publicacion"": null, ""fecha_deteccion"": ""20260826T103000Z"", ""fecha_extraccion"": ""2026-10-06T18:46:40+00:00"", ""origen"": ""gdelt_doc:turismo"", ""descripcion"": null, ""alcance_texto"": ""titular_metadatos""}"
noticia,url_duplicada,url,https://baijiahao.baidu.com/s?id=1874464655076706703,"{""titulo"": ""活力中国调研行｜百年老字号牵手AI ： 当老药工的手感变成算法"", ""url"": ""https://baijiahao.baidu.com/s?id=1874464655076706703"", ""medio"": ""baijiahao.baidu.com"", ""idioma"": ""chinese"", ""fecha_publicacion"": null, ""fecha_deteccion"": ""20260825T054500Z"", ""fecha_extraccion"": ""2026-10-06T18:46:40+00:00"", ""origen"": ""gdelt_doc:turismo"", ""descripcion"": null, ""alcance_texto"": ""titular_metadatos""}"
noticia,url_duplicada,url,https://h21.hani.co.kr/arti/society/environment/59869.html,"{""titulo"": ""네팔의 비극 , 탄소 배출한 자가 책임도 져라"", ""url"": ""https://h21.hani.co.kr/arti/society/environment/59869.html"", ""medio"": ""h21.hani.co.kr"", ""idioma"": ""korean"", ""fecha_publicacion"": null, ""fecha_deteccion"": ""20260907T044500Z"", ""fecha_extraccion"": ""2026-10-06T18:46:40+00:00"", ""origen"": ""gdelt_doc:turismo"", ""descripcion"": null, ""alcance_texto"": ""titular_metadatos""}"
noticia,url_duplicada,url,https://www.pulzo.com/vivir-bien/viajes-y-turismo/que-beneficio-gratis-tienen-colombianos-viaje-panama-desde-septiembre-2026-PP5300061,"{""titulo"": ""Qué beneficio gratis tienen colombianos en viaje a Panamá desde septiembre 2026"", ""url"": ""https://www.pulzo.com/vivir-bien/viajes-y-turismo/que-beneficio-gratis-tienen-colombianos-viaje-panama-desde-septiembre-2026-PP5300061"", ""medio"": ""pulzo.com"", ""idioma"": ""es"", ""fecha_publicacion"": null, ""fecha_deteccion"": ""20260911T234500Z"", ""fecha_extraccion"": ""2026-10-06T18:46:40+00:00"", ""origen"": ""gdelt_doc:turismo"", ""descripcion"": null, ""alcance_texto"": ""titular_metadatos""}"
noticia,url_duplicada,url,https://www.colombia.com/actualidad/internacionales/panama-abre-centro-que-fusiona-historia-y-naturaleza-tras-invertir-77-millones-de-dolares-599370,"{""titulo"": ""Panamá abre centro que fusiona historia y naturaleza tras invertir 7 , 7 millones de dólares"", ""url"": ""https://www.colombia.com/actualidad/internacionales/panama-abre-centro-que-fusiona-historia-y-naturaleza-tras-invertir-77-millones-de-dolares-599370"", ""medio"": ""colombia.com"", ""idioma"": ""es"", ""fecha_publicacion"": null, ""fecha_deteccion"": ""20260907T170000Z"", ""fecha_extraccion"": ""2026-10-06T18:46:40+00:00"", ""origen"": ""gdelt_doc:turismo"", ""descripcion"": null, ""alcance_texto"": ""titular_metadatos""}"
noticia,url_duplicada,url,https://www.prensa-latina.cu/2026/09/21/primera-lista-de-previsiones/,"{""titulo"": ""Primera lista de previsiones - Noticias Prensa Latina"", ""url"": ""https://www.prensa-latina.cu/2026/09/21/primera-lista-de-previsiones/"", ""medio"": ""prensa-latina.cu"", ""idioma"": ""es"", ""fecha_publicacion"": null, ""fecha_deteccion"": ""20260921T050000Z"", ""fecha_extraccion"": ""2026-10-06T18:46:40+00:00"", ""origen"": ""gdelt_doc:turismo"", ""descripcion"": null, ""alcance_texto"": ""titular_metadatos""}"
noticia,url_duplicada,url,https://www.laestrella.com.pa/panama/nacional/mulino-defiende-en-ecuador-sus-viajes-creen-que-uno-viene-aqui-de-paseo-hacer-shopping-y-turismo-HE25470043,"{""titulo"": ""Mulino defiende en Ecuador sus viajes : Creen que uno viene aquí de paseo , hacer shopping y turismo"", ""url"": ""https://www.laestrella.com.pa/panama/nacional/mulino-defiende-en-ecuador-sus-viajes-creen-que-uno-viene-aqui-de-paseo-hacer-shopping-y-turismo-HE25470043"", ""medio"": ""laestrella.com.pa"", ""idioma"": ""es"", ""fecha_publicacion"": null, ""fecha_deteccion"": ""20260906T221500Z"", ""fecha_extraccion"": ""2026-10-06T18:46:40+00:00"", ""origen"": ""gdelt_doc:turismo"", ""descripcion"": null, ""alcance_texto"": ""titular_metadatos""}"
noticia,url_duplicada,url,https://www.infobae.com/panama/2026/09/08/la-economia-de-expatriados-un-mercado-con-potencial-para-seguir-creciendo-en-panama/,"{""titulo"": ""La economía de expatriados : un mercado con potencial para seguir creciendo en Panamá"", ""url"": ""https://www.infobae.com/panama/2026/09/08/la-economia-de-expatriados-un-mercado-con-potencial-para-seguir-creciendo-en-panama/"", ""medio"": ""infobae.com"", ""idioma"": ""es"", ""fecha_publicacion"": null, ""fecha_deteccion"": ""20260908T233000Z"", ""fecha_extraccion"": ""2026-10-06T18:46:40+00:00"", ""origen"": ""gdelt_doc:turismo"", ""descripcion"": null, ""alcance_texto"": ""titular_metadatos""}"
noticia,url_duplicada,url,https://www.panamaamerica.com.pa/economia/servicios-y-logistica-con-ecuador-tienen-potencial-1266019,"{""titulo"": ""Servicios y logística con Ecuador tienen potencial"", ""url"": ""https://www.panamaamerica.com.pa/economia/servicios-y-logistica-con-ecuador-tienen-potencial-1266019"", ""medio"": ""panamaamerica.com.pa"", ""idioma"": ""es"", ""fecha_publicacion"": null, ""fecha_deteccion"": ""20260907T070000Z"", ""fecha_extraccion"": ""2026-10-06T18:46:40+00:00"", ""origen"": ""gdelt_doc:turismo"", ""descripcion"": null, ""alcance_texto"": ""titular_metadatos""}"
noticia,url_duplicada,url,https://newsinamerica.com/pdcc/turismo/2026/lets-meet-panama-cierra-su-cuarta-edicion-con-nuevos-eventos-internacionales-y-alianzas-para-el-pais/,"{""titulo"": ""Let meet panamá cierra su cuarta edición con nuevos eventos internacionales y alianzas para el país • PDCC"", ""url"": ""https://newsinamerica.com/pdcc/turismo/2026/lets-meet-panama-cierra-su-cuarta-edicion-con-nuevos-eventos-internacionales-y-alianzas-para-el-pais/"", ""medio"": ""newsinamerica.com"", ""idioma"": ""es"", ""fecha_publicacion"": null, ""fecha_deteccion"": ""20260912T184500Z"", ""fecha_extraccion"": ""2026-10-06T18:46:40+00:00"", ""origen"": ""gdelt_doc:turismo"", ""descripcion"": null, ""alcance_texto"": ""titular_metadatos""}"
noticia,url_duplicada,url,https://www.laestrella.com.pa/economia/inversiones-en-espana-hay-mucho-interes-por-panama-asegura-molto-BI25873323,"{""titulo"": ""Inversiones : En España , hay mucho interés por Panamá , asegura Moltó"", ""url"": ""https://www.laestrella.com.pa/economia/inversiones-en-espana-hay-mucho-interes-por-panama-asegura-molto-BI25873323"", ""medio"": ""laestrella.com.pa"", ""idioma"": ""es"", ""fecha_publicacion"": null, ""fecha_deteccion"": ""20260922T003000Z"", ""fecha_extraccion"": ""2026-10-06T18:46:40+00:00"", ""origen"": ""gdelt_doc:turismo"", ""descripcion"": null, ""alcance_texto"": ""titular_metadatos""}"
noticia,url_duplicada,url,https://newsinamerica.com/pdcc/turismo/2026/panama-es-galardonada-en-el-sustainable-social-tourism-summit-por-la-eco-ruta-tortuga/,"{""titulo"": ""Panamá es galardonada en el Sustainable & Social Tourism Summit por la Eco - Ruta Tortuga • PDCC"", ""url"": ""https://newsinamerica.com/pdcc/turismo/2026/panama-es-galardonada-en-el-sustainable-social-tourism-summit-por-la-eco-ruta-tortuga/"", ""medio"": ""newsinamerica.com"", ""idioma"": ""es"", ""fecha_publicacion"": null, ""fecha_deteccion"": ""20260907T014500Z"", ""fecha_extraccion"": ""2026-10-06T18:46:40+00:00"", ""origen"": ""gdelt_doc:turismo"", ""descripcion"": null, ""alcance_texto"": ""titular_metadatos""}"
noticia,url_duplicada,url,https://www.laestrella.com.pa/economia/caf-coloca-500-millones-en-panama-para-impulsar-el-agro-y-las-pymes-EA25617344,"{""titulo"": ""CAF coloca $500 millones en Panamá para impulsar el agro y las pymes"", ""url"": ""https://www.laestrella.com.pa/economia/caf-coloca-500-millones-en-panama-para-impulsar-el-agro-y-las-pymes-EA25617344"", ""medio"": ""laestrella.com.pa"", ""idioma"": ""es"", ""fecha_publicacion"": null, ""fecha_deteccion"": ""20260912T063000Z"", ""fecha_extraccion"": ""2026-10-06T18:46:40+00:00"", ""origen"": ""gdelt_doc:turismo"", ""descripcion"": null, ""alcance_texto"": ""titular_metadatos""}"
noticia,url_duplicada,url,https://www.prensa.com/economia/pedro-heilbron-revela-la-formula-de-copa-airlines-para-crecer-en-la-region-y-descarta-fusiones-con-otras-empresas/,"{""titulo"": ""Pedro Heilbron revela la fórmula de Copa Airlines para crecer en la región y descarta fusiones con otras empresas"", ""url"": ""https://www.prensa.com/economia/pedro-heilbron-revela-la-formula-de-copa-airlines-para-crecer-en-la-region-y-descarta-fusiones-con-otras-empresas/"", ""medio"": ""prensa.com"", ""idioma"": ""es"", ""fecha_publicacion"": null, ""fecha_deteccion"": ""20260911T004500Z"", ""fecha_extraccion"": ""2026-10-06T18:46:40+00:00"", ""origen"": ""gdelt_doc:turismo"", ""descripcion"": null, ""alcance_texto"": ""titular_metadatos""}"
noticia,url_duplicada,url,https://eldia.com.do/rd-sigue-baja-en-indicadores-salud-y-aportes-al-pib/,"{""titulo"": ""RD sigue baja en indicadores salud y aportes al PIB"", ""url"": ""https://eldia.com.do/rd-sigue-baja-en-indicadores-salud-y-aportes-al-pib/"", ""medio"": ""eldia.com.do"", ""idioma"": ""es"", ""fecha_publicacion"": null, ""fecha_deteccion"": ""20260909T143000Z"", ""fecha_extraccion"": ""2026-10-06T18:46:40+00:00"", ""origen"": ""gdelt_doc:turismo"", ""descripcion"": null, ""alcance_texto"": ""titular_metadatos""}"
noticia,campo_obligatorio,titulo,https://primicia.com.ve/nacion/mas-de-120-mil-turistas-visitaron-la-isla-de-margarita/,"{""titulo"": null, ""url"": ""https://primicia.com.ve/nacion/mas-de-120-mil-turistas-visitaron-la-isla-de-margarita/"", ""medio"": ""primicia.com.ve"", ""idioma"": ""es"", ""fecha_publicacion"": null, ""fecha_deteccion"": ""20260920T210000Z"", ""fecha_extraccion"": ""2026-10-06T18:46:40+00:00"", ""origen"": ""gdelt_doc:turismo"", ""descripcion"": null, ""alcance_texto"": ""titular_metadatos""}"
noticia,url_duplicada,url,https://www.prensa.com/opinion/la-crisis-ambiental-mas-alla-de-los-rios/,"{""titulo"": ""La crisis ambiental más allá de los ríos"", ""url"": ""https://www.prensa.com/opinion/la-crisis-ambiental-mas-alla-de-los-rios/"", ""medio"": ""prensa.com"", ""idioma"": ""es"", ""fecha_publicacion"": null, ""fecha_deteccion"": ""20260911T051500Z"", ""fecha_extraccion"": ""2026-10-06T18:46:40+00:00"", ""origen"": ""gdelt_doc:turismo"", ""descripcion"": null, ""alcance_texto"": ""titular_metadatos""}"
noticia,url_duplicada,url,https://www.panamaamerica.com.pa/sociedad/por-que-el-empleo-no-crece-al-mismo-ritmo-que-la-economia-del-pais-1266167,"{""titulo"": ""¿ Por qué el empleo no crece al mismo ritmo que la economía del país ?"", ""url"": ""https://www.panamaamerica.com.pa/sociedad/por-que-el-empleo-no-crece-al-mismo-ritmo-que-la-economia-del-pais-1266167"", ""medio"": ""panamaamerica.com.pa"", ""idioma"": ""es"", ""fecha_publicacion"": null, ""fecha_deteccion"": ""20260910T070000Z"", ""fecha_extraccion"": ""2026-10-06T18:46:40+00:00"", ""origen"": ""gdelt_doc:turismo"", ""descripcion"": null, ""alcance_texto"": ""titular_metadatos""}"
noticia,url_duplicada,url,https://wisata.viva.co.id/wisata/30477-promosi-indonesia-di-palace-of-fine-arts-san-francisco-ada-gamelan-hingga-kopi-nusantara,"{""titulo"": ""Promosi Indonesia di Palace of Fine Arts San Francisco , Ada Gamelan hingga Kopi Nusantara"", ""url"": ""https://wisata.viva.co.id/wisata/30477-promosi-indonesia-di-palace-of-fine-arts-san-francisco-ada-gamelan-hingga-kopi-nusantara"", ""medio"": ""wisata.viva.co.id"", ""idioma"": ""indonesian"", ""fecha_publicacion"": null, ""fecha_deteccion"": ""20260922T043000Z"", ""fecha_extraccion"": ""2026-10-06T18:46:40+00:00"", ""origen"": ""gdelt_doc:turismo"", ""descripcion"": null, ""alcance_texto"": ""titular_metadatos""}"
noticia,url_duplicada,url,https://newsroompanama.com/2026/09/11/employment-mining-economic-growth-in-panama-stanley-mottas-message/,"{""titulo"": ""Employment - Mining - Economic Growth in Panama . Stanley Motta Message ."", ""url"": ""https://newsroompanama.com/2026/09/11/employment-mining-economic-growth-in-panama-stanley-mottas-message/"", ""medio"": ""newsroompanama.com"", ""idioma"": ""en"", ""fecha_publicacion"": null, ""fecha_deteccion"": ""20260912T001500Z"", ""fecha_extraccion"": ""2026-10-06T18:46:40+00:00"", ""origen"": ""gdelt_doc:turismo"", ""descripcion"": null, ""alcance_texto"": ""titular_metadatos""}"
noticia,url_duplicada,url,https://www.prensa.com/opinion/refugiados-ambientales-protegidos-o-invisibles/,"{""titulo"": ""Refugiados ambientales , ¿ protegidos o invisibles ?"", ""url"": ""https://www.prensa.com/opinion/refugiados-ambientales-protegidos-o-invisibles/"", ""medio"": ""prensa.com"", ""idioma"": ""es"", ""fecha_publicacion"": null, ""fecha_deteccion"": ""20260907T213000Z"", ""fecha_extraccion"": ""2026-10-06T18:46:40+00:00"", ""origen"": ""gdelt_doc:turismo"", ""descripcion"": null, ""alcance_texto"": ""titular_metadatos""}"
noticia,url_duplicada,url,https://www.albiladpress.com/news/2026/6552/finance/1021168.html,"{""titulo"": ""جريدة البلاد | لعنة المال العالمي .. سكان جيرسي البريطانية يدفعون ثمن الثراء"", ""url"": ""https://www.albiladpress.com/news/2026/6552/finance/1021168.html"", ""medio"": ""albiladpress.com"", ""idioma"": ""arabic"", ""fecha_publicacion"": null, ""fecha_deteccion"": ""20260921T163000Z"", ""fecha_extraccion"": ""2026-10-06T18:46:40+00:00"", ""origen"": ""gdelt_doc:turismo"", ""descripcion"": null, ""alcance_texto"": ""titular_metadatos""}"
noticia,url_duplicada,url,https://newsroompanama.com/2026/09/06/panama-is-ready-for-ai-now-it-needs-someone-to-build-it/,"{""titulo"": ""Panama Is Ready for AI . Now It Needs Someone to Build It ."", ""url"": ""https://newsroompanama.com/2026/09/06/panama-is-ready-for-ai-now-it-needs-someone-to-build-it/"", ""medio"": ""newsroompanama.com"", ""idioma"": ""en"", ""fecha_publicacion"": null, ""fecha_deteccion"": ""20260906T190000Z"", ""fecha_extraccion"": ""2026-10-06T18:46:40+00:00"", ""origen"": ""gdelt_doc:turismo"", ""descripcion"": null, ""alcance_texto"": ""titular_metadatos""}"
noticia,url_duplicada,url,https://abriendobrecha.tv/politica/san-pedro-sula-se-convierte-en-el-epicentro-regional-con-la-inauguracion-del-xxx-congreso-de-aseguradores-de-centroamerica-panama-y-el-caribe/,"{""titulo"": ""San Pedro Sula se convierte en el epicentro regional con la inauguración del XXX Congreso de Aseguradores de Centroamérica , Panamá y el Caribe"", ""url"": ""https://abriendobrecha.tv/politica/san-pedro-sula-se-convierte-en-el-epicentro-regional-con-la-inauguracion-del-xxx-congreso-de-aseguradores-de-centroamerica-panama-y-el-caribe/"", ""medio"": ""abriendobrecha.tv"", ""idioma"": ""es"", ""fecha_publicacion"": null, ""fecha_deteccion"": ""20260921T211500Z"", ""fecha_extraccion"": ""2026-10-06T18:46:40+00:00"", ""origen"": ""gdelt_doc:turismo"", ""descripcion"": null, ""alcance_texto"": ""titular_metadatos""}"
noticia,url_duplicada,url,https://gestion.pe/economia/diesel-peru-tiene-el-combustible-mas-caro-en-la-region-los-factores-que-nos-colocan-en-la-cima-de-la-lista-noticia/,"{""titulo"": ""Diésel : Perú tiene el combustible más caro en la región , los factores que nos colocan en la cima de la lista | ECONOMIA"", ""url"": ""https://gestion.pe/economia/diesel-peru-tiene-el-combustible-mas-caro-en-la-region-los-factores-que-nos-colocan-en-la-cima-de-la-lista-noticia/"", ""medio"": ""gestion.pe"", ""idioma"": ""es"", ""fecha_publicacion"": null, ""fecha_deteccion"": ""20260912T111500Z"", ""fecha_extraccion"": ""2026-10-06T18:46:40+00:00"", ""origen"": ""gdelt_doc:turismo"", ""descripcion"": null, ""alcance_texto"": ""titular_metadatos""}"
noticia,url_duplicada,url,https://www.aol.co.uk/articles/unrecognisable-being-tax-haven-changed-040035000.html,"{""titulo"": ""It unrecognisable : How being a tax haven has changed Jersey"", ""url"": ""https://www.aol.co.uk/articles/unrecognisable-being-tax-haven-changed-040035000.html"", ""medio"": ""aol.co.uk"", ""idioma"": ""en"", ""fecha_publicacion"": null, ""fecha_deteccion"": ""20260921T050000Z"", ""fecha_extraccion"": ""2026-10-06T18:46:40+00:00"", ""origen"": ""gdelt_doc:turismo"", ""descripcion"": null, ""alcance_texto"": ""titular_metadatos""}"
noticia,url_duplicada,url,https://www.diariodelsur.com.co/plataforma-educativa-panama-aprendizaje-idiomas-escuelas-publicas/,"{""titulo"": ""El inglés llega con nuevas herramientas digitales a las escuelas públicas de Panamá"", ""url"": ""https://www.diariodelsur.com.co/plataforma-educativa-panama-aprendizaje-idiomas-escuelas-publicas/"", ""medio"": ""diariodelsur.com.co"", ""idioma"": ""es"", ""fecha_publicacion"": null, ""fecha_deteccion"": ""20260910T041500Z"", ""fecha_extraccion"": ""2026-10-06T18:46:40+00:00"", ""origen"": ""gdelt_doc:turismo"", ""descripcion"": null, ""alcance_texto"": ""titular_metadatos""}"
noticia,url_duplicada,url,https://lahora.gt/lh-economia/esmith/2026/09/12/crisis-por-alza-de-combustibles-analistas-coinciden-en-que-el-margen-fiscal-es-estrecho-y-sugieren-medidas-focalizadas-y-sostenibles-now/,"{""titulo"": ""Alza de combustibles aprieta al Gobierno : analistas advierten poco margen fiscal para contener el impacto"", ""url"": ""https://lahora.gt/lh-economia/esmith/2026/09/12/crisis-por-alza-de-combustibles-analistas-coinciden-en-que-el-margen-fiscal-es-estrecho-y-sugieren-medidas-focalizadas-y-sostenibles-now/"", ""medio"": ""lahora.gt"", ""idioma"": ""es"", ""fecha_publicacion"": null, ""fecha_deteccion"": ""20260912T133000Z"", ""fecha_extraccion"": ""2026-10-06T18:46:40+00:00"", ""origen"": ""gdelt_doc:turismo"", ""descripcion"": null, ""alcance_texto"": ""titular_metadatos""}"
noticia,url_duplicada,url,https://h21.hani.co.kr/arti/society/environment/59869.html,"{""titulo"": ""네팔의 비극 , 탄소 배출한 자가 책임도 져라"", ""url"": ""https://h21.hani.co.kr/arti/society/environment/59869.html"", ""medio"": ""h21.hani.co.kr"", ""idioma"": ""korean"", ""fecha_publicacion"": null, ""fecha_deteccion"": ""20260907T044500Z"", ""fecha_extraccion"": ""2026-10-06T18:46:40+00:00"", ""origen"": ""gdelt_doc:turismo"", ""descripcion"": null, ""alcance_texto"": ""titular_metadatos""}"
noticia,url_duplicada,url,https://annabaa.org/arabic/economicarticles/47450,"{""titulo"": ""ما هي اقتصادات الأسواق الوليدة ، وما أهميتها للاقتصاد العالمي ؟"", ""url"": ""https://annabaa.org/arabic/economicarticles/47450"", ""medio"": ""annabaa.org"", ""idioma"": ""arabic"", ""fecha_publicacion"": null, ""fecha_deteccion"": ""20260922T043000Z"", ""fecha_extraccion"": ""2026-10-06T18:46:40+00:00"", ""origen"": ""gdelt_doc:turismo"", ""descripcion"": null, ""alcance_texto"": ""titular_metadatos""}"
noticia,url_duplicada,url,https://www.lanacion.com.ar/sabado/superlongevos-llegaron-a-los-100-anos-con-una-vitalidad-extraoridaria-y-cuentan-sus-experiencias-nid07092026/,"{""titulo"": ""Superlongevos : llegaron a los 100 años con una vitalidad extraordinaria y cuentan sus experiencias"", ""url"": ""https://www.lanacion.com.ar/sabado/superlongevos-llegaron-a-los-100-anos-con-una-vitalidad-extraoridaria-y-cuentan-sus-experiencias-nid07092026/"", ""medio"": ""lanacion.com.ar"", ""idioma"": ""es"", ""fecha_publicacion"": null, ""fecha_deteccion"": ""20260907T044500Z"", ""fecha_extraccion"": ""2026-10-06T18:46:40+00:00"", ""origen"": ""gdelt_doc:turismo"", ""descripcion"": null, ""alcance_texto"": ""titular_metadatos""}"
noticia,url_duplicada,url,https://www.eltiempo.com/economia/sectores/claves-para-colombia-reconquistar-y-atraer-a-la-inversion-extranjera-al-pais-estos-son-los-retos-que-le-esperan-al-gobierno-de-la-espriella-3585500,"{""titulo"": ""Claves para Colombia reconquistar y atraer a la inversión extranjera al país : estos son los retos que le esperan al gobierno De la Espriella"", ""url"": ""https://www.eltiempo.com/economia/sectores/claves-para-colombia-reconquistar-y-atraer-a-la-inversion-extranjera-al-pais-estos-son-los-retos-que-le-esperan-al-gobierno-de-la-espriella-3585500"", ""medio"": ""eltiempo.com"", ""idioma"": ""es"", ""fecha_publicacion"": null, ""fecha_deteccion"": ""20260913T003000Z"", ""fecha_extraccion"": ""2026-10-06T18:46:40+00:00"", ""origen"": ""gdelt_doc:turismo"", ""descripcion"": null, ""alcance_texto"": ""titular_metadatos""}"
noticia,url_duplicada,url,https://prachatai.com/journal/2026/09/118727,"{""titulo"": ""สถานการณ์แรงงานประจำสัปดาห์ 7 - 13 ก . ย . 2569"", ""url"": ""https://prachatai.com/journal/2026/09/118727"", ""medio"": ""prachatai.com"", ""idioma"": ""thai"", ""fecha_publicacion"": null, ""fecha_deteccion"": ""20260913T053000Z"", ""fecha_extraccion"": ""2026-10-06T18:46:40+00:00"", ""origen"": ""gdelt_doc:turismo"", ""descripcion"": null, ""alcance_texto"": ""titular_metadatos""}"
noticia,url_duplicada,url,https://www.wjhg.com/2026/10/02/pcb-tourism-has-grown-nearly-7-2025/,"{""titulo"": ""PCB Tourism has grown nearly 7 % from 2025"", ""url"": ""https://www.wjhg.com/2026/10/02/pcb-tourism-has-grown-nearly-7-2025/"", ""medio"": ""wjhg.com"", ""idioma"": ""en"", ""fecha_publicacion"": null, ""fecha_deteccion"": ""20261002T054500Z"", ""fecha_extraccion"": ""2026-10-06T18:46:40+00:00"", ""origen"": ""gdelt_doc:turismo"", ""descripcion"": null, ""alcance_texto"": ""titular_metadatos""}"
noticia,url_duplicada,url,https://www.prensa-latina.cu/2026/09/27/panama-refuerza-promocion-turistica-en-argentina/,"{""titulo"": ""Panamá refuerza promoción turística en Argentina - Noticias Prensa Latina"", ""url"": ""https://www.prensa-latina.cu/2026/09/27/panama-refuerza-promocion-turistica-en-argentina/"", ""medio"": ""prensa-latina.cu"", ""idioma"": ""es"", ""fecha_publicacion"": null, ""fecha_deteccion"": ""20260927T103000Z"", ""fecha_extraccion"": ""2026-10-06T18:46:40+00:00"", ""origen"": ""gdelt_doc:turismo"", ""descripcion"": null, ""alcance_texto"": ""titular_metadatos""}"
noticia,url_duplicada,url,https://www.portafolio.co/economia/regiones/monteria-estrenara-vuelo-directo-a-panama-con-satena-y-conexion-aerea-de-menos-de-una-hora-503695,"{""titulo"": ""Montería estrenará vuelo directo a Panamá con Satena y conexión aérea de menos de una hora"", ""url"": ""https://www.portafolio.co/economia/regiones/monteria-estrenara-vuelo-directo-a-panama-con-satena-y-conexion-aerea-de-menos-de-una-hora-503695"", ""medio"": ""portafolio.co"", ""idioma"": ""es"", ""fecha_publicacion"": null, ""fecha_deteccion"": ""20261001T224500Z"", ""fecha_extraccion"": ""2026-10-06T18:46:40+00:00"", ""origen"": ""gdelt_doc:turismo"", ""descripcion"": null, ""alcance_texto"": ""titular_metadatos""}"
noticia,url_duplicada,url,https://www.telemetro.com/nacionales/mulino-viaja-asia-estos-son-los-seis-acuerdos-que-panama-preve-firmar-singapur-n6093650,"{""titulo"": ""Mulino viaja a Asia : estos son los seis acuerdos que Panamá prevé firmar en Singapur"", ""url"": ""https://www.telemetro.com/nacionales/mulino-viaja-asia-estos-son-los-seis-acuerdos-que-panama-preve-firmar-singapur-n6093650"", ""medio"": ""telemetro.com"", ""idioma"": ""es"", ""fecha_publicacion"": null, ""fecha_deteccion"": ""20261001T130000Z"", ""fecha_extraccion"": ""2026-10-06T18:46:40+00:00"", ""origen"": ""gdelt_doc:turismo"", ""descripcion"": null, ""alcance_texto"": ""titular_metadatos""}"
noticia,url_duplicada,url,https://www.telemetro.com/nacionales/ballet-nacional-panama-presenta-el-lago-los-cisnes-historico-teatro-brasil-n6092937,"{""titulo"": ""Ballet Nacional de Panamá presenta El lago de los cisnes en histórico teatro de Brasil"", ""url"": ""https://www.telemetro.com/nacionales/ballet-nacional-panama-presenta-el-lago-los-cisnes-historico-teatro-brasil-n6092937"", ""medio"": ""telemetro.com"", ""idioma"": ""es"", ""fecha_publicacion"": null, ""fecha_deteccion"": ""20260925T000000Z"", ""fecha_extraccion"": ""2026-10-06T18:46:40+00:00"", ""origen"": ""gdelt_doc:turismo"", ""descripcion"": null, ""alcance_texto"": ""titular_metadatos""}"
noticia,url_duplicada,url,https://www.diaadia.com.pa/el-pais/panama-sigue-moviendo-sus-fichas-para-atraer-inversiones-y-fortalecer-sus-relaciones-con,"{""titulo"": ""Panamá sigue moviendo sus fichas para atraer inversiones y fortalecer sus relaciones con Emiratos Árabes Unidos"", ""url"": ""https://www.diaadia.com.pa/el-pais/panama-sigue-moviendo-sus-fichas-para-atraer-inversiones-y-fortalecer-sus-relaciones-con"", ""medio"": ""diaadia.com.pa"", ""idioma"": ""es"", ""fecha_publicacion"": null, ""fecha_deteccion"": ""20260928T154500Z"", ""fecha_extraccion"": ""2026-10-06T18:46:40+00:00"", ""origen"": ""gdelt_doc:turismo"", ""descripcion"": null, ""alcance_texto"": ""titular_metadatos""}"
noticia,url_duplicada,url,https://www.telemetro.com/nacionales/como-esta-el-empleo-panama-presidente-afirma-que-el-desempleo-baja-y-sector-privado-gana-terreno-n6093508,"{""titulo"": ""¿ Cómo está el empleo en Panamá ? Presidente afirma que el desempleo baja y sector privado gana terreno"", ""url"": ""https://www.telemetro.com/nacionales/como-esta-el-empleo-panama-presidente-afirma-que-el-desempleo-baja-y-sector-privado-gana-terreno-n6093508"", ""medio"": ""telemetro.com"", ""idioma"": ""es"", ""fecha_publicacion"": null, ""fecha_deteccion"": ""20260930T134500Z"", ""fecha_extraccion"": ""2026-10-06T18:46:40+00:00"", ""origen"": ""gdelt_doc:turismo"", ""descripcion"": null, ""alcance_texto"": ""titular_metadatos""}"
noticia,url_duplicada,url,https://www.prensa.com/economia/sp-ratifica-el-grado-de-inversion-de-panama-en-bbb-y-mantiene-perspectiva-estable/,"{""titulo"": ""S & P ratifica el grado de inversión de Panamá en BBB - y mantiene perspectiva estable"", ""url"": ""https://www.prensa.com/economia/sp-ratifica-el-grado-de-inversion-de-panama-en-bbb-y-mantiene-perspectiva-estable/"", ""medio"": ""prensa.com"", ""idioma"": ""es"", ""fecha_publicacion"": null, ""fecha_deteccion"": ""20260923T074500Z"", ""fecha_extraccion"": ""2026-10-06T18:46:40+00:00"", ""origen"": ""gdelt_doc:turismo"", ""descripcion"": null, ""alcance_texto"": ""titular_metadatos""}"
noticia,url_duplicada,url,https://finance.sina.com.cn/stock/usstock/c/2026-09-28/doc-initkhxe2921635.shtml,"{""titulo"": ""巴拿马经济强劲复苏 外资重返债券市场"", ""url"": ""https://finance.sina.com.cn/stock/usstock/c/2026-09-28/doc-initkhxe2921635.shtml"", ""medio"": ""finance.sina.com.cn"", ""idioma"": ""chinese"", ""fecha_publicacion"": null, ""fecha_deteccion"": ""20260928T071500Z"", ""fecha_extraccion"": ""2026-10-06T18:46:40+00:00"", ""origen"": ""gdelt_doc:turismo"", ""descripcion"": null, ""alcance_texto"": ""titular_metadatos""}"
noticia,url_duplicada,url,https://www.laestrella.com.pa/economia/sp-ratifica-grado-de-inversion-de-panama-en-bbb-y-mantiene-perspectiva-estable-dice-el-mef-AO25907968,"{""titulo"": ""S & P ratifica grado de inversión de Panamá en BBB - y mantiene perspectiva estable , dice el MEF"", ""url"": ""https://www.laestrella.com.pa/economia/sp-ratifica-grado-de-inversion-de-panama-en-bbb-y-mantiene-perspectiva-estable-dice-el-mef-AO25907968"", ""medio"": ""laestrella.com.pa"", ""idioma"": ""es"", ""fecha_publicacion"": null, ""fecha_deteccion"": ""20260923T044500Z"", ""fecha_extraccion"": ""2026-10-06T18:46:40+00:00"", ""origen"": ""gdelt_doc:turismo"", ""descripcion"": null, ""alcance_texto"": ""titular_metadatos""}"
noticia,url_duplicada,url,https://www.prensa.com/opinion/panama-crece-64-por-que-no-todos-lo-sienten/,"{""titulo"": ""Panamá crece 6 . 4 %: ¿ por qué no todos lo sienten ?"", ""url"": ""https://www.prensa.com/opinion/panama-crece-64-por-que-no-todos-lo-sienten/"", ""medio"": ""prensa.com"", ""idioma"": ""es"", ""fecha_publicacion"": null, ""fecha_deteccion"": ""20260925T071500Z"", ""fecha_extraccion"": ""2026-10-06T18:46:40+00:00"", ""origen"": ""gdelt_doc:turismo"", ""descripcion"": null, ""alcance_texto"": ""titular_metadatos""}"
noticia,url_duplicada,url,https://www.diaadia.com.pa/el-pais/la-calificadora-sp-ratifica-panama-el-grado-de-inversion-bbb-con-perspectiva-estable-791715,"{""titulo"": ""La calificadora S & P ratifica a Panamá el grado de inversión BBB - con perspectiva estable"", ""url"": ""https://www.diaadia.com.pa/el-pais/la-calificadora-sp-ratifica-panama-el-grado-de-inversion-bbb-con-perspectiva-estable-791715"", ""medio"": ""diaadia.com.pa"", ""idioma"": ""es"", ""fecha_publicacion"": null, ""fecha_deteccion"": ""20260923T220000Z"", ""fecha_extraccion"": ""2026-10-06T18:46:40+00:00"", ""origen"": ""gdelt_doc:turismo"", ""descripcion"": null, ""alcance_texto"": ""titular_metadatos""}"
noticia,url_duplicada,url,https://www.prensa-latina.cu/2026/10/01/presidente-panameno-visitara-singapur-y-vietnam/,"{""titulo"": ""Presidente panameño visitará Singapur y Vietnam - Noticias Prensa Latina"", ""url"": ""https://www.prensa-latina.cu/2026/10/01/presidente-panameno-visitara-singapur-y-vietnam/"", ""medio"": ""prensa-latina.cu"", ""idioma"": ""es"", ""fecha_publicacion"": null, ""fecha_deteccion"": ""20261001T163000Z"", ""fecha_extraccion"": ""2026-10-06T18:46:40+00:00"", ""origen"": ""gdelt_doc:turismo"", ""descripcion"": null, ""alcance_texto"": ""titular_metadatos""}"
noticia,url_duplicada,url,https://www.panamaamerica.com.pa/nacion/sp-global-ratifica-grado-de-inversion-de-panama-1266643,"{""titulo"": ""S & P Global ratifica grado de inversión de Panamá"", ""url"": ""https://www.panamaamerica.com.pa/nacion/sp-global-ratifica-grado-de-inversion-de-panama-1266643"", ""medio"": ""panamaamerica.com.pa"", ""idioma"": ""es"", ""fecha_publicacion"": null, ""fecha_deteccion"": ""20260923T054500Z"", ""fecha_extraccion"": ""2026-10-06T18:46:40+00:00"", ""origen"": ""gdelt_doc:turismo"", ""descripcion"": null, ""alcance_texto"": ""titular_metadatos""}"
noticia,url_duplicada,url,https://www.prensa.com/opinion/una-nueva-ley-de-turismo-para-llevar-inversion-a-todo-panama/,"{""titulo"": ""Una nueva Ley de Turismo para llevar inversión a todo Panamá"", ""url"": ""https://www.prensa.com/opinion/una-nueva-ley-de-turismo-para-llevar-inversion-a-todo-panama/"", ""medio"": ""prensa.com"", ""idioma"": ""es"", ""fecha_publicacion"": null, ""fecha_deteccion"": ""20260924T033000Z"", ""fecha_extraccion"": ""2026-10-06T18:46:40+00:00"", ""origen"": ""gdelt_doc:turismo"", ""descripcion"": null, ""alcance_texto"": ""titular_metadatos""}"
noticia,url_duplicada,url,https://www.semana.com/turismo/articulo/la-ciudad-del-caribe-colombiano-que-estrena-ruta-aerea-internacional/202630/,"{""titulo"": ""La ciudad del Caribe colombiano que estrena nueva ruta aérea internacional"", ""url"": ""https://www.semana.com/turismo/articulo/la-ciudad-del-caribe-colombiano-que-estrena-ruta-aerea-internacional/202630/"", ""medio"": ""semana.com"", ""idioma"": ""es"", ""fecha_publicacion"": null, ""fecha_deteccion"": ""20261001T010000Z"", ""fecha_extraccion"": ""2026-10-06T18:46:40+00:00"", ""origen"": ""gdelt_doc:turismo"", ""descripcion"": null, ""alcance_texto"": ""titular_metadatos""}"
noticia,url_duplicada,url,https://www.critica.com.pa/nacional/panama-mantiene-calificacion-bbb-mientras-sp-proyecta-crecimiento-de-45-516847,"{""titulo"": ""Panamá mantiene calificación BBB - mientras S & P proyecta crecimiento de 4 . 5 %"", ""url"": ""https://www.critica.com.pa/nacional/panama-mantiene-calificacion-bbb-mientras-sp-proyecta-crecimiento-de-45-516847"", ""medio"": ""critica.com.pa"", ""idioma"": ""es"", ""fecha_publicacion"": null, ""fecha_deteccion"": ""20260923T040000Z"", ""fecha_extraccion"": ""2026-10-06T18:46:40+00:00"", ""origen"": ""gdelt_doc:turismo"", ""descripcion"": null, ""alcance_texto"": ""titular_metadatos""}"
noticia,url_duplicada,url,https://www.laestrella.com.pa/economia/inversiones-en-espana-hay-mucho-interes-por-panama-asegura-molto-BI25873323,"{""titulo"": ""Inversiones : En España , hay mucho interés por Panamá , asegura Moltó"", ""url"": ""https://www.laestrella.com.pa/economia/inversiones-en-espana-hay-mucho-interes-por-panama-asegura-molto-BI25873323"", ""medio"": ""laestrella.com.pa"", ""idioma"": ""es"", ""fecha_publicacion"": null, ""fecha_deteccion"": ""20260922T003000Z"", ""fecha_extraccion"": ""2026-10-06T18:46:40+00:00"", ""origen"": ""gdelt_doc:turismo"", ""descripcion"": null, ""alcance_texto"": ""titular_metadatos""}"
noticia,url_duplicada,url,https://n.yam.com/Article/20260924895470,"{""titulo"": ""2026巴拿馬房產投資攻略 ： 外國人購屋法規與黃金簽證解析"", ""url"": ""https://n.yam.com/Article/20260924895470"", ""medio"": ""n.yam.com"", ""idioma"": ""chinese"", ""fecha_publicacion"": null, ""fecha_deteccion"": ""20260924T091500Z"", ""fecha_extraccion"": ""2026-10-06T18:46:40+00:00"", ""origen"": ""gdelt_doc:turismo"", ""descripcion"": null, ""alcance_texto"": ""titular_metadatos""}"
noticia,url_duplicada,url,https://www.prensa.com/contenido-de-marcas/educacion-financiera-que-permanece-bac-fortalece-emprendimientos-en-seis-comarcas-y-territorios/,"{""titulo"": ""Educación financiera que permanece : BAC fortalece emprendimientos en seis comarcas y territorios | La Prensa Panamá"", ""url"": ""https://www.prensa.com/contenido-de-marcas/educacion-financiera-que-permanece-bac-fortalece-emprendimientos-en-seis-comarcas-y-territorios/"", ""medio"": ""prensa.com"", ""idioma"": ""es"", ""fecha_publicacion"": null, ""fecha_deteccion"": ""20261001T060000Z"", ""fecha_extraccion"": ""2026-10-06T18:46:40+00:00"", ""origen"": ""gdelt_doc:turismo"", ""descripcion"": null, ""alcance_texto"": ""titular_metadatos""}"
noticia,url_duplicada,url,https://www.prensa.com/opinion/estabilidad-para-seguir-gastando/,"{""titulo"": ""Estabilidad para seguir gastando"", ""url"": ""https://www.prensa.com/opinion/estabilidad-para-seguir-gastando/"", ""medio"": ""prensa.com"", ""idioma"": ""es"", ""fecha_publicacion"": null, ""fecha_deteccion"": ""20261001T060000Z"", ""fecha_extraccion"": ""2026-10-06T18:46:40+00:00"", ""origen"": ""gdelt_doc:turismo"", ""descripcion"": null, ""alcance_texto"": ""titular_metadatos""}"
noticia,url_duplicada,url,https://www.critica.com.pa/nacional/comision-europea-destaca-avances-para-salir-de-la-lista-fiscal-516838,"{""titulo"": ""Comisión Europea destaca avances para salir de la lista fiscal"", ""url"": ""https://www.critica.com.pa/nacional/comision-europea-destaca-avances-para-salir-de-la-lista-fiscal-516838"", ""medio"": ""critica.com.pa"", ""idioma"": ""es"", ""fecha_publicacion"": null, ""fecha_deteccion"": ""20260923T003000Z"", ""fecha_extraccion"": ""2026-10-06T18:46:40+00:00"", ""origen"": ""gdelt_doc:turismo"", ""descripcion"": null, ""alcance_texto"": ""titular_metadatos""}"
noticia,url_duplicada,url,https://www.panamaamerica.com.pa/economia/tocumen-supera-los-158-millones-de-pasajeros-en-agosto-y-crece-un-15-1266695,"{""titulo"": ""Tocumen supera los 15 . 8 millones de pasajeros en agosto y crece un 15 %"", ""url"": ""https://www.panamaamerica.com.pa/economia/tocumen-supera-los-158-millones-de-pasajeros-en-agosto-y-crece-un-15-1266695"", ""medio"": ""panamaamerica.com.pa"", ""idioma"": ""es"", ""fecha_publicacion"": null, ""fecha_deteccion"": ""20260925T061500Z"", ""fecha_extraccion"": ""2026-10-06T18:46:40+00:00"", ""origen"": ""gdelt_doc:turismo"", ""descripcion"": null, ""alcance_texto"": ""titular_metadatos""}"
noticia,url_duplicada,url,https://www.panamaamerica.com.pa/sociedad/como-se-fija-el-precio-del-combustible-en-panama-el-mef-explica-la-formula-quincenal-tras,"{""titulo"": ""¿ Cómo se fija el precio del combustible en Panamá ? El MEF explica la fórmula quincenal tras aprobarse nuevo subsidio"", ""url"": ""https://www.panamaamerica.com.pa/sociedad/como-se-fija-el-precio-del-combustible-en-panama-el-mef-explica-la-formula-quincenal-tras"", ""medio"": ""panamaamerica.com.pa"", ""idioma"": ""es"", ""fecha_publicacion"": null, ""fecha_deteccion"": ""20261001T233000Z"", ""fecha_extraccion"": ""2026-10-06T18:46:40+00:00"", ""origen"": ""gdelt_doc:turismo"", ""descripcion"": null, ""alcance_texto"": ""titular_metadatos""}"
noticia,url_duplicada,url,https://www.panamaamerica.com.pa/sociedad/como-se-fija-el-precio-del-combustible-en-panama-el-mef-explica-la-formula-quincenal,"{""titulo"": ""¿ Cómo se fija el precio del combustible en Panamá ? El MEF explica la fórmula quincenal"", ""url"": ""https://www.panamaamerica.com.pa/sociedad/como-se-fija-el-precio-del-combustible-en-panama-el-mef-explica-la-formula-quincenal"", ""medio"": ""panamaamerica.com.pa"", ""idioma"": ""es"", ""fecha_publicacion"": null, ""fecha_deteccion"": ""20261002T080000Z"", ""fecha_extraccion"": ""2026-10-06T18:46:40+00:00"", ""origen"": ""gdelt_doc:turismo"", ""descripcion"": null, ""alcance_texto"": ""titular_metadatos""}"
noticia,url_duplicada,url,https://nuevaya.com.ni/internacionales/panama-se-consolida-como-uno-de-los-mercados-de-entretenimiento-digital-de-centroamerica/,"{""titulo"": ""Panamá se consolida como uno de los mercados de entretenimiento digital de Centroamérica"", ""url"": ""https://nuevaya.com.ni/internacionales/panama-se-consolida-como-uno-de-los-mercados-de-entretenimiento-digital-de-centroamerica/"", ""medio"": ""nuevaya.com.ni"", ""idioma"": ""es"", ""fecha_publicacion"": null, ""fecha_deteccion"": ""20260928T153000Z"", ""fecha_extraccion"": ""2026-10-06T18:46:40+00:00"", ""origen"": ""gdelt_doc:turismo"", ""descripcion"": null, ""alcance_texto"": ""titular_metadatos""}"
noticia,url_duplicada,url,https://www.prensa.com/economia/las-razones-y-advertencias-de-sp-para-mantener-el-grado-de-inversion-a-panama/,"{""titulo"": ""Las razones y advertencias de S & P para mantener el grado de inversión a Panamá"", ""url"": ""https://www.prensa.com/economia/las-razones-y-advertencias-de-sp-para-mantener-el-grado-de-inversion-a-panama/"", ""medio"": ""prensa.com"", ""idioma"": ""es"", ""fecha_publicacion"": null, ""fecha_deteccion"": ""20260923T194500Z"", ""fecha_extraccion"": ""2026-10-06T18:46:40+00:00"", ""origen"": ""gdelt_doc:turismo"", ""descripcion"": null, ""alcance_texto"": ""titular_metadatos""}"
noticia,url_duplicada,url,https://www.prensa.com/opinion/del-crecimiento-al-empleo/,"{""titulo"": ""Del crecimiento al empleo"", ""url"": ""https://www.prensa.com/opinion/del-crecimiento-al-empleo/"", ""medio"": ""prensa.com"", ""idioma"": ""es"", ""fecha_publicacion"": null, ""fecha_deteccion"": ""20260923T033000Z"", ""fecha_extraccion"": ""2026-10-06T18:46:40+00:00"", ""origen"": ""gdelt_doc:turismo"", ""descripcion"": null, ""alcance_texto"": ""titular_metadatos""}"
noticia,url_duplicada,url,https://www.prensa.com/economia/la-deuda-publica-llegara-a-64000-millones-en-2027-crecera-a-un-ritmo-mas-lento/,"{""titulo"": ""La deuda pública llegará a $64 , 000 millones en 2027 ; crecerá a un ritmo más lento"", ""url"": ""https://www.prensa.com/economia/la-deuda-publica-llegara-a-64000-millones-en-2027-crecera-a-un-ritmo-mas-lento/"", ""medio"": ""prensa.com"", ""idioma"": ""es"", ""fecha_publicacion"": null, ""fecha_deteccion"": ""20260928T233000Z"", ""fecha_extraccion"": ""2026-10-06T18:46:40+00:00"", ""origen"": ""gdelt_doc:turismo"", ""descripcion"": null, ""alcance_texto"": ""titular_metadatos""}"
noticia,url_duplicada,url,https://wisata.viva.co.id/wisata/30477-promosi-indonesia-di-palace-of-fine-arts-san-francisco-ada-gamelan-hingga-kopi-nusantara,"{""titulo"": ""Promosi Indonesia di Palace of Fine Arts San Francisco , Ada Gamelan hingga Kopi Nusantara"", ""url"": ""https://wisata.viva.co.id/wisata/30477-promosi-indonesia-di-palace-of-fine-arts-san-francisco-ada-gamelan-hingga-kopi-nusantara"", ""medio"": ""wisata.viva.co.id"", ""idioma"": ""indonesian"", ""fecha_publicacion"": null, ""fecha_deteccion"": ""20260922T043000Z"", ""fecha_extraccion"": ""2026-10-06T18:46:40+00:00"", ""origen"": ""gdelt_doc:turismo"", ""descripcion"": null, ""alcance_texto"": ""titular_metadatos""}"
noticia,url_duplicada,url,https://sinmordaza.com/noticia/519793-rosario-avanza-hacia-los-juegos-panamericanos-junior-2029-con-la-firma-del-gobierno-nacional.html,"{""titulo"": ""Rosario avanza hacia los Juegos Panamericanos Junior 2029 con la firma del Gobierno nacional"", ""url"": ""https://sinmordaza.com/noticia/519793-rosario-avanza-hacia-los-juegos-panamericanos-junior-2029-con-la-firma-del-gobierno-nacional.html"", ""medio"": ""sinmordaza.com"", ""idioma"": ""es"", ""fecha_publicacion"": null, ""fecha_deteccion"": ""20260923T211500Z"", ""fecha_extraccion"": ""2026-10-06T18:46:40+00:00"", ""origen"": ""gdelt_doc:turismo"", ""descripcion"": null, ""alcance_texto"": ""titular_metadatos""}"
noticia,url_duplicada,url,https://www.revistaeyn.com/centroamericaymundo/sp-ratifica-a-panama-el-grado-de-inversion-bbb-con-perspectiva-estable-BB32118977,"{""titulo"": ""S & P ratifica a Panamá el grado de inversión BBB - con perspectiva estable"", ""url"": ""https://www.revistaeyn.com/centroamericaymundo/sp-ratifica-a-panama-el-grado-de-inversion-bbb-con-perspectiva-estable-BB32118977"", ""medio"": ""revistaeyn.com"", ""idioma"": ""es"", ""fecha_publicacion"": null, ""fecha_deteccion"": ""20260923T200000Z"", ""fecha_extraccion"": ""2026-10-06T18:46:40+00:00"", ""origen"": ""gdelt_doc:turismo"", ""descripcion"": null, ""alcance_texto"": ""titular_metadatos""}"
noticia,url_duplicada,url,https://www.elsalvador.com/dinero-y-negocios/entorno-economico/negocios-inversion-el-salvador/1296343/2026/,"{""titulo"": ""Los 21 países que buscan hacer negocios en El Salvador"", ""url"": ""https://www.elsalvador.com/dinero-y-negocios/entorno-economico/negocios-inversion-el-salvador/1296343/2026/"", ""medio"": ""elsalvador.com"", ""idioma"": ""es"", ""fecha_publicacion"": null, ""fecha_deteccion"": ""20261001T210000Z"", ""fecha_extraccion"": ""2026-10-06T18:46:40+00:00"", ""origen"": ""gdelt_doc:turismo"", ""descripcion"": null, ""alcance_texto"": ""titular_metadatos""}"
noticia,url_duplicada,url,https://lineadirectaportal.com/sinaloa/restauranteros-piden-reforzar-seguridad-en-culiacan-gobierno-revisara-avances-en-30-dias-2026-10-05__1714906,"{""titulo"": ""Restauranteros piden reforzar seguridad en Culiacán ; Gobierno revisará avances en 30 días"", ""url"": ""https://lineadirectaportal.com/sinaloa/restauranteros-piden-reforzar-seguridad-en-culiacan-gobierno-revisara-avances-en-30-dias-2026-10-05__1714906"", ""medio"": ""lineadirectaportal.com"", ""idioma"": ""es"", ""fecha_publicacion"": null, ""fecha_deteccion"": ""20261006T083000Z"", ""fecha_extraccion"": ""2026-10-06T18:46:40+00:00"", ""origen"": ""gdelt_doc:turismo"", ""descripcion"": null, ""alcance_texto"": ""titular_metadatos""}"
noticia,url_duplicada,url,https://abriendobrecha.tv/politica/san-pedro-sula-se-convierte-en-el-epicentro-regional-con-la-inauguracion-del-xxx-congreso-de-aseguradores-de-centroamerica-panama-y-el-caribe/,"{""titulo"": ""San Pedro Sula se convierte en el epicentro regional con la inauguración del XXX Congreso de Aseguradores de Centroamérica , Panamá y el Caribe"", ""url"": ""https://abriendobrecha.tv/politica/san-pedro-sula-se-convierte-en-el-epicentro-regional-con-la-inauguracion-del-xxx-congreso-de-aseguradores-de-centroamerica-panama-y-el-caribe/"", ""medio"": ""abriendobrecha.tv"", ""idioma"": ""es"", ""fecha_publicacion"": null, ""fecha_deteccion"": ""20260921T211500Z"", ""fecha_extraccion"": ""2026-10-06T18:46:40+00:00"", ""origen"": ""gdelt_doc:turismo"", ""descripcion"": null, ""alcance_texto"": ""titular_metadatos""}"
noticia,url_duplicada,url,https://trinidadexpress.com/business/local/cal-sets-sights-on-growth-after-year-of-stabilisation/article_366d9813-f84a-4f63-8c20-11d7ef3d13cd.html,"{""titulo"": ""CAL sets sights on growth after year of stabilisation"", ""url"": ""https://trinidadexpress.com/business/local/cal-sets-sights-on-growth-after-year-of-stabilisation/article_366d9813-f84a-4f63-8c20-11d7ef3d13cd.html"", ""medio"": ""trinidadexpress.com"", ""idioma"": ""en"", ""fecha_publicacion"": null, ""fecha_deteccion"": ""20260927T063000Z"", ""fecha_extraccion"": ""2026-10-06T18:46:40+00:00"", ""origen"": ""gdelt_doc:turismo"", ""descripcion"": null, ""alcance_texto"": ""titular_metadatos""}"
noticia,url_duplicada,url,https://www.catamarcactual.com.ar/informacion-general/2026/9/21/periodistas-turisticos-de-nueve-paises-llevaron-las-experiencias-de-catamarca-sus-audiencias-295237.html,"{""titulo"": ""Periodistas turísticos de nueve países llevaron las experiencias de Catamarca a sus audiencias"", ""url"": ""https://www.catamarcactual.com.ar/informacion-general/2026/9/21/periodistas-turisticos-de-nueve-paises-llevaron-las-experiencias-de-catamarca-sus-audiencias-295237.html"", ""medio"": ""catamarcactual.com.ar"", ""idioma"": ""es"", ""fecha_publicacion"": null, ""fecha_deteccion"": ""20260921T230000Z"", ""fecha_extraccion"": ""2026-10-06T18:46:40+00:00"", ""origen"": ""gdelt_doc:turismo"", ""descripcion"": null, ""alcance_texto"": ""titular_metadatos""}"
noticia,url_duplicada,url,https://www.thenews.coop/building-bridges-cooperative-contributions-for-a-peaceful-world/,"{""titulo"": ""Building Bridges : Cooperative contributions for a peaceful world"", ""url"": ""https://www.thenews.coop/building-bridges-cooperative-contributions-for-a-peaceful-world/"", ""medio"": ""thenews.coop"", ""idioma"": ""en"", ""fecha_publicacion"": null, ""fecha_deteccion"": ""20261001T170000Z"", ""fecha_extraccion"": ""2026-10-06T18:46:40+00:00"", ""origen"": ""gdelt_doc:turismo"", ""descripcion"": null, ""alcance_texto"": ""titular_metadatos""}"
noticia,url_duplicada,url,https://laprensaaustral.cl/2026/09/27/mas-alla-de-los-discursos-los-tres-pilares-para-una-verdadera-soberania-en-magallanes-y-la-antartica/,"{""titulo"": ""Más allá de los discursos : Los tres pilares para una verdadera soberanía en Magallanes y la Antártica"", ""url"": ""https://laprensaaustral.cl/2026/09/27/mas-alla-de-los-discursos-los-tres-pilares-para-una-verdadera-soberania-en-magallanes-y-la-antartica/"", ""medio"": ""laprensaaustral.cl"", ""idioma"": ""es"", ""fecha_publicacion"": null, ""fecha_deteccion"": ""20260927T144500Z"", ""fecha_extraccion"": ""2026-10-06T18:46:40+00:00"", ""origen"": ""gdelt_doc:turismo"", ""descripcion"": null, ""alcance_texto"": ""titular_metadatos""}"
noticia,url_duplicada,url,https://www.elcorreo.com/politica/anticorrupcion-reclama-gobierno-documentos-sobre-rescate-plus-20260921100109-ntrc.html,"{""titulo"": ""Anticorrupción reclama al Gobierno todos los documentos sobre el rescate de Plus Ultra que siguen ocultos"", ""url"": ""https://www.elcorreo.com/politica/anticorrupcion-reclama-gobierno-documentos-sobre-rescate-plus-20260921100109-ntrc.html"", ""medio"": ""elcorreo.com"", ""idioma"": ""es"", ""fecha_publicacion"": null, ""fecha_deteccion"": ""20260922T090000Z"", ""fecha_extraccion"": ""2026-10-06T18:46:40+00:00"", ""origen"": ""gdelt_doc:turismo"", ""descripcion"": null, ""alcance_texto"": ""titular_metadatos""}"
noticia,url_duplicada,url,https://www.diariosur.es/nacional/anticorrupcion-reclama-gobierno-documentos-sobre-rescate-plus-20260921100109-ntrc.html,"{""titulo"": ""Anticorrupción reclama al Gobierno todos los documentos sobre el rescate de Plus Ultra que siguen ocultos"", ""url"": ""https://www.diariosur.es/nacional/anticorrupcion-reclama-gobierno-documentos-sobre-rescate-plus-20260921100109-ntrc.html"", ""medio"": ""diariosur.es"", ""idioma"": ""es"", ""fecha_publicacion"": null, ""fecha_deteccion"": ""20260922T084500Z"", ""fecha_extraccion"": ""2026-10-06T18:46:40+00:00"", ""origen"": ""gdelt_doc:turismo"", ""descripcion"": null, ""alcance_texto"": ""titular_metadatos""}"
noticia,url_duplicada,url,https://www.eldiariomontanes.es/nacional/anticorrupcion-reclama-gobierno-documentos-sobre-rescate-plus-20260921100109-ntrc.html,"{""titulo"": ""Anticorrupción reclama al Gobierno todos los documentos sobre el rescate de Plus Ultra que siguen ocultos"", ""url"": ""https://www.eldiariomontanes.es/nacional/anticorrupcion-reclama-gobierno-documentos-sobre-rescate-plus-20260921100109-ntrc.html"", ""medio"": ""eldiariomontanes.es"", ""idioma"": ""es"", ""fecha_publicacion"": null, ""fecha_deteccion"": ""20260922T084500Z"", ""fecha_extraccion"": ""2026-10-06T18:46:40+00:00"", ""origen"": ""gdelt_doc:turismo"", ""descripcion"": null, ""alcance_texto"": ""titular_metadatos""}"
noticia,url_duplicada,url,https://finance.eastmoney.com/a/202609293885616370.html,"{""titulo"": ""美股三大指数集体收跌 国际金价跌超4 %； 官方确认新iPhone存在 系统漏洞 ； 段永平再次买入茅台丨每经早参 _ 东方财富网"", ""url"": ""https://finance.eastmoney.com/a/202609293885616370.html"", ""medio"": ""finance.eastmoney.com"", ""idioma"": ""chinese"", ""fecha_publicacion"": null, ""fecha_deteccion"": ""20260928T224500Z"", ""fecha_extraccion"": ""2026-10-06T18:46:40+00:00"", ""origen"": ""gdelt_doc:turismo"", ""descripcion"": null, ""alcance_texto"": ""titular_metadatos""}"
noticia,url_duplicada,url,https://www.nbd.com.cn/articles/2026-09-28/4593934.html,"{""titulo"": ""美官员已同美伊调解方对话 ； 美股三大指数集体收跌 ， 国际金价跌超4 %； 官方确认新iPhone存在 系统漏洞 ； 段永平再次买入茅台丨每经早参"", ""url"": ""https://www.nbd.com.cn/articles/2026-09-28/4593934.html"", ""medio"": ""nbd.com.cn"", ""idioma"": ""chinese"", ""fecha_publicacion"": null, ""fecha_deteccion"": ""20260928T234500Z"", ""fecha_extraccion"": ""2026-10-06T18:46:40+00:00"", ""origen"": ""gdelt_doc:turismo"", ""descripcion"": null, ""alcance_texto"": ""titular_metadatos""}"
noticia,url_duplicada,url,https://annabaa.org/arabic/economicarticles/47450,"{""titulo"": ""ما هي اقتصادات الأسواق الوليدة ، وما أهميتها للاقتصاد العالمي ؟"", ""url"": ""https://annabaa.org/arabic/economicarticles/47450"", ""medio"": ""annabaa.org"", ""idioma"": ""arabic"", ""fecha_publicacion"": null, ""fecha_deteccion"": ""20260922T043000Z"", ""fecha_extraccion"": ""2026-10-06T18:46:40+00:00"", ""origen"": ""gdelt_doc:turismo"", ""descripcion"": null, ""alcance_texto"": ""titular_metadatos""}"
noticia,url_duplicada,url,https://newsinamerica.com/pdcc/boletin/2026/gran-retto-2026-cierra-con-exito-y-fortalece-el-vinculo-turistico-entre-mexico-y-cuba/,"{""titulo"": ""Gran Retto 2026 cierra con éxito y fortalece el vínculo turístico entre México y Cuba • PDCC"", ""url"": ""https://newsinamerica.com/pdcc/boletin/2026/gran-retto-2026-cierra-con-exito-y-fortalece-el-vinculo-turistico-entre-mexico-y-cuba/"", ""medio"": ""newsinamerica.com"", ""idioma"": ""es"", ""fecha_publicacion"": null, ""fecha_deteccion"": ""20260921T223000Z"", ""fecha_extraccion"": ""2026-10-06T18:46:40+00:00"", ""origen"": ""gdelt_doc:turismo"", ""descripcion"": null, ""alcance_texto"": ""titular_metadatos""}"
noticia,url_duplicada,url,https://viagemeturismo.abril.com.br/mundo/atlanta-roteiro-para-percorrer-a-metropole-mais-interessantes-do-sul-dos-estados-unidos/,"{""titulo"": ""Atlanta : roteiro pela vibrante metrópole do Sul dos Estados Unidos"", ""url"": ""https://viagemeturismo.abril.com.br/mundo/atlanta-roteiro-para-percorrer-a-metropole-mais-interessantes-do-sul-dos-estados-unidos/"", ""medio"": ""viagemeturismo.abril.com.br"", ""idioma"": ""pt"", ""fecha_publicacion"": null, ""fecha_deteccion"": ""20260922T183000Z"", ""fecha_extraccion"": ""2026-10-06T18:46:40+00:00"", ""origen"": ""gdelt_doc:turismo"", ""descripcion"": null, ""alcance_texto"": ""titular_metadatos""}"
noticia,idioma_no_soportado,idioma,https://www.setn.com/news/1870888,"{""url"": ""https://www.setn.com/news/1870888"", ""titulo"": ""頂住中國施壓 ！ 巴拿馬1年3度派團訪台 林佳龍揭密驚人台巴經貿 | 政治 | 三立新聞網 SETN . COM"", ""idioma"": ""chinese"", ""origen"": ""gdelt_doc:economia""}"
noticia,idioma_no_soportado,idioma,https://ec.ltn.com.tw/article/breakingnews/5501118,"{""url"": ""https://ec.ltn.com.tw/article/breakingnews/5501118"", ""titulo"": ""斷交9年為何一直來 ？ 巴拿馬議員頻訪台 背後藏台灣經濟實力密碼"", ""idioma"": ""chinese"", ""origen"": ""gdelt_doc:economia""}"
noticia,idioma_no_soportado,idioma,https://www.renminbao.com/rmb/articles/2026/7/11/95858.html,"{""url"": ""https://www.renminbao.com/rmb/articles/2026/7/11/95858.html"", ""titulo"": ""美批中共藉海权扩张施压全球 警告威胁国际安全"", ""idioma"": ""chinese"", ""origen"": ""gdelt_doc:economia""}"
noticia,idioma_no_soportado,idioma,https://alwasat.ly/news/economy/525092,"{""url"": ""https://alwasat.ly/news/economy/525092"", ""titulo"": ""حكومة بنما تبدأ الاستحواذ على حصة الشريك الأميركي في مشروع استراتيجي لنقل النفط"", ""idioma"": ""arabic"", ""origen"": ""gdelt_doc:economia""}"
noticia,idioma_no_soportado,idioma,https://ec.ltn.com.tw/article/breakingnews/5515387,"{""url"": ""https://ec.ltn.com.tw/article/breakingnews/5515387"", ""titulo"": ""近500艘船被扣押氣炸 巴拿馬赴中談判扳回一城 ？"", ""idioma"": ""chinese"", ""origen"": ""gdelt_doc:economia""}"
noticia,idioma_no_soportado,idioma,https://ec.ltn.com.tw/article/breakingnews/5499441,"{""url"": ""https://ec.ltn.com.tw/article/breakingnews/5499441"", ""titulo"": ""北京狂扣押巴拿馬籍船慘了 美官員揚言對中國船公司出重手"", ""idioma"": ""chinese"", ""origen"": ""gdelt_doc:economia""}"
noticia,idioma_no_soportado,idioma,https://www.163.com/dy/article/L2FJBKS80519DTSV.html,"{""url"": ""https://www.163.com/dy/article/L2FJBKS80519DTSV.html"", ""titulo"": ""双海峡危机 叠加巴拿马运河限流 ， 全球能源供应链告急|港口|红海|曼德海峡"", ""idioma"": ""chinese"", ""origen"": ""gdelt_doc:economia""}"
noticia,idioma_no_soportado,idioma,https://finance.jrj.com.cn/2026/07/22142857872113.shtml,"{""url"": ""https://finance.jrj.com.cn/2026/07/22142857872113.shtml"", ""titulo"": ""双海峡危机 叠加巴拿马运河限流 ， 全球能源供应链告急 - 财经 - 金融界"", ""idioma"": ""chinese"", ""origen"": ""gdelt_doc:economia""}"
noticia,idioma_no_soportado,idioma,https://news.ifeng.com/c/8uoBHng80aR,"{""url"": ""https://news.ifeng.com/c/8uoBHng80aR"", ""titulo"": ""巴拿马左脚到大陆求和 ， 右脚到台湾求接盘 ？"", ""idioma"": ""chinese"", ""origen"": ""gdelt_doc:economia""}"
noticia,idioma_no_soportado,idioma,https://www.epochtimes.com/gb/26/7/22/n14815269.htm,"{""url"": ""https://www.epochtimes.com/gb/26/7/22/n14815269.htm"", ""titulo"": ""王友群 ： 美国正在美洲清除中共影响力"", ""idioma"": ""chinese"", ""origen"": ""gdelt_doc:economia""}"
noticia,idioma_no_soportado,idioma,https://www.ntdtv.com/b5/2026/07/23/a104118174.html,"{""url"": ""https://www.ntdtv.com/b5/2026/07/23/a104118174.html"", ""titulo"": ""王友群 ： 美國正在美洲清除中共影響力 | 唐羅主義 | 美洲之盾 | 去共產化"", ""idioma"": ""chinese"", ""origen"": ""gdelt_doc:economia""}"
noticia,idioma_no_soportado,idioma,https://www.newmoney.gr/roh/bloomberg/apo-tous-13-tonous-koka%ce%90nis-sti-wall-street-diktio-me-bitcoin-ke-epavlis-sto-ntoumpai-picsvid/,"{""url"": ""https://www.newmoney.gr/roh/bloomberg/apo-tous-13-tonous-koka%ce%90nis-sti-wall-street-diktio-me-bitcoin-ke-epavlis-sto-ntoumpai-picsvid/"", ""titulo"": ""Από τους 13 τόνους κοκαΐνης στη Wall Street – Δίκτυο με bitcoin και επαύλεις στο Ντουμπάι ( pics+vid ) | Ειδήσεις για την Οικονομία"", ""idioma"": ""greek"", ""origen"": ""gdelt_doc:economia""}"
noticia,idioma_no_soportado,idioma,https://ru.euronews.com/business/2026/07/17/blackrock-tops-15tn-where-does-the-worlds-largest-asset-manager-put-it-all,"{""url"": ""https://ru.euronews.com/business/2026/07/17/blackrock-tops-15tn-where-does-the-worlds-largest-asset-manager-put-it-all"", ""titulo"": ""BlackRock превысил $15 трлн : куда крупнейший управляющий активами вкладывает деньги"", ""idioma"": ""russian"", ""origen"": ""gdelt_doc:economia""}"
noticia,idioma_no_soportado,idioma,https://vestikavkaza.ru/news/es-utverdil-21-j-paket-antirossijskih-sankcij.html,"{""url"": ""https://vestikavkaza.ru/news/es-utverdil-21-j-paket-antirossijskih-sankcij.html"", ""titulo"": ""ЕС утвердил 21 - й пакет антироссийских санкций"", ""idioma"": ""russian"", ""origen"": ""gdelt_doc:economia""}"
noticia,idioma_no_soportado,idioma,https://www.danas.rs/zivot/najsrecniji-gradovi-na-svetu/,"{""url"": ""https://www.danas.rs/zivot/najsrecniji-gradovi-na-svetu/"", ""titulo"": ""Objavljena lista najsrećnijih gradova na svetu : Prvo mesto osvojio grad koji mnogi zaobilaze"", ""idioma"": ""serbian"", ""origen"": ""gdelt_doc:economia""}"
noticia,idioma_no_soportado,idioma,https://news.cts.com.tw/cna/politics/202607/202607093053729.html,"{""url"": ""https://news.cts.com.tw/cna/politics/202607/202607093053729.html"", ""titulo"": ""林佳龍午宴巴拿馬跨黨派議員團 盼開展互惠友好關係 - 政治"", ""idioma"": ""chinese"", ""origen"": ""gdelt_doc:economia""}"
noticia,idioma_no_soportado,idioma,https://lenta.ru/news/2026/07/13/comedy-woman/,"{""url"": ""https://lenta.ru/news/2026/07/13/comedy-woman/"", ""titulo"": ""Звезда Comedy Woman показала отца - иностранца и раскрыла необычный факт о нем"", ""idioma"": ""russian"", ""origen"": ""gdelt_doc:economia""}"
noticia,idioma_no_soportado,idioma,http://www.yenisafak.com/galeri/dunya/almanyadan-yeni-vize-karari-62-ulkeye-kapilar-acildi-turkiye-listede-mi-4839850,"{""url"": ""http://www.yenisafak.com/galeri/dunya/almanyadan-yeni-vize-karari-62-ulkeye-kapilar-acildi-turkiye-listede-mi-4839850"", ""titulo"": ""Almanyadan yeni vize kararı : 62 ülkeye kapılar açıldı ! Türkiye listede mi ?"", ""idioma"": ""turkish"", ""origen"": ""gdelt_doc:economia""}"
noticia,idioma_no_soportado,idioma,https://sputniknews.cn/20260710/1072271373.html,"{""url"": ""https://sputniknews.cn/20260710/1072271373.html"", ""titulo"": ""俄会展基金会 ： 美国对中国在拉美投资感到担忧"", ""idioma"": ""chinese"", ""origen"": ""gdelt_doc:economia""}"
noticia,idioma_no_soportado,idioma,https://www.gazetadopovo.com.br/economia/milionarios-evitam-brasil-america-latina-uruguai-panama-costa-rica/,"{""url"": ""https://www.gazetadopovo.com.br/economia/milionarios-evitam-brasil-america-latina-uruguai-panama-costa-rica/"", ""titulo"": ""Brasil fica de fora dos países mais atraentes para milionários"", ""idioma"": ""pt"", ""origen"": ""gdelt_doc:economia""}"
noticia,idioma_no_soportado,idioma,https://revistaforum.com.br/opiniao/ormuz-malaca-panama-trump-esta-preso-aos-estreitos/,"{""url"": ""https://revistaforum.com.br/opiniao/ormuz-malaca-panama-trump-esta-preso-aos-estreitos/"", ""titulo"": ""Ormuz , Malaca , Panamá : Trump está preso aos estreitos"", ""idioma"": ""pt"", ""origen"": ""gdelt_doc:economia""}"
noticia,idioma_no_soportado,idioma,https://entretenimento.r7.com/vivaavida/prisma/passaporte-para-o-mundo/america-latina-amplia-oportunidades-para-trabalhadores-estrangeiros-veja-onde-encontrar-vagas-oficiais-de-emprego-10072026/,"{""url"": ""https://entretenimento.r7.com/vivaavida/prisma/passaporte-para-o-mundo/america-latina-amplia-oportunidades-para-trabalhadores-estrangeiros-veja-onde-encontrar-vagas-oficiais-de-emprego-10072026/"", ""titulo"": ""Veja onde encontrar vagas oficiais de emprego em países da América Latina"", ""idioma"": ""pt"", ""origen"": ""gdelt_doc:economia""}"
noticia,idioma_no_soportado,idioma,https://finance.eastmoney.com/a/202607133802709112.html,"{""url"": ""https://finance.eastmoney.com/a/202607133802709112.html"", ""titulo"": ""太平洋水温异常牵动全球经济 _ 东方财富网"", ""idioma"": ""chinese"", ""origen"": ""gdelt_doc:economia""}"
noticia,idioma_no_soportado,idioma,https://www.pravda.ru/news/economics/2369009-mexico-lng-export-asia/,"{""url"": ""https://www.pravda.ru/news/economics/2369009-mexico-lng-export-asia/"", ""titulo"": ""Панамский канал остался в стороне : Мексика запустила новый маршрут для американского газа"", ""idioma"": ""russian"", ""origen"": ""gdelt_doc:economia""}"
noticia,idioma_no_soportado,idioma,https://baijiahao.baidu.com/s?id=1871313230718355416,"{""url"": ""https://baijiahao.baidu.com/s?id=1871313230718355416"", ""titulo"": ""马克龙和默茨表示不愿同中国 脱钩 ， 希望中方向欧洲进行技术转让并创造更多就业 ， 外交部回应"", ""idioma"": ""chinese"", ""origen"": ""gdelt_doc:economia""}"
noticia,idioma_no_soportado,idioma,https://www.thenewslens.com/article/269056,"{""url"": ""https://www.thenewslens.com/article/269056"", ""titulo"": ""經貿靠北京 、 安全靠華府 ？ 川普重塑拉美影響力 ， 但預測台灣將迎來 「 復交潮 」 並不現實 - TNL The News Lens 關鍵評論網"", ""idioma"": ""chinese"", ""origen"": ""gdelt_doc:economia""}"
noticia,idioma_no_soportado,idioma,https://iz.ru/2137601/2026-07-24/evrosoiuz-vvel-sanktcii-protiv-chetyrekh-aeroportov-rossii,"{""url"": ""https://iz.ru/2137601/2026-07-24/evrosoiuz-vvel-sanktcii-protiv-chetyrekh-aeroportov-rossii"", ""titulo"": ""ЕС ввел санкции против четырех аэропортов России"", ""idioma"": ""russian"", ""origen"": ""gdelt_doc:economia""}"
noticia,idioma_no_soportado,idioma,https://www.bhaskar.com/career/news/india-panama-maritime-security-iasv-triveni-current-affairs-2026-138521246.html,"{""url"": ""https://www.bhaskar.com/career/news/india-panama-maritime-security-iasv-triveni-current-affairs-2026-138521246.html"", ""titulo"": ""India Panama Maritime Security Cooperation | IASV Triveni Return Update"", ""idioma"": ""hindi"", ""origen"": ""gdelt_doc:economia""}"
noticia,idioma_no_soportado,idioma,https://www.ntdtv.com/b5/2026/07/09/a104113865.html,"{""url"": ""https://www.ntdtv.com/b5/2026/07/09/a104113865.html"", ""titulo"": ""美駐英大使警告威脅 川普不忘格陵蘭另有因 ？ | 中共威脅 | 國際海事組織 | 中共企圖"", ""idioma"": ""chinese"", ""origen"": ""gdelt_doc:economia""}"
noticia,idioma_no_soportado,idioma,https://www.ilgiornaledivicenza.it/news/mondo/panama-fitch-conferma-debito-sovrano-a-bb-e-stima-il-pil-a-4-nel-2026-1.13076755,"{""url"": ""https://www.ilgiornaledivicenza.it/news/mondo/panama-fitch-conferma-debito-sovrano-a-bb-e-stima-il-pil-a-4-nel-2026-1.13076755"", ""titulo"": ""Panama , Fitch conferma debito sovrano a BB+ e stima il Pil a +4 % nel 2026"", ""idioma"": ""italian"", ""origen"": ""gdelt_doc:economia""}"
noticia,idioma_no_soportado,idioma,https://arabic.euronews.com/business/2026/07/17/blackrock-tops-15tn-where-does-the-worlds-largest-asset-manager-put-it-all,"{""url"": ""https://arabic.euronews.com/business/2026/07/17/blackrock-tops-15tn-where-does-the-worlds-largest-asset-manager-put-it-all"", ""titulo"": ""بلاك روك تتجاوز أصولها بقيمة 15 تريليون دولار : أين يستثمر أكبر مدير أصول في العالم ؟"", ""idioma"": ""arabic"", ""origen"": ""gdelt_doc:economia""}"
noticia,idioma_no_soportado,idioma,https://www.larena.it/news/mondo/panama-fitch-conferma-debito-sovrano-a-bb-e-stima-il-pil-a-4-nel-2026-1.13076755,"{""url"": ""https://www.larena.it/news/mondo/panama-fitch-conferma-debito-sovrano-a-bb-e-stima-il-pil-a-4-nel-2026-1.13076755"", ""titulo"": ""Panama , Fitch conferma debito sovrano a BB+ e stima il Pil a +4 % nel 2026"", ""idioma"": ""italian"", ""origen"": ""gdelt_doc:economia""}"
noticia,idioma_no_soportado,idioma,https://udn.com/news/story/6811/9626779,"{""url"": ""https://udn.com/news/story/6811/9626779"", ""titulo"": ""全球海峽收費一次看 ！ 台灣海峽身價曝光 唯一收費天然航道在土耳其 | 中東戰火連綿 | 全球"", ""idioma"": ""chinese"", ""origen"": ""gdelt_doc:economia""}"
noticia,idioma_no_soportado,idioma,https://www.epochtimes.com/gb/26/7/12/n14808138.htm,"{""url"": ""https://www.epochtimes.com/gb/26/7/12/n14808138.htm"", ""titulo"": ""扩大中共军工黑名单 川普再现 以实力求和平"", ""idioma"": ""chinese"", ""origen"": ""gdelt_doc:economia""}"
noticia,idioma_no_soportado,idioma,https://www.ntdtv.com/b5/2026/07/23/a104117948.html,"{""url"": ""https://www.ntdtv.com/b5/2026/07/23/a104117948.html"", ""titulo"": ""【 百年真相 】 中共在拉美接連失利 三大挫折震動北京 | 巴拿馬運河爭奪戰 | 馬杜羅 | 祕魯總統倒台"", ""idioma"": ""chinese"", ""origen"": ""gdelt_doc:economia""}"
noticia,idioma_no_soportado,idioma,https://iz.ru/2137640/2026-07-24/avstriiskii-deputat-zaiavil-o-posledstviiakh-novykh-sanktcii-es-protiv-rossii,"{""url"": ""https://iz.ru/2137640/2026-07-24/avstriiskii-deputat-zaiavil-o-posledstviiakh-novykh-sanktcii-es-protiv-rossii"", ""titulo"": ""Депутат Европарламента Вилимски : бесконечные санкции ведут к бесконечному конфликту"", ""idioma"": ""russian"", ""origen"": ""gdelt_doc:economia""}"
noticia,idioma_no_soportado,idioma,https://www.inewsgr.com/93/apo-konteiner-me-bananes-se-diktyo-disekatommyrion-to-kykloma-kokanis-pou-odigei-sti-Wall-Street-to-ntoubai-kai-ta-kryptonomismata.htm,"{""url"": ""https://www.inewsgr.com/93/apo-konteiner-me-bananes-se-diktyo-disekatommyrion-to-kykloma-kokanis-pou-odigei-sti-Wall-Street-to-ntoubai-kai-ta-kryptonomismata.htm"", ""titulo"": ""Από κοντέινερ με μπανάνες σε δίκτυο δισεκατομμυρίων : Το κύκλωμα κοκαΐνης που οδηγεί στη Wall Street , το Ντουμπάι και τα κρυπτονομίσματα"", ""idioma"": ""greek"", ""origen"": ""gdelt_doc:economia""}"
noticia,idioma_no_soportado,idioma,https://www.brasil247.com/blog/trump-esta-preso-aos-estreitos/,"{""url"": ""https://www.brasil247.com/blog/trump-esta-preso-aos-estreitos/"", ""titulo"": ""Trump está preso aos estreitos"", ""idioma"": ""pt"", ""origen"": ""gdelt_doc:economia""}"
noticia,idioma_no_soportado,idioma,http://www.81.cn/fyr/16473482.html,"{""url"": ""http://www.81.cn/fyr/16473482.html"", ""titulo"": ""2026年7月13日外交部发言人林剑主持例行记者会"", ""idioma"": ""chinese"", ""origen"": ""gdelt_doc:economia""}"
noticia,idioma_no_soportado,idioma,https://ria.ru/20260723/evrosojuz-2106581113.html,"{""url"": ""https://ria.ru/20260723/evrosojuz-2106581113.html"", ""titulo"": ""ЕС ввел санкции в отношении 48 человек в рамках санкций против России"", ""idioma"": ""russian"", ""origen"": ""gdelt_doc:economia""}"
noticia,idioma_no_soportado,idioma,https://ec.ltn.com.tw/article/breakingnews/5505137,"{""url"": ""https://ec.ltn.com.tw/article/breakingnews/5505137"", ""titulo"": ""川普喊收荷姆茲過路費 全球航道恐大洗牌 ！「 台灣海峽 」 身價曝光"", ""idioma"": ""chinese"", ""origen"": ""gdelt_doc:economia""}"
noticia,idioma_no_soportado,idioma,https://www.zaobao.com.sg/finance/singapore/story20260718-9383014,"{""url"": ""https://www.zaobao.com.sg/finance/singapore/story20260718-9383014"", ""titulo"": ""投资与贸易前景伙伴关系 ( FIT - P ) 增至19国 韩国 、 秘鲁 、 泰国加入"", ""idioma"": ""chinese"", ""origen"": ""gdelt_doc:economia""}"
noticia,idioma_no_soportado,idioma,https://gazeta.ua/articles/world-life/_evrosoyuz-zaprovadiv-novi-obmezhennya-proti-rosijskoyi-ekonomiki-ta-vpk/1255185,"{""url"": ""https://gazeta.ua/articles/world-life/_evrosoyuz-zaprovadiv-novi-obmezhennya-proti-rosijskoyi-ekonomiki-ta-vpk/1255185"", ""titulo"": ""Санкції : Євросоюз запровадив нові обмеження проти російської економіки та ВПК"", ""idioma"": ""ukrainian"", ""origen"": ""gdelt_doc:economia""}"
noticia,idioma_no_soportado,idioma,https://divyamarathi.bhaskar.com/national/news/president-murmu-moldova-visit-pv-sindhu-japan-open-2026-updates-138488809.html,"{""url"": ""https://divyamarathi.bhaskar.com/national/news/president-murmu-moldova-visit-pv-sindhu-japan-open-2026-updates-138488809.html"", ""titulo"": ""President Murmu Moldova Visit ; PV Sindhu Wins Japan Open 2026"", ""idioma"": ""marathi"", ""origen"": ""gdelt_doc:economia""}"
noticia,idioma_no_soportado,idioma,https://www.nakanune.ru/news/2026/07/23/22881167/,"{""url"": ""https://www.nakanune.ru/news/2026/07/23/22881167/"", ""titulo"": ""Под новые санкции попали зампред Центробанка и Мосбиржа"", ""idioma"": ""russian"", ""origen"": ""gdelt_doc:economia""}"
noticia,idioma_no_soportado,idioma,https://www.philenews.com/kosmos/article/1748249/akinita-sto-ntoumpai-ekatommiria-krimmena-se-tichous-ke-enas-singenis-tou-vasilia-to-diktio-piso-ti-megaliteri-kataschesi-koka%CE%90nis-stin-istoria-tis-ispanias/,"{""url"": ""https://www.philenews.com/kosmos/article/1748249/akinita-sto-ntoumpai-ekatommiria-krimmena-se-tichous-ke-enas-singenis-tou-vasilia-to-diktio-piso-ti-megaliteri-kataschesi-koka%CE%90nis-stin-istoria-tis-ispanias/"", ""titulo"": ""Κοκαΐνη - Ισπανία : Παγκόσμιο δίκτυο πίσω από τεράστια κατάσχεση"", ""idioma"": ""greek"", ""origen"": ""gdelt_doc:economia""}"
noticia,idioma_no_soportado,idioma,https://gazeta.ua/ru/articles/world-life/_evrosoyuz-vvel-novye-ogranicheniya-protiv-rossijskoj-ekonomiki-i-vpkm/1255185,"{""url"": ""https://gazeta.ua/ru/articles/world-life/_evrosoyuz-vvel-novye-ogranicheniya-protiv-rossijskoj-ekonomiki-i-vpkm/1255185"", ""titulo"": ""Санкции : Евросоюз ввел новые ограничения против российской экономики и ВПК"", ""idioma"": ""russian"", ""origen"": ""gdelt_doc:economia""}"
noticia,idioma_no_soportado,idioma,https://www.kommersant.ru/doc/8833299,"{""url"": ""https://www.kommersant.ru/doc/8833299"", ""titulo"": ""Евросоюз утвердил крупнейший за четыре года пакет санкций против России"", ""idioma"": ""russian"", ""origen"": ""gdelt_doc:economia""}"
noticia,idioma_no_soportado,idioma,http://news.china.com.cn/2026-08/02/content_118629928.shtml,"{""url"": ""http://news.china.com.cn/2026-08/02/content_118629928.shtml"", ""titulo"": ""巴拿马运河 缺水 影响几何 _ 中国网"", ""idioma"": ""chinese"", ""origen"": ""gdelt_doc:economia""}"
noticia,idioma_no_soportado,idioma,https://finance.sina.com.cn/tech/roll/2026-08-03/doc-inikyarf6475797.shtml,"{""url"": ""https://finance.sina.com.cn/tech/roll/2026-08-03/doc-inikyarf6475797.shtml"", ""titulo"": ""巴拿马运河 缺水 影响几何 _ 新浪科技 _ 新浪网"", ""idioma"": ""chinese"", ""origen"": ""gdelt_doc:economia""}"
noticia,idioma_no_soportado,idioma,https://www.163.com/news/article/L3AF97CL00019B3E.html,"{""url"": ""https://www.163.com/news/article/L3AF97CL00019B3E.html"", ""titulo"": ""撤销长和两港口经营权 ， 巴拿马惹恼中国 ， 这回真吃瘪了"", ""idioma"": ""chinese"", ""origen"": ""gdelt_doc:economia""}"
noticia,idioma_no_soportado,idioma,https://baijiahao.baidu.com/s?id=1872403098534183096,"{""url"": ""https://baijiahao.baidu.com/s?id=1872403098534183096"", ""titulo"": ""巴拿马运河 缺水 ， 咋办 ？"", ""idioma"": ""chinese"", ""origen"": ""gdelt_doc:economia""}"
noticia,idioma_no_soportado,idioma,https://baijiahao.baidu.com/s?id=1872402960691191975,"{""url"": ""https://baijiahao.baidu.com/s?id=1872402960691191975"", ""titulo"": ""巴拿马运河 缺水 ， 咋办 ？"", ""idioma"": ""chinese"", ""origen"": ""gdelt_doc:economia""}"
noticia,idioma_no_soportado,idioma,http://www.cfi.net.cn/p20260802000104.html,"{""url"": ""http://www.cfi.net.cn/p20260802000104.html"", ""titulo"": ""巴拿马运河 缺水 影响几何 - CFi . CN 中财网"", ""idioma"": ""chinese"", ""origen"": ""gdelt_doc:economia""}"
noticia,idioma_no_soportado,idioma,https://www.tarunbharat.com/a-rich-link-connecting-to-south-america/,"{""url"": ""https://www.tarunbharat.com/a-rich-link-connecting-to-south-america/"", ""titulo"": ""A rich link connecting to South America"", ""idioma"": ""marathi"", ""origen"": ""gdelt_doc:economia""}"
noticia,idioma_no_soportado,idioma,https://www.haberler.com/guncel/japonya-ve-meksika-enerji-alanindaki-isbirligini-20115633-haberi/,"{""url"": ""https://www.haberler.com/guncel/japonya-ve-meksika-enerji-alanindaki-isbirligini-20115633-haberi/"", ""titulo"": ""Japonya ve Meksika Enerji ve Ekonomi Diyaloğunda Anlaştı"", ""idioma"": ""turkish"", ""origen"": ""gdelt_doc:economia""}"
noticia,idioma_no_soportado,idioma,https://hnonline.sk/komentare/komentare/96295684-zatah-na-rusku-tienovu-flotilu-pripad-tankera-ukazuje-ake-su-sankcie-eu-bezzube,"{""url"": ""https://hnonline.sk/komentare/komentare/96295684-zatah-na-rusku-tienovu-flotilu-pripad-tankera-ukazuje-ake-su-sankcie-eu-bezzube"", ""titulo"": ""Záťah na ruskú tieňovú flotilu ? Prípad tankera ukazuje , aké sú sankcie EÚ bezzubé"", ""idioma"": ""slovak"", ""origen"": ""gdelt_doc:economia""}"
noticia,idioma_no_soportado,idioma,https://albeu.com/lajme/bota/el-nino-kercenon-ekonomine-globale-mot-ekstrem-ushqime-me-te-shtrenjta-dhe-pasoja-qe-mund-te-zgjasin-me-vite/959696/,"{""url"": ""https://albeu.com/lajme/bota/el-nino-kercenon-ekonomine-globale-mot-ekstrem-ushqime-me-te-shtrenjta-dhe-pasoja-qe-mund-te-zgjasin-me-vite/959696/"", ""titulo"": ""El Niño kërcënon ekonominë globale : mot ekstrem , ushqime më të shtrenjta dhe pasoja që mund të zgjasin me vite"", ""idioma"": ""albanian"", ""origen"": ""gdelt_doc:economia""}"
noticia,idioma_no_soportado,idioma,https://www.klix.ba/vijesti/svijet/novi-predsjednik-kolumbije-objavio-rat-narko-kartelima-trumpova-administracija-salje-milijardu-dolara-pomoci/260808002,"{""url"": ""https://www.klix.ba/vijesti/svijet/novi-predsjednik-kolumbije-objavio-rat-narko-kartelima-trumpova-administracija-salje-milijardu-dolara-pomoci/260808002"", ""titulo"": ""Novi predsjednik Kolumbije objavio rat narko - kartelima , Trumpova administracija šalje milijardu dolara pomoći"", ""idioma"": ""croatian"", ""origen"": ""gdelt_doc:economia""}"
noticia,idioma_no_soportado,idioma,https://www.dunya.com/ekonomik-veriler/turkiyenin-latin-amerika-ihracati-ilk-6-ayda-25-milyar-dolara-ulasti-haberi-834100,"{""url"": ""https://www.dunya.com/ekonomik-veriler/turkiyenin-latin-amerika-ihracati-ilk-6-ayda-25-milyar-dolara-ulasti-haberi-834100"", ""titulo"": ""Türkiyenin Latin Amerika ihracatı ilk 6 ayda 2 , 5 milyar dolara ulaştı"", ""idioma"": ""turkish"", ""origen"": ""gdelt_doc:economia""}"
noticia,idioma_no_soportado,idioma,https://www.aboluowang.com/2026/0729/2413987.html,"{""url"": ""https://www.aboluowang.com/2026/0729/2413987.html"", ""titulo"": ""美中开战 美国务院明说了"", ""idioma"": ""chinese"", ""origen"": ""gdelt_doc:economia""}"
noticia,idioma_no_soportado,idioma,https://www.voachinese.com/a/us-plans-to-spend-hundreds-of-millions-of-dollars-to-curb-chinese-influence-globally-20260728/8179052.html,"{""url"": ""https://www.voachinese.com/a/us-plans-to-spend-hundreds-of-millions-of-dollars-to-curb-chinese-influence-globally-20260728/8179052.html"", ""titulo"": ""美国计划斥资数亿美元 ， 阻止中国在全球的影响力 ， 包括更换加勒比和中美洲海底通信电缆等"", ""idioma"": ""chinese"", ""origen"": ""gdelt_doc:economia""}"
noticia,idioma_no_soportado,idioma,https://www.gazetaexpress.com/sa-e-demton-el-nino-ekonomine-boterore/,"{""url"": ""https://www.gazetaexpress.com/sa-e-demton-el-nino-ekonomine-boterore/"", ""titulo"": ""Sa e dëmton „ El Niño ekonominë botërore"", ""idioma"": ""albanian"", ""origen"": ""gdelt_doc:economia""}"
noticia,idioma_no_soportado,idioma,https://www.epochtimes.com/gb/26/8/7/n14825572.htm,"{""url"": ""https://www.epochtimes.com/gb/26/8/7/n14825572.htm"", ""titulo"": ""专访吴嘉隆 ： 美中全球博弈 唐罗主义升级 ( 下 )"", ""idioma"": ""chinese"", ""origen"": ""gdelt_doc:economia""}"
noticia,idioma_no_soportado,idioma,https://www.nbd.com.cn/articles/2026-08-06/4533799.html,"{""url"": ""https://www.nbd.com.cn/articles/2026-08-06/4533799.html"", ""titulo"": ""150年来最强 厄尔尼诺逼近 ， 7月小麦价格涨超8 %！ 专访联合国粮农组织首席经济学家托雷罗 ： 气候风险若叠加出口限制 ， 恐新增2140万饥饿人口"", ""idioma"": ""chinese"", ""origen"": ""gdelt_doc:economia""}"
noticia,idioma_no_soportado,idioma,https://www.vizionplus.tv/sa-e-demton-el-nino-ekonomine-boterore/,"{""url"": ""https://www.vizionplus.tv/sa-e-demton-el-nino-ekonomine-boterore/"", ""titulo"": ""Sa e dëmton El Nino ekonominë botërore"", ""idioma"": ""albanian"", ""origen"": ""gdelt_doc:economia""}"
noticia,idioma_no_soportado,idioma,https://zn.ua/ukr/war/smittjevij-kolaps-u-rf-tspd-rozpoviv-jak-u-kaspijsku-komunalna-tekhnika-masovo-lamajetsja-cherez-nejakisne-palne.html,"{""url"": ""https://zn.ua/ukr/war/smittjevij-kolaps-u-rf-tspd-rozpoviv-jak-u-kaspijsku-komunalna-tekhnika-masovo-lamajetsja-cherez-nejakisne-palne.html"", ""titulo"": ""Сміттєвий колапс у РФ - комунальна техніка зламалася через застаріле пальне"", ""idioma"": ""ukrainian"", ""origen"": ""gdelt_doc:economia""}"
noticia,idioma_no_soportado,idioma,https://kontrakty.ua/article/294411,"{""url"": ""https://kontrakty.ua/article/294411"", ""titulo"": ""Росія на тлі паливної кризи почала імпортувати бензин із Марокко , - Reuters"", ""idioma"": ""ukrainian"", ""origen"": ""gdelt_doc:economia""}"
noticia,idioma_no_soportado,idioma,https://www.interfax.ru/russia/1106466,"{""url"": ""https://www.interfax.ru/russia/1106466"", ""titulo"": ""Зампред Газпрома подчеркнул , что трубопроводы - это самый надежный способ поставки газа"", ""idioma"": ""russian"", ""origen"": ""gdelt_doc:economia""}"
noticia,idioma_no_soportado,idioma,https://baijiahao.baidu.com/s?id=1871547651990950305,"{""url"": ""https://baijiahao.baidu.com/s?id=1871547651990950305"", ""titulo"": ""英媒 ： 中国粮食安全有保障世界也受益"", ""idioma"": ""chinese"", ""origen"": ""gdelt_doc:economia""}"
noticia,idioma_no_soportado,idioma,https://kohajone.com/aktualitet/radio-gjermane-dw-el-nino-mund-do-godase-planetin-duke-sjelle-shkaterrime-me-i-forti-ne-140-vite/,"{""url"": ""https://kohajone.com/aktualitet/radio-gjermane-dw-el-nino-mund-do-godase-planetin-duke-sjelle-shkaterrime-me-i-forti-ne-140-vite/"", ""titulo"": ""Radio gjermane DW : El Nino mund të godasë planetin duke sjellë shkaterrime . Më i forti në 140 vite !"", ""idioma"": ""albanian"", ""origen"": ""gdelt_doc:economia""}"
noticia,idioma_no_soportado,idioma,https://www.albiladpress.com/news/2026/6505/arab-and-world/1012765.html,"{""url"": ""https://www.albiladpress.com/news/2026/6505/arab-and-world/1012765.html"", ""titulo"": ""جريدة البلاد | مستشار بمركز الخليج للأبحاث : قانون البحار يحتاج إلى تطوير لحماية المضايق الاستراتيجية"", ""idioma"": ""arabic"", ""origen"": ""gdelt_doc:economia""}"
noticia,idioma_no_soportado,idioma,https://www.haberler.com/guncel/peru-da-devlet-baskanligi-secimini-kazanan-keiko-20096349-haberi/,"{""url"": ""https://www.haberler.com/guncel/peru-da-devlet-baskanligi-secimini-kazanan-keiko-20096349-haberi/"", ""titulo"": ""Peruda devlet başkanlığı seçimini kazanan Keiko Fujimori yemin ederek görevine başladı"", ""idioma"": ""turkish"", ""origen"": ""gdelt_doc:economia""}"
noticia,idioma_no_soportado,idioma,https://veja.abril.com.br/mundo/chanceler-do-japao-defende-aproximacao-e-maiores-lacos-economicos-com-america-latina/,"{""url"": ""https://veja.abril.com.br/mundo/chanceler-do-japao-defende-aproximacao-e-maiores-lacos-economicos-com-america-latina/"", ""titulo"": ""Chanceler do Japão defende aproximao e maiores laços econômicos com América Latina"", ""idioma"": ""pt"", ""origen"": ""gdelt_doc:economia""}"
noticia,idioma_no_soportado,idioma,https://www.birgun.net/haber/peru-da-devlet-baskanligi-secimini-kazanan-sagci-keiko-fujimori-goreve-basladi-726166,"{""url"": ""https://www.birgun.net/haber/peru-da-devlet-baskanligi-secimini-kazanan-sagci-keiko-fujimori-goreve-basladi-726166"", ""titulo"": ""Peruda devlet başkanlığı seçimini kazanan sağcı Keiko Fujimori göreve başladı"", ""idioma"": ""turkish"", ""origen"": ""gdelt_doc:economia""}"
noticia,idioma_no_soportado,idioma,https://www.birgun.net/haber/peru-da-devlet-baskanligi-secimini-kazanan-sagci-keiko-fujimori-goreve-basladi-726166%20target=_blank%20class=stretched-link,"{""url"": ""https://www.birgun.net/haber/peru-da-devlet-baskanligi-secimini-kazanan-sagci-keiko-fujimori-goreve-basladi-726166%20target=_blank%20class=stretched-link"", ""titulo"": ""Peruda devlet başkanlığı seçimini kazanan sağcı Keiko Fujimori göreve başladı"", ""idioma"": ""turkish"", ""origen"": ""gdelt_doc:economia""}"
noticia,idioma_no_soportado,idioma,https://news.pts.org.tw/article/821464,"{""url"": ""https://news.pts.org.tw/article/821464"", ""titulo"": ""哥倫比亞總統艾思普雷雅就任 中南美洲政治續向右傾 ｜ 公視新聞網 PNN"", ""idioma"": ""chinese"", ""origen"": ""gdelt_doc:economia""}"
noticia,idioma_no_soportado,idioma,https://www.albayan.ae/news/world/1544906,"{""url"": ""https://www.albayan.ae/news/world/1544906"", ""titulo"": ""حليف ترامب رئيساً لكولومبيا .. حرب على المخدرات وتقليص الحكومة 40 %"", ""idioma"": ""arabic"", ""origen"": ""gdelt_doc:economia""}"
noticia,idioma_no_soportado,idioma,https://www.fixygen.ua/news/20260724/meksika-i-tayiland-uviyshli-do-triyki-naykrashchih-krayin-dlya-ekspativ.html,"{""url"": ""https://www.fixygen.ua/news/20260724/meksika-i-tayiland-uviyshli-do-triyki-naykrashchih-krayin-dlya-ekspativ.html"", ""titulo"": ""Мексика і Таїланд увійшли до трійки найкращих країн для експатів"", ""idioma"": ""ukrainian"", ""origen"": ""gdelt_doc:economia""}"
noticia,idioma_no_soportado,idioma,https://hqtime.huanqiu.com/share/article/4SsSIh8YjVd,"{""url"": ""https://hqtime.huanqiu.com/share/article/4SsSIh8YjVd"", ""titulo"": ""启动国际投资条约仲裁程序 ！ 长江和记向巴拿马索赔超15亿美元"", ""idioma"": ""chinese"", ""origen"": ""gdelt_doc:economia""}"
noticia,idioma_no_soportado,idioma,https://www.163.com/dy/article/L4RCEBSU0514R9OJ.html,"{""url"": ""https://www.163.com/dy/article/L4RCEBSU0514R9OJ.html"", ""titulo"": ""启动国际投资条约仲裁程序 ！ 长江和记向巴拿马索赔超15亿美元"", ""idioma"": ""chinese"", ""origen"": ""gdelt_doc:economia""}"
noticia,idioma_no_soportado,idioma,https://www.antaranews.com/berita/5695107/112-tahun-terusan-panama-perkuat-peran-strategis-perdagangan-global,"{""url"": ""https://www.antaranews.com/berita/5695107/112-tahun-terusan-panama-perkuat-peran-strategis-perdagangan-global"", ""titulo"": ""112 tahun Terusan Panama perkuat peran strategis perdagangan global"", ""idioma"": ""indonesian"", ""origen"": ""gdelt_doc:economia""}"
noticia,idioma_no_soportado,idioma,https://www.correiodopovo.com.br/not%C3%ADcias/mundo/canal-do-panama-limita-transito-diario-diante-da-previsao-de-el-nino-severo-1.1740906,"{""url"": ""https://www.correiodopovo.com.br/not%C3%ADcias/mundo/canal-do-panama-limita-transito-diario-diante-da-previsao-de-el-nino-severo-1.1740906"", ""titulo"": ""Canal do Panamá limita trânsito diário diante da previsão de El Niño severo"", ""idioma"": ""pt"", ""origen"": ""gdelt_doc:economia""}"
noticia,idioma_no_soportado,idioma,https://baijiahao.baidu.com/s?id=1873196515363565257,"{""url"": ""https://baijiahao.baidu.com/s?id=1873196515363565257"", ""titulo"": ""共话中国经济新机遇｜通讯 ： 一杯巴拿马瑰夏见证中巴咖啡合作新图景"", ""idioma"": ""chinese"", ""origen"": ""gdelt_doc:economia""}"
noticia,idioma_no_soportado,idioma,https://baijiahao.baidu.com/s?id=1873197489696819835,"{""url"": ""https://baijiahao.baidu.com/s?id=1873197489696819835"", ""titulo"": ""共话中国经济新机遇丨通讯 ： 一杯巴拿马瑰夏见证中巴咖啡合作新图景"", ""idioma"": ""chinese"", ""origen"": ""gdelt_doc:economia""}"
noticia,idioma_no_soportado,idioma,https://www.epochtimes.com/gb/26/8/21/n14834379.htm,"{""url"": ""https://www.epochtimes.com/gb/26/8/21/n14834379.htm"", ""titulo"": ""厄尔尼诺回归 冲击巴拿马运河航运和全球贸易"", ""idioma"": ""chinese"", ""origen"": ""gdelt_doc:economia""}"
noticia,idioma_no_soportado,idioma,https://baijiahao.baidu.com/s?id=1873215297427684410,"{""url"": ""https://baijiahao.baidu.com/s?id=1873215297427684410"", ""titulo"": ""共话中国经济新机遇丨通讯 ： 一杯巴拿马瑰夏见证中巴咖啡合作新图景"", ""idioma"": ""chinese"", ""origen"": ""gdelt_doc:economia""}"
noticia,idioma_no_soportado,idioma,https://baijiahao.baidu.com/s?id=1873455235006817568,"{""url"": ""https://baijiahao.baidu.com/s?id=1873455235006817568"", ""titulo"": ""社评 ： 数字护照 发到巴拿马 ， 美国的手伸得太长了"", ""idioma"": ""chinese"", ""origen"": ""gdelt_doc:economia""}"
noticia,idioma_no_soportado,idioma,https://www.wenxuecity.com/news/2026/08/21/126749497.html,"{""url"": ""https://www.wenxuecity.com/news/2026/08/21/126749497.html"", ""titulo"": ""霍尔木兹海峡动荡 如何在巴拿马运河引发中美角力 ？"", ""idioma"": ""chinese"", ""origen"": ""gdelt_doc:economia""}"
noticia,idioma_no_soportado,idioma,https://www.gujaratsamachar.com/news/lifestyle-fashion/these-are-the-best-countries-in-the-world-to-settle-abroad-usa-ranks-20th-thailand-among-top-3-43648811266,"{""url"": ""https://www.gujaratsamachar.com/news/lifestyle-fashion/these-are-the-best-countries-in-the-world-to-settle-abroad-usa-ranks-20th-thailand-among-top-3-43648811266"", ""titulo"": ""વિદેશમાં સેટલ થવા માટે આ છે દુનિયાના બેસ્ટ દેશો ! અમેરિકા 20મા ક્રમે , 31 દેશોની યાદીમાં ભારતને સ્થાન નહીં"", ""idioma"": ""gujarati"", ""origen"": ""gdelt_doc:economia""}"
noticia,idioma_no_soportado,idioma,https://orf.at/stories/3439792/,"{""url"": ""https://orf.at/stories/3439792/"", ""titulo"": ""Wenig Wasser : Panamakanal reduziert Schiffsverkehr"", ""idioma"": ""german"", ""origen"": ""gdelt_doc:economia""}"
noticia,idioma_no_soportado,idioma,https://www.wenxuecity.com/news/2026/08/20/126748705.html,"{""url"": ""https://www.wenxuecity.com/news/2026/08/20/126748705.html"", ""titulo"": ""霍尔木兹动荡 ， 如何在巴拿马运河引发中美角力 ？"", ""idioma"": ""chinese"", ""origen"": ""gdelt_doc:economia""}"
noticia,idioma_no_soportado,idioma,https://baijiahao.baidu.com/s?id=1873451192935958716,"{""url"": ""https://baijiahao.baidu.com/s?id=1873451192935958716"", ""titulo"": ""美国竟要到巴拿马搞AI 数字护照 试点 ， 专家 ： 是其霸权主义的一贯表现"", ""idioma"": ""chinese"", ""origen"": ""gdelt_doc:economia""}"
noticia,idioma_no_soportado,idioma,https://www.haberler.com/dunya/hurmuz-panama-kanali-nda-super-gucler-arasindaki-20168600-haberi/,"{""url"": ""https://www.haberler.com/dunya/hurmuz-panama-kanali-nda-super-gucler-arasindaki-20168600-haberi/"", ""titulo"": ""Hürmüz , Panama Kanalı nda süper gler arasındaki anlaşmazlığı nasıl körklüyor ?"", ""idioma"": ""turkish"", ""origen"": ""gdelt_doc:economia""}"
noticia,idioma_no_soportado,idioma,https://finance.sina.com.cn/roll/2026-08-14/doc-ininfrtu4262468.shtml,"{""url"": ""https://finance.sina.com.cn/roll/2026-08-14/doc-ininfrtu4262468.shtml"", ""titulo"": ""美国竟要到巴拿马搞AI 数字护照 试点 ， 专家 ： 是其霸权主义的一贯表现 _ 新浪财经 _ 新浪网"", ""idioma"": ""chinese"", ""origen"": ""gdelt_doc:economia""}"
noticia,idioma_no_soportado,idioma,https://www.163.com/dy/article/L49AT7MJ0514R9OJ.html,"{""url"": ""https://www.163.com/dy/article/L49AT7MJ0514R9OJ.html"", ""titulo"": ""美国竟要到巴拿马搞AI 数字护照 试点 ， 专家 ： 是其霸权主义的一贯表现|华盛顿|太平洋"", ""idioma"": ""chinese"", ""origen"": ""gdelt_doc:economia""}"
noticia,idioma_no_soportado,idioma,https://blog.udn.com:443/amanda55/177921675,"{""url"": ""https://blog.udn.com:443/amanda55/177921675"", ""titulo"": ""南美遊記 - 哥倫比亞共和國 ( Republic of Colombia ) - Gemini 的部落格"", ""idioma"": ""chinese"", ""origen"": ""gdelt_doc:economia""}"
noticia,idioma_no_soportado,idioma,https://blog.udn.com/amanda55/177921675,"{""url"": ""https://blog.udn.com/amanda55/177921675"", ""titulo"": ""南美遊記 - 哥倫比亞共和國 ( Republic of Colombia ) - Gemini 的部落格"", ""idioma"": ""chinese"", ""origen"": ""gdelt_doc:economia""}"
noticia,idioma_no_soportado,idioma,https://www.argaam.com/ar/article/articledetail/id/1928610,"{""url"": ""https://www.argaam.com/ar/article/articledetail/id/1928610"", ""titulo"": ""ارتفاع رسوم عبور قناة بنما إلى مستويات قياسية"", ""idioma"": ""arabic"", ""origen"": ""gdelt_doc:economia""}"
noticia,idioma_no_soportado,idioma,https://baijiahao.baidu.com/s?id=1873423415247038099,"{""url"": ""https://baijiahao.baidu.com/s?id=1873423415247038099"", ""titulo"": ""社评 ： 数字护照 发到巴拿马 ， 美国的手伸得太长了"", ""idioma"": ""chinese"", ""origen"": ""gdelt_doc:economia""}"
noticia,idioma_no_soportado,idioma,https://www.wenxuecity.com/news/2026/08/12/126739835.html,"{""url"": ""https://www.wenxuecity.com/news/2026/08/12/126739835.html"", ""titulo"": ""美推 硅盛世 倡议新计划 加速盟友间AI关键产品流通"", ""idioma"": ""chinese"", ""origen"": ""gdelt_doc:economia""}"
noticia,idioma_no_soportado,idioma,http://www.china.com.cn/opinion2020/2026-08/14/content_118647077.shtml,"{""url"": ""http://www.china.com.cn/opinion2020/2026-08/14/content_118647077.shtml"", ""titulo"": ""数字护照 发到巴拿马 ， 美国的手伸得太长了 _ 中国网"", ""idioma"": ""chinese"", ""origen"": ""gdelt_doc:economia""}"
noticia,idioma_no_soportado,idioma,https://www.cna.com.tw/news/aopl/202608140004.aspx,"{""url"": ""https://www.cna.com.tw/news/aopl/202608140004.aspx"", ""titulo"": ""赫格塞斯 ： 美軍兵力充足 可無限期封鎖伊朗 | 國際"", ""idioma"": ""chinese"", ""origen"": ""gdelt_doc:economia""}"
noticia,idioma_no_soportado,idioma,https://www.163.com/dy/article/L4SEL6KC0519C6T9.html,"{""url"": ""https://www.163.com/dy/article/L4SEL6KC0519C6T9.html"", ""titulo"": ""美股盘前速递 ： 纳指期货涨0 . 46 %， 存储芯片股普涨 ， SK海力士涨2 %； 国际油价齐跌 ， 金银价格飙涨"", ""idioma"": ""chinese"", ""origen"": ""gdelt_doc:economia""}"
noticia,idioma_no_soportado,idioma,https://www.setn.com/news/1889143,"{""url"": ""https://www.setn.com/news/1889143"", ""titulo"": ""川普稱已掌控荷莫茲海峽 ！ 美戰爭部長 ： 美軍兵力充足 可無限期封鎖伊朗 | 國際 | 三立新聞網 SETN . COM"", ""idioma"": ""chinese"", ""origen"": ""gdelt_doc:economia""}"
noticia,idioma_no_soportado,idioma,https://udn.com/news/story/124061/9685819,"{""url"": ""https://udn.com/news/story/124061/9685819"", ""titulo"": ""不甩美軍警告 ！ 巴拿馬籍貨輪強行航往伊朗港口 遭開火癱瘓 | 中東戰火連綿 | 全球"", ""idioma"": ""chinese"", ""origen"": ""gdelt_doc:economia""}"
noticia,idioma_no_soportado,idioma,https://www.zaobao.com.sg/news/world/story20260814-9521590,"{""url"": ""https://www.zaobao.com.sg/news/world/story20260814-9521590"", ""titulo"": ""美国警告永久封锁伊朗 经济施压升级"", ""idioma"": ""chinese"", ""origen"": ""gdelt_doc:economia""}"
noticia,idioma_no_soportado,idioma,https://www.epochtimes.com/gb/26/8/11/n14827929.htm,"{""url"": ""https://www.epochtimes.com/gb/26/8/11/n14827929.htm"", ""titulo"": ""美军发射地狱火导弹 击中违反封锁令商船"", ""idioma"": ""chinese"", ""origen"": ""gdelt_doc:economia""}"
noticia,idioma_no_soportado,idioma,https://news.tvbs.com.tw/world/4006924,"{""url"": ""https://news.tvbs.com.tw/world/4006924"", ""titulo"": ""赫格塞斯 ： 美軍兵力充足 可無限期封鎖伊朗"", ""idioma"": ""chinese"", ""origen"": ""gdelt_doc:economia""}"
noticia,idioma_no_soportado,idioma,https://udn.com/news/story/124061/9690609,"{""url"": ""https://udn.com/news/story/124061/9690609"", ""titulo"": ""赫格塞斯 ： 美軍兵力充足 可無限期封鎖伊朗 | 中東戰火連綿 | 全球"", ""idioma"": ""chinese"", ""origen"": ""gdelt_doc:economia""}"
noticia,idioma_no_soportado,idioma,https://news.china.com/socialgd/10000169/20260820/49687847.html,"{""url"": ""https://news.china.com/socialgd/10000169/20260820/49687847.html"", ""titulo"": ""河南濮阳地震 3 . 7级震感明显 _ 新闻频道 _ 中华网"", ""idioma"": ""chinese"", ""origen"": ""gdelt_doc:economia""}"
noticia,idioma_no_soportado,idioma,https://www.chinatimes.com/realtimenews/20260823000022-260410,"{""url"": ""https://www.chinatimes.com/realtimenews/20260823000022-260410"", ""titulo"": ""沒有台日韓 《 富比士 》 全球25個退休天堂 亞洲僅3國上榜 - 財經"", ""idioma"": ""chinese"", ""origen"": ""gdelt_doc:economia""}"
noticia,idioma_no_soportado,idioma,https://www.ettoday.net/news/20260814/3218947.htm,"{""url"": ""https://www.ettoday.net/news/20260814/3218947.htm"", ""titulo"": ""美軍兵力充足 ！ 美防長嗆 ： 可無限期封鎖伊朗 | ETtoday國際新聞"", ""idioma"": ""chinese"", ""origen"": ""gdelt_doc:economia""}"
noticia,idioma_no_soportado,idioma,https://news.ltn.com.tw/news/world/breakingnews/5539286,"{""url"": ""https://news.ltn.com.tw/news/world/breakingnews/5539286"", ""titulo"": ""赫格塞斯 ： 美軍兵力充足 可無限期封鎖伊朗 - 國際"", ""idioma"": ""chinese"", ""origen"": ""gdelt_doc:economia""}"
noticia,idioma_no_soportado,idioma,https://www.163.com/dy/article/L43RE16D055040N3.html,"{""url"": ""https://www.163.com/dy/article/L43RE16D055040N3.html"", ""titulo"": ""AI新视界 一条河缺水 ， 面包也吃不起了 ？"", ""idioma"": ""chinese"", ""origen"": ""gdelt_doc:economia""}"
noticia,idioma_no_soportado,idioma,https://www1.folha.uol.com.br/mercado/2026/08/os-melhores-paises-para-estrangeiros-morarem-em-2026-o-brasil-esta-na-lista.shtml,"{""url"": ""https://www1.folha.uol.com.br/mercado/2026/08/os-melhores-paises-para-estrangeiros-morarem-em-2026-o-brasil-esta-na-lista.shtml"", ""titulo"": ""Brasil está entre os melhores países para morar em 2026 - 17 / 08 / 2026 - Economia"", ""idioma"": ""pt"", ""origen"": ""gdelt_doc:economia""}"
noticia,idioma_no_soportado,idioma,https://www.novinky.cz/?timeline--pageItem=40592101,"{""url"": ""https://www.novinky.cz/?timeline--pageItem=40592101"", ""titulo"": ""Novinky . cz - nejčtenější zprávy na českém internetu"", ""idioma"": ""czech"", ""origen"": ""gdelt_doc:economia""}"
noticia,idioma_no_soportado,idioma,https://sarabic.ae/20260820/1116187937.html,"{""url"": ""https://sarabic.ae/20260820/1116187937.html"", ""titulo"": ""من هرمز إلى بنما , الحروب والظروف المناخية يرفعان تكلفة الشحن العالمي ... فماذا في التفاصيل ؟"", ""idioma"": ""arabic"", ""origen"": ""gdelt_doc:economia""}"
noticia,idioma_no_soportado,idioma,https://www.correiobraziliense.com.br/mundo/2026/08/7481731-os-melhores-paises-para-estrangeiros-morarem-em-2026-o-brasil-esta-na-lista.html,"{""url"": ""https://www.correiobraziliense.com.br/mundo/2026/08/7481731-os-melhores-paises-para-estrangeiros-morarem-em-2026-o-brasil-esta-na-lista.html"", ""titulo"": ""Os melhores países para estrangeiros morarem em 2026 ( o Brasil está na lista )"", ""idioma"": ""pt"", ""origen"": ""gdelt_doc:economia""}"
noticia,idioma_no_soportado,idioma,https://revistaforum.com.br/opiniao/hegseth-oriente-medio-america-latina/,"{""url"": ""https://revistaforum.com.br/opiniao/hegseth-oriente-medio-america-latina/"", ""titulo"": ""Pete Hegseth quer usar táticas dos EUA no Oriente Médio na América Latina"", ""idioma"": ""pt"", ""origen"": ""gdelt_doc:economia""}"
noticia,idioma_no_soportado,idioma,https://n.yam.com/Article/20260810495859,"{""url"": ""https://n.yam.com/Article/20260810495859"", ""titulo"": ""國際法蘭克 ／ 伊朗如何敗部復活 無人機迎來大紅大紫"", ""idioma"": ""chinese"", ""origen"": ""gdelt_doc:economia""}"
noticia,idioma_no_soportado,idioma,https://www.kmib.co.kr/article/view.asp?arcid=9000002642&code=11141400&sid1=int,"{""url"": ""https://www.kmib.co.kr/article/view.asp?arcid=9000002642&code=11141400&sid1=int"", ""titulo"": ""생존경제 로 버티기 들어간 이란 , 美 압박에 맞불 - 국민일보"", ""idioma"": ""korean"", ""origen"": ""gdelt_doc:economia""}"
noticia,idioma_no_soportado,idioma,https://www.chinatimes.com/realtimenews/20260821000006-260410,"{""url"": ""https://www.chinatimes.com/realtimenews/20260821000006-260410"", ""titulo"": ""李嘉誠又出手 ！「 逃頂大師 」 再度巨額套現 嗅到什麼訊號 ？ - 財經"", ""idioma"": ""chinese"", ""origen"": ""gdelt_doc:economia""}"
noticia,idioma_no_soportado,idioma,https://www.epochtimes.com/gb/26/8/22/n14834804.htm,"{""url"": ""https://www.epochtimes.com/gb/26/8/22/n14834804.htm"", ""titulo"": ""川普执政后 美忽视的拉丁美洲政坛转向右翼"", ""idioma"": ""chinese"", ""origen"": ""gdelt_doc:economia""}"
noticia,idioma_no_soportado,idioma,https://www.haberler.com/guncel/cin-devlet-baskani-si-latin-amerika-ve-karayip-20156156-haberi/,"{""url"": ""https://www.haberler.com/guncel/cin-devlet-baskani-si-latin-amerika-ve-karayip-20156156-haberi/"", ""titulo"": ""Şi : Latin Amerikanın Ortak Seçimi Bağımsız Olmalı"", ""idioma"": ""turkish"", ""origen"": ""gdelt_doc:economia""}"
noticia,idioma_no_soportado,idioma,https://www.trthaber.com/haber/dunya/trumpin-iran-siyasetine-secim-oncesi-petrol-freni-954374.html,"{""url"": ""https://www.trthaber.com/haber/dunya/trumpin-iran-siyasetine-secim-oncesi-petrol-freni-954374.html"", ""titulo"": ""Trump ın seçim hesabına Hürmüz engeli - Son Dakika Haberleri"", ""idioma"": ""turkish"", ""origen"": ""gdelt_doc:economia""}"
noticia,idioma_no_soportado,idioma,https://www.radiosvoboda.org/a/news-ukrajina-sankciji-nezakonne-vyvezennja-zerna/33830579.html,"{""url"": ""https://www.radiosvoboda.org/a/news-ukrajina-sankciji-nezakonne-vyvezennja-zerna/33830579.html"", ""titulo"": ""Україна запровадила санкції через незаконне вивезення зерна . У списку 13 суден , 11 осіб і 28 компаній"", ""idioma"": ""ukrainian"", ""origen"": ""gdelt_doc:economia""}"
noticia,idioma_no_soportado,idioma,https://www.dunya.com/ekonomi/guclu-el-nino-geliyor-kuresel-ekonomide-trilyonlarca-dolarlik-risk-haberi-836994,"{""url"": ""https://www.dunya.com/ekonomi/guclu-el-nino-geliyor-kuresel-ekonomide-trilyonlarca-dolarlik-risk-haberi-836994"", ""titulo"": ""Glü El Nino geliyor : Küresel ekonomide trilyonlarca dolarlık risk"", ""idioma"": ""turkish"", ""origen"": ""gdelt_doc:economia""}"
noticia,idioma_no_soportado,idioma,https://www.gazetaexpress.com/jo-vetem-ngushtica-e-hormuzit-ja-pikat-strategjike-te-botes-qe-ndikojne-ekonomine-globale/,"{""url"": ""https://www.gazetaexpress.com/jo-vetem-ngushtica-e-hormuzit-ja-pikat-strategjike-te-botes-qe-ndikojne-ekonomine-globale/"", ""titulo"": ""Jo vetëm Ngushtica e Hormuzit , ja pikat strategjike të botës që ndikojnë ekonominë globale"", ""idioma"": ""albanian"", ""origen"": ""gdelt_doc:economia""}"
noticia,idioma_no_soportado,idioma,https://www.dgabc.com.br/Noticia/4342382/canal-do-panama-limita-transito-diario-diante-da-previsao-de-el-ni%C3%B1o-severo,"{""url"": ""https://www.dgabc.com.br/Noticia/4342382/canal-do-panama-limita-transito-diario-diante-da-previsao-de-el-ni%C3%B1o-severo"", ""titulo"": ""Canal do Panamá limita trânsito diário diante da previsão de El Niño severo - 20 / 08 / 2026"", ""idioma"": ""pt"", ""origen"": ""gdelt_doc:economia""}"
noticia,idioma_no_soportado,idioma,https://www.163.com/dy/article/L4RD5KN90514CCTO.html,"{""url"": ""https://www.163.com/dy/article/L4RD5KN90514CCTO.html"", ""titulo"": ""最新房贷利率公布｜早安 珠海"", ""idioma"": ""chinese"", ""origen"": ""gdelt_doc:economia""}"
noticia,idioma_no_soportado,idioma,https://www.epochtimes.com/gb/26/8/23/n14834848.htm,"{""url"": ""https://www.epochtimes.com/gb/26/8/23/n14834848.htm"", ""titulo"": ""王友群 ： 中美关系将向何处去 ？"", ""idioma"": ""chinese"", ""origen"": ""gdelt_doc:economia""}"
noticia,idioma_no_soportado,idioma,https://www.news.cn/world/20260814/8712e0d7cf0547ffb2668089f0d8cf73/c.html,"{""url"": ""https://www.news.cn/world/20260814/8712e0d7cf0547ffb2668089f0d8cf73/c.html"", ""titulo"": ""美称可无限期封锁伊朗 伊方 ： 不满足条件就升级冲突 - 新华网"", ""idioma"": ""chinese"", ""origen"": ""gdelt_doc:economia""}"
noticia,idioma_no_soportado,idioma,https://www.botasot.info/bota/2519030/jo-vetem-ngushtica-e-hormuzit-ja-pikat-strategjike-te-botes-qe-ndikojne-ekonomine-globale/,"{""url"": ""https://www.botasot.info/bota/2519030/jo-vetem-ngushtica-e-hormuzit-ja-pikat-strategjike-te-botes-qe-ndikojne-ekonomine-globale/"", ""titulo"": ""Jo vetëm Ngushtica e Hormuzit , ja pikat strategjike të botës që ndikojnë ekonominë globale"", ""idioma"": ""albanian"", ""origen"": ""gdelt_doc:economia""}"
noticia,idioma_no_soportado,idioma,https://www.antena3.ro/externe/doctorul-banilor-vrea-ca-venezuela-sa-renunte-la-bolivar-si-sa-adopte-dolarul-american-cea-mai-mare-schimbare-de-la-aparitia-euro-800456.html,"{""url"": ""https://www.antena3.ro/externe/doctorul-banilor-vrea-ca-venezuela-sa-renunte-la-bolivar-si-sa-adopte-dolarul-american-cea-mai-mare-schimbare-de-la-aparitia-euro-800456.html"", ""titulo"": ""„ Doctorul Banilor vrea ca Venezuela să renunțe la bolivar și să adopte dolarul american : „ Cea mai mare schimbare de la apariția euro"", ""idioma"": ""romanian"", ""origen"": ""gdelt_doc:economia""}"
noticia,idioma_no_soportado,idioma,https://www.radiofarda.com/a/bessent-pledges-unprecedented-measures-against-iran/33830448.html,"{""url"": ""https://www.radiofarda.com/a/bessent-pledges-unprecedented-measures-against-iran/33830448.html"", ""titulo"": ""بسنت : ایران طوری از نظر اقتصادی منزوی خواهد شد که جهان تاکنون ندیده است"", ""idioma"": ""persian"", ""origen"": ""gdelt_doc:economia""}"
noticia,idioma_no_soportado,idioma,https://finance.eastmoney.com/a/202608113837247389.html,"{""url"": ""https://finance.eastmoney.com/a/202608113837247389.html"", ""titulo"": ""中信证券 ： 算力突破电力边界 SST开启硅进铜退新周期 _ 东方财富网"", ""idioma"": ""chinese"", ""origen"": ""gdelt_doc:economia""}"
noticia,idioma_no_soportado,idioma,https://sarabic.ae/20260820/1116188279.html,"{""url"": ""https://sarabic.ae/20260820/1116188279.html"", ""titulo"": ""النفط يضغط على أسهم أوروبا واليابان ... وتصاعد الهجرة من إسرائيل , فماذا عن الأسباب ؟"", ""idioma"": ""arabic"", ""origen"": ""gdelt_doc:economia""}"
noticia,idioma_no_soportado,idioma,https://www.haberler.com/ekonomi/guclu-el-nino-nun-kuresel-ekonomiye-faturasinin-20160443-haberi/,"{""url"": ""https://www.haberler.com/ekonomi/guclu-el-nino-nun-kuresel-ekonomiye-faturasinin-20160443-haberi/"", ""titulo"": ""El Ninonun küresel ekonomik maliyeti 2029 a kadar 3 trilyon doları bulabilir"", ""idioma"": ""turkish"", ""origen"": ""gdelt_doc:economia""}"
noticia,idioma_no_soportado,idioma,https://www.nbd.com.cn/articles/2026-08-20/4548880.html,"{""url"": ""https://www.nbd.com.cn/articles/2026-08-20/4548880.html"", ""titulo"": ""美财长威胁对伊朗实施 前所未有的经济孤立 ； 商务部回应美征收无人机关税问题 ； 上海市出台楼市 沪八条 ； 许家印被判处无期徒刑丨每经早参"", ""idioma"": ""chinese"", ""origen"": ""gdelt_doc:economia""}"
noticia,idioma_no_soportado,idioma,https://www.haberler.com/guncel/trump-cok-yakinda-hurmuz-bogazini-amerikan-20146433-haberi/,"{""url"": ""https://www.haberler.com/guncel/trump-cok-yakinda-hurmuz-bogazini-amerikan-20146433-haberi/"", ""titulo"": ""Trump : Çok yakında Hürmüz Boğazı nı Amerikan toprağı ilan edeceğim"", ""idioma"": ""turkish"", ""origen"": ""gdelt_doc:economia""}"
noticia,idioma_no_soportado,idioma,https://www.nbd.com.cn/articles/2026-08-21/4549174.html,"{""url"": ""https://www.nbd.com.cn/articles/2026-08-21/4549174.html"", ""titulo"": ""美财长 ： 推翻伊朗政权 ， 喊话盟友 ： 要么与美国一起 ， 要么与美国为敌 ； 革命卫队 ： 还有更强武器 ； 美股集体下挫 ， 国际油价上涨丨每经早参"", ""idioma"": ""chinese"", ""origen"": ""gdelt_doc:economia""}"
noticia,idioma_no_soportado,idioma,https://www.haksozhaber.net/donald-trump-irani-ekonomik-acidan-vuracagiz-258567h.htm,"{""url"": ""https://www.haksozhaber.net/donald-trump-irani-ekonomik-acidan-vuracagiz-258567h.htm"", ""titulo"": ""Donald Trump : İran ı ekonomik açıdan vuracağız"", ""idioma"": ""turkish"", ""origen"": ""gdelt_doc:economia""}"
noticia,idioma_no_soportado,idioma,http://www.epochtimes.com.tw/n510960/%E7%BE%8E%E8%B2%A1%E9%95%B7-%E5%B0%87%E6%8E%A1%E5%89%8D%E6%89%80%E6%9C%AA%E8%A6%8B%E6%8E%AA%E6%96%BD-%E7%B6%93%E6%BF%9F%E5%AD%A4%E7%AB%8B%E4%BC%8A%E6%9C%97.html,"{""url"": ""http://www.epochtimes.com.tw/n510960/%E7%BE%8E%E8%B2%A1%E9%95%B7-%E5%B0%87%E6%8E%A1%E5%89%8D%E6%89%80%E6%9C%AA%E8%A6%8B%E6%8E%AA%E6%96%BD-%E7%B6%93%E6%BF%9F%E5%AD%A4%E7%AB%8B%E4%BC%8A%E6%9C%97.html"", ""titulo"": ""美財長 ： 將採 「 前所未見 」 措施 經濟孤立伊朗 | 伊朗 | 美國 | 經濟制裁"", ""idioma"": ""chinese"", ""origen"": ""gdelt_doc:economia""}"
noticia,idioma_no_soportado,idioma,https://www.chinesepress.com/2026/193723.html,"{""url"": ""https://www.chinesepress.com/2026/193723.html"", ""titulo"": ""共话中国经济新机遇丨通讯 ： 一杯巴拿马瑰夏见证中巴咖啡合作新图景 - 华侨网"", ""idioma"": ""chinese"", ""origen"": ""gdelt_doc:economia""}"
noticia,idioma_no_soportado,idioma,https://www.haberler.com/guncel/panama-el-nino-nedeniyle-ulke-capinda-acil-durum-20180649-haberi/,"{""url"": ""https://www.haberler.com/guncel/panama-el-nino-nedeniyle-ulke-capinda-acil-durum-20180649-haberi/"", ""titulo"": ""Panama El Nino Nedeniyle Alarm Seviyesini Yükseltti"", ""idioma"": ""turkish"", ""origen"": ""gdelt_doc:economia""}"
noticia,idioma_no_soportado,idioma,https://oglobo.globo.com/economia/noticia/2026/08/28/navio-paga-valor-recorde-de-us-53-milhoes-para-furar-fila-no-canal-do-panama.ghtml,"{""url"": ""https://oglobo.globo.com/economia/noticia/2026/08/28/navio-paga-valor-recorde-de-us-53-milhoes-para-furar-fila-no-canal-do-panama.ghtml"", ""titulo"": ""Navio paga valor recorde de US$ 5 , 3 milhões para furar fila no Canal do Panamá"", ""idioma"": ""pt"", ""origen"": ""gdelt_doc:economia""}"
noticia,idioma_no_soportado,idioma,https://blog.wenxuecity.com/myblog/82012/202608/23192.html,"{""url"": ""https://blog.wenxuecity.com/myblog/82012/202608/23192.html"", ""titulo"": ""旅行日志 2026 - 08 - 27 08 - 28 纽瓦克飞往瓜亚基尔 - 博客"", ""idioma"": ""chinese"", ""origen"": ""gdelt_doc:economia""}"
noticia,idioma_no_soportado,idioma,https://www.nbd.com.cn/articles/2026-08-30/4566072.html,"{""url"": ""https://www.nbd.com.cn/articles/2026-08-30/4566072.html"", ""titulo"": ""高峰时131艘船等待通行 ， 巴拿马运河现 枯水运营 ： 插队费 纪录再被刷新 ， 美东航线运价上涨"", ""idioma"": ""chinese"", ""origen"": ""gdelt_doc:economia""}"
noticia,idioma_no_soportado,idioma,https://www.argaam.com/ar/article/articledetail/id/1934679,"{""url"": ""https://www.argaam.com/ar/article/articledetail/id/1934679"", ""titulo"": ""قناة بنما تحذر من احتمال تقليص حركة الملاحة"", ""idioma"": ""arabic"", ""origen"": ""gdelt_doc:economia""}"
noticia,idioma_no_soportado,idioma,https://economia.ig.com.br/2026-09-05/canal-do-panama-reduz-trafego-de-navios-devido-ao-el-nio.html,"{""url"": ""https://economia.ig.com.br/2026-09-05/canal-do-panama-reduz-trafego-de-navios-devido-ao-el-nio.html"", ""titulo"": ""Canal do Panamá reduz tráfego de navios devido ao El Niño"", ""idioma"": ""pt"", ""origen"": ""gdelt_doc:economia""}"
noticia,idioma_no_soportado,idioma,http://www.em.com.br/internacional/2026/09/7493813-canal-do-panama-comeca-a-reduzir-trafego-de-navios-devido-ao-el-nino.html,"{""url"": ""http://www.em.com.br/internacional/2026/09/7493813-canal-do-panama-comeca-a-reduzir-trafego-de-navios-devido-ao-el-nino.html"", ""titulo"": ""Canal do Panamá começa a reduzir tráfego de navios devido ao El Niño"", ""idioma"": ""pt"", ""origen"": ""gdelt_doc:economia""}"
noticia,idioma_no_soportado,idioma,https://www.dw.com/pt-br/canal-do-panam%C3%A1-come%C3%A7a-a-reduzir-tr%C3%A1fego-de-navios-devido-ao-el-ni%C3%B1o/a-79050629,"{""url"": ""https://www.dw.com/pt-br/canal-do-panam%C3%A1-come%C3%A7a-a-reduzir-tr%C3%A1fego-de-navios-devido-ao-el-ni%C3%B1o/a-79050629"", ""titulo"": ""Canal do Panamá começa a reduzir tráfego devido ao El Niño"", ""idioma"": ""pt"", ""origen"": ""gdelt_doc:economia""}"
noticia,idioma_no_soportado,idioma,"https://www.farmer.pl/fakty/swiat/panama-oglasza-stan-wyjatkowy-el-ni-o-uderza-w-rolnictwo-i-handel,182479.html","{""url"": ""https://www.farmer.pl/fakty/swiat/panama-oglasza-stan-wyjatkowy-el-ni-o-uderza-w-rolnictwo-i-handel,182479.html"", ""titulo"": ""Panama ogłasza stan wyjątkowy . El Niño uderza w rolnictwo i handel"", ""idioma"": ""polish"", ""origen"": ""gdelt_doc:economia""}"
noticia,idioma_no_soportado,idioma,https://www.boursorama.com/actualite-economique/actualites/canal-de-panama-la-nouvelle-administratrice-n-ecarte-pas-d-autres-restrictions-de-passages-a-cause-d-el-nino-7454595cb9d12e64f31a31e69deb08f6,"{""url"": ""https://www.boursorama.com/actualite-economique/actualites/canal-de-panama-la-nouvelle-administratrice-n-ecarte-pas-d-autres-restrictions-de-passages-a-cause-d-el-nino-7454595cb9d12e64f31a31e69deb08f6"", ""titulo"": ""Canal de Panama : la nouvelle administratrice n écarte pas dautres restrictions de passages à cause dEl Niño - 07 / 09 / 2026 à 18 : 15"", ""idioma"": ""fr"", ""origen"": ""gdelt_doc:economia""}"
noticia,idioma_no_soportado,idioma,https://www.dailynayadiganta.com/international/asia/middle-east/2iaEDemo9GMf,"{""url"": ""https://www.dailynayadiganta.com/international/asia/middle-east/2iaEDemo9GMf"", ""titulo"": ""হরমুজের অস্থিরতা যেভাবে পানামা খালকে ঘিরে পরাশক্তিগুলোর বিরোধ উসকে দিচ্ছে"", ""idioma"": ""bengali"", ""origen"": ""gdelt_doc:economia""}"
noticia,idioma_no_soportado,idioma,https://www.cqnews.net/web/content_1545052661663596544.html,"{""url"": ""https://www.cqnews.net/web/content_1545052661663596544.html"", ""titulo"": ""中东战火叠加强厄尔尼诺 巴拿马运河再次面临通行之困"", ""idioma"": ""chinese"", ""origen"": ""gdelt_doc:economia""}"
noticia,idioma_no_soportado,idioma,https://life.ru/p/1918019,"{""url"": ""https://life.ru/p/1918019"", ""titulo"": ""WSJ : Потепление в Тихом океане начало бить по мировой торговле"", ""idioma"": ""russian"", ""origen"": ""gdelt_doc:economia""}"
noticia,idioma_no_soportado,idioma,https://www.correiobraziliense.com.br/mundo/2026/08/7490033-como-a-guerra-do-ira-reacendeu-a-disputa-pelo-canal-do-panama.html,"{""url"": ""https://www.correiobraziliense.com.br/mundo/2026/08/7490033-como-a-guerra-do-ira-reacendeu-a-disputa-pelo-canal-do-panama.html"", ""titulo"": ""Como a guerra do Irã reacendeu a disputa pelo Canal do Panamá"", ""idioma"": ""pt"", ""origen"": ""gdelt_doc:economia""}"
noticia,idioma_no_soportado,idioma,https://www.newsweekjapan.jp/articles/-/332609,"{""url"": ""https://www.newsweekjapan.jp/articles/-/332609"", ""titulo"": ""エルニーニョで株価上昇 ？ 好決算に沸く海運株 「 商船三井 」 は上場来高値に迫る | ニューズウィーク日本版 オフィシャルサイト"", ""idioma"": ""japanese"", ""origen"": ""gdelt_doc:economia""}"
noticia,idioma_no_soportado,idioma,https://vm.ru/news/1354141-wsj-poteplenie-v-tihom-okeane-iz-za-el-nino-sozdalo-riski-dlya-mirovoj-ekonomiki,"{""url"": ""https://vm.ru/news/1354141-wsj-poteplenie-v-tihom-okeane-iz-za-el-nino-sozdalo-riski-dlya-mirovoj-ekonomiki"", ""titulo"": ""WSJ : Потепление в Тихом океане из - за Эль - Ниньо создало риски для мировой экономики"", ""idioma"": ""russian"", ""origen"": ""gdelt_doc:economia""}"
noticia,idioma_no_soportado,idioma,https://www.n-tv.de/ticker/Panama-und-El-Salvador-rufen-Duerre-Alarm-aus-id31234603.html,"{""url"": ""https://www.n-tv.de/ticker/Panama-und-El-Salvador-rufen-Duerre-Alarm-aus-id31234603.html"", ""titulo"": ""Wegen El - Niño - Trockenheit : Panama und El Salvador rufen Dürre - Alarm aus"", ""idioma"": ""german"", ""origen"": ""gdelt_doc:economia""}"
noticia,idioma_no_soportado,idioma,https://www.blic.rs/bbc/kriza-u-ormuskom-moreuzu-podstice-carke-supersila-oko-panamskog-kanala/88z95qt,"{""url"": ""https://www.blic.rs/bbc/kriza-u-ormuskom-moreuzu-podstice-carke-supersila-oko-panamskog-kanala/88z95qt"", ""titulo"": ""Kriza u Ormuskom moreuzu podstiče čarke supersila oko Panamskog kanala"", ""idioma"": ""serbian"", ""origen"": ""gdelt_doc:economia""}"
noticia,idioma_no_soportado,idioma,https://www.danas.rs/bbc-news-serbian/kriza-u-ormuskom-moreuzu-podstice-carke-supersila-oko-panamskog-kanala/,"{""url"": ""https://www.danas.rs/bbc-news-serbian/kriza-u-ormuskom-moreuzu-podstice-carke-supersila-oko-panamskog-kanala/"", ""titulo"": ""Kriza u Ormuskom moreuzu podstiče čarke supersila oko Panamskog kanala"", ""idioma"": ""serbian"", ""origen"": ""gdelt_doc:economia""}"
noticia,idioma_no_soportado,idioma,https://naslovi.net/2026-08-24/bbc-news/kriza-u-ormuskom-moreuzu-podstice-carke-supersila-oko-panamskog-kanala/42259548,"{""url"": ""https://naslovi.net/2026-08-24/bbc-news/kriza-u-ormuskom-moreuzu-podstice-carke-supersila-oko-panamskog-kanala/42259548"", ""titulo"": ""Kriza u Ormuskom moreuzu podstiče čarke supersila oko Panamskog kanala"", ""idioma"": ""serbian"", ""origen"": ""gdelt_doc:economia""}"
noticia,idioma_no_soportado,idioma,https://ria.ru/20260829/okean-2114081637.html,"{""url"": ""https://ria.ru/20260829/okean-2114081637.html"", ""titulo"": ""Потепление Тихого океана грозит потерями в триллионы долларов , пишет WSJ"", ""idioma"": ""russian"", ""origen"": ""gdelt_doc:economia""}"
noticia,idioma_no_soportado,idioma,https://www.enanyang.my/news/20260830/Finance/1365612,"{""url"": ""https://www.enanyang.my/news/20260830/Finance/1365612"", ""titulo"": ""有史以来最强厄尔尼诺现象 严重冲击全球经济"", ""idioma"": ""chinese"", ""origen"": ""gdelt_doc:economia""}"
noticia,idioma_no_soportado,idioma,https://www.posta.com.tr/yazarlar/ozlem-denizmen/2-yilbasi-eylul-3034693,"{""url"": ""https://www.posta.com.tr/yazarlar/ozlem-denizmen/2-yilbasi-eylul-3034693"", ""titulo"": ""2 . Yılbaşı : Eylül"", ""idioma"": ""turkish"", ""origen"": ""gdelt_doc:economia""}"
noticia,idioma_no_soportado,idioma,https://www.courrierinternational.com/article/pendant-que-vous-dormiez-syrie-panama-cia-tiktok-et-spacex-les-informations-de-la-nuit_263575,"{""url"": ""https://www.courrierinternational.com/article/pendant-que-vous-dormiez-syrie-panama-cia-tiktok-et-spacex-les-informations-de-la-nuit_263575"", ""titulo"": ""Syrie , Panama , CIA , TikTok et SpaceX : les informations de la nuit"", ""idioma"": ""fr"", ""origen"": ""gdelt_doc:economia""}"
noticia,idioma_no_soportado,idioma,https://www.courrierinternational.com/article/guerre-la-colere-monte-en-turquie-contre-les-attaques-ukrainiennes-de-navires-en-mer-noire_262841,"{""url"": ""https://www.courrierinternational.com/article/guerre-la-colere-monte-en-turquie-contre-les-attaques-ukrainiennes-de-navires-en-mer-noire_262841"", ""titulo"": ""La colère monte en Turquie contre les attaques ukrainiennes de navires en mer Noire"", ""idioma"": ""fr"", ""origen"": ""gdelt_doc:economia""}"
noticia,idioma_no_soportado,idioma,http://www.china.com.cn/opinion2020/2026-08/24/content_118660838.shtml,"{""url"": ""http://www.china.com.cn/opinion2020/2026-08/24/content_118660838.shtml"", ""titulo"": ""国际关键海运通道 梗阻 难题亟待破解 _ 中国网"", ""idioma"": ""chinese"", ""origen"": ""gdelt_doc:economia""}"
noticia,idioma_no_soportado,idioma,https://www.mk.ru/economics/2026/08/30/wsj-povyshenie-temperatury-tikhogo-okeana-mozhet-privesti-k-poteryam-v-trilliony-dollarov.html,"{""url"": ""https://www.mk.ru/economics/2026/08/30/wsj-povyshenie-temperatury-tikhogo-okeana-mozhet-privesti-k-poteryam-v-trilliony-dollarov.html"", ""titulo"": ""WSJ : повышение температуры Тихого океана может привести к потерям в триллионы долларов"", ""idioma"": ""russian"", ""origen"": ""gdelt_doc:economia""}"
noticia,idioma_no_soportado,idioma,https://oilreview.kiev.ua/2026/08/31/sk-gas-zaplatila-53-mln-za-prioritetnij-proxid-lpg-tankera-cherez-panamskij-kanal/,"{""url"": ""https://oilreview.kiev.ua/2026/08/31/sk-gas-zaplatila-53-mln-za-prioritetnij-proxid-lpg-tankera-cherez-panamskij-kanal/"", ""titulo"": ""SK Gas заплатила $5 , 3 млн за пріоритетний прохід LPG - танкера через Панамський канал"", ""idioma"": ""ukrainian"", ""origen"": ""gdelt_doc:economia""}"
noticia,idioma_no_soportado,idioma,https://news.mail.ru/society/72173156/,"{""url"": ""https://news.mail.ru/society/72173156/"", ""titulo"": ""Эль - Ниньо может привести к триллионным потерям мировой экономики"", ""idioma"": ""russian"", ""origen"": ""gdelt_doc:economia""}"
noticia,idioma_no_soportado,idioma,https://www.nrk.no/urix/har-jobbet-med-vaerfenomenet-i-20-ar-_-aldri-sett-maken-1.18000925,"{""url"": ""https://www.nrk.no/urix/har-jobbet-med-vaerfenomenet-i-20-ar-_-aldri-sett-maken-1.18000925"", ""titulo"": ""Har jobbet med værfenomenet i 20 år – aldri sett maken"", ""idioma"": ""norwegian"", ""origen"": ""gdelt_doc:economia""}"
noticia,idioma_no_soportado,idioma,https://g1.globo.com/economia/noticia/2026/08/29/os-melhores-paises-para-estrangeiros-morarem-em-2026-o-brasil-esta-na-lista.ghtml,"{""url"": ""https://g1.globo.com/economia/noticia/2026/08/29/os-melhores-paises-para-estrangeiros-morarem-em-2026-o-brasil-esta-na-lista.ghtml"", ""titulo"": ""Os melhores países para estrangeiros morarem em 2026 ( o Brasil está na lista )"", ""idioma"": ""pt"", ""origen"": ""gdelt_doc:economia""}"
noticia,idioma_no_soportado,idioma,https://www.hkcna.hk/docDetail.jsp?id=101403397&channel=2808,"{""url"": ""https://www.hkcna.hk/docDetail.jsp?id=101403397&channel=2808"", ""titulo"": ""中方回應美官員攻擊中國科技企業 ： 捏造事實 、 顛倒黑白 | 內地"", ""idioma"": ""chinese"", ""origen"": ""gdelt_doc:economia""}"
noticia,idioma_no_soportado,idioma,https://www.hkcna.hk/docDetail.jsp?id=101403397&channel=2803,"{""url"": ""https://www.hkcna.hk/docDetail.jsp?id=101403397&channel=2803"", ""titulo"": ""中方回應美官員攻擊中國科技企業 ： 捏造事實 、 顛倒黑白 | 頭條"", ""idioma"": ""chinese"", ""origen"": ""gdelt_doc:economia""}"
noticia,idioma_no_soportado,idioma,https://www.albayan.ae/news/uae/1550195,"{""url"": ""https://www.albayan.ae/news/uae/1550195"", ""titulo"": ""خليفة العالمية للتعليم المبكر منارة علمية للنهوض بالطفولة دوليا"", ""idioma"": ""arabic"", ""origen"": ""gdelt_doc:economia""}"
noticia,idioma_no_soportado,idioma,http://sc.stock.cnfol.com/shichangceping/20260824/32344140.shtml,"{""url"": ""http://sc.stock.cnfol.com/shichangceping/20260824/32344140.shtml"", ""titulo"": ""8月24日投资避雷针 ： 德龙汇能第三大股东刘鑫二季度减仓385 . 50万股 _ 市场测评 _ 市场 _ 中金在线"", ""idioma"": ""chinese"", ""origen"": ""gdelt_doc:economia""}"
noticia,idioma_no_soportado,idioma,https://www.stcn.com/article/detail/4161848.html,"{""url"": ""https://www.stcn.com/article/detail/4161848.html"", ""titulo"": ""山西汾酒上半年实现归母净利润64 . 39亿元 以强韧产品结构对抗周期"", ""idioma"": ""chinese"", ""origen"": ""gdelt_doc:economia""}"
noticia,idioma_no_soportado,idioma,https://life.ru/p/1915428,"{""url"": ""https://life.ru/p/1915428"", ""titulo"": ""NYT предупредила о риске продовольственного кризиса из - за трёх факторов"", ""idioma"": ""russian"", ""origen"": ""gdelt_doc:economia""}"
noticia,idioma_no_soportado,idioma,https://baijiahao.baidu.com/s?id=1874464655076706703,"{""url"": ""https://baijiahao.baidu.com/s?id=1874464655076706703"", ""titulo"": ""活力中国调研行｜百年老字号牵手AI ： 当老药工的手感变成算法"", ""idioma"": ""chinese"", ""origen"": ""gdelt_doc:economia""}"
noticia,idioma_no_soportado,idioma,https://www.hurriyet.com.tr/yazarlar/erdal-fernergiz/mersinden-turkiyeye-denizcilik-cagrisi-43296939,"{""url"": ""https://www.hurriyet.com.tr/yazarlar/erdal-fernergiz/mersinden-turkiyeye-denizcilik-cagrisi-43296939"", ""titulo"": ""Mersinden Türkiyeye denizcilik çağrısı | Erdal Fernergiz Köşe Yazısı"", ""idioma"": ""turkish"", ""origen"": ""gdelt_doc:economia""}"
noticia,idioma_no_soportado,idioma,https://www.fnnews.com/news/202608300401380705,"{""url"": ""https://www.fnnews.com/news/202608300401380705"", ""titulo"": ""역대 최악 슈퍼 엘니뇨 세계 경제에 먹구름 … 식량 · 물류 · 자원 비상"", ""idioma"": ""korean"", ""origen"": ""gdelt_doc:economia""}"
noticia,idioma_no_soportado,idioma,https://finance.sina.com.cn/roll/2026-09-07/doc-iniqyeue6336095.shtml,"{""url"": ""https://finance.sina.com.cn/roll/2026-09-07/doc-iniqyeue6336095.shtml"", ""titulo"": ""9月7日投资避雷针 ： 5连板人气股公告 公司AI视频业务6月产生营收约80元"", ""idioma"": ""chinese"", ""origen"": ""gdelt_doc:economia""}"
noticia,idioma_no_soportado,idioma,http://news.cnfol.com/chanyejingji/20260901/32356061.shtml,"{""url"": ""http://news.cnfol.com/chanyejingji/20260901/32356061.shtml"", ""titulo"": ""山西汾酒2026年中报发布 ， 营收210 . 44亿元 ， 归母净利润64 . 39亿元 _ 产业经济 _ 财经 _ 中金在线"", ""idioma"": ""chinese"", ""origen"": ""gdelt_doc:economia""}"
noticia,idioma_no_soportado,idioma,https://stock.jrj.com.cn/2026/08/30130358291510.shtml,"{""url"": ""https://stock.jrj.com.cn/2026/08/30130358291510.shtml"", ""titulo"": ""霍尔木兹海峡最新消息 ！ 伊朗 ： 完全关闭 ！ 英国考虑对石油公司征收暴利税 ！ 世界银行警告 ！"", ""idioma"": ""chinese"", ""origen"": ""gdelt_doc:economia""}"
noticia,idioma_no_soportado,idioma,https://www.madata.gr/epikairotita/world/974085-stena-toy-ormoyz-dekades-epitheseis-kai-20-nekroi-stin-kardia-toy-polemoy-tis-mesis-anatolis.html,"{""url"": ""https://www.madata.gr/epikairotita/world/974085-stena-toy-ormoyz-dekades-epitheseis-kai-20-nekroi-stin-kardia-toy-polemoy-tis-mesis-anatolis.html"", ""titulo"": ""Στενά του Ορμούζ : Δεκάδες επιθέσεις και 20 νεκροί στην « καρδιά » του πολέμου της Μέσης Ανατολής"", ""idioma"": ""greek"", ""origen"": ""gdelt_doc:economia""}"
noticia,idioma_no_soportado,idioma,https://news.ifeng.com/c/8w28QTbC1Oe,"{""url"": ""https://news.ifeng.com/c/8w28QTbC1Oe"", ""titulo"": ""从法国农田到巴拿马运河 ： 超级厄尔尼诺 冲击全球粮食 、 航运与民生 _ 凤凰网"", ""idioma"": ""chinese"", ""origen"": ""gdelt_doc:economia""}"
noticia,idioma_no_soportado,idioma,http://forex.cnfol.com/jingjiyaowen/20260825/32347165.shtml,"{""url"": ""http://forex.cnfol.com/jingjiyaowen/20260825/32347165.shtml"", ""titulo"": ""美联储主席沃什年会首秀 五大悬念待解 _ 汇市观察 _ 外汇 _ 中金在线"", ""idioma"": ""chinese"", ""origen"": ""gdelt_doc:economia""}"
noticia,idioma_no_soportado,idioma,http://forex.cnfol.com/jingjiyaowen/20260826/32347459.shtml,"{""url"": ""http://forex.cnfol.com/jingjiyaowen/20260826/32347459.shtml"", ""titulo"": ""债券义警完胜 ： 美国财政干预无力扭转市场趋势 _ 汇市观察 _ 外汇 _ 中金在线"", ""idioma"": ""chinese"", ""origen"": ""gdelt_doc:economia""}"
noticia,idioma_no_soportado,idioma,http://forex.cnfol.com/jingjiyaowen/20260826/32347449.shtml,"{""url"": ""http://forex.cnfol.com/jingjiyaowen/20260826/32347449.shtml"", ""titulo"": ""美债突破40万亿 ， 美联储官员警告 清算时刻 ， 市场会停止购买美债吗 ？_ 汇市观察 _ 外汇 _ 中金在线"", ""idioma"": ""chinese"", ""origen"": ""gdelt_doc:economia""}"
noticia,idioma_no_soportado,idioma,https://www.inewsgr.com/93/melina-travlou-prasini-metavasi-me-gnomona-tin-oikonomiki-viosimotita-tis-naftilias.htm,"{""url"": ""https://www.inewsgr.com/93/melina-travlou-prasini-metavasi-me-gnomona-tin-oikonomiki-viosimotita-tis-naftilias.htm"", ""titulo"": ""Μελίνα Τραυλού : Πράσινη μετάβαση με γνώμονα την οικονομική βιωσιμότητα της ναυτιλίας"", ""idioma"": ""greek"", ""origen"": ""gdelt_doc:economia""}"
noticia,idioma_no_soportado,idioma,https://argumenti.ru/society/mir-na-poroge-prodovolstvennogo-kollapsa-1008160,"{""url"": ""https://argumenti.ru/society/mir-na-poroge-prodovolstvennogo-kollapsa-1008160"", ""titulo"": ""Мир на пороге продовольственного коллапса - Аргументы Недели"", ""idioma"": ""russian"", ""origen"": ""gdelt_doc:economia""}"
noticia,idioma_no_soportado,idioma,https://www.dostor.org/5680712,"{""url"": ""https://www.dostor.org/5680712"", ""titulo"": ""معلومات الوزراء : 304 مليارات دولار خسائر الظواهر المتطرفة في 2024"", ""idioma"": ""arabic"", ""origen"": ""gdelt_doc:economia""}"
noticia,idioma_no_soportado,idioma,https://blog.wenxuecity.com/myblog/45559/202608/20446.html,"{""url"": ""https://blog.wenxuecity.com/myblog/45559/202608/20446.html"", ""titulo"": ""和珅 、 家印和嘉诚 - 博客"", ""idioma"": ""chinese"", ""origen"": ""gdelt_doc:economia""}"
noticia,idioma_no_soportado,idioma,https://news.ifeng.com/c/8vrANQsbXc0,"{""url"": ""https://news.ifeng.com/c/8vrANQsbXc0"", ""titulo"": ""印度洋发生沉船事故 ， 18名中国船员失联"", ""idioma"": ""chinese"", ""origen"": ""gdelt_doc:economia""}"
noticia,idioma_no_soportado,idioma,https://www.inewsgr.com/93/stena-tou-ormouz-i-kardia-tou-polemou-tis-mesis-anatolis-pou-dechtike-ta-perissotera-chtypimata--20-nekroi-se-68-symvanta.htm,"{""url"": ""https://www.inewsgr.com/93/stena-tou-ormouz-i-kardia-tou-polemou-tis-mesis-anatolis-pou-dechtike-ta-perissotera-chtypimata--20-nekroi-se-68-symvanta.htm"", ""titulo"": ""Στενά του Ορμούζ : Η « καρδιά » του πολέμου της Μέσης Ανατολής που δέχτηκε τα περισσότερα χτυπήματα – 20 νεκροί σε 68 « συμβάντα »"", ""idioma"": ""greek"", ""origen"": ""gdelt_doc:economia""}"
noticia,idioma_no_soportado,idioma,https://blog.wenxuecity.com/myblog/80056/202609/4516.html,"{""url"": ""https://blog.wenxuecity.com/myblog/80056/202609/4516.html"", ""titulo"": ""川普可能读过一本书 ： 美加世纪大合并 - 博客"", ""idioma"": ""chinese"", ""origen"": ""gdelt_doc:economia""}"
noticia,idioma_no_soportado,idioma,http://futures.cnfol.com/qishidongtai/20260902/32357837.shtml,"{""url"": ""http://futures.cnfol.com/qishidongtai/20260902/32357837.shtml"", ""titulo"": ""油价受情绪影响狂奔 ， 实则暗藏致命空头隐患 _ 期市动态 _ 期货 _ 中金在线"", ""idioma"": ""chinese"", ""origen"": ""gdelt_doc:economia""}"
noticia,idioma_no_soportado,idioma,https://finance.eastmoney.com/a/202608243850895253.html,"{""url"": ""https://finance.eastmoney.com/a/202608243850895253.html"", ""titulo"": ""午盘播报 8月24日 周一 _ 东方财富网"", ""idioma"": ""chinese"", ""origen"": ""gdelt_doc:economia""}"
noticia,idioma_no_soportado,idioma,https://www.wenxuecity.com/blog/202609/77065/3034.html,"{""url"": ""https://www.wenxuecity.com/blog/202609/77065/3034.html"", ""titulo"": ""秘鲁简史九张图 | www . wenxuecity . com"", ""idioma"": ""chinese"", ""origen"": ""gdelt_doc:economia""}"
noticia,idioma_no_soportado,idioma,https://www.163.com/dy/article/L5JKCNU80519AT9B.html,"{""url"": ""https://www.163.com/dy/article/L5JKCNU80519AT9B.html"", ""titulo"": ""山西汾酒2026年中报发布 ， 营收210 . 44亿元 ， 归母净利润64 . 39亿元"", ""idioma"": ""chinese"", ""origen"": ""gdelt_doc:economia""}"
noticia,idioma_no_soportado,idioma,https://ec.ltn.com.tw/article/breakingnews/5568212,"{""url"": ""https://ec.ltn.com.tw/article/breakingnews/5568212"", ""titulo"": ""斷交國與台灣愈走愈近 ！ 科技經貿磁吸 雙方成立 「 國會交流小組 」 北京急跳腳"", ""idioma"": ""chinese"", ""origen"": ""gdelt_doc:economia""}"
noticia,idioma_no_soportado,idioma,https://www.cna.com.tw:443/news/aipl/202609110060.aspx,"{""url"": ""https://www.cna.com.tw:443/news/aipl/202609110060.aspx"", ""titulo"": ""台巴關係受矚 外交部盼結合雙方優勢對合作持開放態度 | 政治"", ""idioma"": ""chinese"", ""origen"": ""gdelt_doc:economia""}"
noticia,idioma_no_soportado,idioma,https://life.ru/p/vlasti-irana-vdvoe-povysili-stoimost-benzina-bez-lgot,"{""url"": ""https://life.ru/p/vlasti-irana-vdvoe-povysili-stoimost-benzina-bez-lgot"", ""titulo"": ""Власти Ирана вдвое повысили стоимость бензина без льгот"", ""idioma"": ""russian"", ""origen"": ""gdelt_doc:economia""}"
noticia,idioma_no_soportado,idioma,https://www.wallstreet-online.de/nachricht/21356102-angriff-panamakanal-mexikos-handelsroute-weltwirtschaft-veraendern,"{""url"": ""https://www.wallstreet-online.de/nachricht/21356102-angriff-panamakanal-mexikos-handelsroute-weltwirtschaft-veraendern"", ""titulo"": ""Angriff auf den Panamakanal : Mexikos neue Handelsroute könnte die Weltwirtschaft verändern | wallstreetONLINE"", ""idioma"": ""german"", ""origen"": ""gdelt_doc:economia""}"
noticia,idioma_no_soportado,idioma,https://news.ifeng.com/c/8wJhXAgCrP0,"{""url"": ""https://news.ifeng.com/c/8wJhXAgCrP0"", ""titulo"": ""美对中国发动新攻势 ， 极力想拿下这个关键国家"", ""idioma"": ""chinese"", ""origen"": ""gdelt_doc:economia""}"
noticia,idioma_no_soportado,idioma,https://wisata.viva.co.id/wisata/30477-promosi-indonesia-di-palace-of-fine-arts-san-francisco-ada-gamelan-hingga-kopi-nusantara,"{""url"": ""https://wisata.viva.co.id/wisata/30477-promosi-indonesia-di-palace-of-fine-arts-san-francisco-ada-gamelan-hingga-kopi-nusantara"", ""titulo"": ""Promosi Indonesia di Palace of Fine Arts San Francisco , Ada Gamelan hingga Kopi Nusantara"", ""idioma"": ""indonesian"", ""origen"": ""gdelt_doc:economia""}"
noticia,idioma_no_soportado,idioma,https://oglobo.globo.com/economia/noticia/2026/09/10/mexico-preve-corte-de-70percent-de-ajuda-financeira-a-pemex-em-meio-a-risco-de-perder-grau-de-investimento.ghtml,"{""url"": ""https://oglobo.globo.com/economia/noticia/2026/09/10/mexico-preve-corte-de-70percent-de-ajuda-financeira-a-pemex-em-meio-a-risco-de-perder-grau-de-investimento.ghtml"", ""titulo"": ""México prevê corte de 70 % de ajuda financeira a Pemex , em meio a risco de perder grau de investimento"", ""idioma"": ""pt"", ""origen"": ""gdelt_doc:economia""}"
noticia,idioma_no_soportado,idioma,https://www.seneweb.com/fr/news/Politique/cosec-polemique-judiciaire-mise-a-part-que-vaut-vraiment-le-cv-du-nouveau-dg-ousseynou-pouye_n_504082.html,"{""url"": ""https://www.seneweb.com/fr/news/Politique/cosec-polemique-judiciaire-mise-a-part-que-vaut-vraiment-le-cv-du-nouveau-dg-ousseynou-pouye_n_504082.html"", ""titulo"": ""COSEC : Polémique judiciaire mise à part , que vaut vraiment le CV du nouveau DG Ousseynou Pouye ?"", ""idioma"": ""fr"", ""origen"": ""gdelt_doc:economia""}"
noticia,idioma_no_soportado,idioma,https://www1.folha.uol.com.br/mercado/2026/09/conselho-de-supervisao-da-meta-pede-que-verificacao-nao-seja-substituida-por-notas-da-comunidade.shtml,"{""url"": ""https://www1.folha.uol.com.br/mercado/2026/09/conselho-de-supervisao-da-meta-pede-que-verificacao-nao-seja-substituida-por-notas-da-comunidade.shtml"", ""titulo"": ""Meta : conselho pede manter checagem na América Latina - 12 / 09 / 2026 - Economia"", ""idioma"": ""pt"", ""origen"": ""gdelt_doc:economia""}"
noticia,idioma_no_soportado,idioma,https://www.albiladpress.com/news/2026/6552/finance/1021168.html,"{""url"": ""https://www.albiladpress.com/news/2026/6552/finance/1021168.html"", ""titulo"": ""جريدة البلاد | لعنة المال العالمي .. سكان جيرسي البريطانية يدفعون ثمن الثراء"", ""idioma"": ""arabic"", ""origen"": ""gdelt_doc:economia""}"
noticia,idioma_no_soportado,idioma,https://www.swissinfo.ch/ara/%D8%B3%D9%8A%D8%A7%D8%B3%D8%A9-%D8%A7%D9%84%D8%AA%D8%AC%D8%A7%D8%B1%D8%A9/%D8%B3%D9%88%D9%8A%D8%B3%D8%B1%D8%A7-%D9%82%D9%88%D8%A9-%D8%A7%D9%82%D8%AA%D8%B5%D8%A7%D8%AF%D9%8A%D8%A9-%D8%A8%D8%AD%D8%B1%D9%8A%D8%A9/91933975,"{""url"": ""https://www.swissinfo.ch/ara/%D8%B3%D9%8A%D8%A7%D8%B3%D8%A9-%D8%A7%D9%84%D8%AA%D8%AC%D8%A7%D8%B1%D8%A9/%D8%B3%D9%88%D9%8A%D8%B3%D8%B1%D8%A7-%D9%82%D9%88%D8%A9-%D8%A7%D9%82%D8%AA%D8%B5%D8%A7%D8%AF%D9%8A%D8%A9-%D8%A8%D8%AD%D8%B1%D9%8A%D8%A9/91933975"", ""titulo"": ""سويسرا قوّة اقتصادية بحرية ... مسؤولة تجاه الإنسان والبيئة"", ""idioma"": ""arabic"", ""origen"": ""gdelt_doc:economia""}"
noticia,idioma_no_soportado,idioma,http://www.reporter.gr/eidhseis/naytilia/685008-drasi-gia-tin-eleftheria-tis-nafsiploias-zitoyn-18-xores,"{""url"": ""http://www.reporter.gr/eidhseis/naytilia/685008-drasi-gia-tin-eleftheria-tis-nafsiploias-zitoyn-18-xores"", ""titulo"": ""Δράση για την ελευθερία της ναυσιπλοΐας ζητούν 18 χώρες"", ""idioma"": ""greek"", ""origen"": ""gdelt_doc:economia""}"
noticia,idioma_no_soportado,idioma,https://baijiahao.baidu.com/s?id=1875805424164435242,"{""url"": ""https://baijiahao.baidu.com/s?id=1875805424164435242"", ""titulo"": ""「 环时深度 」 当气候变化成为影响地缘政治的力量"", ""idioma"": ""chinese"", ""origen"": ""gdelt_doc:economia""}"
noticia,idioma_no_soportado,idioma,https://news.mail.ru/society/72275514/,"{""url"": ""https://news.mail.ru/society/72275514/"", ""titulo"": ""Власти Ирана вдвое повысили стоимость бензина без льгот"", ""idioma"": ""russian"", ""origen"": ""gdelt_doc:economia""}"
noticia,idioma_no_soportado,idioma,https://www.epochtimes.com/gb/26/9/8/n14845231.htm,"{""url"": ""https://www.epochtimes.com/gb/26/9/8/n14845231.htm"", ""titulo"": ""南加州老兵 退伍不退志 庆九三挺中华民国"", ""idioma"": ""chinese"", ""origen"": ""gdelt_doc:economia""}"
noticia,idioma_no_soportado,idioma,https://navbharattimes.indiatimes.com/india/unsc-general-assembly-permanent-seat-global-south-asia/articleshow/134394295.cms,"{""url"": ""https://navbharattimes.indiatimes.com/india/unsc-general-assembly-permanent-seat-global-south-asia/articleshow/134394295.cms"", ""titulo"": ""UNSC में भारत क्यों चाहता है स्थायी सीट , 8 बार रह चुका है अस्थायी सदस्य , जानें पहली बार कब पेश की थी दावेदारी"", ""idioma"": ""hindi"", ""origen"": ""gdelt_doc:economia""}"
noticia,idioma_no_soportado,idioma,http://hkstock.cnfol.com/shichangfenxi/20260921/32376163.shtml,"{""url"": ""http://hkstock.cnfol.com/shichangfenxi/20260921/32376163.shtml"", ""titulo"": ""中金 ： 上调太平洋航运 ( 02343 ) 目标价33 . 5 % 至4 . 54港元 维持 跑赢行业 评级 _ 市场分析 _ 港股 _ 中金在线"", ""idioma"": ""chinese"", ""origen"": ""gdelt_doc:economia""}"
noticia,idioma_no_soportado,idioma,https://www.huxiu.com/article/4889693.html,"{""url"": ""https://www.huxiu.com/article/4889693.html"", ""titulo"": ""圣婴苏醒 ： 超级厄尔尼诺或创70年纪录 ， 全球迎战极端风暴 - 虎嗅网"", ""idioma"": ""chinese"", ""origen"": ""gdelt_doc:economia""}"
noticia,idioma_no_soportado,idioma,https://www.turkiyegazetesi.com.tr/saglik/sigaraya-filipinler-modeli-hastaliklarin-faturasi-tutun-devlerine-cikacak-1817607,"{""url"": ""https://www.turkiyegazetesi.com.tr/saglik/sigaraya-filipinler-modeli-hastaliklarin-faturasi-tutun-devlerine-cikacak-1817607"", ""titulo"": ""Sigaraya Filipinler modeli ! Hastalıkların faturası tütün devlerine çıkacak"", ""idioma"": ""turkish"", ""origen"": ""gdelt_doc:economia""}"
noticia,idioma_no_soportado,idioma,https://www1.folha.uol.com.br/mundo/2026/09/milei-surfa-em-aceno-de-trump-e-agora-quer-malvinas.shtml,"{""url"": ""https://www1.folha.uol.com.br/mundo/2026/09/milei-surfa-em-aceno-de-trump-e-agora-quer-malvinas.shtml"", ""titulo"": ""Milei surfa em aceno de Trump e agora quer Malvinas - 09 / 09 / 2026 - Mundo"", ""idioma"": ""pt"", ""origen"": ""gdelt_doc:economia""}"
noticia,idioma_no_soportado,idioma,https://www.sangbadpratidin.in/editorial/donald-trumps-greenland-deal/pid/1351220/,"{""url"": ""https://www.sangbadpratidin.in/editorial/donald-trumps-greenland-deal/pid/1351220/"", ""titulo"": ""Donald Trumps Greenland Deal"", ""idioma"": ""bengali"", ""origen"": ""gdelt_doc:economia""}"
noticia,idioma_no_soportado,idioma,https://annabaa.org/arabic/economicarticles/47450,"{""url"": ""https://annabaa.org/arabic/economicarticles/47450"", ""titulo"": ""ما هي اقتصادات الأسواق الوليدة ، وما أهميتها للاقتصاد العالمي ؟"", ""idioma"": ""arabic"", ""origen"": ""gdelt_doc:economia""}"
noticia,idioma_no_soportado,idioma,https://global.udn.com/global_vision/story/8663/9767977,"{""url"": ""https://global.udn.com/global_vision/story/8663/9767977"", ""titulo"": ""委內瑞拉的明天在哪裡 ？ 馬杜羅時代結束後 ， 石油 、 黃金與民主的下一場角力 | 政經角力"", ""idioma"": ""chinese"", ""origen"": ""gdelt_doc:economia""}"
noticia,idioma_no_soportado,idioma,http://news.cyol.com/gb/news/articles/2026-09/09/content_zx3ogdSe6j.html,"{""url"": ""http://news.cyol.com/gb/news/articles/2026-09/09/content_zx3ogdSe6j.html"", ""titulo"": ""多国教育部长共议 ： AI时代 ， 如何确保教育的公平与质量"", ""idioma"": ""chinese"", ""origen"": ""gdelt_doc:economia""}"
noticia,idioma_no_soportado,idioma,http://news.cyol.com/gb/news/articles/2026-09/09/content_JQonEaFZyw.html,"{""url"": ""http://news.cyol.com/gb/news/articles/2026-09/09/content_JQonEaFZyw.html"", ""titulo"": ""多国教育部长共议 ： AI时代 ， 如何确保教育的公平与质量"", ""idioma"": ""chinese"", ""origen"": ""gdelt_doc:economia""}"
noticia,idioma_no_soportado,idioma,http://news.cyol.com/gb/jiaoyu/articles/2026-09/09/content_Gq7Q3gIlZY.html,"{""url"": ""http://news.cyol.com/gb/jiaoyu/articles/2026-09/09/content_Gq7Q3gIlZY.html"", ""titulo"": ""多国教育部长共议 ： AI时代 ， 如何确保教育的公平与质量"", ""idioma"": ""chinese"", ""origen"": ""gdelt_doc:economia""}"
noticia,idioma_no_soportado,idioma,https://www.news247.gr/perivallon/el-ninio-epipedou-gkotzila-se-axartografita-nera-o-planitis/,"{""url"": ""https://www.news247.gr/perivallon/el-ninio-epipedou-gkotzila-se-axartografita-nera-o-planitis/"", ""titulo"": ""Ελ Νίνιο επιπέδου Γκοτζίλα - Σε αχαρτογράφητα νερά ο πλανήτης"", ""idioma"": ""greek"", ""origen"": ""gdelt_doc:economia""}"
noticia,idioma_no_soportado,idioma,https://www.inewsgr.com/93/H-kina-thelei-na-metatrepsei-tous-dasmous-tou-trab-se-oplo-gia-to-pagkosmio-eborio.htm,"{""url"": ""https://www.inewsgr.com/93/H-kina-thelei-na-metatrepsei-tous-dasmous-tou-trab-se-oplo-gia-to-pagkosmio-eborio.htm"", ""titulo"": ""H Κίνα θέλει να μετατρέψει τους δασμούς του Τραμπ σε όπλο για το παγκόσμιο εμπόριο"", ""idioma"": ""greek"", ""origen"": ""gdelt_doc:economia""}"
noticia,idioma_no_soportado,idioma,https://panampost.com/roderick-navarro/2026/09/08/os-vazamentos-alexandre-de-moraes-e-a-mudanca-do-rumbo-da-campanha-no-brasil/,"{""url"": ""https://panampost.com/roderick-navarro/2026/09/08/os-vazamentos-alexandre-de-moraes-e-a-mudanca-do-rumbo-da-campanha-no-brasil/"", ""titulo"": ""Os vazamentos , Alexandre de Moraes e a mudança do rumbo da campanha no Brasil"", ""idioma"": ""pt"", ""origen"": ""gdelt_doc:economia""}"
noticia,idioma_no_soportado,idioma,https://tribunadonorte.com.br/economia/rn-amplia-mercados-diversifica-pauta-e-exportacoes-crescem-386-em-agosto/,"{""url"": ""https://tribunadonorte.com.br/economia/rn-amplia-mercados-diversifica-pauta-e-exportacoes-crescem-386-em-agosto/"", ""titulo"": ""RN amplia mercados , diversifica pauta e exportaes crescem 38 , 6 % em agosto"", ""idioma"": ""pt"", ""origen"": ""gdelt_doc:economia""}"
noticia,idioma_no_soportado,idioma,https://www.bankingnews.gr/diethni/articles/898314/narkopedio-gia-ta-ellinoktita-ploia-drone-xtypise-to-new-andros-tou-polemi-metefere-2-ekat-varelia-irakinoy-mazoyt,"{""url"": ""https://www.bankingnews.gr/diethni/articles/898314/narkopedio-gia-ta-ellinoktita-ploia-drone-xtypise-to-new-andros-tou-polemi-metefere-2-ekat-varelia-irakinoy-mazoyt"", ""titulo"": ""Εφιάλτης στον Περσικό - Χτύπησαν το New Andros του Πολέμη , μετέφερε 2 εκατ . βαρέλια ιρακινού μαζούτ"", ""idioma"": ""greek"", ""origen"": ""gdelt_doc:economia""}"
noticia,idioma_no_soportado,idioma,https://news.ifeng.com/c/8wZnFcitScK,"{""url"": ""https://news.ifeng.com/c/8wZnFcitScK"", ""titulo"": ""特朗普吼一嗓子 《 格陵兰岛协议 》， 中方就 笑不出来了 ？_ 凤凰网"", ""idioma"": ""chinese"", ""origen"": ""gdelt_doc:economia""}"
noticia,idioma_no_soportado,idioma,http://www.eeo.com.cn/2026/0908/1027513.shtml,"{""url"": ""http://www.eeo.com.cn/2026/0908/1027513.shtml"", ""titulo"": ""拆解云迹科技 ： 11亿次真实服务 ， 与物理AI的护城河 - 经济观察网 － 专业财经新闻网站"", ""idioma"": ""chinese"", ""origen"": ""gdelt_doc:economia""}"
noticia,idioma_no_soportado,idioma,http://www.tynews.com.cn/system/2026/09/11/031067643.shtml,"{""url"": ""http://www.tynews.com.cn/system/2026/09/11/031067643.shtml"", ""titulo"": ""三晋好物出海跑出 加速度 - 太原新闻网 - 太原日报社"", ""idioma"": ""chinese"", ""origen"": ""gdelt_doc:economia""}"
noticia,idioma_no_soportado,idioma,https://www.163.com/dy/article/L7DSQO8U05199A0B.html,"{""url"": ""https://www.163.com/dy/article/L7DSQO8U05199A0B.html"", ""titulo"": ""Jev模型全面开放 ， 上海二手房成交创半年新高 | 财经日日评"", ""idioma"": ""chinese"", ""origen"": ""gdelt_doc:economia""}"
noticia,idioma_no_soportado,idioma,https://www.topontiki.gr/2026/09/21/to-protofanes-el-ninio-idi-spai-ta-rekor-thermokrasias-mines-prin-korifothi/,"{""url"": ""https://www.topontiki.gr/2026/09/21/to-protofanes-el-ninio-idi-spai-ta-rekor-thermokrasias-mines-prin-korifothi/"", ""titulo"": ""Το πρωτοφανές Ελ Νίνιο ήδη σπάει τα ρεκόρ θερμοκρασίας , μήνες πριν κορυφωθεί"", ""idioma"": ""greek"", ""origen"": ""gdelt_doc:economia""}"
noticia,idioma_no_soportado,idioma,https://baijiahao.baidu.com/s?id=1876913066170982729,"{""url"": ""https://baijiahao.baidu.com/s?id=1876913066170982729"", ""titulo"": ""中拉携手探索全球人权治理 南方方案"", ""idioma"": ""chinese"", ""origen"": ""gdelt_doc:economia""}"
noticia,idioma_no_soportado,idioma,https://baijiahao.baidu.com/s?id=1875818198012433357,"{""url"": ""https://baijiahao.baidu.com/s?id=1875818198012433357"", ""titulo"": ""多国教育部长共议 ： AI时代 ， 如何确保教育的公平与质量"", ""idioma"": ""chinese"", ""origen"": ""gdelt_doc:economia""}"
noticia,idioma_no_soportado,idioma,https://news.shm.com.cn/2026-09/11/content_5505432.htm,"{""url"": ""https://news.shm.com.cn/2026-09/11/content_5505432.htm"", ""titulo"": ""走在前 、 挑大梁 海上新山东|莱州港向海聚势向 链 深耕 - 烟台要闻 - 水母网"", ""idioma"": ""chinese"", ""origen"": ""gdelt_doc:economia""}"
noticia,idioma_no_soportado,idioma,https://www.brasil247.com/blog/turne-de-rubio-amplia-cerco-dos-eua-sobre-a-america-do-sul/,"{""url"": ""https://www.brasil247.com/blog/turne-de-rubio-amplia-cerco-dos-eua-sobre-a-america-do-sul/"", ""titulo"": ""Turnê de Rubio amplia cerco dos EUA sobre a América do Sul – José Reinaldo Carvalho – Brasil 247"", ""idioma"": ""pt"", ""origen"": ""gdelt_doc:economia""}"
noticia,idioma_no_soportado,idioma,https://blog.wenxuecity.com/myblog/84093/202609/5217.html,"{""url"": ""https://blog.wenxuecity.com/myblog/84093/202609/5217.html"", ""titulo"": ""《 加拿大和美国为何应该成为一个国家 ？》 - 博客"", ""idioma"": ""chinese"", ""origen"": ""gdelt_doc:economia""}"
noticia,idioma_no_soportado,idioma,https://oglobo.globo.com/politica/thomas-traumann/coluna/2026/09/o-que-o-mercado-espera-de-bolsonaro.ghtml,"{""url"": ""https://oglobo.globo.com/politica/thomas-traumann/coluna/2026/09/o-que-o-mercado-espera-de-bolsonaro.ghtml"", ""titulo"": ""O que o mercado espera de Bolsonaro"", ""idioma"": ""pt"", ""origen"": ""gdelt_doc:economia""}"
noticia,idioma_no_soportado,idioma,https://www.money.pl/biznes/tak-pieniadze-z-ue-plynely-do-machiny-wojennej-putina-otrzezwienie-przyszlo-po-czasie-7331854723856640a.html,"{""url"": ""https://www.money.pl/biznes/tak-pieniadze-z-ue-plynely-do-machiny-wojennej-putina-otrzezwienie-przyszlo-po-czasie-7331854723856640a.html"", ""titulo"": ""Tak zarabiała Rosja . Po wybuchu wojny kwitł handel z UE i Polską"", ""idioma"": ""polish"", ""origen"": ""gdelt_doc:economia""}"
noticia,idioma_no_soportado,idioma,https://prachatai.com/journal/2026/09/118727,"{""url"": ""https://prachatai.com/journal/2026/09/118727"", ""titulo"": ""สถานการณ์แรงงานประจำสัปดาห์ 7 - 13 ก . ย . 2569"", ""idioma"": ""thai"", ""origen"": ""gdelt_doc:economia""}"
noticia,idioma_no_soportado,idioma,https://finance.sina.com.cn/stock/usstock/c/2026-09-28/doc-initkhxe2921635.shtml,"{""url"": ""https://finance.sina.com.cn/stock/usstock/c/2026-09-28/doc-initkhxe2921635.shtml"", ""titulo"": ""巴拿马经济强劲复苏 外资重返债券市场"", ""idioma"": ""chinese"", ""origen"": ""gdelt_doc:economia""}"
noticia,idioma_no_soportado,idioma,https://n.yam.com/Article/20260924895470,"{""url"": ""https://n.yam.com/Article/20260924895470"", ""titulo"": ""2026巴拿馬房產投資攻略 ： 外國人購屋法規與黃金簽證解析"", ""idioma"": ""chinese"", ""origen"": ""gdelt_doc:economia""}"
noticia,idioma_no_soportado,idioma,https://jornaldebrasilia.com.br/noticias/mundo/comissao-governamental-recomenda-reativar-polemica-mina-de-cobre-no-panama/,"{""url"": ""https://jornaldebrasilia.com.br/noticias/mundo/comissao-governamental-recomenda-reativar-polemica-mina-de-cobre-no-panama/"", ""titulo"": ""Comissão governamental recomenda reativar polêmica mina de cobre no Panamá"", ""idioma"": ""pt"", ""origen"": ""gdelt_doc:economia""}"
noticia,idioma_no_soportado,idioma,https://boutiquevpc.courrierinternational.com/hors-series/4712-geopolitique-l-arme-de-l-economie.html,"{""url"": ""https://boutiquevpc.courrierinternational.com/hors-series/4712-geopolitique-l-arme-de-l-economie.html"", ""titulo"": ""Géopolitique , larme de l économie"", ""idioma"": ""fr"", ""origen"": ""gdelt_doc:economia""}"
noticia,idioma_no_soportado,idioma,https://24tv.ua/history/vidkrittya-tihogo-okeanu-1513-yak-vasko-de-balboa-zminiv-istoriyu_n3144888,"{""url"": ""https://24tv.ua/history/vidkrittya-tihogo-okeanu-1513-yak-vasko-de-balboa-zminiv-istoriyu_n3144888"", ""titulo"": ""Відкриття Тихого океану 1513 - як Васко де Бальбоа змінив історію торгівлі"", ""idioma"": ""ukrainian"", ""origen"": ""gdelt_doc:economia""}"
noticia,idioma_no_soportado,idioma,https://www.albiladpress.com/news/2026/6555/bahrain/1021712.html,"{""url"": ""https://www.albiladpress.com/news/2026/6555/bahrain/1021712.html"", ""titulo"": ""جريدة البلاد | وزير الخارجية يلتقي مع وزير العلاقات الخارجية بجمهورية بنما"", ""idioma"": ""arabic"", ""origen"": ""gdelt_doc:economia""}"
noticia,idioma_no_soportado,idioma,https://finance.eastmoney.com/a/202609223881467683.html,"{""url"": ""https://finance.eastmoney.com/a/202609223881467683.html"", ""titulo"": ""全球海运费迎来新一轮跳涨 ： 同比升201 % 美东线破1万美元 _ 东方财富网"", ""idioma"": ""chinese"", ""origen"": ""gdelt_doc:economia""}"
noticia,idioma_no_soportado,idioma,https://www.setn.com/news/1915532,"{""url"": ""https://www.setn.com/news/1915532"", ""titulo"": ""台學者 ： 矽盛世建立完整AI供應鏈 少了台灣將失色 | 國際 | 三立新聞網 SETN . COM"", ""idioma"": ""chinese"", ""origen"": ""gdelt_doc:economia""}"
noticia,idioma_no_soportado,idioma,https://www.cna.com.tw:443/news/afe/202610010024.aspx,"{""url"": ""https://www.cna.com.tw:443/news/afe/202610010024.aspx"", ""titulo"": ""台學者 ： 矽盛世建立完整AI供應鏈 少了台灣將失色 | 產經"", ""idioma"": ""chinese"", ""origen"": ""gdelt_doc:economia""}"
noticia,idioma_no_soportado,idioma,https://www.cna.com.tw/news/afe/202610010024.aspx,"{""url"": ""https://www.cna.com.tw/news/afe/202610010024.aspx"", ""titulo"": ""台學者 ： 矽盛世建立完整AI供應鏈 少了台灣將失色 | 產經"", ""idioma"": ""chinese"", ""origen"": ""gdelt_doc:economia""}"
noticia,idioma_no_soportado,idioma,https://www.courrierinternational.com/article/en-vente-notre-nouveau-hors-serie-geopolitique-l-arme-de-l-economie_269957,"{""url"": ""https://www.courrierinternational.com/article/en-vente-notre-nouveau-hors-serie-geopolitique-l-arme-de-l-economie_269957"", ""titulo"": ""Notre nouveau hors - série , Géopolitique : larme de l économie"", ""idioma"": ""fr"", ""origen"": ""gdelt_doc:economia""}"
noticia,idioma_no_soportado,idioma,https://www.7kanal.co.il/news/292809,"{""url"": ""https://www.7kanal.co.il/news/292809"", ""titulo"": ""« Придерживайтесь истины и справедливости »"", ""idioma"": ""russian"", ""origen"": ""gdelt_doc:economia""}"
noticia,idioma_no_soportado,idioma,https://www.stiripesurse.ro/benjamin-netanyahu-il-lauda-pe-presedintele-argentinei-la-onu-unul-dintre-marii-lideri-ai-timpului-nostru_3923058,"{""url"": ""https://www.stiripesurse.ro/benjamin-netanyahu-il-lauda-pe-presedintele-argentinei-la-onu-unul-dintre-marii-lideri-ai-timpului-nostru_3923058"", ""titulo"": ""Benjamin Netanyahu îl laudă pe președintele Argentinei la ONU : „ Unul dintre marii lideri ai timpului nostru"", ""idioma"": ""romanian"", ""origen"": ""gdelt_doc:economia""}"
noticia,idioma_no_soportado,idioma,https://russian.rt.com/ussr/article/1689438-svr-rf-ukraina-korrupciya,"{""url"": ""https://russian.rt.com/ussr/article/1689438-svr-rf-ukraina-korrupciya"", ""titulo"": ""« Просто не могут остановиться »: в СВР раскрыли коррупционную схему по закупке оружия для Украины"", ""idioma"": ""russian"", ""origen"": ""gdelt_doc:economia""}"
noticia,idioma_no_soportado,idioma,https://www.correiobraziliense.com.br/mundo/2026/09/7506246-14-paises-acompanham-eua-e-incluem-pcc-e-cv-em-acao-antiterrorista.html,"{""url"": ""https://www.correiobraziliense.com.br/mundo/2026/09/7506246-14-paises-acompanham-eua-e-incluem-pcc-e-cv-em-acao-antiterrorista.html"", ""titulo"": ""14 países acompanham EUA e incluem PCC e CV em ao antiterrorista"", ""idioma"": ""pt"", ""origen"": ""gdelt_doc:economia""}"
noticia,idioma_no_soportado,idioma,https://www.inn.co.il/news/707053,"{""url"": ""https://www.inn.co.il/news/707053"", ""titulo"": ""נתניהו למיליי : דבק אמת ובצדק"", ""idioma"": ""hebrew"", ""origen"": ""gdelt_doc:economia""}"
noticia,idioma_no_soportado,idioma,https://www.boerse-express.com/news/articles/first-quantum-minerals-aktie-verwirrspiel-um-cobre-949798,"{""url"": ""https://www.boerse-express.com/news/articles/first-quantum-minerals-aktie-verwirrspiel-um-cobre-949798"", ""titulo"": ""First Quantum Minerals Aktie : Verwirrspiel um Cobre"", ""idioma"": ""german"", ""origen"": ""gdelt_doc:economia""}"
noticia,idioma_no_soportado,idioma,https://www.brasil247.com/america-latina/entenda-o-projeto-escudo-das-americas-que-expande-agenda-militar-dos-eua-na-america-latina/,"{""url"": ""https://www.brasil247.com/america-latina/entenda-o-projeto-escudo-das-americas-que-expande-agenda-militar-dos-eua-na-america-latina/"", ""titulo"": ""Entenda o projeto Escudo das Américas , que expande agenda militar dos EUA na América Latina"", ""idioma"": ""pt"", ""origen"": ""gdelt_doc:economia""}"
noticia,idioma_no_soportado,idioma,https://www.rfi.fr/fr/podcasts/chronique-des-mati%C3%A8res-premi%C3%A8res/20261001-la-banane-une-success-story-mondiale-menac%C3%A9e,"{""url"": ""https://www.rfi.fr/fr/podcasts/chronique-des-mati%C3%A8res-premi%C3%A8res/20261001-la-banane-une-success-story-mondiale-menac%C3%A9e"", ""titulo"": ""La banane , une success story mondiale menacée ? - Chronique des matières premières"", ""idioma"": ""fr"", ""origen"": ""gdelt_doc:economia""}"
noticia,idioma_no_soportado,idioma,https://www.haitilibre.com/article-48514-haiti-politique-declaration-conjointe-sur-la-defense-de-la-souverainete-hemispherique.html,"{""url"": ""https://www.haitilibre.com/article-48514-haiti-politique-declaration-conjointe-sur-la-defense-de-la-souverainete-hemispherique.html"", ""titulo"": ""Haïti - Politique : Déclaration conjointe sur la défense de la souveraineté hémisphérique - HaitiLibre . com : Toutes les nouvelles dHaiti 7 / 7"", ""idioma"": ""fr"", ""origen"": ""gdelt_doc:economia""}"
noticia,idioma_no_soportado,idioma,https://www.munhwa.com:443/article/11621056,"{""url"": ""https://www.munhwa.com:443/article/11621056"", ""titulo"": ""간과해선 안 될 알래스카 투자 리스크 [ 포럼 ]"", ""idioma"": ""korean"", ""origen"": ""gdelt_doc:economia""}"
noticia,idioma_no_soportado,idioma,https://news.mail.ru/politics/72573521/,"{""url"": ""https://news.mail.ru/politics/72573521/"", ""titulo"": ""WP : США перенаправят в Латинскую Америку $52 млн , выделенные на проекты в Европе"", ""idioma"": ""russian"", ""origen"": ""gdelt_doc:economia""}"
noticia,idioma_no_soportado,idioma,https://www.radiofarda.com/a/what-have-been-the-outcomes-of-historic-meetings-between-world-leaders/33863014.html,"{""url"": ""https://www.radiofarda.com/a/what-have-been-the-outcomes-of-historic-meetings-between-world-leaders/33863014.html"", ""titulo"": ""« دست دادن با دشمن »؛ دیدارهای تاریخی رهبران جهان چه سرانجامی داشته است ؟"", ""idioma"": ""persian"", ""origen"": ""gdelt_doc:economia""}"
noticia,idioma_no_soportado,idioma,https://www.estadao.com.br/economia/fabio-alves/el-nino-os-analistas-estao-subestimando-os-danos-potenciais-na-inflacao/,"{""url"": ""https://www.estadao.com.br/economia/fabio-alves/el-nino-os-analistas-estao-subestimando-os-danos-potenciais-na-inflacao/"", ""titulo"": ""El Niño : os analistas estão subestimando os danos potenciais na inflao ?"", ""idioma"": ""pt"", ""origen"": ""gdelt_doc:economia""}"
noticia,idioma_no_soportado,idioma,https://noticias.r7.com/internacional/eua-e-aliados-anunciam-medidas-contra-pcc-comando-vermelho-e-outros-22-grupos-22092026/,"{""url"": ""https://noticias.r7.com/internacional/eua-e-aliados-anunciam-medidas-contra-pcc-comando-vermelho-e-outros-22-grupos-22092026/"", ""titulo"": ""EUA e aliados anunciam medidas contra PCC , Comando Vermelho e outros 22 grupos"", ""idioma"": ""pt"", ""origen"": ""gdelt_doc:economia""}"
noticia,idioma_no_soportado,idioma,https://www.kikar.co.il/world-news/netanyahu-milei-meeting-un-argentina-support,"{""url"": ""https://www.kikar.co.il/world-news/netanyahu-milei-meeting-un-argentina-support"", ""titulo"": ""נתניהו למיליי : אתה מדבר למען האמת - פגישה מרגשת בניו יורק"", ""idioma"": ""hebrew"", ""origen"": ""gdelt_doc:economia""}"
noticia,idioma_no_soportado,idioma,https://finance.eastmoney.com/a/202609293885616370.html,"{""url"": ""https://finance.eastmoney.com/a/202609293885616370.html"", ""titulo"": ""美股三大指数集体收跌 国际金价跌超4 %； 官方确认新iPhone存在 系统漏洞 ； 段永平再次买入茅台丨每经早参 _ 东方财富网"", ""idioma"": ""chinese"", ""origen"": ""gdelt_doc:economia""}"
noticia,idioma_no_soportado,idioma,https://www.nbd.com.cn/articles/2026-09-28/4593934.html,"{""url"": ""https://www.nbd.com.cn/articles/2026-09-28/4593934.html"", ""titulo"": ""美官员已同美伊调解方对话 ； 美股三大指数集体收跌 ， 国际金价跌超4 %； 官方确认新iPhone存在 系统漏洞 ； 段永平再次买入茅台丨每经早参"", ""idioma"": ""chinese"", ""origen"": ""gdelt_doc:economia""}"
noticia,idioma_no_soportado,idioma,https://nepszava.hu/3333488_rendkivuli-figyelmeztetes-erkezett-valsagban-a-globalis-hajozas-szabalyrendszere,"{""url"": ""https://nepszava.hu/3333488_rendkivuli-figyelmeztetes-erkezett-valsagban-a-globalis-hajozas-szabalyrendszere"", ""titulo"": ""Rendkívüli figyelmeztetés érkezett : válságban a globális hajózás szabályrendszere"", ""idioma"": ""hungarian"", ""origen"": ""gdelt_doc:economia""}"
noticia,idioma_no_soportado,idioma,https://news.ifeng.com/c/8wo3jNNSvi6,"{""url"": ""https://news.ifeng.com/c/8wo3jNNSvi6"", ""titulo"": ""中东冲突如何外溢影响马六甲海峡 ？"", ""idioma"": ""chinese"", ""origen"": ""gdelt_doc:economia""}"
noticia,idioma_no_soportado,idioma,https://finance.eastmoney.com/a/202609293885741594.html,"{""url"": ""https://finance.eastmoney.com/a/202609293885741594.html"", ""titulo"": ""新华财经早报 ： 9月29日 _ 东方财富网"", ""idioma"": ""chinese"", ""origen"": ""gdelt_doc:economia""}"
noticia,idioma_no_soportado,idioma,https://www1.folha.uol.com.br/mundo/2026/09/eua-cancelam-vistos-de-autoridades-latinas-e-ampliam-ofensiva-do-escudo-das-americas.shtml,"{""url"": ""https://www1.folha.uol.com.br/mundo/2026/09/eua-cancelam-vistos-de-autoridades-latinas-e-ampliam-ofensiva-do-escudo-das-americas.shtml"", ""titulo"": ""EUA cancelam vistos de autoridades da América Latina - 28 / 09 / 2026 - Mundo"", ""idioma"": ""pt"", ""origen"": ""gdelt_doc:economia""}"
noticia,idioma_no_soportado,idioma,https://www.huxiu.com/article/4894071.html,"{""url"": ""https://www.huxiu.com/article/4894071.html"", ""titulo"": ""第一性 ： 人口结构如何重塑世界秩序 - 虎嗅网"", ""idioma"": ""chinese"", ""origen"": ""gdelt_doc:economia""}"
noticia,idioma_no_soportado,idioma,https://lactualite.com/actualites/des-manifestants-reclament-le-retour-de-maria-corina-machado-au-venezuela/,"{""url"": ""https://lactualite.com/actualites/des-manifestants-reclament-le-retour-de-maria-corina-machado-au-venezuela/"", ""titulo"": ""Des manifestants réclament le retour de Maria Corina Machado au Venezuela"", ""idioma"": ""fr"", ""origen"": ""gdelt_doc:economia""}"
noticia,idioma_no_soportado,idioma,https://agenciabrasil.ebc.com.br/internacional/noticia/2026-09/escudo-das-americas-usa-carteis-para-barrar-china-dizem-especialistas,"{""url"": ""https://agenciabrasil.ebc.com.br/internacional/noticia/2026-09/escudo-das-americas-usa-carteis-para-barrar-china-dizem-especialistas"", ""titulo"": ""Escudo das Américas united states cartéis para barrar China , dizem especialistas"", ""idioma"": ""pt"", ""origen"": ""gdelt_doc:economia""}"
noticia,idioma_no_soportado,idioma,https://news.mail.ru/society/72575851/,"{""url"": ""https://news.mail.ru/society/72575851/"", ""titulo"": ""Трамп перенаправил военную помощь из Европы : куда пойдут $52 млн"", ""idioma"": ""russian"", ""origen"": ""gdelt_doc:economia""}"
noticia,idioma_no_soportado,idioma,https://pronedra.ru/gibel-450-tysyach-chelovek-k-fevralyu-uchenye-vyschitali-kolichestvo-zhertv-etoj-zimoj-iz-za-posledstvij-el-nino-833058.html,"{""url"": ""https://pronedra.ru/gibel-450-tysyach-chelovek-k-fevralyu-uchenye-vyschitali-kolichestvo-zhertv-etoj-zimoj-iz-za-posledstvij-el-nino-833058.html"", ""titulo"": ""Ученые предсказали гибель более 450 тысяч человек от последствий супер Эль - Ниньо"", ""idioma"": ""russian"", ""origen"": ""gdelt_doc:economia""}"
noticia,idioma_no_soportado,idioma,https://www.ziarulnational.md/moldova-colecteaza-venituri-fiscale-de-212-din-pib-intrun-clasament-mondial-dominat-de-danemarca/,"{""url"": ""https://www.ziarulnational.md/moldova-colecteaza-venituri-fiscale-de-212-din-pib-intrun-clasament-mondial-dominat-de-danemarca/"", ""titulo"": ""Moldova colectează venituri fiscale de 21 , 2 % din PIB într - un clasament mondial dominat de Danemarca"", ""idioma"": ""romanian"", ""origen"": ""gdelt_doc:economia""}"
noticia,idioma_no_soportado,idioma,https://www.cna.com.tw/news/aopl/202607210362.aspx,"{""url"": ""https://www.cna.com.tw/news/aopl/202607210362.aspx"", ""titulo"": ""巴拿馬與中國同意續簽海運協議 巴稱扣船問題已改善 | 國際"", ""idioma"": ""chinese"", ""origen"": ""gdelt_doc:eventos_naturales""}"
noticia,idioma_no_soportado,idioma,https://wallstreetcn.com/articles/3776511,"{""url"": ""https://wallstreetcn.com/articles/3776511"", ""titulo"": ""欧洲气候专家 ： 今年厄尔尼诺现象强度或创纪录"", ""idioma"": ""chinese"", ""origen"": ""gdelt_doc:eventos_naturales""}"
noticia,idioma_no_soportado,idioma,https://www.haribhoomi.com/world/news/afghanistan-flash-floods-nuristan-disaster-105149,"{""url"": ""https://www.haribhoomi.com/world/news/afghanistan-flash-floods-nuristan-disaster-105149"", ""titulo"": ""अफगानिस्तान में कुदरत का कहर : भयानक फ्लैश फ्लड से 20 की मौत , 100 से ज्यादा लापता ; अमेरिका पर भी मंडराया तूफान का खतरा"", ""idioma"": ""hindi"", ""origen"": ""gdelt_doc:eventos_naturales""}"
noticia,idioma_no_soportado,idioma,https://lactualite.com/actualites/la-tempete-tropicale-bertha-se-dirige-vers-des-zones-cotieres/,"{""url"": ""https://lactualite.com/actualites/la-tempete-tropicale-bertha-se-dirige-vers-des-zones-cotieres/"", ""titulo"": ""La tempête tropicale Bertha se dirige vers des zones côtières"", ""idioma"": ""fr"", ""origen"": ""gdelt_doc:eventos_naturales""}"
noticia,idioma_no_soportado,idioma,https://wallstreetcn.com/articles/3776620,"{""url"": ""https://wallstreetcn.com/articles/3776620"", ""titulo"": ""最强厄尔尼诺 来了 ？ 全球农产品供应链 雪上加霜"", ""idioma"": ""chinese"", ""origen"": ""gdelt_doc:eventos_naturales""}"
noticia,idioma_no_soportado,idioma,https://prachatai.com/journal/2026/07/118026,"{""url"": ""https://prachatai.com/journal/2026/07/118026"", ""titulo"": ""อภิสิทธิ์ ชง Southern Connect กางแผนสำรองสู้ แลนด์บริดจ์"", ""idioma"": ""thai"", ""origen"": ""gdelt_doc:eventos_naturales""}"
noticia,idioma_no_soportado,idioma,https://www.ledevoir.com/opinion/idees/993830/marine-pen-heritiere-trump,"{""url"": ""https://www.ledevoir.com/opinion/idees/993830/marine-pen-heritiere-trump"", ""titulo"": ""Idées | La candidature à la présidentielle de Marine Le Pen défie la justice et l état de droit , en écho aux bravades du président Trump"", ""idioma"": ""fr"", ""origen"": ""gdelt_doc:eventos_naturales""}"
noticia,idioma_no_soportado,idioma,https://hunan.voc.com.cn/news/202607/33137075.html,"{""url"": ""https://hunan.voc.com.cn/news/202607/33137075.html"", ""titulo"": ""乐游湘县⑤丨这座湘东小城 ， 把火用到了极致 - 今日关注 - 湖南在线"", ""idioma"": ""chinese"", ""origen"": ""gdelt_doc:eventos_naturales""}"
noticia,idioma_no_soportado,idioma,https://www.163.com/dy/article/L1DPLVF605118O92.html,"{""url"": ""https://www.163.com/dy/article/L1DPLVF605118O92.html"", ""titulo"": ""外国游客迷上重庆 落地签 ？ |签证|武汉|旅游"", ""idioma"": ""chinese"", ""origen"": ""gdelt_doc:eventos_naturales""}"
noticia,idioma_no_soportado,idioma,https://www1.folha.uol.com.br/mundo/2026/07/como-secretario-de-estado-dos-eua-controla-a-venezuela-apos-captura-de-maduro.shtml,"{""url"": ""https://www1.folha.uol.com.br/mundo/2026/07/como-secretario-de-estado-dos-eua-controla-a-venezuela-apos-captura-de-maduro.shtml"", ""titulo"": ""Como Marco Rubio está governando a Venezuela à distância - 13 / 07 / 2026 - Mundo"", ""idioma"": ""pt"", ""origen"": ""gdelt_doc:eventos_naturales""}"
noticia,idioma_no_soportado,idioma,https://blog.udn.com:443/grace127/191835294,"{""url"": ""https://blog.udn.com:443/grace127/191835294"", ""titulo"": ""《 世界未來地圖 》 - grace127 的網誌"", ""idioma"": ""chinese"", ""origen"": ""gdelt_doc:eventos_naturales""}"
noticia,idioma_no_soportado,idioma,https://www.rts.ch/info/monde/2026/article/allemagne-des-livres-d-occasion-achetes-en-masse-pour-l-ia-29322111.html,"{""url"": ""https://www.rts.ch/info/monde/2026/article/allemagne-des-livres-d-occasion-achetes-en-masse-pour-l-ia-29322111.html"", ""titulo"": ""Allemagne : des livres doccasion achetés en masse pour lIA"", ""idioma"": ""fr"", ""origen"": ""gdelt_doc:eventos_naturales""}"
noticia,idioma_no_soportado,idioma,https://fondsk.ru/news/2026/07/26/avraamovy-soglasheniya-i-upryamyy-princ-salman.html,"{""url"": ""https://fondsk.ru/news/2026/07/26/avraamovy-soglasheniya-i-upryamyy-princ-salman.html"", ""titulo"": ""« Авраамовы соглашения » и упрямый принц Салман Фонд стратегической культуры"", ""idioma"": ""russian"", ""origen"": ""gdelt_doc:eventos_naturales""}"
noticia,idioma_no_soportado,idioma,https://www.163.com/dy/article/L2MG075905561FZP.html,"{""url"": ""https://www.163.com/dy/article/L2MG075905561FZP.html"", ""titulo"": ""在佛罗里达100万美元退休过得紧巴巴 ？ 这5国花50万更舒服"", ""idioma"": ""chinese"", ""origen"": ""gdelt_doc:eventos_naturales""}"
noticia,idioma_no_soportado,idioma,https://www.163.com/dy/article/L2RM2NEJ0516DHVE.html,"{""url"": ""https://www.163.com/dy/article/L2RM2NEJ0516DHVE.html"", ""titulo"": ""高中地理太难背 ？ 这些顺口溜 ， 帮你一口气背完三年的书 ！"", ""idioma"": ""chinese"", ""origen"": ""gdelt_doc:eventos_naturales""}"
noticia,idioma_no_soportado,idioma,https://www.vokrugsveta.ru/history/vse-na-bort-8-voenno-morskikh-muzeev-rossii-kotorye-stoit-posetit-lyubitelyam-istorii-flota-id7204895/,"{""url"": ""https://www.vokrugsveta.ru/history/vse-na-bort-8-voenno-morskikh-muzeev-rossii-kotorye-stoit-posetit-lyubitelyam-istorii-flota-id7204895/"", ""titulo"": ""8 военно - морских музеев России , которые стоит посетить любителям истории флота"", ""idioma"": ""russian"", ""origen"": ""gdelt_doc:eventos_naturales""}"
noticia,idioma_no_soportado,idioma,https://www.rtv.rs/sr_ci/politika/rasprava-o-nepoverenju-vladi-macut-nije-bitno-ko-je-sta-rekao-vec-jedinstven-stav-sta-je-vazno-u-srbiji_1732069.html,"{""url"": ""https://www.rtv.rs/sr_ci/politika/rasprava-o-nepoverenju-vladi-macut-nije-bitno-ko-je-sta-rekao-vec-jedinstven-stav-sta-je-vazno-u-srbiji_1732069.html"", ""titulo"": ""Расправа о неповерењу Влади - Мацут : Није битно ко је шта рекао , већ јединствен став шта је важно у Србији"", ""idioma"": ""serbian"", ""origen"": ""gdelt_doc:eventos_naturales""}"
noticia,idioma_no_soportado,idioma,https://www.forbes.ro/acordul-comercial-ue-mercosur-sabia-cu-doua-taisuri-514946,"{""url"": ""https://www.forbes.ro/acordul-comercial-ue-mercosur-sabia-cu-doua-taisuri-514946"", ""titulo"": ""Acordul comercial UE – Mercosur , sabia cu două tăișuri"", ""idioma"": ""romanian"", ""origen"": ""gdelt_doc:eventos_naturales""}"
noticia,idioma_no_soportado,idioma,https://news.ltn.com.tw/news/world/breakingnews/5536619,"{""url"": ""https://news.ltn.com.tw/news/world/breakingnews/5536619"", ""titulo"": ""巴拿馬籍貨輪企圖突破伊朗港口封鎖 遭美軍開火 - 國際"", ""idioma"": ""chinese"", ""origen"": ""gdelt_doc:eventos_naturales""}"
noticia,idioma_no_soportado,idioma,https://www.merkur.de/wirtschaft/el-nin-nahrungsmittelpreise-koennten-2027-um-20-prozent-steigen-zr-94449734.html,"{""url"": ""https://www.merkur.de/wirtschaft/el-nin-nahrungsmittelpreise-koennten-2027-um-20-prozent-steigen-zr-94449734.html"", ""titulo"": ""El Niño : Nahrungsmittelpreise könnten 2027 um 20 Prozent steigen"", ""idioma"": ""german"", ""origen"": ""gdelt_doc:eventos_naturales""}"
noticia,idioma_no_soportado,idioma,http://www.merkur.de/wirtschaft/el-nin-nahrungsmittelpreise-koennten-2027-um-20-prozent-steigen-zr-94449734.html,"{""url"": ""http://www.merkur.de/wirtschaft/el-nin-nahrungsmittelpreise-koennten-2027-um-20-prozent-steigen-zr-94449734.html"", ""titulo"": ""El Niño : Nahrungsmittelpreise könnten 2027 um 20 Prozent steigen"", ""idioma"": ""german"", ""origen"": ""gdelt_doc:eventos_naturales""}"
noticia,idioma_no_soportado,idioma,https://www.hna.de/wirtschaft/el-nin-nahrungsmittelpreise-koennten-2027-um-20-prozent-steigen-zr-94449734.html,"{""url"": ""https://www.hna.de/wirtschaft/el-nin-nahrungsmittelpreise-koennten-2027-um-20-prozent-steigen-zr-94449734.html"", ""titulo"": ""El Niño : Nahrungsmittelpreise könnten 2027 um 20 Prozent steigen"", ""idioma"": ""german"", ""origen"": ""gdelt_doc:eventos_naturales""}"
noticia,idioma_no_soportado,idioma,http://www.hna.de/wirtschaft/el-nin-nahrungsmittelpreise-koennten-2027-um-20-prozent-steigen-zr-94449734.html,"{""url"": ""http://www.hna.de/wirtschaft/el-nin-nahrungsmittelpreise-koennten-2027-um-20-prozent-steigen-zr-94449734.html"", ""titulo"": ""El Niño : Nahrungsmittelpreise könnten 2027 um 20 Prozent steigen"", ""idioma"": ""german"", ""origen"": ""gdelt_doc:eventos_naturales""}"
noticia,idioma_no_soportado,idioma,http://www.wa.de/wirtschaft/el-nin-nahrungsmittelpreise-koennten-2027-um-20-prozent-steigen-zr-94449734.html,"{""url"": ""http://www.wa.de/wirtschaft/el-nin-nahrungsmittelpreise-koennten-2027-um-20-prozent-steigen-zr-94449734.html"", ""titulo"": ""El Niño : Nahrungsmittelpreise könnten 2027 um 20 Prozent steigen"", ""idioma"": ""german"", ""origen"": ""gdelt_doc:eventos_naturales""}"
noticia,idioma_no_soportado,idioma,http://www.come-on.de/wirtschaft/el-nin-nahrungsmittelpreise-koennten-2027-um-20-prozent-steigen-zr-94449734.html,"{""url"": ""http://www.come-on.de/wirtschaft/el-nin-nahrungsmittelpreise-koennten-2027-um-20-prozent-steigen-zr-94449734.html"", ""titulo"": ""El Niño : Nahrungsmittelpreise könnten 2027 um 20 Prozent steigen"", ""idioma"": ""german"", ""origen"": ""gdelt_doc:eventos_naturales""}"
noticia,idioma_no_soportado,idioma,http://www.fnp.de/wirtschaft/el-nin-nahrungsmittelpreise-koennten-2027-um-20-prozent-steigen-zr-94449734.html,"{""url"": ""http://www.fnp.de/wirtschaft/el-nin-nahrungsmittelpreise-koennten-2027-um-20-prozent-steigen-zr-94449734.html"", ""titulo"": ""El Niño : Nahrungsmittelpreise könnten 2027 um 20 Prozent steigen"", ""idioma"": ""german"", ""origen"": ""gdelt_doc:eventos_naturales""}"
noticia,idioma_no_soportado,idioma,http://www.op-online.de/wirtschaft/el-nin-nahrungsmittelpreise-koennten-2027-um-20-prozent-steigen-zr-94449734.html,"{""url"": ""http://www.op-online.de/wirtschaft/el-nin-nahrungsmittelpreise-koennten-2027-um-20-prozent-steigen-zr-94449734.html"", ""titulo"": ""El Niño : Nahrungsmittelpreise könnten 2027 um 20 Prozent steigen"", ""idioma"": ""german"", ""origen"": ""gdelt_doc:eventos_naturales""}"
noticia,idioma_no_soportado,idioma,https://www.nrc.nl/nieuws/2026/08/21/nederlandstalige-tweedehands-boeken-zijn-een-goudmijn-voor-ai-bedrijven-dit-is-een-vorm-van-barbarisme-a4934839,"{""url"": ""https://www.nrc.nl/nieuws/2026/08/21/nederlandstalige-tweedehands-boeken-zijn-een-goudmijn-voor-ai-bedrijven-dit-is-een-vorm-van-barbarisme-a4934839"", ""titulo"": ""Nederlandstalige tweedehands boeken zijn een goudmijn voor AI - bedrijven : Dit is een vorm van barbarisme"", ""idioma"": ""dutch"", ""origen"": ""gdelt_doc:eventos_naturales""}"
noticia,idioma_no_soportado,idioma,http://www.soester-anzeiger.de/wirtschaft/el-nin-nahrungsmittelpreise-koennten-2027-um-20-prozent-steigen-zr-94449734.html,"{""url"": ""http://www.soester-anzeiger.de/wirtschaft/el-nin-nahrungsmittelpreise-koennten-2027-um-20-prozent-steigen-zr-94449734.html"", ""titulo"": ""El Niño : Nahrungsmittelpreise könnten 2027 um 20 Prozent steigen"", ""idioma"": ""german"", ""origen"": ""gdelt_doc:eventos_naturales""}"
noticia,idioma_no_soportado,idioma,https://news.ifeng.com/c/8vahDAe828r,"{""url"": ""https://news.ifeng.com/c/8vahDAe828r"", ""titulo"": ""极端天气冲击越来越大 ， 将成为150年来最强的一次 ？"", ""idioma"": ""chinese"", ""origen"": ""gdelt_doc:eventos_naturales""}"
noticia,idioma_no_soportado,idioma,https://www.az-online.de/wirtschaft/el-nin-nahrungsmittelpreise-koennten-2027-um-20-prozent-steigen-zr-94449734.html,"{""url"": ""https://www.az-online.de/wirtschaft/el-nin-nahrungsmittelpreise-koennten-2027-um-20-prozent-steigen-zr-94449734.html"", ""titulo"": ""El Niño : Nahrungsmittelpreise könnten 2027 um 20 Prozent steigen"", ""idioma"": ""german"", ""origen"": ""gdelt_doc:eventos_naturales""}"
noticia,idioma_no_soportado,idioma,http://www.kreisbote.de/wirtschaft/el-nin-nahrungsmittelpreise-koennten-2027-um-20-prozent-steigen-zr-94449734.html,"{""url"": ""http://www.kreisbote.de/wirtschaft/el-nin-nahrungsmittelpreise-koennten-2027-um-20-prozent-steigen-zr-94449734.html"", ""titulo"": ""El Niño : Nahrungsmittelpreise könnten 2027 um 20 Prozent steigen"", ""idioma"": ""german"", ""origen"": ""gdelt_doc:eventos_naturales""}"
noticia,idioma_no_soportado,idioma,https://www.kreiszeitung.de/wirtschaft/el-nin-nahrungsmittelpreise-koennten-2027-um-20-prozent-steigen-zr-94449734.html,"{""url"": ""https://www.kreiszeitung.de/wirtschaft/el-nin-nahrungsmittelpreise-koennten-2027-um-20-prozent-steigen-zr-94449734.html"", ""titulo"": ""El Niño : Nahrungsmittelpreise könnten 2027 um 20 Prozent steigen"", ""idioma"": ""german"", ""origen"": ""gdelt_doc:eventos_naturales""}"
noticia,idioma_no_soportado,idioma,https://baijiahao.baidu.com/s?id=1875401455497575622,"{""url"": ""https://baijiahao.baidu.com/s?id=1875401455497575622"", ""titulo"": ""巴拿马运河下调每日通航量 ： 每天只过32艘船 ！ 巴政府已宣布全国进入紧急状态"", ""idioma"": ""chinese"", ""origen"": ""gdelt_doc:eventos_naturales""}"
noticia,idioma_no_soportado,idioma,https://www.filmweb.pl/news/Oscary+2027:+Kryzys+wiary+kontra+walka+o+%C5%BCycie+dziecka-168557,"{""url"": ""https://www.filmweb.pl/news/Oscary+2027:+Kryzys+wiary+kontra+walka+o+%C5%BCycie+dziecka-168557"", ""titulo"": ""Oscary 2027 : Kryzys wiary kontra walka o życie dziecka"", ""idioma"": ""polish"", ""origen"": ""gdelt_doc:eventos_naturales""}"
noticia,idioma_no_soportado,idioma,https://www.hani.co.kr/arti/economy/economy_general/1276705.html,"{""url"": ""https://www.hani.co.kr/arti/economy/economy_general/1276705.html"", ""titulo"": ""네팔발 기후변화 청구서 , 사회적 논의 강화를"", ""idioma"": ""korean"", ""origen"": ""gdelt_doc:eventos_naturales""}"
noticia,idioma_no_soportado,idioma,https://jornaldebrasilia.com.br/noticias/mundo/chance-de-el-nino-muito-forte-a-partir-de-setembro-sobe-para-97-diz-agencia-dos-eua/,"{""url"": ""https://jornaldebrasilia.com.br/noticias/mundo/chance-de-el-nino-muito-forte-a-partir-de-setembro-sobe-para-97-diz-agencia-dos-eua/"", ""titulo"": ""Chance de El Niño muito forte a partir de setembro sobe para 97 %, diz agência dos EUA"", ""idioma"": ""pt"", ""origen"": ""gdelt_doc:eventos_naturales""}"
noticia,idioma_no_soportado,idioma,https://www1.folha.uol.com.br/ambiente/2026/09/chance-de-el-nino-muito-forte-a-partir-de-setembro-sobe-para-97-diz-agencia-dos-eua.shtml,"{""url"": ""https://www1.folha.uol.com.br/ambiente/2026/09/chance-de-el-nino-muito-forte-a-partir-de-setembro-sobe-para-97-diz-agencia-dos-eua.shtml"", ""titulo"": ""Chance de El Niño muito forte a partir deste mês é de 97 % - 10 / 09 / 2026 - Ambiente"", ""idioma"": ""pt"", ""origen"": ""gdelt_doc:eventos_naturales""}"
noticia,idioma_no_soportado,idioma,https://tribunaonline.com.br/internacional/chance-de-el-nino-muito-forte-a-partir-de-setembro-sobe-para-97-diz-agencia-330362,"{""url"": ""https://tribunaonline.com.br/internacional/chance-de-el-nino-muito-forte-a-partir-de-setembro-sobe-para-97-diz-agencia-330362"", ""titulo"": ""Chance de El Niño muito forte a partir de setembro sobe para 97 %, diz agência"", ""idioma"": ""pt"", ""origen"": ""gdelt_doc:eventos_naturales""}"
noticia,idioma_no_soportado,idioma,https://h21.hani.co.kr/arti/society/environment/59869.html,"{""url"": ""https://h21.hani.co.kr/arti/society/environment/59869.html"", ""titulo"": ""네팔의 비극 , 탄소 배출한 자가 책임도 져라"", ""idioma"": ""korean"", ""origen"": ""gdelt_doc:eventos_naturales""}"
noticia,idioma_no_soportado,idioma,"https://www.rondoniadinamica.com/noticias/2026/09/chance-de-el-nino-muito-forte-a-partir-de-setembro-sobe-para-97-diz-agencia-dos-eua,253802.shtml","{""url"": ""https://www.rondoniadinamica.com/noticias/2026/09/chance-de-el-nino-muito-forte-a-partir-de-setembro-sobe-para-97-diz-agencia-dos-eua,253802.shtml"", ""titulo"": ""Chance de El Niño muito forte a partir de setembro sobe para 97 %, diz agência dos EUA"", ""idioma"": ""pt"", ""origen"": ""gdelt_doc:eventos_naturales""}"
noticia,idioma_no_soportado,idioma,https://correiodoestado.com.br/cidades/apos-convocacao-para-selecao-brasileira-campo-grandense-faz-primeiro/472600/,"{""url"": ""https://correiodoestado.com.br/cidades/apos-convocacao-para-selecao-brasileira-campo-grandense-faz-primeiro/472600/"", ""titulo"": ""Após ser convocado para Seleo , campo - grandense faz 1º gol em clássico"", ""idioma"": ""pt"", ""origen"": ""gdelt_doc:eventos_naturales""}"
noticia,idioma_no_soportado,idioma,https://correiodoestado.com.br/cidades/quase-42-horas-depois-de-temporal-arvores-ainda-ocupam-vias-de-campo/472599/,"{""url"": ""https://correiodoestado.com.br/cidades/quase-42-horas-depois-de-temporal-arvores-ainda-ocupam-vias-de-campo/472599/"", ""titulo"": ""Após 42 horas , árvores ainda interditam vias de Campo Grande"", ""idioma"": ""pt"", ""origen"": ""gdelt_doc:eventos_naturales""}"
noticia,idioma_no_soportado,idioma,https://correiodoestado.com.br/cidades/chuva-da-pouca-tregua-e-ms-entra-no-fim-de-semana-sob-alerta-de/472588/,"{""url"": ""https://correiodoestado.com.br/cidades/chuva-da-pouca-tregua-e-ms-entra-no-fim-de-semana-sob-alerta-de/472588/"", ""titulo"": ""Chuva passa de 69 mm em MS e Inmet alerta para novos temporais"", ""idioma"": ""pt"", ""origen"": ""gdelt_doc:eventos_naturales""}"
noticia,idioma_no_soportado,idioma,https://correiodoestado.com.br/cidades/dois-dias-apos-temporal-moradores-ainda-estao-sem-energia-em-campo/472598/,"{""url"": ""https://correiodoestado.com.br/cidades/dois-dias-apos-temporal-moradores-ainda-estao-sem-energia-em-campo/472598/"", ""titulo"": ""Dois dias após temporal , moradores de 13 bairros seguem sem energia"", ""idioma"": ""pt"", ""origen"": ""gdelt_doc:eventos_naturales""}"
noticia,idioma_no_soportado,idioma,https://correiodoestado.com.br/cidades/juiz-manda-prender-ex-vereadores-envolvidos-em-farra-das-diarias/472601/,"{""url"": ""https://correiodoestado.com.br/cidades/juiz-manda-prender-ex-vereadores-envolvidos-em-farra-das-diarias/472601/"", ""titulo"": ""Juiz manda prender ex - vereadores envolvidos em farra das diárias"", ""idioma"": ""pt"", ""origen"": ""gdelt_doc:eventos_naturales""}"
noticia,idioma_no_soportado,idioma,https://news.ifeng.com/c/8wEWoKO8ujF,"{""url"": ""https://news.ifeng.com/c/8wEWoKO8ujF"", ""titulo"": ""全球正在疯狂抢铜 _ 凤凰网"", ""idioma"": ""chinese"", ""origen"": ""gdelt_doc:eventos_naturales""}"
noticia,idioma_no_soportado,idioma,https://www.inewsgr.com/97/ypo-kratisi-o-proin-epikefalis-tis-archis-tis-diorygas-tou-panama.htm,"{""url"": ""https://www.inewsgr.com/97/ypo-kratisi-o-proin-epikefalis-tis-archis-tis-diorygas-tou-panama.htm"", ""titulo"": ""Υπό κράτηση ο πρώην επικεφαλής της αρχής της Διώρυγας του Παναμά"", ""idioma"": ""greek"", ""origen"": ""gdelt_doc:logistica""}"
noticia,idioma_no_soportado,idioma,https://www.in.gr/2026/07/21/world/i-dioryga-tou-panama-meionei-tis-dieleyseis-logo-el-ninio/,"{""url"": ""https://www.in.gr/2026/07/21/world/i-dioryga-tou-panama-meionei-tis-dieleyseis-logo-el-ninio/"", ""titulo"": ""Η Διώρυγα του Παναμά μειώνει τις διελεύσεις λόγω Ελ Νίνιο"", ""idioma"": ""greek"", ""origen"": ""gdelt_doc:logistica""}"
noticia,idioma_no_soportado,idioma,https://www.enanyang.my/news/20260723/Finance/1324747,"{""url"": ""https://www.enanyang.my/news/20260723/Finance/1324747"", ""titulo"": ""近500艘船遭扣查 巴拿马赴中国谈判后迎转机"", ""idioma"": ""chinese"", ""origen"": ""gdelt_doc:logistica""}"
noticia,idioma_no_soportado,idioma,https://www.newsbeast.gr/world/arthro/13223488/ypo-kratisi-o-proin-epikefalis-tis-archis-tis-diorygas-tou-panama,"{""url"": ""https://www.newsbeast.gr/world/arthro/13223488/ypo-kratisi-o-proin-epikefalis-tis-archis-tis-diorygas-tou-panama"", ""titulo"": ""Υπό κράτηση ο πρώην επικεφαλής της αρχής της Διώρυγας του Παναμά"", ""idioma"": ""greek"", ""origen"": ""gdelt_doc:logistica""}"
noticia,idioma_no_soportado,idioma,https://www.capital.gr/diethni/4003686/upo-kratisi-o-proin-epikefalis-tis-arxis-tis-diorugas-tou-panama/,"{""url"": ""https://www.capital.gr/diethni/4003686/upo-kratisi-o-proin-epikefalis-tis-arxis-tis-diorugas-tou-panama/"", ""titulo"": ""Υπό κράτηση ο πρώην επικεφαλής της αρχής της Διώρυγας του Παναμά"", ""idioma"": ""greek"", ""origen"": ""gdelt_doc:logistica""}"
noticia,idioma_no_soportado,idioma,https://sana.sy/economy/2530543/,"{""url"": ""https://sana.sy/economy/2530543/"", ""titulo"": ""بنما تستحوذ بالكامل على مشروع خط أنابيب بتروترمينال الاستراتيجي"", ""idioma"": ""arabic"", ""origen"": ""gdelt_doc:logistica""}"
noticia,idioma_no_soportado,idioma,https://www.in.gr/2026/07/08/world/stena-tou-ormouz-to-iran-etoimazetai-gia-diodia-ti-isxyei-se-alla-perasmata/,"{""url"": ""https://www.in.gr/2026/07/08/world/stena-tou-ormouz-to-iran-etoimazetai-gia-diodia-ti-isxyei-se-alla-perasmata/"", ""titulo"": ""Στενά του Ορμούζ : Το Ιράν ετοιμάζεται για διόδια – Τι ισχύει σε άλλα περάσματα"", ""idioma"": ""greek"", ""origen"": ""gdelt_doc:logistica""}"
noticia,idioma_no_soportado,idioma,https://www.in.gr/2026/07/12/economy/diethnis-oikonomia/naytilia-ta-pagkosmia-simeia-symforisis-stena-kai-dioryges/,"{""url"": ""https://www.in.gr/2026/07/12/economy/diethnis-oikonomia/naytilia-ta-pagkosmia-simeia-symforisis-stena-kai-dioryges/"", ""titulo"": ""Ναυτιλία : Τα παγκόσμια σημεία συμφόρησης – Στενά και Διώρυγες"", ""idioma"": ""greek"", ""origen"": ""gdelt_doc:logistica""}"
noticia,idioma_no_soportado,idioma,https://military.china.com/important/64/20260716/49613574.html,"{""url"": ""https://military.china.com/important/64/20260716/49613574.html"", ""titulo"": ""雁默 ： 巴拿马左脚到大陆求和 ， 右脚到台湾求接盘 ？_ 军事频道 _ 中华网"", ""idioma"": ""chinese"", ""origen"": ""gdelt_doc:logistica""}"
noticia,idioma_no_soportado,idioma,https://gr.euronews.com/business/2026/07/17/blackrock-tops-15tn-where-does-the-worlds-largest-asset-manager-put-it-all,"{""url"": ""https://gr.euronews.com/business/2026/07/17/blackrock-tops-15tn-where-does-the-worlds-largest-asset-manager-put-it-all"", ""titulo"": ""Η BlackRock ξεπερνά τα 15 τρισ . δολάρια : πού επενδύει όλα αυτά τα χρήματα ;"", ""idioma"": ""greek"", ""origen"": ""gdelt_doc:logistica""}"
noticia,idioma_no_soportado,idioma,https://www.dagensps.se/varlden/handel/panamakanalen-ska-rustas-upp-for-miljarder-ses-som-avgorande/,"{""url"": ""https://www.dagensps.se/varlden/handel/panamakanalen-ska-rustas-upp-for-miljarder-ses-som-avgorande/"", ""titulo"": ""Panamakanalen ska rustas upp för miljarder – ses som avgörande"", ""idioma"": ""swedish"", ""origen"": ""gdelt_doc:logistica""}"
noticia,idioma_no_soportado,idioma,https://hu.euronews.com/business/2026/07/17/blackrock-15-ezermilliard-dollar-felett-mibe-fektet-a-vilag-legnagyobb-vagyonkezeloje,"{""url"": ""https://hu.euronews.com/business/2026/07/17/blackrock-15-ezermilliard-dollar-felett-mibe-fektet-a-vilag-legnagyobb-vagyonkezeloje"", ""titulo"": ""BlackRock 15 ezermilliárd dollár felett : mibe fektet a világ legnagyobb vagyonkezelője"", ""idioma"": ""hungarian"", ""origen"": ""gdelt_doc:logistica""}"
noticia,idioma_no_soportado,idioma,https://www.vava8.com/index.php?app=index&act=view&id=86352,"{""url"": ""https://www.vava8.com/index.php?app=index&act=view&id=86352"", ""titulo"": ""态度大反转 ， 巴拿马代表来华求和 ， 中巴谈了3天 ， 巴拿马得偿所愿"", ""idioma"": ""chinese"", ""origen"": ""gdelt_doc:logistica""}"
noticia,idioma_no_soportado,idioma,https://www.money.pl/pieniadze/ile-kosztuje-dolar-kurs-dolara-do-zlotego-pln-usd-16-07-2026-7307993641847232a.html,"{""url"": ""https://www.money.pl/pieniadze/ile-kosztuje-dolar-kurs-dolara-do-zlotego-pln-usd-16-07-2026-7307993641847232a.html"", ""titulo"": ""Ile kosztuje dolar ? Kurs dolara do złotego PLN / USD 16 . 07 . 2026"", ""idioma"": ""polish"", ""origen"": ""gdelt_doc:logistica""}"
noticia,idioma_no_soportado,idioma,https://www.money.pl/pieniadze/ile-kosztuje-dolar-kurs-dolara-do-zlotego-pln-usd-13-07-2026-7307132932683776a.html,"{""url"": ""https://www.money.pl/pieniadze/ile-kosztuje-dolar-kurs-dolara-do-zlotego-pln-usd-13-07-2026-7307132932683776a.html"", ""titulo"": ""Ile kosztuje dolar ? Kurs dolara do złotego PLN / USD 13 . 07 . 2026"", ""idioma"": ""polish"", ""origen"": ""gdelt_doc:logistica""}"
noticia,idioma_no_soportado,idioma,https://www.money.pl/pieniadze/ile-kosztuje-dolar-kurs-dolara-do-zlotego-pln-usd-15-07-2026-7307639646377984a.html,"{""url"": ""https://www.money.pl/pieniadze/ile-kosztuje-dolar-kurs-dolara-do-zlotego-pln-usd-15-07-2026-7307639646377984a.html"", ""titulo"": ""Ile kosztuje dolar ? Kurs dolara do złotego PLN / USD 15 . 07 . 2026"", ""idioma"": ""polish"", ""origen"": ""gdelt_doc:logistica""}"
noticia,idioma_no_soportado,idioma,https://www.money.pl/pieniadze/ile-kosztuje-dolar-kurs-dolara-do-zlotego-pln-usd-10-07-2026-7305870295996768a.html,"{""url"": ""https://www.money.pl/pieniadze/ile-kosztuje-dolar-kurs-dolara-do-zlotego-pln-usd-10-07-2026-7305870295996768a.html"", ""titulo"": ""Ile kosztuje dolar ? Kurs dolara do złotego PLN / USD 10 . 07 . 2026"", ""idioma"": ""polish"", ""origen"": ""gdelt_doc:logistica""}"
noticia,idioma_no_soportado,idioma,https://www.money.pl/pieniadze/ile-kosztuje-dolar-kurs-dolara-do-zlotego-pln-usd-10-07-2026-7306048433740128a.html,"{""url"": ""https://www.money.pl/pieniadze/ile-kosztuje-dolar-kurs-dolara-do-zlotego-pln-usd-10-07-2026-7306048433740128a.html"", ""titulo"": ""Ile kosztuje dolar ? Kurs dolara do złotego PLN / USD 10 . 07 . 2026"", ""idioma"": ""polish"", ""origen"": ""gdelt_doc:logistica""}"
noticia,idioma_no_soportado,idioma,https://www.vava8.com/index.php?app=index&act=view&id=79256,"{""url"": ""https://www.vava8.com/index.php?app=index&act=view&id=79256"", ""titulo"": ""中国成功杀鸡儆猴 ， 大批商船降下巴拿马国旗 ， 有美国撑腰也没用 ！"", ""idioma"": ""chinese"", ""origen"": ""gdelt_doc:logistica""}"
noticia,idioma_no_soportado,idioma,https://www.efsyn.gr/stiles/1426357/apo-tin-grilandia-sto-ormoyz/,"{""url"": ""https://www.efsyn.gr/stiles/1426357/apo-tin-grilandia-sto-ormoyz/"", ""titulo"": ""Από την Γριλανδία στο Ορμούζ"", ""idioma"": ""greek"", ""origen"": ""gdelt_doc:logistica""}"
noticia,idioma_no_soportado,idioma,https://www.capital.gr/diethni/4009142/ipa-ston-panama-tin-epomeni-ebdomada-o-pit-xegkseth/,"{""url"": ""https://www.capital.gr/diethni/4009142/ipa-ston-panama-tin-epomeni-ebdomada-o-pit-xegkseth/"", ""titulo"": ""ΗΠΑ : Στον Παναμά την επόμενη εβδομάδα ο Πιτ Χέγκσεθ"", ""idioma"": ""greek"", ""origen"": ""gdelt_doc:logistica""}"
noticia,idioma_no_soportado,idioma,https://www.kathimerini.gr/world/564382930/o-pit-chegkseth-tha-episkefthei-ton-panama-tin-epomeni-evdomada/,"{""url"": ""https://www.kathimerini.gr/world/564382930/o-pit-chegkseth-tha-episkefthei-ton-panama-tin-epomeni-evdomada/"", ""titulo"": ""Ο Πιτ Χέγκσεθ θα επισκεφθεί τον Παναμά την επόμενη εβδομάδα"", ""idioma"": ""greek"", ""origen"": ""gdelt_doc:logistica""}"
noticia,idioma_no_soportado,idioma,https://www.onalert.gr/kosmos/panamas-paron-o-pit-xegkseth-stin-teleti-liksis-polyethnikis-askisis-gia-tin-prostasia-tis-diorygas/811568/,"{""url"": ""https://www.onalert.gr/kosmos/panamas-paron-o-pit-xegkseth-stin-teleti-liksis-polyethnikis-askisis-gia-tin-prostasia-tis-diorygas/811568/"", ""titulo"": ""Παναμάς : Παρών ο Πιτ Χέγκσεθ στην τελετή λήξης πολυεθνικής άσκησης για την προστασία της Διώρυγας"", ""idioma"": ""greek"", ""origen"": ""gdelt_doc:logistica""}"
noticia,idioma_no_soportado,idioma,http://www.cfi.net.cn/p20260727000209.html,"{""url"": ""http://www.cfi.net.cn/p20260727000209.html"", ""titulo"": ""红海巴拿马双重危机 海运咽喉行情再起 - CFi . CN 中财网"", ""idioma"": ""chinese"", ""origen"": ""gdelt_doc:logistica""}"
noticia,idioma_no_soportado,idioma,https://www.bbc.com/arabic/articles/cwye5eq3q9eo,"{""url"": ""https://www.bbc.com/arabic/articles/cwye5eq3q9eo"", ""titulo"": ""قناة السويس : الأزمة التي مثّلت نهاية بريطانيا العظمى وفرنسا كإمبراطوريتين استعماريتين"", ""idioma"": ""arabic"", ""origen"": ""gdelt_doc:logistica""}"
noticia,idioma_no_soportado,idioma,https://www.elwatannews.com/news/details/8334566,"{""url"": ""https://www.elwatannews.com/news/details/8334566"", ""titulo"": ""خبير نقل بحري : قناة السويس تحتفظ بأفضلية عالمية في حركة التجارة"", ""idioma"": ""arabic"", ""origen"": ""gdelt_doc:logistica""}"
noticia,idioma_no_soportado,idioma,https://www.eremnews.com/news/world/55jwjom,"{""url"": ""https://www.eremnews.com/news/world/55jwjom"", ""titulo"": ""بنما تفتح تحقيقًا في تجنيد مواطنيها للقتال بحرب أوكرانيا"", ""idioma"": ""arabic"", ""origen"": ""gdelt_doc:logistica""}"
noticia,idioma_no_soportado,idioma,https://www.money.pl/pieniadze/ile-kosztuje-dolar-kurs-dolara-do-zlotego-pln-usd-05-08-2026-7315071421691968a.html,"{""url"": ""https://www.money.pl/pieniadze/ile-kosztuje-dolar-kurs-dolara-do-zlotego-pln-usd-05-08-2026-7315071421691968a.html"", ""titulo"": ""Ile kosztuje dolar ? Kurs dolara do złotego PLN / USD 05 . 08 . 2026"", ""idioma"": ""polish"", ""origen"": ""gdelt_doc:logistica""}"
noticia,idioma_no_soportado,idioma,https://www.money.pl/pieniadze/ile-kosztuje-dolar-kurs-dolara-do-zlotego-pln-usd-31-07-2026-7313302184482816a.html,"{""url"": ""https://www.money.pl/pieniadze/ile-kosztuje-dolar-kurs-dolara-do-zlotego-pln-usd-31-07-2026-7313302184482816a.html"", ""titulo"": ""Ile kosztuje dolar ? Kurs dolara do złotego PLN / USD 31 . 07 . 2026"", ""idioma"": ""polish"", ""origen"": ""gdelt_doc:logistica""}"
noticia,idioma_no_soportado,idioma,https://www.money.pl/pieniadze/ile-kosztuje-dolar-kurs-dolara-do-zlotego-pln-usd-30-07-2026-7312948028938656a.html,"{""url"": ""https://www.money.pl/pieniadze/ile-kosztuje-dolar-kurs-dolara-do-zlotego-pln-usd-30-07-2026-7312948028938656a.html"", ""titulo"": ""Ile kosztuje dolar ? Kurs dolara do złotego PLN / USD 30 . 07 . 2026"", ""idioma"": ""polish"", ""origen"": ""gdelt_doc:logistica""}"
noticia,idioma_no_soportado,idioma,https://www.money.pl/pieniadze/ile-kosztuje-dolar-kurs-dolara-do-zlotego-pln-usd-28-07-2026-7312240366983520a.html,"{""url"": ""https://www.money.pl/pieniadze/ile-kosztuje-dolar-kurs-dolara-do-zlotego-pln-usd-28-07-2026-7312240366983520a.html"", ""titulo"": ""Ile kosztuje dolar ? Kurs dolara do złotego PLN / USD 28 . 07 . 2026"", ""idioma"": ""polish"", ""origen"": ""gdelt_doc:logistica""}"
noticia,idioma_no_soportado,idioma,https://www.money.pl/pieniadze/ile-kosztuje-dolar-kurs-dolara-do-zlotego-pln-usd-05-08-2026-7315248414545920a.html,"{""url"": ""https://www.money.pl/pieniadze/ile-kosztuje-dolar-kurs-dolara-do-zlotego-pln-usd-05-08-2026-7315248414545920a.html"", ""titulo"": ""Ile kosztuje dolar ? Kurs dolara do złotego PLN / USD 05 . 08 . 2026"", ""idioma"": ""polish"", ""origen"": ""gdelt_doc:logistica""}"
noticia,idioma_no_soportado,idioma,https://www.dostor.org/5651696,"{""url"": ""https://www.dostor.org/5651696"", ""titulo"": ""مضيق هرمز لم يعد الأزمة الوحيدة .. ممرات بحرية تدخل عصر الحروب الاقتصادية"", ""idioma"": ""arabic"", ""origen"": ""gdelt_doc:logistica""}"
noticia,idioma_no_soportado,idioma,https://jyllands-posten.dk/international/ECE19565490/panamakanalen-maa-reducere-skibstrafikken-paa-grund-af-toerke/?fp-exp=60320002&fp-alg=603200020,"{""url"": ""https://jyllands-posten.dk/international/ECE19565490/panamakanalen-maa-reducere-skibstrafikken-paa-grund-af-toerke/?fp-exp=60320002&fp-alg=603200020"", ""titulo"": ""Panamakanalen må reducere skibstrafikken på grund af tørke"", ""idioma"": ""danish"", ""origen"": ""gdelt_doc:logistica""}"
noticia,idioma_no_soportado,idioma,https://baijiahao.baidu.com/s?id=1874088528574236965,"{""url"": ""https://baijiahao.baidu.com/s?id=1874088528574236965"", ""titulo"": ""向美国献上运河 ， 巴拿马遭长和15亿美元索赔"", ""idioma"": ""chinese"", ""origen"": ""gdelt_doc:logistica""}"
noticia,idioma_no_soportado,idioma,https://jang.com.pk/news/1609349,"{""url"": ""https://jang.com.pk/news/1609349"", ""titulo"": ""ایل نینو کے خدشات بڑھنے لگے ، پانامہ نہر میں جہازوں کی آمد و رفت محدود کرنے کا فیصلہ"", ""idioma"": ""urdu"", ""origen"": ""gdelt_doc:logistica""}"
noticia,idioma_no_soportado,idioma,https://www.epochtimes.com/gb/26/8/21/n14834017.htm,"{""url"": ""https://www.epochtimes.com/gb/26/8/21/n14834017.htm"", ""titulo"": ""厄尔尼诺使水情恶化 巴拿马运河9月再限航"", ""idioma"": ""chinese"", ""origen"": ""gdelt_doc:logistica""}"
noticia,idioma_no_soportado,idioma,https://www.bt.dk/udland/panamakanalen-maa-reducere-skibstrafik-paa-grund-af-toerke,"{""url"": ""https://www.bt.dk/udland/panamakanalen-maa-reducere-skibstrafik-paa-grund-af-toerke"", ""titulo"": ""Panamakanalen må reducere skibstrafik på grund af tørke"", ""idioma"": ""danish"", ""origen"": ""gdelt_doc:logistica""}"
noticia,idioma_no_soportado,idioma,https://dailyinqilab.com/international/news/930836,"{""url"": ""https://dailyinqilab.com/international/news/930836"", ""titulo"": ""পানামা খালে নতুন বিধিনিষেধ , কমছে জাহাজ চলাচল"", ""idioma"": ""bengali"", ""origen"": ""gdelt_doc:logistica""}"
noticia,idioma_no_soportado,idioma,https://www.tu.no/nyhetsstudio/panamakanalen-maa-redusere-trafikken-paa-grunn-av-toerke/128863,"{""url"": ""https://www.tu.no/nyhetsstudio/panamakanalen-maa-redusere-trafikken-paa-grunn-av-toerke/128863"", ""titulo"": ""Panamakanalen må redusere trafikken på grunn av tørke - Teknisk Ukeblad"", ""idioma"": ""norwegian"", ""origen"": ""gdelt_doc:logistica""}"
noticia,idioma_no_soportado,idioma,https://www.t-online.de/finanzen/aktuelles/wirtschaft/id_101398618/trockenheit-wegen-el-nino-schiffsverkehr-im-panama-kanal-gedrosselt.html,"{""url"": ""https://www.t-online.de/finanzen/aktuelles/wirtschaft/id_101398618/trockenheit-wegen-el-nino-schiffsverkehr-im-panama-kanal-gedrosselt.html"", ""titulo"": ""Trockenheit wegen El Niño : Schiffsverkehr im Panama - Kanal gedrosselt"", ""idioma"": ""german"", ""origen"": ""gdelt_doc:logistica""}"
noticia,idioma_no_soportado,idioma,https://www.ntvbd.com/world/news-1791333,"{""url"": ""https://www.ntvbd.com/world/news-1791333"", ""titulo"": ""এল নিনোর প্রভাবে খরা , পানামা খালে জাহাজ চলাচল কমানো হবে"", ""idioma"": ""bengali"", ""origen"": ""gdelt_doc:logistica""}"
noticia,idioma_no_soportado,idioma,https://www.watson.ch/international/schifffahrt/576694466-panamakanal-senkt-zahl-der-schiffspassagen-wegen-zu-wenig-regen,"{""url"": ""https://www.watson.ch/international/schifffahrt/576694466-panamakanal-senkt-zahl-der-schiffspassagen-wegen-zu-wenig-regen"", ""titulo"": ""Panamakanal senkt Zahl der Schiffspassagen wegen zu wenig Regen"", ""idioma"": ""german"", ""origen"": ""gdelt_doc:logistica""}"
noticia,idioma_no_soportado,idioma,http://www.merkur.de/wirtschaft/rekordgebuehr-von-mio-dollar-fuer-die-durchfahrt-panama-kanal-verlangt-zr-94442105.html,"{""url"": ""http://www.merkur.de/wirtschaft/rekordgebuehr-von-mio-dollar-fuer-die-durchfahrt-panama-kanal-verlangt-zr-94442105.html"", ""titulo"": ""Panama - Kanal : Rekordgebühren wegen Iran - Krieg und Hormus - Sperrung"", ""idioma"": ""german"", ""origen"": ""gdelt_doc:logistica""}"
noticia,idioma_no_soportado,idioma,http://www.merkur.de/wirtschaft/verlangt-rekordgebuehr-von-mio-dollar-fuer-die-durchfahrt-panama-kanal-zr-94442105.html,"{""url"": ""http://www.merkur.de/wirtschaft/verlangt-rekordgebuehr-von-mio-dollar-fuer-die-durchfahrt-panama-kanal-zr-94442105.html"", ""titulo"": ""Panama - Kanal : Rekordgebühren wegen Iran - Krieg und Hormus - Sperrung"", ""idioma"": ""german"", ""origen"": ""gdelt_doc:logistica""}"
noticia,idioma_no_soportado,idioma,https://www.dagelijksestandaard.nl/nieuws/minder-scheepvaart-door-panamakanaal-wegens-droogte,"{""url"": ""https://www.dagelijksestandaard.nl/nieuws/minder-scheepvaart-door-panamakanaal-wegens-droogte"", ""titulo"": ""Minder scheepvaart door Panamakanaal wegens droogte"", ""idioma"": ""dutch"", ""origen"": ""gdelt_doc:logistica""}"
noticia,idioma_no_soportado,idioma,https://www.inewsgr.com/97/to-el-ninio-stegnonei-ti-dioryga-tou-panama--meionontai-oi-dielefseis-ploion.htm,"{""url"": ""https://www.inewsgr.com/97/to-el-ninio-stegnonei-ti-dioryga-tou-panama--meionontai-oi-dielefseis-ploion.htm"", ""titulo"": ""Το Ελ Νίνιο « στεγνώνει » τη Διώρυγα του Παναμά – Μειώνονται οι διελεύσεις πλοίων"", ""idioma"": ""greek"", ""origen"": ""gdelt_doc:logistica""}"
noticia,idioma_no_soportado,idioma,https://drimble.nl/binnenlands-nieuws/107760766/minder-scheepvaart-door-panamakanaal-wegens-droogte.html,"{""url"": ""https://drimble.nl/binnenlands-nieuws/107760766/minder-scheepvaart-door-panamakanaal-wegens-droogte.html"", ""titulo"": ""Minder scheepvaart door Panamakanaal wegens droogte"", ""idioma"": ""dutch"", ""origen"": ""gdelt_doc:logistica""}"
noticia,idioma_no_soportado,idioma,https://www.lifo.gr/now/world/i-xirasia-periorizei-ti-dieleysi-ploion-apo-ti-dioryga-toy-panama-foboi-gia-nees-oyres,"{""url"": ""https://www.lifo.gr/now/world/i-xirasia-periorizei-ti-dieleysi-ploion-apo-ti-dioryga-toy-panama-foboi-gia-nees-oyres"", ""titulo"": ""Η ξηρασία περιορίζει τη διέλευση πλοίων από τη Διώρυγα του Παναμά – Φόβοι για νέες ουρές πλοίων"", ""idioma"": ""greek"", ""origen"": ""gdelt_doc:logistica""}"
noticia,idioma_no_soportado,idioma,https://nos.nl/artikel/2627528-met-hormuz-op-slot-tellen-rederijen-miljoenen-neer-voor-voorrang-in-het-panamakanaal,"{""url"": ""https://nos.nl/artikel/2627528-met-hormuz-op-slot-tellen-rederijen-miljoenen-neer-voor-voorrang-in-het-panamakanaal"", ""titulo"": ""Met Hormuz op slot tellen rederijen miljoenen neer voor voorrang in het Panamakanaal"", ""idioma"": ""dutch"", ""origen"": ""gdelt_doc:logistica""}"
noticia,idioma_no_soportado,idioma,https://www.focus.de/finanzen/news/ab-september-duerfen-weniger-schiffe-durch-den-panamakanal-fahren-da-el-nino-die-route-beeintraechtigt_287608c9-f802-404a-9f01-6643ef3a01a4.html,"{""url"": ""https://www.focus.de/finanzen/news/ab-september-duerfen-weniger-schiffe-durch-den-panamakanal-fahren-da-el-nino-die-route-beeintraechtigt_287608c9-f802-404a-9f01-6643ef3a01a4.html"", ""titulo"": ""Ab September dürfen weniger Schiffe durch den Panamakanal fahren , da El Niño die Route beeinträchtigt"", ""idioma"": ""german"", ""origen"": ""gdelt_doc:logistica""}"
noticia,idioma_no_soportado,idioma,https://www.bt.dk/erhverv/hongkong-baseret-selskab-indleder-sag-mod-panama-for-havnestrid,"{""url"": ""https://www.bt.dk/erhverv/hongkong-baseret-selskab-indleder-sag-mod-panama-for-havnestrid"", ""titulo"": ""Hongkong - baseret selskab indleder sag mod Panama for havnestrid"", ""idioma"": ""danish"", ""origen"": ""gdelt_doc:logistica""}"
noticia,idioma_no_soportado,idioma,https://koran-jakarta.com/2026-08-22/terusan-panama-kurangi-jumlah-kapal-akibat-kekeringan-dan-ancaman-el-nino,"{""url"": ""https://koran-jakarta.com/2026-08-22/terusan-panama-kurangi-jumlah-kapal-akibat-kekeringan-dan-ancaman-el-nino"", ""titulo"": ""Terusan Panama Kurangi Jumlah Kapal akibat Kekeringan dan Ancaman El Nino"", ""idioma"": ""indonesian"", ""origen"": ""gdelt_doc:logistica""}"
noticia,idioma_no_soportado,idioma,https://www.chunichi.co.jp:443/article/1299278,"{""url"": ""https://www.chunichi.co.jp:443/article/1299278"", ""titulo"": ""パナマに２３００億円賠償請求 香港企業 、 運河巡り国際仲裁 ： 中日新聞Web"", ""idioma"": ""japanese"", ""origen"": ""gdelt_doc:logistica""}"
noticia,idioma_no_soportado,idioma,https://www.newsbomb.gr/kosmos/story/1757836/el-ninio-meionontai-oi-imerisies-dieleyseis-ploion-apo-ti-dioryga-tou-panama-logo-elleipsis-vroxon,"{""url"": ""https://www.newsbomb.gr/kosmos/story/1757836/el-ninio-meionontai-oi-imerisies-dieleyseis-ploion-apo-ti-dioryga-tou-panama-logo-elleipsis-vroxon"", ""titulo"": ""Ελ Νίνιο : Μειώνονται οι ημερήσιες διελεύσεις πλοίων από τη Διώρυγα του Παναμά λόγω έλλειψης βροχών"", ""idioma"": ""greek"", ""origen"": ""gdelt_doc:logistica""}"
noticia,idioma_no_soportado,idioma,https://www.sofokleousin.gr/epikairotita/diethni/ck-hutchison-aksionei-pano-apo-15-disek-dolaria-apo-ton-panama,"{""url"": ""https://www.sofokleousin.gr/epikairotita/diethni/ck-hutchison-aksionei-pano-apo-15-disek-dolaria-apo-ton-panama"", ""titulo"": ""CK Hutchison : Αξιώνει πάνω από 1 , 5 δισεκ . δολάρια από τον Παναμά"", ""idioma"": ""greek"", ""origen"": ""gdelt_doc:logistica""}"
noticia,idioma_no_soportado,idioma,https://www.topky.sk/cl/11/9473629/Obrovsky-spor-o-pristavy-v-Panamskom-prieplave--Hongkonsky-konglomerat-ziada-viac-ako-1-5-miliardy-dolarov-,"{""url"": ""https://www.topky.sk/cl/11/9473629/Obrovsky-spor-o-pristavy-v-Panamskom-prieplave--Hongkonsky-konglomerat-ziada-viac-ako-1-5-miliardy-dolarov-"", ""titulo"": ""Hongkonský konglomerát žiada od Panamy viac ako 1 , 5 miliardy v spore o správu prístavov"", ""idioma"": ""slovak"", ""origen"": ""gdelt_doc:logistica""}"
noticia,idioma_no_soportado,idioma,https://www.handelsblatt.com/politik/deutschland/klima-zu-wenig-regen-panamakanal-senkt-zahl-der-schiffspassagen/100248713.html,"{""url"": ""https://www.handelsblatt.com/politik/deutschland/klima-zu-wenig-regen-panamakanal-senkt-zahl-der-schiffspassagen/100248713.html"", ""titulo"": ""Klima : Zu wenig Regen : Panamakanal senkt Zahl der Schiffspassagen"", ""idioma"": ""german"", ""origen"": ""gdelt_doc:logistica""}"
noticia,idioma_no_soportado,idioma,https://www.tagesschau.de/wirtschaft/weltwirtschaft/panamakanal-schiffsverkehr-trockenheit-100.html,"{""url"": ""https://www.tagesschau.de/wirtschaft/weltwirtschaft/panamakanal-schiffsverkehr-trockenheit-100.html"", ""titulo"": ""Schiffsverkehr durch Panamakanal wird wegen Trockenheit reduziert"", ""idioma"": ""german"", ""origen"": ""gdelt_doc:logistica""}"
noticia,idioma_no_soportado,idioma,https://www.freiepresse.de/nachrichten/wirtschaft/zu-wenig-regen-panamakanal-senkt-zahl-der-schiffspassagen-artikel14378048,"{""url"": ""https://www.freiepresse.de/nachrichten/wirtschaft/zu-wenig-regen-panamakanal-senkt-zahl-der-schiffspassagen-artikel14378048"", ""titulo"": ""Zu wenig Regen : Panamakanal senkt Zahl der Schiffspassagen"", ""idioma"": ""german"", ""origen"": ""gdelt_doc:logistica""}"
noticia,idioma_no_soportado,idioma,https://www.volksstimme.de/deutschland-und-welt/wirtschaft/zu-wenig-regen-panamakanal-senkt-zahl-der-schiffspassagen-4305178,"{""url"": ""https://www.volksstimme.de/deutschland-und-welt/wirtschaft/zu-wenig-regen-panamakanal-senkt-zahl-der-schiffspassagen-4305178"", ""titulo"": ""Klima : Zu wenig Regen : Panamakanal senkt Zahl der Schiffspassagen"", ""idioma"": ""german"", ""origen"": ""gdelt_doc:logistica""}"
noticia,idioma_no_soportado,idioma,https://www.sueddeutsche.de/wirtschaft/klima-zu-wenig-regen-panamakanal-senkt-zahl-der-schiffspassagen-dpa.urn-newsml-dpa-com-20090101-260821-930-560343,"{""url"": ""https://www.sueddeutsche.de/wirtschaft/klima-zu-wenig-regen-panamakanal-senkt-zahl-der-schiffspassagen-dpa.urn-newsml-dpa-com-20090101-260821-930-560343"", ""titulo"": ""Klima - Zu wenig Regen : Panamakanal senkt Zahl der Schiffspassagen - Wirtschaft"", ""idioma"": ""german"", ""origen"": ""gdelt_doc:logistica""}"
noticia,idioma_no_soportado,idioma,https://www.zaobao.com.sg/news/china/story20260820-9545540,"{""url"": ""https://www.zaobao.com.sg/news/china/story20260820-9545540"", ""titulo"": ""长和向巴拿马索偿逾15亿美元"", ""idioma"": ""chinese"", ""origen"": ""gdelt_doc:logistica""}"
noticia,idioma_no_soportado,idioma,https://www.onvista.de/news/2026/08-21-zu-wenig-regen-panamakanal-senkt-zahl-der-schiffspassagen-0-10-26545102,"{""url"": ""https://www.onvista.de/news/2026/08-21-zu-wenig-regen-panamakanal-senkt-zahl-der-schiffspassagen-0-10-26545102"", ""titulo"": ""Zu wenig Regen : Panamakanal senkt Zahl der Schiffspassagen"", ""idioma"": ""german"", ""origen"": ""gdelt_doc:logistica""}"
noticia,idioma_no_soportado,idioma,https://www.20min.ch/story/el-nino-zu-wenig-regen-panamakanal-senkt-durchfahrt-fuer-schiffe-103620400,"{""url"": ""https://www.20min.ch/story/el-nino-zu-wenig-regen-panamakanal-senkt-durchfahrt-fuer-schiffe-103620400"", ""titulo"": ""Panamakanal senkt Zahl der Schiffspassagen - zu wenig Regen"", ""idioma"": ""german"", ""origen"": ""gdelt_doc:logistica""}"
noticia,idioma_no_soportado,idioma,https://www.finanznachrichten.de/nachrichten-2026-08/69370310-zu-wenig-regen-panamakanal-senkt-zahl-der-schiffspassagen-016.htm,"{""url"": ""https://www.finanznachrichten.de/nachrichten-2026-08/69370310-zu-wenig-regen-panamakanal-senkt-zahl-der-schiffspassagen-016.htm"", ""titulo"": ""Zu wenig Regen : Panamakanal senkt Zahl der Schiffspassagen"", ""idioma"": ""german"", ""origen"": ""gdelt_doc:logistica""}"
noticia,idioma_no_soportado,idioma,https://www.wiwo.de/unternehmen/klima-zu-wenig-regen-panamakanal-senkt-zahl-der-schiffspassagen/100248714.html,"{""url"": ""https://www.wiwo.de/unternehmen/klima-zu-wenig-regen-panamakanal-senkt-zahl-der-schiffspassagen/100248714.html"", ""titulo"": ""Klima : Zu wenig Regen : Panamakanal senkt Zahl der Schiffspassagen"", ""idioma"": ""german"", ""origen"": ""gdelt_doc:logistica""}"
noticia,idioma_no_soportado,idioma,https://www.liputan6.com/bisnis/read/8274426/orang-terkaya-hong-kong-li-ka-shing-tuntut-ganti-rugi-rp-2664-triliun-kepada-panama,"{""url"": ""https://www.liputan6.com/bisnis/read/8274426/orang-terkaya-hong-kong-li-ka-shing-tuntut-ganti-rugi-rp-2664-triliun-kepada-panama"", ""titulo"": ""Orang Terkaya Hong Kong Li Ka - shing Tuntut Ganti Rugi Rp 26 , 64 Triliun kepada Panama"", ""idioma"": ""indonesian"", ""origen"": ""gdelt_doc:logistica""}"
noticia,idioma_no_soportado,idioma,https://www.zeit.de/news/2026-08/21/zu-wenig-regen-panamakanal-senkt-zahl-der-schiffspassagen,"{""url"": ""https://www.zeit.de/news/2026-08/21/zu-wenig-regen-panamakanal-senkt-zahl-der-schiffspassagen"", ""titulo"": ""Klima : Zu wenig Regen : Panamakanal senkt Zahl der Schiffspassagen"", ""idioma"": ""german"", ""origen"": ""gdelt_doc:logistica""}"
noticia,idioma_no_soportado,idioma,https://www.abendzeitung-muenchen.de/mehr/geld/zu-wenig-regen-panamakanal-senkt-zahl-der-schiffspassagen-art-1152860,"{""url"": ""https://www.abendzeitung-muenchen.de/mehr/geld/zu-wenig-regen-panamakanal-senkt-zahl-der-schiffspassagen-art-1152860"", ""titulo"": ""Zu wenig Regen : Panamakanal senkt Zahl der Schiffspassagen"", ""idioma"": ""german"", ""origen"": ""gdelt_doc:logistica""}"
noticia,idioma_no_soportado,idioma,https://www.protothema.gr/world/article/1867488/el-ninio-dioruga-tou-panama-periorizetai-o-arithmos-ton-dieleuseon-ploion-logo-tis-meiosis-ton-vrohoptoseon/,"{""url"": ""https://www.protothema.gr/world/article/1867488/el-ninio-dioruga-tou-panama-periorizetai-o-arithmos-ton-dieleuseon-ploion-logo-tis-meiosis-ton-vrohoptoseon/"", ""titulo"": ""Το Ελ Νίνιο επηρεάζει τη Διώρυγα του Παναμά : Περιορίζεται ο αριθμός των διελεύσεων πλοίων λόγω της μείωσης των βροχοπτώσεων"", ""idioma"": ""greek"", ""origen"": ""gdelt_doc:logistica""}"
noticia,idioma_no_soportado,idioma,https://www.tagesanzeiger.ch/panamakanal-weniger-schiffspassagen-wegen-trockenheit-141567567173,"{""url"": ""https://www.tagesanzeiger.ch/panamakanal-weniger-schiffspassagen-wegen-trockenheit-141567567173"", ""titulo"": ""Panamakanal : Weniger Schiffspassagen wegen Trockenheit"", ""idioma"": ""german"", ""origen"": ""gdelt_doc:logistica""}"
noticia,idioma_no_soportado,idioma,https://finance.sina.com.cn/tech/discovery/2026-08-12/doc-ininarre5134688.shtml,"{""url"": ""https://finance.sina.com.cn/tech/discovery/2026-08-12/doc-ininarre5134688.shtml"", ""titulo"": ""400万美元插次队 ！ 巴拿马运河 插队费 又拍出天价 _ 新浪科技 _ 新浪网"", ""idioma"": ""chinese"", ""origen"": ""gdelt_doc:logistica""}"
noticia,idioma_no_soportado,idioma,"https://www.nwzonline.de/wirtschaft-meldungen/klima-zu-wenig-regen-panamakanal-senkt-zahl-der-schiffspassagen_a_4,3,1539549535.html","{""url"": ""https://www.nwzonline.de/wirtschaft-meldungen/klima-zu-wenig-regen-panamakanal-senkt-zahl-der-schiffspassagen_a_4,3,1539549535.html"", ""titulo"": ""Zu wenig Regen : Panamakanal senkt Zahl der Schiffspassagen"", ""idioma"": ""german"", ""origen"": ""gdelt_doc:logistica""}"
noticia,idioma_no_soportado,idioma,https://www.kristeligt-dagblad.dk/hongkong-baseret-selskab-indleder-sag-mod-panama-havnestrid,"{""url"": ""https://www.kristeligt-dagblad.dk/hongkong-baseret-selskab-indleder-sag-mod-panama-havnestrid"", ""titulo"": ""Hongkong - baseret selskab indleder sag mod Panama for havnestrid"", ""idioma"": ""danish"", ""origen"": ""gdelt_doc:logistica""}"
noticia,idioma_no_soportado,idioma,https://www.news.de/panorama/859922087/zu-wenig-regen-panamakanal-senkt-zahl-der-schiffspassagen-news-der-dpa-aktuell-zu-schifffahrt-klima-und-welthandel/1/,"{""url"": ""https://www.news.de/panorama/859922087/zu-wenig-regen-panamakanal-senkt-zahl-der-schiffspassagen-news-der-dpa-aktuell-zu-schifffahrt-klima-und-welthandel/1/"", ""titulo"": ""Klima : Zu wenig Regen : Panamakanal senkt Zahl der Schiffspassagen"", ""idioma"": ""german"", ""origen"": ""gdelt_doc:logistica""}"
noticia,idioma_no_soportado,idioma,https://www.nordbayern.de/schlagzeilen/zu-wenig-regen-panamakanal-senkt-zahl-der-schiffspassagen-1.15248553,"{""url"": ""https://www.nordbayern.de/schlagzeilen/zu-wenig-regen-panamakanal-senkt-zahl-der-schiffspassagen-1.15248553"", ""titulo"": ""Zu wenig Regen : Panamakanal senkt Zahl der Schiffspassagen"", ""idioma"": ""german"", ""origen"": ""gdelt_doc:logistica""}"
noticia,idioma_no_soportado,idioma,https://www.nw.de/nachrichten/wirtschaft/24400592_Zu-wenig-Regen-Panamakanal-senkt-Zahl-der-Schiffspassagen.html,"{""url"": ""https://www.nw.de/nachrichten/wirtschaft/24400592_Zu-wenig-Regen-Panamakanal-senkt-Zahl-der-Schiffspassagen.html"", ""titulo"": ""Zu wenig Regen : Panamakanal senkt Zahl der Schiffspassagen"", ""idioma"": ""german"", ""origen"": ""gdelt_doc:logistica""}"
noticia,idioma_no_soportado,idioma,https://www.bernerzeitung.ch/panamakanal-weniger-schiffspassagen-wegen-trockenheit-141567567173,"{""url"": ""https://www.bernerzeitung.ch/panamakanal-weniger-schiffspassagen-wegen-trockenheit-141567567173"", ""titulo"": ""Panamakanal : Weniger Schiffspassagen wegen Trockenheit"", ""idioma"": ""german"", ""origen"": ""gdelt_doc:logistica""}"
noticia,idioma_no_soportado,idioma,"https://www.rheinpfalz.de/wirtschaft_artikel,-zu-wenig-regen-panamakanal-senkt-zahl-der-schiffspassagen-_arid,5921459.html","{""url"": ""https://www.rheinpfalz.de/wirtschaft_artikel,-zu-wenig-regen-panamakanal-senkt-zahl-der-schiffspassagen-_arid,5921459.html"", ""titulo"": ""Zu wenig Regen : Panamakanal senkt Zahl der Schiffspassagen - Wirtschaft"", ""idioma"": ""german"", ""origen"": ""gdelt_doc:logistica""}"
noticia,idioma_no_soportado,idioma,http://www.cfi.net.cn/p20260817000345.html,"{""url"": ""http://www.cfi.net.cn/p20260817000345.html"", ""titulo"": ""曼德海峡巴拿马运河双阻 海运效率损失推高运价 - CFi . CN 中财网"", ""idioma"": ""chinese"", ""origen"": ""gdelt_doc:logistica""}"
noticia,idioma_no_soportado,idioma,https://finance.eastmoney.com/a/202608123838940028.html,"{""url"": ""https://finance.eastmoney.com/a/202608123838940028.html"", ""titulo"": ""巴拿马运河 插队费 又拍出天价 ！ 中东冲突与厄尔尼诺影响还在发酵 _ 东方财富网"", ""idioma"": ""chinese"", ""origen"": ""gdelt_doc:logistica""}"
noticia,idioma_no_soportado,idioma,https://www.schwaebische.de/wirtschaft/zu-wenig-regen-panamakanal-senkt-zahl-der-schiffspassagen-4799242,"{""url"": ""https://www.schwaebische.de/wirtschaft/zu-wenig-regen-panamakanal-senkt-zahl-der-schiffspassagen-4799242"", ""titulo"": ""Zu wenig Regen : Panamakanal senkt Zahl der Schiffspassagen"", ""idioma"": ""german"", ""origen"": ""gdelt_doc:logistica""}"
noticia,idioma_no_soportado,idioma,https://www.in.gr/2026/08/21/world/el-ninio-meionoun-tis-dieleyseis-ploion-apo-ti-dioryga-tou-panama-logo-meiosis-ton-vroxoptoseon/,"{""url"": ""https://www.in.gr/2026/08/21/world/el-ninio-meionoun-tis-dieleyseis-ploion-apo-ti-dioryga-tou-panama-logo-meiosis-ton-vroxoptoseon/"", ""titulo"": ""Ελ Νίνιο : Μειώνουν τις διελεύσεις πλοίων από τη Διώρυγα του Παναμά λόγω μείωσης των βροχοπτώσεων"", ""idioma"": ""greek"", ""origen"": ""gdelt_doc:logistica""}"
noticia,idioma_no_soportado,idioma,https://www.163.com/dy/article/L4P34E7O0530IU8N.html,"{""url"": ""https://www.163.com/dy/article/L4P34E7O0530IU8N.html"", ""titulo"": ""索赔超15亿美元 ！ 长和再启国际仲裁 ， 追责巴拿马强收运河港口"", ""idioma"": ""chinese"", ""origen"": ""gdelt_doc:logistica""}"
noticia,idioma_no_soportado,idioma,https://www.tanea.gr/2026/08/21/world/el-ninio-ligotera-ploia-sti-dioryga-panama-eksaitias-ton-meiomenon-vroxoptoseon-poses-dieleyseis-tha-ginontai-kathimerina/,"{""url"": ""https://www.tanea.gr/2026/08/21/world/el-ninio-ligotera-ploia-sti-dioryga-panama-eksaitias-ton-meiomenon-vroxoptoseon-poses-dieleyseis-tha-ginontai-kathimerina/"", ""titulo"": ""Ελ Νίνιο : Λιγότερα πλοία στη Διώρυγα Παναμά εξαιτίας των μειωμένων βροχοπτώσεων - Πόσες διελεύσεις θα γίνονται καθημερινά"", ""idioma"": ""greek"", ""origen"": ""gdelt_doc:logistica""}"
noticia,idioma_no_soportado,idioma,https://www.fnnews.com/news/202608120935300157,"{""url"": ""https://www.fnnews.com/news/202608120935300157"", ""titulo"": ""파나마 운하 통행료 53억원 , 가뭄 · 전쟁에 역대 최고가"", ""idioma"": ""korean"", ""origen"": ""gdelt_doc:logistica""}"
noticia,idioma_no_soportado,idioma,https://www.news247.gr/kosmos/el-ninio-i-dioriga-tou-panama-periorizei-tis-dielefseis-ploion-logo-tis-xirasias/,"{""url"": ""https://www.news247.gr/kosmos/el-ninio-i-dioriga-tou-panama-periorizei-tis-dielefseis-ploion-logo-tis-xirasias/"", ""titulo"": ""Ελ Νίνιο : Η Διώρυγα του Παναμά περιορίζει τις διελεύσεις πλοίων λόγω της ξηρασίας"", ""idioma"": ""greek"", ""origen"": ""gdelt_doc:logistica""}"
noticia,idioma_no_soportado,idioma,https://www.newsbeast.gr/world/arthro/13305404/to-el-ninio-stegnonei-ti-dioryga-tou-panama-meionontai-oi-dielefseis-ploion,"{""url"": ""https://www.newsbeast.gr/world/arthro/13305404/to-el-ninio-stegnonei-ti-dioryga-tou-panama-meionontai-oi-dielefseis-ploion"", ""titulo"": ""Το Ελ Νίνιο « στεγνώνει » τη Διώρυγα του Παναμά – Μειώνονται οι διελεύσεις πλοίων"", ""idioma"": ""greek"", ""origen"": ""gdelt_doc:logistica""}"
noticia,idioma_no_soportado,idioma,https://news.seehua.com/post/1538977,"{""url"": ""https://news.seehua.com/post/1538977"", ""titulo"": ""巴拿马港口争端无解 长和向巴拿马索偿逾60亿"", ""idioma"": ""chinese"", ""origen"": ""gdelt_doc:logistica""}"
noticia,idioma_no_soportado,idioma,https://www.kathimerini.gr/world/564412618/panamas-meiosi-toy-arithmoy-dieleyseon-ploion-sti-dioryga-logo-el-ninio/,"{""url"": ""https://www.kathimerini.gr/world/564412618/panamas-meiosi-toy-arithmoy-dieleyseon-ploion-sti-dioryga-logo-el-ninio/"", ""titulo"": ""Παναμάς : Μείωση του αριθμού διελεύσεων πλοίων στη Διώρυγα λόγω Ελ Νίνιο"", ""idioma"": ""greek"", ""origen"": ""gdelt_doc:logistica""}"
noticia,idioma_no_soportado,idioma,https://www.capital.gr/diethni/4011590/ektoxeuetai-to-kostos-dieleusis-apo-ti-dioruga-tou-panama-nea-agora-metafortosis-lpg/,"{""url"": ""https://www.capital.gr/diethni/4011590/ektoxeuetai-to-kostos-dieleusis-apo-ti-dioruga-tou-panama-nea-agora-metafortosis-lpg/"", ""titulo"": ""Εκτοξεύεται το κόστος διέλευσης από τη Διώρυγα του Παναμά"", ""idioma"": ""greek"", ""origen"": ""gdelt_doc:logistica""}"
noticia,idioma_no_soportado,idioma,https://www.capital.gr/diethni/4011641/el-ninio-i-dioruga-tou-panama-meionei-ton-arithmo-ton-dieleuseon-ploion-logo-tis-elleipsis-broxoptoseon/,"{""url"": ""https://www.capital.gr/diethni/4011641/el-ninio-i-dioruga-tou-panama-meionei-ton-arithmo-ton-dieleuseon-ploion-logo-tis-elleipsis-broxoptoseon/"", ""titulo"": ""Ελ Νίνιο : Η Διώρυγα του Παναμά μειώνει τον αριθμό των διελεύσεων πλοίων ..."", ""idioma"": ""greek"", ""origen"": ""gdelt_doc:logistica""}"
noticia,idioma_no_soportado,idioma,https://www.inewsgr.com/27/el-ninio-ligotera-ploia-sti-dioryga-panama-exaitias-ton-meiomenon-vrochoptoseon--poses-dielefseis-tha-ginontai-kathimerina.htm,"{""url"": ""https://www.inewsgr.com/27/el-ninio-ligotera-ploia-sti-dioryga-panama-exaitias-ton-meiomenon-vrochoptoseon--poses-dielefseis-tha-ginontai-kathimerina.htm"", ""titulo"": ""Ελ Νίνιο : Λιγότερα πλοία στη Διώρυγα Παναμά εξαιτίας των μειωμένων βροχοπτώσεων – Πόσες διελεύσεις θα γίνονται καθημερινά"", ""idioma"": ""greek"", ""origen"": ""gdelt_doc:logistica""}"
noticia,idioma_no_soportado,idioma,https://www.inewsgr.com/93/dramatiki-proeidopoiisi-gia-to-el-ninio-fovoi-oti-tha-einai-to-ischyrotero-edo-kai-pano-apo-enan-aiona---stegnonei-ti-dioryga-tou-panama.htm,"{""url"": ""https://www.inewsgr.com/93/dramatiki-proeidopoiisi-gia-to-el-ninio-fovoi-oti-tha-einai-to-ischyrotero-edo-kai-pano-apo-enan-aiona---stegnonei-ti-dioryga-tou-panama.htm"", ""titulo"": ""Δραματική προειδοποίηση για το Ελ Νίνιο : Φόβοι ότι θα είναι το ισχυρότερο εδώ και πάνω από έναν αιώνα – « Στεγνώνει » τη Διώρυγα του Παναμά"", ""idioma"": ""greek"", ""origen"": ""gdelt_doc:logistica""}"
noticia,idioma_no_soportado,idioma,https://www.penzcentrum.hu/vilag/20260822/ujabb-csapas-erheti-a-vilagkereskedelmet-mar-szeptemberben-korlatozzak-a-legfontosabb-utvonalat-1204277,"{""url"": ""https://www.penzcentrum.hu/vilag/20260822/ujabb-csapas-erheti-a-vilagkereskedelmet-mar-szeptemberben-korlatozzak-a-legfontosabb-utvonalat-1204277"", ""titulo"": ""Újabb csapás érheti a világkereskedelmet : már szeptemberben korlátozzák a legfontosabb útvonalat"", ""idioma"": ""hungarian"", ""origen"": ""gdelt_doc:logistica""}"
noticia,idioma_no_soportado,idioma,https://www.infranken.de/deutschland/zu-wenig-regen-panamakanal-senkt-zahl-der-schiffspassagen-art-6389942,"{""url"": ""https://www.infranken.de/deutschland/zu-wenig-regen-panamakanal-senkt-zahl-der-schiffspassagen-art-6389942"", ""titulo"": ""Zu wenig Regen : Panamakanal senkt Zahl der Schiffspassagen"", ""idioma"": ""german"", ""origen"": ""gdelt_doc:logistica""}"
noticia,idioma_no_soportado,idioma,https://www.fnnews.com/news/202608210831076964,"{""url"": ""https://www.fnnews.com/news/202608210831076964"", ""titulo"": ""엘니뇨에 물 빠진 파나마운하 축소 운영 … 글로벌 물류압박 가중"", ""idioma"": ""korean"", ""origen"": ""gdelt_doc:logistica""}"
noticia,idioma_no_soportado,idioma,https://jogja.tribunnews.com/internasional/1221094/trump-berulah-lagi-labeli-selat-hormuz-sebagai-wilayah-baru-as,"{""url"": ""https://jogja.tribunnews.com/internasional/1221094/trump-berulah-lagi-labeli-selat-hormuz-sebagai-wilayah-baru-as"", ""titulo"": ""Trump Berulah Lagi , Labeli Selat Hormuz Sebagai Wilayah Baru AS"", ""idioma"": ""indonesian"", ""origen"": ""gdelt_doc:logistica""}"
noticia,idioma_no_soportado,idioma,https://www.teraz.sk/zahranicie/ck-hutchison-ziada-od-panamy-viac-ako-1/986191-clanok.html,"{""url"": ""https://www.teraz.sk/zahranicie/ck-hutchison-ziada-od-panamy-viac-ako-1/986191-clanok.html"", ""titulo"": ""CK Hutchison žiada od Panamy viac ako 1 , 5 miliardy v spore o prístavy"", ""idioma"": ""slovak"", ""origen"": ""gdelt_doc:logistica""}"
noticia,idioma_no_soportado,idioma,https://www.athensvoice.gr/life/perivallon/981435/el-ninio-sunagermos-sti-dioruga-tou-panama-meionodai-xana-oi-dieleuseis/,"{""url"": ""https://www.athensvoice.gr/life/perivallon/981435/el-ninio-sunagermos-sti-dioruga-tou-panama-meionodai-xana-oi-dieleuseis/"", ""titulo"": ""Ελ Νίνιο : Συναγερμός στη Διώρυγα του Παναμά - Μειώνονται ξανά οι διελεύσεις"", ""idioma"": ""greek"", ""origen"": ""gdelt_doc:logistica""}"
noticia,idioma_no_soportado,idioma,https://tpo.nl/2026/08/20/panamakanaal-veilingen-voorrang-hormuz/,"{""url"": ""https://tpo.nl/2026/08/20/panamakanaal-veilingen-voorrang-hormuz/"", ""titulo"": ""Panamakanaal : rederijen betalen miljoenen voor voorrang"", ""idioma"": ""dutch"", ""origen"": ""gdelt_doc:logistica""}"
noticia,idioma_no_soportado,idioma,https://www.albiladpress.com/news/2026/6521/finance/1015284.html,"{""url"": ""https://www.albiladpress.com/news/2026/6521/finance/1015284.html"", ""titulo"": ""جريدة البلاد | قناة بنما تقلص عبور السفن إلى 32 يومياً بسبب نقص المياه"", ""idioma"": ""arabic"", ""origen"": ""gdelt_doc:logistica""}"
noticia,idioma_no_soportado,idioma,https://www.idowa.de/wirtschaft/zu-wenig-regen-panamakanal-senkt-zahl-der-schiffspassagen-art-411191,"{""url"": ""https://www.idowa.de/wirtschaft/zu-wenig-regen-panamakanal-senkt-zahl-der-schiffspassagen-art-411191"", ""titulo"": ""Zu wenig Regen : Panamakanal senkt Zahl der Schiffspassagen"", ""idioma"": ""german"", ""origen"": ""gdelt_doc:logistica""}"
noticia,idioma_no_soportado,idioma,https://web.de/magazine/wirtschaft/regen-panamakanal-zahl-schiffspassagen-42635752,"{""url"": ""https://web.de/magazine/wirtschaft/regen-panamakanal-zahl-schiffspassagen-42635752"", ""titulo"": ""Zu wenig Regen : Panamakanal senkt Zahl der Schiffspassagen"", ""idioma"": ""german"", ""origen"": ""gdelt_doc:logistica""}"
noticia,idioma_no_soportado,idioma,https://www.gmx.at/magazine/wirtschaft/regen-panamakanal-zahl-schiffspassagen-42635752,"{""url"": ""https://www.gmx.at/magazine/wirtschaft/regen-panamakanal-zahl-schiffspassagen-42635752"", ""titulo"": ""Zu wenig Regen : Panamakanal senkt Zahl der Schiffspassagen"", ""idioma"": ""german"", ""origen"": ""gdelt_doc:logistica""}"
noticia,idioma_no_soportado,idioma,https://nieuws.nl/economie/hongkongse-miljardenclaim-tegen-panama-om-havencontracten,"{""url"": ""https://nieuws.nl/economie/hongkongse-miljardenclaim-tegen-panama-om-havencontracten"", ""titulo"": ""Hongkongse miljardenclaim tegen Panama om havencontracten"", ""idioma"": ""dutch"", ""origen"": ""gdelt_doc:logistica""}"
noticia,idioma_no_soportado,idioma,https://www.focus.de/politik/ausland/ein-containerschiff-bezahlt-rekordsumme-von-rund-3-5-millionen-euro-um-die-warteschlange-am-panamakanal-zu-umgehen_a99e8f34-ee01-47e5-817f-478bb25087d2.html,"{""url"": ""https://www.focus.de/politik/ausland/ein-containerschiff-bezahlt-rekordsumme-von-rund-3-5-millionen-euro-um-die-warteschlange-am-panamakanal-zu-umgehen_a99e8f34-ee01-47e5-817f-478bb25087d2.html"", ""titulo"": ""Ein Containerschiff bezahlt Rekordsumme von rund 3 , 5 Millionen Euro , um die Warteschlange am Panamakanal zu umgehen"", ""idioma"": ""german"", ""origen"": ""gdelt_doc:logistica""}"
noticia,idioma_no_soportado,idioma,https://www.die-glocke.de/blickindiewelt/zu-wenig-regen-panamakanal-senkt-zahl-der-schiffspassagen-1787271902,"{""url"": ""https://www.die-glocke.de/blickindiewelt/zu-wenig-regen-panamakanal-senkt-zahl-der-schiffspassagen-1787271902"", ""titulo"": ""Zu wenig Regen : Panamakanal senkt Zahl der Schiffspassagen"", ""idioma"": ""german"", ""origen"": ""gdelt_doc:logistica""}"
noticia,idioma_no_soportado,idioma,https://www.orientaldaily.com.my/news/business/2026/08/18/841468,"{""url"": ""https://www.orientaldaily.com.my/news/business/2026/08/18/841468"", ""titulo"": ""北美洲货柜运价 直逼新冠疫情时期 | 财经"", ""idioma"": ""chinese"", ""origen"": ""gdelt_doc:logistica""}"
noticia,idioma_no_soportado,idioma,https://www.shorouknews.com/news/view.aspx?cdate=21082026&id=86e5a434-707b-4d46-b772-6e232c9f7740,"{""url"": ""https://www.shorouknews.com/news/view.aspx?cdate=21082026&id=86e5a434-707b-4d46-b772-6e232c9f7740"", ""titulo"": ""قناة بنما تقلص العبور اليومي للسفن مع انخفاض هطول الأمطار"", ""idioma"": ""arabic"", ""origen"": ""gdelt_doc:logistica""}"
noticia,idioma_no_soportado,idioma,http://www.merkur.de/wirtschaft/panama-kanal-verlangt-rekordgebuehr-von-mio-dollar-fuer-die-durchfahrt-zr-94442105.html,"{""url"": ""http://www.merkur.de/wirtschaft/panama-kanal-verlangt-rekordgebuehr-von-mio-dollar-fuer-die-durchfahrt-zr-94442105.html"", ""titulo"": ""Panama - Kanal : Rekordgebühren wegen Iran - Krieg und Hormus - Sperrung"", ""idioma"": ""german"", ""origen"": ""gdelt_doc:logistica""}"
noticia,idioma_no_soportado,idioma,https://www.merkur.de/wirtschaft/panama-kanal-verlangt-rekordgebuehr-von-mio-dollar-fuer-die-durchfahrt-zr-94442105.html,"{""url"": ""https://www.merkur.de/wirtschaft/panama-kanal-verlangt-rekordgebuehr-von-mio-dollar-fuer-die-durchfahrt-zr-94442105.html"", ""titulo"": ""Panama - Kanal : Rekordgebühren wegen Iran - Krieg und Hormus - Sperrung"", ""idioma"": ""german"", ""origen"": ""gdelt_doc:logistica""}"
noticia,idioma_no_soportado,idioma,http://www.merkur.de/wirtschaft/mio-dollar-fuer-die-durchfahrt-panama-kanal-verlangt-rekordgebuehr-von-zr-94442105.html,"{""url"": ""http://www.merkur.de/wirtschaft/mio-dollar-fuer-die-durchfahrt-panama-kanal-verlangt-rekordgebuehr-von-zr-94442105.html"", ""titulo"": ""Panama - Kanal : Rekordgebühren wegen Iran - Krieg und Hormus - Sperrung"", ""idioma"": ""german"", ""origen"": ""gdelt_doc:logistica""}"
noticia,idioma_no_soportado,idioma,https://www.aaj.tv/news/30512773/panama-canal-charges-1-million-dollars-to-cross-as-strait-of-hormuz-closes,"{""url"": ""https://www.aaj.tv/news/30512773/panama-canal-charges-1-million-dollars-to-cross-as-strait-of-hormuz-closes"", ""titulo"": ""آبنائے ہرمز کی بندش : پاناما کینال سے بحری جہاز گزارنے پر 10 لاکھ ڈالر فیس کی وصولی - World"", ""idioma"": ""urdu"", ""origen"": ""gdelt_doc:logistica""}"
noticia,idioma_no_soportado,idioma,http://www.tz.de/wirtschaft/panama-kanal-verlangt-rekordgebuehr-von-mio-dollar-fuer-die-durchfahrt-zr-94442105.html,"{""url"": ""http://www.tz.de/wirtschaft/panama-kanal-verlangt-rekordgebuehr-von-mio-dollar-fuer-die-durchfahrt-zr-94442105.html"", ""titulo"": ""Panama - Kanal : Rekordgebühren wegen Iran - Krieg und Hormus - Sperrung"", ""idioma"": ""german"", ""origen"": ""gdelt_doc:logistica""}"
noticia,idioma_no_soportado,idioma,http://www.tz.de/wirtschaft/mio-dollar-fuer-die-durchfahrt-panama-kanal-verlangt-rekordgebuehr-von-zr-94442105.html,"{""url"": ""http://www.tz.de/wirtschaft/mio-dollar-fuer-die-durchfahrt-panama-kanal-verlangt-rekordgebuehr-von-zr-94442105.html"", ""titulo"": ""Panama - Kanal : Rekordgebühren wegen Iran - Krieg und Hormus - Sperrung"", ""idioma"": ""german"", ""origen"": ""gdelt_doc:logistica""}"
noticia,idioma_no_soportado,idioma,http://www.soester-anzeiger.de/wirtschaft/zu-wenig-regen-panamakanal-senkt-zahl-der-schiffspassagen-zr-94453158.html,"{""url"": ""http://www.soester-anzeiger.de/wirtschaft/zu-wenig-regen-panamakanal-senkt-zahl-der-schiffspassagen-zr-94453158.html"", ""titulo"": ""Zu wenig Regen : Panamakanal senkt Zahl der Schiffspassagen"", ""idioma"": ""german"", ""origen"": ""gdelt_doc:logistica""}"
noticia,idioma_no_soportado,idioma,https://www.hna.de/wirtschaft/durchfahrt-panama-kanal-verlangt-rekordgebuehr-von-mio-dollar-fuer-die-zr-94442105.html,"{""url"": ""https://www.hna.de/wirtschaft/durchfahrt-panama-kanal-verlangt-rekordgebuehr-von-mio-dollar-fuer-die-zr-94442105.html"", ""titulo"": ""Panama - Kanal : Rekordgebühren wegen Iran - Krieg und Hormus - Sperrung"", ""idioma"": ""german"", ""origen"": ""gdelt_doc:logistica""}"
noticia,idioma_no_soportado,idioma,https://www.hna.de/wirtschaft/panama-kanal-verlangt-rekordgebuehr-von-mio-dollar-fuer-die-durchfahrt-zr-94442105.html,"{""url"": ""https://www.hna.de/wirtschaft/panama-kanal-verlangt-rekordgebuehr-von-mio-dollar-fuer-die-durchfahrt-zr-94442105.html"", ""titulo"": ""Panama - Kanal : Rekordgebühren wegen Iran - Krieg und Hormus - Sperrung"", ""idioma"": ""german"", ""origen"": ""gdelt_doc:logistica""}"
noticia,idioma_no_soportado,idioma,http://www.wa.de/wirtschaft/panama-kanal-verlangt-rekordgebuehr-von-mio-dollar-fuer-die-durchfahrt-zr-94442105.html,"{""url"": ""http://www.wa.de/wirtschaft/panama-kanal-verlangt-rekordgebuehr-von-mio-dollar-fuer-die-durchfahrt-zr-94442105.html"", ""titulo"": ""Panama - Kanal : Rekordgebühren wegen Iran - Krieg und Hormus - Sperrung"", ""idioma"": ""german"", ""origen"": ""gdelt_doc:logistica""}"
noticia,idioma_no_soportado,idioma,https://www.spiegel.de/wirtschaft/zu-wenig-regen-schiffsverkehr-durch-panamakanal-wird-reduziert-a-70cb3168-9a6f-4567-acc8-d080cf6c6f66,"{""url"": ""https://www.spiegel.de/wirtschaft/zu-wenig-regen-schiffsverkehr-durch-panamakanal-wird-reduziert-a-70cb3168-9a6f-4567-acc8-d080cf6c6f66"", ""titulo"": ""Zu wenig Regen – Schiffsverkehr durch Panamakanal wird reduziert"", ""idioma"": ""german"", ""origen"": ""gdelt_doc:logistica""}"
noticia,idioma_no_soportado,idioma,https://www.spiegel.de/wirtschaft/panamakanal-zu-wenig-regen-schiffsverkehr-wird-reduziert-a-70cb3168-9a6f-4567-acc8-d080cf6c6f66,"{""url"": ""https://www.spiegel.de/wirtschaft/panamakanal-zu-wenig-regen-schiffsverkehr-wird-reduziert-a-70cb3168-9a6f-4567-acc8-d080cf6c6f66"", ""titulo"": ""Panamakanal : Zu wenig Regen – Schiffsverkehr wird reduziert"", ""idioma"": ""german"", ""origen"": ""gdelt_doc:logistica""}"
noticia,idioma_no_soportado,idioma,http://www.come-on.de/wirtschaft/panama-kanal-verlangt-rekordgebuehr-von-mio-dollar-fuer-die-durchfahrt-zr-94442105.html,"{""url"": ""http://www.come-on.de/wirtschaft/panama-kanal-verlangt-rekordgebuehr-von-mio-dollar-fuer-die-durchfahrt-zr-94442105.html"", ""titulo"": ""Panama - Kanal : Rekordgebühren wegen Iran - Krieg und Hormus - Sperrung"", ""idioma"": ""german"", ""origen"": ""gdelt_doc:logistica""}"
noticia,idioma_no_soportado,idioma,https://www.voria.gr/article/el-ninio-fernei-meiosi-ston-arithmo-ton-dieleyseon-ton-ploion-sti-dioryga-toy-panama,"{""url"": ""https://www.voria.gr/article/el-ninio-fernei-meiosi-ston-arithmo-ton-dieleyseon-ton-ploion-sti-dioryga-toy-panama"", ""titulo"": ""Το Ελ Νίνιο φέρνει μείωση στις διελεύσεις των πλοίων στη Διώρυγα του Παναμά"", ""idioma"": ""greek"", ""origen"": ""gdelt_doc:logistica""}"
noticia,idioma_no_soportado,idioma,https://drimble.nl/buitenlands-nieuws/107747282/steeds-meer-schepen-wachten-bij-panamakanaal-voorrangslots-leveren-miljoenen-op.html,"{""url"": ""https://drimble.nl/buitenlands-nieuws/107747282/steeds-meer-schepen-wachten-bij-panamakanaal-voorrangslots-leveren-miljoenen-op.html"", ""titulo"": ""Steeds meer schepen wachten bij Panamakanaal , voorrangslots leveren miljoenen op"", ""idioma"": ""dutch"", ""origen"": ""gdelt_doc:logistica""}"
noticia,idioma_no_soportado,idioma,http://www.op-online.de/wirtschaft/panama-kanal-verlangt-rekordgebuehr-von-mio-dollar-fuer-die-durchfahrt-zr-94442105.html,"{""url"": ""http://www.op-online.de/wirtschaft/panama-kanal-verlangt-rekordgebuehr-von-mio-dollar-fuer-die-durchfahrt-zr-94442105.html"", ""titulo"": ""Panama - Kanal : Rekordgebühren wegen Iran - Krieg und Hormus - Sperrung"", ""idioma"": ""german"", ""origen"": ""gdelt_doc:logistica""}"
noticia,idioma_no_soportado,idioma,http://www.op-online.de/wirtschaft/fuer-die-durchfahrt-panama-kanal-verlangt-rekordgebuehr-von-mio-dollar-zr-94442105.html,"{""url"": ""http://www.op-online.de/wirtschaft/fuer-die-durchfahrt-panama-kanal-verlangt-rekordgebuehr-von-mio-dollar-zr-94442105.html"", ""titulo"": ""Panama - Kanal : Rekordgebühren wegen Iran - Krieg und Hormus - Sperrung"", ""idioma"": ""german"", ""origen"": ""gdelt_doc:logistica""}"
noticia,idioma_no_soportado,idioma,https://www.ratopati.com/story/586342/panama-canal-to-reduce-number-of-ships,"{""url"": ""https://www.ratopati.com/story/586342/panama-canal-to-reduce-number-of-ships"", ""titulo"": ""पानामा नहर आउजाउ गर्ने जहाजको सङ्ख्या घटाइँदै | Nepal first 24 - hour updated news portal"", ""idioma"": ""nepali"", ""origen"": ""gdelt_doc:logistica""}"
noticia,idioma_no_soportado,idioma,https://economytoday.sigmalive.com/to-ormoyz-xrysonei-ton-panama-%E2%80%93-ektokseythikan-ta-teli-dieleysis/,"{""url"": ""https://economytoday.sigmalive.com/to-ormoyz-xrysonei-ton-panama-%E2%80%93-ektokseythikan-ta-teli-dieleysis/"", ""titulo"": ""Το Ορμούζ « χρυσώνει » τον Παναμά – Εκτοξεύθηκαν τα τέλη διέλευσης"", ""idioma"": ""greek"", ""origen"": ""gdelt_doc:logistica""}"
noticia,idioma_no_soportado,idioma,https://www.aljazeera.net/news/2026/8/12/%D9%85%D9%86%D8%A7%D9%88%D8%B1%D8%A7%D8%AA-%D8%A8%D9%86%D9%85%D8%A7%D9%83%D8%B3-2026,"{""url"": ""https://www.aljazeera.net/news/2026/8/12/%D9%85%D9%86%D8%A7%D9%88%D8%B1%D8%A7%D8%AA-%D8%A8%D9%86%D9%85%D8%A7%D9%83%D8%B3-2026"", ""titulo"": ""بمشاركة 19 دولة .. ماذا نعرف عن مناورات بنماكس 2026 ″؟"", ""idioma"": ""arabic"", ""origen"": ""gdelt_doc:logistica""}"
noticia,idioma_no_soportado,idioma,https://www.huffingtonpost.gr/diethnes/to-el-ninio-stegnonei-ti-dioryga-tou-panama-meionontai-oi-dielefseis-ploion/,"{""url"": ""https://www.huffingtonpost.gr/diethnes/to-el-ninio-stegnonei-ti-dioryga-tou-panama-meionontai-oi-dielefseis-ploion/"", ""titulo"": ""Το Ελ Νίνιο « στεγνώνει » τη Διώρυγα του Παναμά – Μειώνονται οι διελεύσεις πλοίων"", ""idioma"": ""greek"", ""origen"": ""gdelt_doc:logistica""}"
noticia,idioma_no_soportado,idioma,https://www.azonline.de/welt/wirtschaft/zu-wenig-regen-panamakanal-senkt-zahl-der-schiffspassagen-3623702,"{""url"": ""https://www.azonline.de/welt/wirtschaft/zu-wenig-regen-panamakanal-senkt-zahl-der-schiffspassagen-3623702"", ""titulo"": ""Zu wenig Regen : Panamakanal senkt Zahl der Schiffspassagen"", ""idioma"": ""german"", ""origen"": ""gdelt_doc:logistica""}"
noticia,idioma_no_soportado,idioma,http://www.az-online.de/wirtschaft/von-mio-dollar-fuer-die-durchfahrt-panama-kanal-verlangt-rekordgebuehr-zr-94442105.html,"{""url"": ""http://www.az-online.de/wirtschaft/von-mio-dollar-fuer-die-durchfahrt-panama-kanal-verlangt-rekordgebuehr-zr-94442105.html"", ""titulo"": ""Panama - Kanal : Rekordgebühren wegen Iran - Krieg und Hormus - Sperrung"", ""idioma"": ""german"", ""origen"": ""gdelt_doc:logistica""}"
noticia,idioma_no_soportado,idioma,https://www.finanznachrichten.de/nachrichten-2026-08/69376183-el-nino-zwingt-panama-kanal-zu-durchfahrtsbeschraenkungen-003.htm,"{""url"": ""https://www.finanznachrichten.de/nachrichten-2026-08/69376183-el-nino-zwingt-panama-kanal-zu-durchfahrtsbeschraenkungen-003.htm"", ""titulo"": ""El Nino zwingt Panama - Kanal zu Durchfahrtsbeschränkungen"", ""idioma"": ""german"", ""origen"": ""gdelt_doc:logistica""}"
noticia,idioma_no_soportado,idioma,https://www.focus.de/finanzen/news/panamakanal-reduziert-tiefgang-fuer-groesste-schiffe-auf-unter-15-meter-wegen-zunehmendem-el-nino_eb28a729-467b-4021-bc23-80bdd6274205.html,"{""url"": ""https://www.focus.de/finanzen/news/panamakanal-reduziert-tiefgang-fuer-groesste-schiffe-auf-unter-15-meter-wegen-zunehmendem-el-nino_eb28a729-467b-4021-bc23-80bdd6274205.html"", ""titulo"": ""Panamakanal reduziert Tiefgang für grte Schiffe auf unter 15 Meter – wegen zunehmendem El Niño"", ""idioma"": ""german"", ""origen"": ""gdelt_doc:logistica""}"
noticia,idioma_no_soportado,idioma,https://n.yam.com/Article/20260820567340,"{""url"": ""https://n.yam.com/Article/20260820567340"", ""titulo"": ""李嘉誠巴拿馬兩大港遭強行接管 長和怒啟國際仲裁 「 索賠逾15億美元 」"", ""idioma"": ""chinese"", ""origen"": ""gdelt_doc:logistica""}"
noticia,idioma_no_soportado,idioma,https://www.zaobao.com.sg/finance/china/story20260820-9550247,"{""url"": ""https://www.zaobao.com.sg/finance/china/story20260820-9550247"", ""titulo"": ""长和再提国际仲裁 就巴拿马运河港口争端索偿15亿美元"", ""idioma"": ""chinese"", ""origen"": ""gdelt_doc:logistica""}"
noticia,idioma_no_soportado,idioma,http://www.cfi.net.cn/p20260815000289.html,"{""url"": ""http://www.cfi.net.cn/p20260815000289.html"", ""titulo"": ""巴拿马运河大拥堵推高运费 航运造船板块机会凸显 - CFi . CN 中财网"", ""idioma"": ""chinese"", ""origen"": ""gdelt_doc:logistica""}"
noticia,idioma_no_soportado,idioma,https://www.liputan6.com/global/read/8267039/15-agustus-1914-terusan-panama-dibuka-jalur-strategis-penghubung-atlantik-dan-pasifik,"{""url"": ""https://www.liputan6.com/global/read/8267039/15-agustus-1914-terusan-panama-dibuka-jalur-strategis-penghubung-atlantik-dan-pasifik"", ""titulo"": ""15 Agustus 1914 : Terusan Panama Dibuka , Jalur Strategis Penghubung Atlantik dan Pasifik"", ""idioma"": ""indonesian"", ""origen"": ""gdelt_doc:logistica""}"
noticia,idioma_no_soportado,idioma,https://www.az-online.de/wirtschaft/zu-wenig-regen-panamakanal-senkt-zahl-der-schiffspassagen-zr-94453158.html,"{""url"": ""https://www.az-online.de/wirtschaft/zu-wenig-regen-panamakanal-senkt-zahl-der-schiffspassagen-zr-94453158.html"", ""titulo"": ""Zu wenig Regen : Panamakanal senkt Zahl der Schiffspassagen"", ""idioma"": ""german"", ""origen"": ""gdelt_doc:logistica""}"
noticia,idioma_no_soportado,idioma,https://www.huffingtonpost.kr:443/article/259633,"{""url"": ""https://www.huffingtonpost.kr:443/article/259633"", ""titulo"": ""허프포스트코리아"", ""idioma"": ""korean"", ""origen"": ""gdelt_doc:logistica""}"
noticia,idioma_no_soportado,idioma,https://www.tanea.gr/print/2026/08/13/economy/xrysafi-plironoun-lfoi-naytiliakes-lfti-dieleysi/,"{""url"": ""https://www.tanea.gr/print/2026/08/13/economy/xrysafi-plironoun-lfoi-naytiliakes-lfti-dieleysi/"", ""titulo"": ""Διώρυγα του Παναμά : Χρυσάφι πληρώνουν οι ναυτιλιακές τη διέλευση"", ""idioma"": ""greek"", ""origen"": ""gdelt_doc:logistica""}"
noticia,idioma_no_soportado,idioma,https://www.khaberni.com/news/837844-%D8%B1%D8%B3%D9%88%D9%85-%D8%B9%D8%A8%D9%88%D8%B1-%D9%82%D9%86%D8%A7%D8%A9-%D8%A8%D9%86%D9%85%D8%A7-%D8%AA%D9%82%D9%81%D8%B2-%D8%A7%D9%84%D9%89-%D9%85%D8%B3%D8%AA%D9%88%D9%89-%D9%82%D9%8A%D8%A7%D8%B3%D9%8A,"{""url"": ""https://www.khaberni.com/news/837844-%D8%B1%D8%B3%D9%88%D9%85-%D8%B9%D8%A8%D9%88%D8%B1-%D9%82%D9%86%D8%A7%D8%A9-%D8%A8%D9%86%D9%85%D8%A7-%D8%AA%D9%82%D9%81%D8%B2-%D8%A7%D9%84%D9%89-%D9%85%D8%B3%D8%AA%D9%88%D9%89-%D9%82%D9%8A%D8%A7%D8%B3%D9%8A"", ""titulo"": ""رسوم عبور قناة بنما تقفز إلى مستوى قياسي"", ""idioma"": ""arabic"", ""origen"": ""gdelt_doc:logistica""}"
noticia,idioma_no_soportado,idioma,https://24.ae/article/965799/%D9%82%D9%86%D8%A7%D8%A9-%D8%A8%D9%86%D9%85%D8%A7-%D8%AA%D9%81%D8%B1%D8%B6-%D9%82%D9%8A%D9%88%D8%AF%D8%A7%D9%8B-%D8%AC%D8%AF%D9%8A%D8%AF%D8%A9-%D8%B9%D9%84%D9%89-%D8%B9%D8%A8%D9%88%D8%B1-%D8%A7%D9%84%D8%B3%D9%81%D9%86,"{""url"": ""https://24.ae/article/965799/%D9%82%D9%86%D8%A7%D8%A9-%D8%A8%D9%86%D9%85%D8%A7-%D8%AA%D9%81%D8%B1%D8%B6-%D9%82%D9%8A%D9%88%D8%AF%D8%A7%D9%8B-%D8%AC%D8%AF%D9%8A%D8%AF%D8%A9-%D8%B9%D9%84%D9%89-%D8%B9%D8%A8%D9%88%D8%B1-%D8%A7%D9%84%D8%B3%D9%81%D9%86"", ""titulo"": ""قناة بنما تفرض قيوداً جديدة على عبور السفن"", ""idioma"": ""arabic"", ""origen"": ""gdelt_doc:logistica""}"
noticia,idioma_no_soportado,idioma,https://www.lifo.gr/now/world/dioryga-toy-panama-ektoxeyontai-ta-teli-logo-iran-kai-el-ninio,"{""url"": ""https://www.lifo.gr/now/world/dioryga-toy-panama-ektoxeyontai-ta-teli-logo-iran-kai-el-ninio"", ""titulo"": ""Διώρυγα του Παναμά : Εκτοξεύονται τα τέλη λόγω Ιράν και Ελ Νίνιο"", ""idioma"": ""greek"", ""origen"": ""gdelt_doc:logistica""}"
noticia,idioma_no_soportado,idioma,https://www.dostor.org/5665525,"{""url"": ""https://www.dostor.org/5665525"", ""titulo"": ""ارتفاع رسوم قناة بنما مع تداعيات حرب إيران وتراجع المياه بسبب ظاهرة إل نينيو"", ""idioma"": ""arabic"", ""origen"": ""gdelt_doc:logistica""}"
noticia,idioma_no_soportado,idioma,http://tidende.dk/ind-og-udland/udland/panamakanalen-maa-reducere-skibstrafik-paa-grund-af-toerke/404110,"{""url"": ""http://tidende.dk/ind-og-udland/udland/panamakanalen-maa-reducere-skibstrafik-paa-grund-af-toerke/404110"", ""titulo"": ""Panamakanalen må reducere skibstrafik på grund af tørke"", ""idioma"": ""danish"", ""origen"": ""gdelt_doc:logistica""}"
noticia,idioma_no_soportado,idioma,https://www.svd.se/a/L4mjmq/torka-begransar-sjohandeln,"{""url"": ""https://www.svd.se/a/L4mjmq/torka-begransar-sjohandeln"", ""titulo"": ""Torka ställer till det i Panamakanalen"", ""idioma"": ""swedish"", ""origen"": ""gdelt_doc:logistica""}"
noticia,idioma_no_soportado,idioma,https://finance.ifeng.com/c/8vYtAwlh0yu,"{""url"": ""https://finance.ifeng.com/c/8vYtAwlh0yu"", ""titulo"": ""400万美元 买插队 ， 美东航线暴涨3倍 _ 凤凰网"", ""idioma"": ""chinese"", ""origen"": ""gdelt_doc:logistica""}"
noticia,idioma_no_soportado,idioma,https://newsmonkey.be/droogte-dwingt-panamakanaal-tot-minder-scheepsdoorvaarten/,"{""url"": ""https://newsmonkey.be/droogte-dwingt-panamakanaal-tot-minder-scheepsdoorvaarten/"", ""titulo"": ""Droogte dwingt Panamakanaal tot minder scheepsdoorvaarten"", ""idioma"": ""dutch"", ""origen"": ""gdelt_doc:logistica""}"
noticia,idioma_no_soportado,idioma,https://www.dostor.org/5674561,"{""url"": ""https://www.dostor.org/5674561"", ""titulo"": ""عاجل .. قناة بنما تفرض حدًا أقصى لعبور السفن يوميًا بسبب تداعيات ظاهرة النينيو"", ""idioma"": ""arabic"", ""origen"": ""gdelt_doc:logistica""}"
noticia,idioma_no_soportado,idioma,https://www.protothema.gr/economy/article/1867983/pagosmio-eborio-xemenei-apo-asfaleis-enallaktikes-thalassies-diadromes-tromos-gia-tin-epomeni-imera/,"{""url"": ""https://www.protothema.gr/economy/article/1867983/pagosmio-eborio-xemenei-apo-asfaleis-enallaktikes-thalassies-diadromes-tromos-gia-tin-epomeni-imera/"", ""titulo"": ""Παγκόσμιο εμπόριο : Ξεμένει από ασφαλείς εναλλακτικές θαλάσσιες διαδρομές – Τρόμος για την επόμενη ημέρα"", ""idioma"": ""greek"", ""origen"": ""gdelt_doc:logistica""}"
noticia,idioma_no_soportado,idioma,https://www.kathimerini.gr/world/564403933/dioryga-panama-chrysi-dieleysi-4-6-ekat-dolarion-gia-adeio-tanker/,"{""url"": ""https://www.kathimerini.gr/world/564403933/dioryga-panama-chrysi-dieleysi-4-6-ekat-dolarion-gia-adeio-tanker/"", ""titulo"": ""Διώρυγα Παναμά : « Χρυσή » διέλευση 4 , 6 εκατ . δολαρίων για άδειο τάνκερ"", ""idioma"": ""greek"", ""origen"": ""gdelt_doc:logistica""}"
noticia,idioma_no_soportado,idioma,http://tidende.dk/ind-og-udland/erhverv-politik/hongkong-baseret-selskab-indleder-sag-mod-panama-for-havnestrid/404040,"{""url"": ""http://tidende.dk/ind-og-udland/erhverv-politik/hongkong-baseret-selskab-indleder-sag-mod-panama-for-havnestrid/404040"", ""titulo"": ""Hongkong - baseret selskab indleder sag mod Panama for havnestrid"", ""idioma"": ""danish"", ""origen"": ""gdelt_doc:logistica""}"
noticia,idioma_no_soportado,idioma,https://www.n-tv.de/ticker/Panamakanal-reduziert-Zahl-der-taeglichen-Schiffsdurchfahrten-id31218164.html,"{""url"": ""https://www.n-tv.de/ticker/Panamakanal-reduziert-Zahl-der-taeglichen-Schiffsdurchfahrten-id31218164.html"", ""titulo"": ""Wegen El - Niño - Trockenheit : Panamakanal reduziert Zahl der täglichen Schiffsdurchfahrten"", ""idioma"": ""german"", ""origen"": ""gdelt_doc:logistica""}"
noticia,idioma_no_soportado,idioma,https://baijiahao.baidu.com/s?id=1873903676540545191,"{""url"": ""https://baijiahao.baidu.com/s?id=1873903676540545191"", ""titulo"": ""航运市场遭遇 最大扰动 ， 多国积极布局替代路线 ， 全球多个关键航道运费飙升"", ""idioma"": ""chinese"", ""origen"": ""gdelt_doc:logistica""}"
noticia,idioma_no_soportado,idioma,https://www.dagelijksestandaard.nl/economie/panamakanaal-minder-schepen-september-2026-droogte?comment=1021538,"{""url"": ""https://www.dagelijksestandaard.nl/economie/panamakanaal-minder-schepen-september-2026-droogte?comment=1021538"", ""titulo"": ""Panamakanaal beperkt verkeer tot 32 schepen per dag"", ""idioma"": ""dutch"", ""origen"": ""gdelt_doc:logistica""}"
noticia,idioma_no_soportado,idioma,https://www.skai.gr/news/world/panamas-enisxyei-ta-synora-me-tin-kolomvia-meta-tis-nees-epitheseis,"{""url"": ""https://www.skai.gr/news/world/panamas-enisxyei-ta-synora-me-tin-kolomvia-meta-tis-nees-epitheseis"", ""titulo"": ""Παναμάς : Ενισχύει τα σύνορα με την Κολομβία μετά τις νέες επιθέσεις"", ""idioma"": ""greek"", ""origen"": ""gdelt_doc:logistica""}"
noticia,idioma_no_soportado,idioma,https://www.epochtimes.com/gb/26/8/20/n14833691.htm,"{""url"": ""https://www.epochtimes.com/gb/26/8/20/n14833691.htm"", ""titulo"": ""长和对巴拿马提国际仲裁 专家 ： 出了名的耗时"", ""idioma"": ""chinese"", ""origen"": ""gdelt_doc:logistica""}"
noticia,idioma_no_soportado,idioma,https://baijiahao.baidu.com/s?id=1873913086039390160,"{""url"": ""https://baijiahao.baidu.com/s?id=1873913086039390160"", ""titulo"": ""航运市场遭遇 最大扰动 ， 多国积极布局替代路线 ， 全球多个关键航道运费飙升"", ""idioma"": ""chinese"", ""origen"": ""gdelt_doc:logistica""}"
noticia,idioma_no_soportado,idioma,https://www.tageblatt.de/Nachrichten/Zu-wenig-Regen-Panamakanal-senkt-Zahl-der-Schiffspassagen-764329.html,"{""url"": ""https://www.tageblatt.de/Nachrichten/Zu-wenig-Regen-Panamakanal-senkt-Zahl-der-Schiffspassagen-764329.html"", ""titulo"": ""Zu wenig Regen : Panamakanal senkt Zahl der Schiffspassagen"", ""idioma"": ""german"", ""origen"": ""gdelt_doc:logistica""}"
noticia,idioma_no_soportado,idioma,https://www.mz.de/deutschland-und-welt/wirtschaft/zu-wenig-regen-panamakanal-senkt-zahl-der-schiffspassagen-4305177,"{""url"": ""https://www.mz.de/deutschland-und-welt/wirtschaft/zu-wenig-regen-panamakanal-senkt-zahl-der-schiffspassagen-4305177"", ""titulo"": ""Klima : Zu wenig Regen : Panamakanal senkt Zahl der Schiffspassagen"", ""idioma"": ""german"", ""origen"": ""gdelt_doc:logistica""}"
noticia,idioma_no_soportado,idioma,https://www.alquds.co.uk/%D9%87%D9%8A%D8%BA%D8%B3%D9%8A%D8%AB-%D8%AC%D9%85%D9%8A%D8%B9-%D8%A7%D9%84%D8%AE%D9%8A%D8%A7%D8%B1%D8%A7%D8%AA-%D9%85%D8%B7%D8%B1%D9%88%D8%AD%D8%A9-%D9%84%D9%84%D8%AA%D8%B9%D8%A7%D9%85%D9%84-%D9%85/,"{""url"": ""https://www.alquds.co.uk/%D9%87%D9%8A%D8%BA%D8%B3%D9%8A%D8%AB-%D8%AC%D9%85%D9%8A%D8%B9-%D8%A7%D9%84%D8%AE%D9%8A%D8%A7%D8%B1%D8%A7%D8%AA-%D9%85%D8%B7%D8%B1%D9%88%D8%AD%D8%A9-%D9%84%D9%84%D8%AA%D8%B9%D8%A7%D9%85%D9%84-%D9%85/"", ""titulo"": ""هيغسيث : جميع الخيارات مطروحة للتعامل مع كوبا بما فيها العسكرية"", ""idioma"": ""arabic"", ""origen"": ""gdelt_doc:logistica""}"
noticia,idioma_no_soportado,idioma,http://inews24.com/view/1998446,"{""url"": ""http://inews24.com/view/1998446"", ""titulo"": ""SK가스 , 파나마운하 통항권 73억원에 확보 … 2월 대비 100배 비싸"", ""idioma"": ""korean"", ""origen"": ""gdelt_doc:logistica""}"
noticia,idioma_no_soportado,idioma,https://www.dailynews.co.th/news/6164885/,"{""url"": ""https://www.dailynews.co.th/news/6164885/"", ""titulo"": ""คลองปานามาเริ่มมาตรการลดเรือผ่าน เหตุแล้งจากเอลนีโญรุนแรง"", ""idioma"": ""thai"", ""origen"": ""gdelt_doc:logistica""}"
noticia,idioma_no_soportado,idioma,https://www.chunichi.co.jp:443/article/1303189,"{""url"": ""https://www.chunichi.co.jp:443/article/1303189"", ""titulo"": ""パナマ運河に水不足危機 エルニーニョ発生で非常事態 ： 中日新聞Web"", ""idioma"": ""japanese"", ""origen"": ""gdelt_doc:logistica""}"
noticia,idioma_no_soportado,idioma,http://www.merkur.de/wirtschaft/panama-kanal-drosselt-schiffsverkehr-el-nin-trifft-welthandel-zr-94459521.html,"{""url"": ""http://www.merkur.de/wirtschaft/panama-kanal-drosselt-schiffsverkehr-el-nin-trifft-welthandel-zr-94459521.html"", ""titulo"": ""Panama - Kanal drosselt Schiffsverkehr – El Niño trifft Welthandel"", ""idioma"": ""german"", ""origen"": ""gdelt_doc:logistica""}"
noticia,idioma_no_soportado,idioma,https://www.merkur.de/wirtschaft/panama-kanal-drosselt-schiffsverkehr-el-nin-trifft-welthandel-zr-94459521.html,"{""url"": ""https://www.merkur.de/wirtschaft/panama-kanal-drosselt-schiffsverkehr-el-nin-trifft-welthandel-zr-94459521.html"", ""titulo"": ""Panama - Kanal drosselt Schiffsverkehr – El Niño trifft Welthandel"", ""idioma"": ""german"", ""origen"": ""gdelt_doc:logistica""}"
noticia,idioma_no_soportado,idioma,http://www.tz.de/wirtschaft/panama-kanal-drosselt-schiffsverkehr-el-nin-trifft-welthandel-zr-94459521.html,"{""url"": ""http://www.tz.de/wirtschaft/panama-kanal-drosselt-schiffsverkehr-el-nin-trifft-welthandel-zr-94459521.html"", ""titulo"": ""Panama - Kanal drosselt Schiffsverkehr – El Niño trifft Welthandel"", ""idioma"": ""german"", ""origen"": ""gdelt_doc:logistica""}"
noticia,idioma_no_soportado,idioma,http://www.cfi.net.cn/p20260825001026.html,"{""url"": ""http://www.cfi.net.cn/p20260825001026.html"", ""titulo"": ""巴拿马运河再砍通航量 美东港口供应链成本大增 - CFi . CN 中财网"", ""idioma"": ""chinese"", ""origen"": ""gdelt_doc:logistica""}"
noticia,idioma_no_soportado,idioma,https://www.inewsgr.com/184/synagermos-ston-panama-logo-el-ninio--periorizontai-oi-dielefseis-sti-dioryga.htm,"{""url"": ""https://www.inewsgr.com/184/synagermos-ston-panama-logo-el-ninio--periorizontai-oi-dielefseis-sti-dioryga.htm"", ""titulo"": ""Συναγερμός στον Παναμά λόγω Ελ Νίνιο - Περιορίζονται οι διελεύσεις στη Διώρυγα"", ""idioma"": ""greek"", ""origen"": ""gdelt_doc:logistica""}"
noticia,idioma_no_soportado,idioma,http://www.come-on.de/wirtschaft/panama-kanal-drosselt-schiffsverkehr-el-nin-trifft-welthandel-zr-94459521.html,"{""url"": ""http://www.come-on.de/wirtschaft/panama-kanal-drosselt-schiffsverkehr-el-nin-trifft-welthandel-zr-94459521.html"", ""titulo"": ""Panama - Kanal drosselt Schiffsverkehr – El Niño trifft Welthandel"", ""idioma"": ""german"", ""origen"": ""gdelt_doc:logistica""}"
noticia,idioma_no_soportado,idioma,https://www.inewsgr.com/429/ploio-katevale-poso-rekor-53-ekat-dolarion-gia-na-perasei-apo-ti-dioryga-tou-panama.htm,"{""url"": ""https://www.inewsgr.com/429/ploio-katevale-poso-rekor-53-ekat-dolarion-gia-na-perasei-apo-ti-dioryga-tou-panama.htm"", ""titulo"": ""Πλοίο κατέβαλε ποσό ρεκόρ 5 , 3 εκατ . δολαρίων για να περάσει από τη Διώρυγα του Παναμά"", ""idioma"": ""greek"", ""origen"": ""gdelt_doc:logistica""}"
noticia,idioma_no_soportado,idioma,https://www.dostor.org/5691695,"{""url"": ""https://www.dostor.org/5691695"", ""titulo"": ""قناة بنما تبدأ في خفض عدد السفن العابرة بسبب ظاهرة"", ""idioma"": ""arabic"", ""origen"": ""gdelt_doc:logistica""}"
noticia,idioma_no_soportado,idioma,https://www.okaz.com.sa/variety/na/2264546,"{""url"": ""https://www.okaz.com.sa/variety/na/2264546"", ""titulo"": ""« نينو » تربك قناة بنما .. الجفاف يخفض عبور السفن ويهدد شريان التجارة العالمية"", ""idioma"": ""arabic"", ""origen"": ""gdelt_doc:logistica""}"
noticia,idioma_no_soportado,idioma,https://finance.eastmoney.com/a/202609073866532720.html,"{""url"": ""https://finance.eastmoney.com/a/202609073866532720.html"", ""titulo"": ""厄尔尼诺现象影响巴拿马运河竞价 货运成本飙升或持续至2027年 _ 东方财富网"", ""idioma"": ""chinese"", ""origen"": ""gdelt_doc:logistica""}"
noticia,idioma_no_soportado,idioma,https://www.yicai.com/news/103354184.html,"{""url"": ""https://www.yicai.com/news/103354184.html"", ""titulo"": ""厄尔尼诺现象影响巴拿马运河竞价 ， 货运成本飙升或持续至2027年"", ""idioma"": ""chinese"", ""origen"": ""gdelt_doc:logistica""}"
noticia,idioma_no_soportado,idioma,https://gr.euronews.com/2026/08/28/tanker-plirose-5-ekatommiria-dolaria-gia-na-perasei-ti-dioriga-tou-panama,"{""url"": ""https://gr.euronews.com/2026/08/28/tanker-plirose-5-ekatommiria-dolaria-gia-na-perasei-ti-dioriga-tou-panama"", ""titulo"": ""Δεξαμενόπλοιο πλήρωσε 5 , 3 εκατ . δολάρια για διέλευση της διώρυγας του Παναμά λόγω Ελ Νίνιο"", ""idioma"": ""greek"", ""origen"": ""gdelt_doc:logistica""}"
noticia,idioma_no_soportado,idioma,https://akhbarelyom.com/news/newdetails/4873726/1/%D9%82%D9%86%D8%A7%D8%A9-%D8%A8%D9%86%D9%85%D8%A7-%D8%AA%D9%82%D9%84%D8%B5-%D8%AD%D8%B1%D9%83%D8%A9-%D8%B9%D8%A8%D9%88%D8%B1-%D8%A7%D9%84%D8%B3%D9%81%D9%86-%D8%A8%D8%B3%D8%A8%D8%A8-%D8%B8%D8%A7%D9%87%D8%B1,"{""url"": ""https://akhbarelyom.com/news/newdetails/4873726/1/%D9%82%D9%86%D8%A7%D8%A9-%D8%A8%D9%86%D9%85%D8%A7-%D8%AA%D9%82%D9%84%D8%B5-%D8%AD%D8%B1%D9%83%D8%A9-%D8%B9%D8%A8%D9%88%D8%B1-%D8%A7%D9%84%D8%B3%D9%81%D9%86-%D8%A8%D8%B3%D8%A8%D8%A8-%D8%B8%D8%A7%D9%87%D8%B1"", ""titulo"": ""قناة بنما تقلص حركة عبور السفن بسبب ظاهرة ال نينيو المناخية"", ""idioma"": ""arabic"", ""origen"": ""gdelt_doc:logistica""}"
noticia,idioma_no_soportado,idioma,https://www.dagelijksestandaard.nl/nieuws/panamakanaal-beperkt-aantal-doorvaarten-door-droogte-el-nino,"{""url"": ""https://www.dagelijksestandaard.nl/nieuws/panamakanaal-beperkt-aantal-doorvaarten-door-droogte-el-nino"", ""titulo"": ""Panamakanaal beperkt aantal doorvaarten door droogte El Niño"", ""idioma"": ""dutch"", ""origen"": ""gdelt_doc:logistica""}"
noticia,idioma_no_soportado,idioma,https://www.news247.gr/kosmos/dexamenoploio-edose-53-ekat-dolaria-gia-na-perasei-apo-ti-dioriga-tou-panama/,"{""url"": ""https://www.news247.gr/kosmos/dexamenoploio-edose-53-ekat-dolaria-gia-na-perasei-apo-ti-dioriga-tou-panama/"", ""titulo"": ""Πλοίο έδωσε 5 , 3 εκατ . δολάρια για να περάσει από τη Διώρυγα του Παναμά"", ""idioma"": ""greek"", ""origen"": ""gdelt_doc:logistica""}"
noticia,idioma_no_soportado,idioma,https://www.capital.gr/diethni/4012966/dioruga-tou-panama-rekor-53-ekat-dolarion-gia-mia-dieleusi-ploiou/,"{""url"": ""https://www.capital.gr/diethni/4012966/dioruga-tou-panama-rekor-53-ekat-dolarion-gia-mia-dieleusi-ploiou/"", ""titulo"": ""Διώρυγα του Παναμά : Ρεκόρ 5 , 3 εκατ . δολαρίων για μία διέλευση πλοίου"", ""idioma"": ""greek"", ""origen"": ""gdelt_doc:logistica""}"
noticia,idioma_no_soportado,idioma,https://nieuws.nl/buitenland/panamakanaal-beperkt-aantal-doorvaarten-door-droogte-el-nino,"{""url"": ""https://nieuws.nl/buitenland/panamakanaal-beperkt-aantal-doorvaarten-door-droogte-el-nino"", ""titulo"": ""Panamakanaal beperkt doorvaarten door El Niño - droogte"", ""idioma"": ""dutch"", ""origen"": ""gdelt_doc:logistica""}"
noticia,idioma_no_soportado,idioma,https://drimble.nl/binnenlands-nieuws/107902429/panamakanaal-beperkt-aantal-doorvaarten-door-droogte-el-nino.html,"{""url"": ""https://drimble.nl/binnenlands-nieuws/107902429/panamakanaal-beperkt-aantal-doorvaarten-door-droogte-el-nino.html"", ""titulo"": ""Panamakanaal beperkt aantal doorvaarten door droogte El Niño"", ""idioma"": ""dutch"", ""origen"": ""gdelt_doc:logistica""}"
noticia,idioma_no_soportado,idioma,https://www.taxydromos.gr/diethni/1359993/ploio-katevale-poso-rekor-53-ekat-gia-na-perasei-apo-ti-dioryga-toy-panama/,"{""url"": ""https://www.taxydromos.gr/diethni/1359993/ploio-katevale-poso-rekor-53-ekat-gia-na-perasei-apo-ti-dioryga-toy-panama/"", ""titulo"": ""Πλοίο κατέβαλε ποσό ρεκόρ $5 , 3 εκατ . για να περάσει από τη Διώρυγα του Παναμά"", ""idioma"": ""greek"", ""origen"": ""gdelt_doc:logistica""}"
noticia,idioma_no_soportado,idioma,https://www.ekriti.gr/kosmos/ploio-katebale-poso-rekor-53-ekat-dolarion-gia-na-perasei-apo-ti-dioryga-toy-panama,"{""url"": ""https://www.ekriti.gr/kosmos/ploio-katebale-poso-rekor-53-ekat-dolarion-gia-na-perasei-apo-ti-dioryga-toy-panama"", ""titulo"": ""Πλοίο κατέβαλε ποσό ρεκόρ 5 , 3 εκατ . δολαρίων για να περάσει από τη Διώρυγα του Παναμά"", ""idioma"": ""greek"", ""origen"": ""gdelt_doc:logistica""}"
noticia,idioma_no_soportado,idioma,https://www.philenews.com/oikonomia/kosmos-ikonomia/article/1763737/istoriko-rekor-sti-dioriga-tou-panama-plio-plirose-53-ekat-gia-na-perasi-choris-anamoni/,"{""url"": ""https://www.philenews.com/oikonomia/kosmos-ikonomia/article/1763737/istoriko-rekor-sti-dioriga-tou-panama-plio-plirose-53-ekat-gia-na-perasi-choris-anamoni/"", ""titulo"": ""Ιστορικό ρεκόρ στη Διώρυγα του Παναμά : Πλοίο πλήρωσε 5 , 3 εκατ . για να περάσει χωρίς αναμονή"", ""idioma"": ""greek"", ""origen"": ""gdelt_doc:logistica""}"
noticia,idioma_no_soportado,idioma,https://drimble.nl/binnenlands-nieuws/107825812/tanker-betaalt-recordbedrag-om-door-panamakanaal-te-varen.html,"{""url"": ""https://drimble.nl/binnenlands-nieuws/107825812/tanker-betaalt-recordbedrag-om-door-panamakanaal-te-varen.html"", ""titulo"": ""Tanker betaalt recordbedrag om door Panamakanaal te varen"", ""idioma"": ""dutch"", ""origen"": ""gdelt_doc:logistica""}"
noticia,idioma_no_soportado,idioma,https://sana.sy/international/2565117/,"{""url"": ""https://sana.sy/international/2565117/"", ""titulo"": ""أكثر من 5 ملايين دولار لعبور قناة بنما قبل تقليص نشاطها بسبب ‏إل ‌‏نينيو‏"", ""idioma"": ""arabic"", ""origen"": ""gdelt_doc:logistica""}"
noticia,idioma_no_soportado,idioma,https://www.bankingnews.gr/diethni/articles/896126/xaos-sto-pagkosmio-emporio-meta-to-hormuz-to-el-nino-rekor-5-3-ekat-dol-gia-dielefsi-apo-ton-panama%20title=,"{""url"": ""https://www.bankingnews.gr/diethni/articles/896126/xaos-sto-pagkosmio-emporio-meta-to-hormuz-to-el-nino-rekor-5-3-ekat-dol-gia-dielefsi-apo-ton-panama%20title="", ""titulo"": ""Χάος στο παγκόσμιο εμπόριο - Μετά το Hormuz ... το El Niño - Ρεκόρ 5 , 3 εκατ . δολ . για διέλευση από τον Παναμά"", ""idioma"": ""greek"", ""origen"": ""gdelt_doc:logistica""}"
noticia,idioma_no_soportado,idioma,https://www.bankingnews.gr/diethni/articles/896126/xaos-sto-pagkosmio-emporio-meta-to-hormuz-to-el-nino-rekor-5-3-ekat-dol-gia-dielefsi-apo-ton-panama,"{""url"": ""https://www.bankingnews.gr/diethni/articles/896126/xaos-sto-pagkosmio-emporio-meta-to-hormuz-to-el-nino-rekor-5-3-ekat-dol-gia-dielefsi-apo-ton-panama"", ""titulo"": ""Χάος στο παγκόσμιο εμπόριο - Μετά το Hormuz ... το El Niño - Ρεκόρ 5 , 3 εκατ . δολ . για διέλευση από τον Παναμά"", ""idioma"": ""greek"", ""origen"": ""gdelt_doc:logistica""}"
noticia,idioma_no_soportado,idioma,https://www.n-tv.de/wirtschaft/Panamakanal-Tanker-zahlt-Millionensumme-fuer-Durchfahrt-id31241684.html,"{""url"": ""https://www.n-tv.de/wirtschaft/Panamakanal-Tanker-zahlt-Millionensumme-fuer-Durchfahrt-id31241684.html"", ""titulo"": ""Sonst im Schnitt 55 . 000 Dollar : Panamakanal : Tanker zahlt Millionensumme für Durchfahrt"", ""idioma"": ""german"", ""origen"": ""gdelt_doc:logistica""}"
noticia,idioma_no_soportado,idioma,https://www.albiladpress.com/news/2026/6538/finance/1018438.html,"{""url"": ""https://www.albiladpress.com/news/2026/6538/finance/1018438.html"", ""titulo"": ""جريدة البلاد | قناة بنما تحذر من احتمال خفض عدد عمليات العبور"", ""idioma"": ""arabic"", ""origen"": ""gdelt_doc:logistica""}"
noticia,idioma_no_soportado,idioma,https://www.lifo.gr/now/world/panamas-kiryxe-katastasi-ektaktis-anagkis-exaitias-toy-el-ninio,"{""url"": ""https://www.lifo.gr/now/world/panamas-kiryxe-katastasi-ektaktis-anagkis-exaitias-toy-el-ninio"", ""titulo"": ""Παναμάς : Κήρυξε κατάσταση έκτακτης ανάγκης εξαιτίας του Ελ Νίνιο"", ""idioma"": ""greek"", ""origen"": ""gdelt_doc:logistica""}"
noticia,idioma_no_soportado,idioma,http://sc.stock.cnfol.com/shichangjuejin/20260824/32344131.shtml,"{""url"": ""http://sc.stock.cnfol.com/shichangjuejin/20260824/32344131.shtml"", ""titulo"": ""巴拿马运河宣布减少船舶通行数量 航运或迈入超级景气周期 _ 市场掘金 _ 市场 _ 中金在线"", ""idioma"": ""chinese"", ""origen"": ""gdelt_doc:logistica""}"
noticia,idioma_no_soportado,idioma,https://www.teraz.sk/zahranicie/panama-pre-extremne-sucho-znizi-poce/990042-clanok.html,"{""url"": ""https://www.teraz.sk/zahranicie/panama-pre-extremne-sucho-znizi-poce/990042-clanok.html"", ""titulo"": ""Panama pre extrémne sucho zníži počet lodí prechádzajúcich prieplavom"", ""idioma"": ""slovak"", ""origen"": ""gdelt_doc:logistica""}"
noticia,idioma_no_soportado,idioma,https://www.zeit.de/wirtschaft/2026-08/panama-kanal-durchfahrt-trockenheit-el-nino-gxe,"{""url"": ""https://www.zeit.de/wirtschaft/2026-08/panama-kanal-durchfahrt-trockenheit-el-nino-gxe"", ""titulo"": ""Klimaphänomens El Niño : Tanker zahlt Millionensumme für rasche Durchfahrt durch Panamakanal"", ""idioma"": ""german"", ""origen"": ""gdelt_doc:logistica""}"
noticia,idioma_no_soportado,idioma,https://bbs.wenxuecity.com/financenews/34252.html,"{""url"": ""https://bbs.wenxuecity.com/financenews/34252.html"", ""titulo"": ""尽管巴拿马港口被抢 ， 李嘉诚仍维持全球港口卖价 - ZAKER发表于 财经新闻 - 论坛"", ""idioma"": ""chinese"", ""origen"": ""gdelt_doc:logistica""}"
noticia,idioma_no_soportado,idioma,https://www.mikrometoxos.gr/se-katastasi-ektaktis-anagkis-o-panamas-logo-el-ninio-periorizontai-oi-dielefseis-sti-dioryga/,"{""url"": ""https://www.mikrometoxos.gr/se-katastasi-ektaktis-anagkis-o-panamas-logo-el-ninio-periorizontai-oi-dielefseis-sti-dioryga/"", ""titulo"": ""Σε κατάσταση έκτακτης ανάγκης ο Παναμάς λόγω Ελ Νίνιο - Περιορίζονται οι διελεύσεις στη Διώρυγα"", ""idioma"": ""greek"", ""origen"": ""gdelt_doc:logistica""}"
noticia,idioma_no_soportado,idioma,https://www.aljazeera.net/news/2026/8/26/%D9%85%D9%86-%D8%AE%D9%84%D9%8A%D8%AC-%D8%A7%D9%84%D9%85%D9%83%D8%B3%D9%8A%D9%83-%D8%A5%D9%84%D9%89-%D8%A8%D8%AD%D9%8A%D8%B1%D8%A9-%D8%A3%D9%88%D9%86%D8%AA%D8%A7%D8%B1%D9%8A%D9%88-%D9%85%D8%A7,"{""url"": ""https://www.aljazeera.net/news/2026/8/26/%D9%85%D9%86-%D8%AE%D9%84%D9%8A%D8%AC-%D8%A7%D9%84%D9%85%D9%83%D8%B3%D9%8A%D9%83-%D8%A5%D9%84%D9%89-%D8%A8%D8%AD%D9%8A%D8%B1%D8%A9-%D8%A3%D9%88%D9%86%D8%AA%D8%A7%D8%B1%D9%8A%D9%88-%D9%85%D8%A7"", ""titulo"": ""من خليج المكسيك إلى بحيرة أونتاريو .. ما صلاحيات ترمب في تغيير الخرائط ؟"", ""idioma"": ""arabic"", ""origen"": ""gdelt_doc:logistica""}"
noticia,idioma_no_soportado,idioma,https://finance.jrj.com.cn/2026/08/31114158297490.shtml,"{""url"": ""https://finance.jrj.com.cn/2026/08/31114158297490.shtml"", ""titulo"": ""东方证券 ： 需求增长与供给约束共振 厄尔尼诺或导致干散货运价超预期上行"", ""idioma"": ""chinese"", ""origen"": ""gdelt_doc:logistica""}"
noticia,idioma_no_soportado,idioma,https://www.sigmalive.com/news/international/1326800/o-panamas-kiryssei-katastasi-ektaktis-anaghkis-eksaitias-toy-el-ninio,"{""url"": ""https://www.sigmalive.com/news/international/1326800/o-panamas-kiryssei-katastasi-ektaktis-anaghkis-eksaitias-toy-el-ninio"", ""titulo"": ""Ο Παναμάς κηρύσσει κατάσταση έκτακτης ανάγκης εξαιτίας του Ελ Νίνιο"", ""idioma"": ""greek"", ""origen"": ""gdelt_doc:logistica""}"
noticia,idioma_no_soportado,idioma,https://www.newsbeast.gr/world/arthro/13313845/o-panamas-kiryssei-katastasi-ektaktis-anagkis-exaitias-tou-el-ninio,"{""url"": ""https://www.newsbeast.gr/world/arthro/13313845/o-panamas-kiryssei-katastasi-ektaktis-anagkis-exaitias-tou-el-ninio"", ""titulo"": ""Ο Παναμάς κηρύσσει κατάσταση έκτακτης ανάγκης εξαιτίας του Ελ Νίνιο"", ""idioma"": ""greek"", ""origen"": ""gdelt_doc:logistica""}"
noticia,idioma_no_soportado,idioma,https://www.skai.gr/news/world/o-panamas-kiryssei-katastasi-ektaktis-anagkis-eksaitias-tou-el-ninio,"{""url"": ""https://www.skai.gr/news/world/o-panamas-kiryssei-katastasi-ektaktis-anagkis-eksaitias-tou-el-ninio"", ""titulo"": ""Ο Παναμάς κηρύσσει κατάσταση έκτακτης ανάγκης εξαιτίας του Ελ Νίνιο"", ""idioma"": ""greek"", ""origen"": ""gdelt_doc:logistica""}"
noticia,idioma_no_soportado,idioma,https://www.ma.hu/vilagvege/408466/Veszhelyzetet_hirdettek_Panamaban__ujabb_csatorna_miatt_kerult_veszelybe_a_vilagkereskedelem,"{""url"": ""https://www.ma.hu/vilagvege/408466/Veszhelyzetet_hirdettek_Panamaban__ujabb_csatorna_miatt_kerult_veszelybe_a_vilagkereskedelem"", ""titulo"": ""Vészhelyzetet hirdettek Panamában - újabb csatorna miatt került veszélybe a világkereskedelem"", ""idioma"": ""hungarian"", ""origen"": ""gdelt_doc:logistica""}"
noticia,idioma_no_soportado,idioma,https://www.protothema.gr/world/article/1869560/to-el-ninio-deihnei-ta-dodia-tou-sunagermos-se-panama-kai-el-salvador-xirasia-hamenes-sodeies/,"{""url"": ""https://www.protothema.gr/world/article/1869560/to-el-ninio-deihnei-ta-dodia-tou-sunagermos-se-panama-kai-el-salvador-xirasia-hamenes-sodeies/"", ""titulo"": ""Το Ελ Νίνιο δείχνει τα « δόντια » του : Συναγερμός σε Παναμά και Ελ Σαλβαδόρ , ξηρασία , χαμένες σοδειές και λιγότερα πλοία στη Διώρυγα"", ""idioma"": ""greek"", ""origen"": ""gdelt_doc:logistica""}"
noticia,idioma_no_soportado,idioma,https://de.euronews.com/2026/08/28/53-millionen-dollar-duerre-panamakanal,"{""url"": ""https://de.euronews.com/2026/08/28/53-millionen-dollar-duerre-panamakanal"", ""titulo"": ""5 , 3 Millionen Dollar für eine Durchfahrt : Rekordpreis am Panamakanal wegen Dürre"", ""idioma"": ""german"", ""origen"": ""gdelt_doc:logistica""}"
noticia,idioma_no_soportado,idioma,https://www.okaz.com.sa/variety/na/2262907,"{""url"": ""https://www.okaz.com.sa/variety/na/2262907"", ""titulo"": ""ظاهرة « إل نينيو » تدفع بنما لإعلان حالة الطوارئ بعد هندوراس والسلفادور"", ""idioma"": ""arabic"", ""origen"": ""gdelt_doc:logistica""}"
noticia,idioma_no_soportado,idioma,https://www.naftemporiki.gr/maritime/2152389/to-el-ninio-dokimazei-ti-dioryga-panama/,"{""url"": ""https://www.naftemporiki.gr/maritime/2152389/to-el-ninio-dokimazei-ti-dioryga-panama/"", ""titulo"": ""Το « Ελ Νίνιο » δοκιμάζει τη Διώρυγα Παναμά"", ""idioma"": ""greek"", ""origen"": ""gdelt_doc:logistica""}"
noticia,idioma_no_soportado,idioma,https://www.vol.at/el-nino-vor-historischem-rekord-das-sagen-experten/10411301,"{""url"": ""https://www.vol.at/el-nino-vor-historischem-rekord-das-sagen-experten/10411301"", ""titulo"": ""El Niño vor historischem Rekord : Experten warnen"", ""idioma"": ""german"", ""origen"": ""gdelt_doc:logistica""}"
noticia,idioma_no_soportado,idioma,https://www.naftemporiki.gr/green/climate/2153458/el-ninio-kokkinos-synagermos-stin-kentriki-ameriki/,"{""url"": ""https://www.naftemporiki.gr/green/climate/2153458/el-ninio-kokkinos-synagermos-stin-kentriki-ameriki/"", ""titulo"": ""Ελ Νίνιο : Κόκκινος συναγερμός στην Κεντρική Αμερική"", ""idioma"": ""greek"", ""origen"": ""gdelt_doc:logistica""}"
noticia,idioma_no_soportado,idioma,http://futures.cnfol.com/qishidongtai/20260824/32344083.shtml,"{""url"": ""http://futures.cnfol.com/qishidongtai/20260824/32344083.shtml"", ""titulo"": ""同比涨近三倍 ！ 供给收缩叠加多重扰动 美线集运高运价有望延续至年底 _ 期市动态 _ 期货 _ 中金在线"", ""idioma"": ""chinese"", ""origen"": ""gdelt_doc:logistica""}"
noticia,idioma_no_soportado,idioma,https://www.inewsgr.com/97/o-panamas-kiryssei-katastasi-ektaktis-anagkis-exaitias-tou-el-ninio.htm,"{""url"": ""https://www.inewsgr.com/97/o-panamas-kiryssei-katastasi-ektaktis-anagkis-exaitias-tou-el-ninio.htm"", ""titulo"": ""Ο Παναμάς κηρύσσει κατάσταση έκτακτης ανάγκης εξαιτίας του Ελ Νίνιο"", ""idioma"": ""greek"", ""origen"": ""gdelt_doc:logistica""}"
noticia,idioma_no_soportado,idioma,https://b24.am/economy/464215.html,"{""url"": ""https://b24.am/economy/464215.html"", ""titulo"": ""Սուպերտանկերները Պանամայի ջրանցքի խցանումների պատճառով անցնում են այլընտրանքային երթուղիների"", ""idioma"": ""armenian"", ""origen"": ""gdelt_doc:logistica""}"
noticia,idioma_no_soportado,idioma,http://www.shikoku-np.co.jp/national/international/20260828000508,"{""url"": ""http://www.shikoku-np.co.jp/national/international/20260828000508"", ""titulo"": ""パナマ運河に水不足危機 ／ エルニーニョ発生で非常事態 | 全国ニュース"", ""idioma"": ""japanese"", ""origen"": ""gdelt_doc:logistica""}"
noticia,idioma_no_soportado,idioma,https://www.albayan.ae/news/world/1548254,"{""url"": ""https://www.albayan.ae/news/world/1548254"", ""titulo"": ""5 دول في العالم لا تملك جيشاً .. تعرّف إليها"", ""idioma"": ""arabic"", ""origen"": ""gdelt_doc:logistica""}"
noticia,idioma_no_soportado,idioma,https://www.vetogate.com/5721047,"{""url"": ""https://www.vetogate.com/5721047"", ""titulo"": ""استقبال مينائى شرق وغرب بورسعيد سفينتي دحرجة سيارات خلال 48 ساعة"", ""idioma"": ""arabic"", ""origen"": ""gdelt_doc:logistica""}"
noticia,idioma_no_soportado,idioma,https://www.toonippo.co.jp/articles/-/2350069,"{""url"": ""https://www.toonippo.co.jp/articles/-/2350069"", ""titulo"": ""パナマ運河に水不足危機 エルニーニョ発生で非常事態｜全国のニュース｜Web東奥"", ""idioma"": ""japanese"", ""origen"": ""gdelt_doc:logistica""}"
noticia,idioma_no_soportado,idioma,https://aawsat.com/%D8%A7%D9%84%D8%B9%D8%A7%D9%84%D9%85/5311291-%D8%A5%D8%AD%D8%AF%D8%A7%D9%87%D8%A7-%D8%B9%D8%B6%D9%88-%D9%81%D9%8A-%D8%A7%D9%84%D9%86%D8%A7%D8%AA%D9%88-5-%D8%AF%D9%88%D9%84-%D8%A8%D9%84%D8%A7-%D8%AC%D9%8A%D9%88%D8%B4,"{""url"": ""https://aawsat.com/%D8%A7%D9%84%D8%B9%D8%A7%D9%84%D9%85/5311291-%D8%A5%D8%AD%D8%AF%D8%A7%D9%87%D8%A7-%D8%B9%D8%B6%D9%88-%D9%81%D9%8A-%D8%A7%D9%84%D9%86%D8%A7%D8%AA%D9%88-5-%D8%AF%D9%88%D9%84-%D8%A8%D9%84%D8%A7-%D8%AC%D9%8A%D9%88%D8%B4"", ""titulo"": ""إحداها عضو في « الناتو »... 5 دول بلا جيوش"", ""idioma"": ""arabic"", ""origen"": ""gdelt_doc:logistica""}"
noticia,idioma_no_soportado,idioma,https://www.derwesten.de/aktuelles/forscher-el-nino-alarm-pazifik-id302143220.html,"{""url"": ""https://www.derwesten.de/aktuelles/forscher-el-nino-alarm-pazifik-id302143220.html"", ""titulo"": ""Forscher schlagen El - Niño - Alarm – im Pazifik bahnt sich Historisches an"", ""idioma"": ""german"", ""origen"": ""gdelt_doc:logistica""}"
noticia,idioma_no_soportado,idioma,https://www.gmx.at/magazine/wissen/klima/pazifikregion-heizt-starker-el-nino-erwartet-42644042,"{""url"": ""https://www.gmx.at/magazine/wissen/klima/pazifikregion-heizt-starker-el-nino-erwartet-42644042"", ""titulo"": ""Pazifikregion heizt auf – sehr starker El Niño erwartet"", ""idioma"": ""german"", ""origen"": ""gdelt_doc:logistica""}"
noticia,idioma_no_soportado,idioma,http://www.koreatimes.com/article/20260825/1627080,"{""url"": ""http://www.koreatimes.com/article/20260825/1627080"", ""titulo"": ""파나마운하청 일부 선박 통행권 100만달러 돌파"", ""idioma"": ""korean"", ""origen"": ""gdelt_doc:logistica""}"
noticia,idioma_no_soportado,idioma,https://www.gmx.ch/magazine/wissen/klima/pazifikregion-heizt-starker-el-nino-erwartet-42644042,"{""url"": ""https://www.gmx.ch/magazine/wissen/klima/pazifikregion-heizt-starker-el-nino-erwartet-42644042"", ""titulo"": ""Pazifikregion heizt auf – sehr starker El Niño erwartet"", ""idioma"": ""german"", ""origen"": ""gdelt_doc:logistica""}"
noticia,idioma_no_soportado,idioma,https://www.spiegel.de/wirtschaft/tanker-zahlt-5-3-millionen-dollar-fuer-panamakanal-passage-a-58cb06d5-74be-4ff7-af0a-302728a01be0,"{""url"": ""https://www.spiegel.de/wirtschaft/tanker-zahlt-5-3-millionen-dollar-fuer-panamakanal-passage-a-58cb06d5-74be-4ff7-af0a-302728a01be0"", ""titulo"": ""Tanker zahlt 5 , 3 Millionen Dollar für Panamakanal - Passage"", ""idioma"": ""german"", ""origen"": ""gdelt_doc:logistica""}"
noticia,idioma_no_soportado,idioma,https://www.antaranews.com/berita/5763408/terusan-panama-akan-tambah-jumlah-transit-harian-jadi-10-kapal,"{""url"": ""https://www.antaranews.com/berita/5763408/terusan-panama-akan-tambah-jumlah-transit-harian-jadi-10-kapal"", ""titulo"": ""Terusan Panama akan tambah jumlah transit harian jadi 10 kapal"", ""idioma"": ""indonesian"", ""origen"": ""gdelt_doc:logistica""}"
noticia,idioma_no_soportado,idioma,https://www.money.pl/pieniadze/ile-kosztuje-dolar-kurs-dolara-do-zlotego-pln-usd-28-09-2026-7334181871982848a.html,"{""url"": ""https://www.money.pl/pieniadze/ile-kosztuje-dolar-kurs-dolara-do-zlotego-pln-usd-28-09-2026-7334181871982848a.html"", ""titulo"": ""Ile kosztuje dolar ? Kurs dolara do złotego PLN / USD 28 . 09 . 2026"", ""idioma"": ""polish"", ""origen"": ""gdelt_doc:logistica""}"
noticia,idioma_no_soportado,idioma,https://www.money.pl/pieniadze/ile-kosztuje-dolar-kurs-dolara-do-zlotego-pln-usd-29-09-2026-7334535824398560a.html,"{""url"": ""https://www.money.pl/pieniadze/ile-kosztuje-dolar-kurs-dolara-do-zlotego-pln-usd-29-09-2026-7334535824398560a.html"", ""titulo"": ""Ile kosztuje dolar ? Kurs dolara do złotego PLN / USD 29 . 09 . 2026"", ""idioma"": ""polish"", ""origen"": ""gdelt_doc:logistica""}"
noticia,idioma_no_soportado,idioma,https://www.money.pl/pieniadze/ile-kosztuje-dolar-kurs-dolara-do-zlotego-pln-usd-30-09-2026-7334889534257408a.html,"{""url"": ""https://www.money.pl/pieniadze/ile-kosztuje-dolar-kurs-dolara-do-zlotego-pln-usd-30-09-2026-7334889534257408a.html"", ""titulo"": ""Ile kosztuje dolar ? Kurs dolara do złotego PLN / USD 30 . 09 . 2026"", ""idioma"": ""polish"", ""origen"": ""gdelt_doc:logistica""}"
noticia,idioma_no_soportado,idioma,https://www.money.pl/pieniadze/ile-kosztuje-dolar-kurs-dolara-do-zlotego-pln-usd-24-09-2026-7332766216542464a.html,"{""url"": ""https://www.money.pl/pieniadze/ile-kosztuje-dolar-kurs-dolara-do-zlotego-pln-usd-24-09-2026-7332766216542464a.html"", ""titulo"": ""Ile kosztuje dolar ? Kurs dolara do złotego PLN / USD 24 . 09 . 2026"", ""idioma"": ""polish"", ""origen"": ""gdelt_doc:logistica""}"
noticia,idioma_no_soportado,idioma,https://www.money.pl/pieniadze/ile-kosztuje-dolar-kurs-dolara-do-zlotego-pln-usd-25-09-2026-7333120229837056a.html,"{""url"": ""https://www.money.pl/pieniadze/ile-kosztuje-dolar-kurs-dolara-do-zlotego-pln-usd-25-09-2026-7333120229837056a.html"", ""titulo"": ""Ile kosztuje dolar ? Kurs dolara do złotego PLN / USD 25 . 09 . 2026"", ""idioma"": ""polish"", ""origen"": ""gdelt_doc:logistica""}"
noticia,idioma_no_soportado,idioma,https://www.novinky.cz/clanek/valka-na-ukrajine-trump-presmeroval-pomoc-ukrajine-do-zemi-latinske-ameriky-40600467,"{""url"": ""https://www.novinky.cz/clanek/valka-na-ukrajine-trump-presmeroval-pomoc-ukrajine-do-zemi-latinske-ameriky-40600467"", ""titulo"": ""Trump přesměroval pomoc Ukrajině do zemí Latinské Ameriky"", ""idioma"": ""czech"", ""origen"": ""gdelt_doc:logistica""}"
noticia,idioma_no_soportado,idioma,https://gr.euronews.com/2026/09/24/the-ghost-of-chinese-transfer-looms-over-the-trump-xi-summit-with-9-latin-american-countri,"{""url"": ""https://gr.euronews.com/2026/09/24/the-ghost-of-chinese-transfer-looms-over-the-trump-xi-summit-with-9-latin-american-countri"", ""titulo"": ""Το φάντασμα της διαμετακόμισης κινεζικών προϊόντων στη συνάντηση Τραμπ - Σι : 9 χώρες στο στόχαστρο"", ""idioma"": ""greek"", ""origen"": ""gdelt_doc:logistica""}"
noticia,idioma_no_soportado,idioma,https://finance.ettoday.net/news/3247368,"{""url"": ""https://finance.ettoday.net/news/3247368"", ""titulo"": ""貨櫃船運三大瓶頸漸化解 謝志堅 ： 釋出運力靠塞港 、 減班等消化部分 | ETtoday財經雲"", ""idioma"": ""chinese"", ""origen"": ""gdelt_doc:logistica""}"
noticia,idioma_no_soportado,idioma,https://www.reporter.gr/eidhseis/naytilia/686613-synexistike-kai-ton-aygousto-i-ayksisi-ton-eisagomenon-emporevmatokivotion-stis-ipa,"{""url"": ""https://www.reporter.gr/eidhseis/naytilia/686613-synexistike-kai-ton-aygousto-i-ayksisi-ton-eisagomenon-emporevmatokivotion-stis-ipa"", ""titulo"": ""Συνεχίστηκε και τον Αύγουστο η αύξηση των εισαγόμενων εμπορευματοκιβωτίων στις ΗΠΑ"", ""idioma"": ""greek"", ""origen"": ""gdelt_doc:logistica""}"
noticia,idioma_no_soportado,idioma,https://cbgc.scol.com.cn/news/8011616,"{""url"": ""https://cbgc.scol.com.cn/news/8011616"", ""titulo"": ""川观早8点丨今天 ， 向烈士致敬 ； 10月1日起我国将对居民购房实施贷款贴息 ； 美国拟通过 互换 释放石油储备 （ 2026年9月30日 ）"", ""idioma"": ""chinese"", ""origen"": ""gdelt_doc:logistica""}"
noticia,idioma_no_soportado,idioma,https://blog.wenxuecity.com/myblog/78892/202609/22629.html,"{""url"": ""https://blog.wenxuecity.com/myblog/78892/202609/22629.html"", ""titulo"": ""梁启超1904新大陆游记 ： 从李鸿章杂碎写到太平洋时代的到来拍案叫绝 - 博客"", ""idioma"": ""chinese"", ""origen"": ""gdelt_doc:logistica""}"
noticia,idioma_no_soportado,idioma,https://www.efsyn.gr/tehnes/1478460/i-3d-akropoli-o-ellinoamerikanos-lompistas-hristos-marafatsos-kai-oi-business-ston-politismo/,"{""url"": ""https://www.efsyn.gr/tehnes/1478460/i-3d-akropoli-o-ellinoamerikanos-lompistas-hristos-marafatsos-kai-oi-business-ston-politismo/"", ""titulo"": ""Η 3d Ακρόπολη , ο Ελληνοαμερικανός λομπίστας Χρήστος Μαραφάτσος και οι business στον πολιτισμό"", ""idioma"": ""greek"", ""origen"": ""gdelt_doc:logistica""}"
noticia,idioma_no_soportado,idioma,http://www.xinhuanet.com/20260930/2f5bbf70da9b498e935011d7342a265c/c.html,"{""url"": ""http://www.xinhuanet.com/20260930/2f5bbf70da9b498e935011d7342a265c/c.html"", ""titulo"": ""综述丨超强厄尔尼诺来袭 拉美民生面临多重考验 - 新华网"", ""idioma"": ""chinese"", ""origen"": ""gdelt_doc:logistica""}"
noticia,idioma_no_soportado,idioma,https://www.newspim.com/news/view/20260930001232,"{""url"": ""https://www.newspim.com/news/view/20260930001232"", ""titulo"": ""김정관 알래스카 LNG , 우리 입장서 타당성 없어 … 상업성 따져볼 것"", ""idioma"": ""korean"", ""origen"": ""gdelt_doc:logistica""}"
noticia,idioma_no_soportado,idioma,https://blog.wenxuecity.com/myblog/49274/202609/20978.html,"{""url"": ""https://blog.wenxuecity.com/myblog/49274/202609/20978.html"", ""titulo"": ""中南美洲三国行 - 从智利反季滑雪到秘鲁高原徒步 + 巴拿马顺道游 （ 行程摘要篇 ） - 博客"", ""idioma"": ""chinese"", ""origen"": ""gdelt_doc:logistica""}"
noticia,idioma_no_soportado,idioma,https://bbs.wenxuecity.com/travel/772824.html,"{""url"": ""https://bbs.wenxuecity.com/travel/772824.html"", ""titulo"": ""中南美洲三国行 - 从智利反季滑雪到秘鲁高原徒步 + 巴拿马顺道游 （ 行程摘要篇 ） - 云燕假日发表于 世界风情 - 论坛"", ""idioma"": ""chinese"", ""origen"": ""gdelt_doc:logistica""}"
noticia,idioma_no_soportado,idioma,https://www.dostor.org/5710480,"{""url"": ""https://www.dostor.org/5710480"", ""titulo"": ""عاجل .. أقوى"", ""idioma"": ""arabic"", ""origen"": ""gdelt_doc:logistica""}"
noticia,idioma_no_soportado,idioma,https://www.berliner-zeitung.de:443/article/305-grad-der-super-el-nino-hat-den-rekord-geknackt-monate-vor-seinem-hoehepunkt-10416308,"{""url"": ""https://www.berliner-zeitung.de:443/article/305-grad-der-super-el-nino-hat-den-rekord-geknackt-monate-vor-seinem-hoehepunkt-10416308"", ""titulo"": ""3 , 05 Grad : Der Super - El - Niño hat den Rekord geknackt – Monate vor seinem Höhepunkt"", ""idioma"": ""german"", ""origen"": ""gdelt_doc:logistica""}"
noticia,idioma_no_soportado,idioma,https://www.inewsgr.com/351/i-3d-akropoli-o-ellinoamerikanos-lobistas-christos-marafatsos-kai-oi-business-ston-politismo.htm,"{""url"": ""https://www.inewsgr.com/351/i-3d-akropoli-o-ellinoamerikanos-lobistas-christos-marafatsos-kai-oi-business-ston-politismo.htm"", ""titulo"": ""Η 3d Ακρόπολη , ο Ελληνοαμερικανός λομπίστας Χρήστος Μαραφάτσος και οι business στον πολιτισμό"", ""idioma"": ""greek"", ""origen"": ""gdelt_doc:logistica""}"
noticia,idioma_no_soportado,idioma,https://www.tanea.gr/2026/09/21/science-technology/el-ninio-epipedoy-gkotzila-spaei-istoriko-rekor-prin-kan-koryfothei-thermotero-etos-stin-i/,"{""url"": ""https://www.tanea.gr/2026/09/21/science-technology/el-ninio-epipedoy-gkotzila-spaei-istoriko-rekor-prin-kan-koryfothei-thermotero-etos-stin-i/"", ""titulo"": ""Ελ Νίνιο ... επιπέδου « Γκοτζίλα »: Σπάει ρεκόρ πριν καν κορυφωθεί – « Θερμότερο έτος στην ιστορία » το 2027"", ""idioma"": ""greek"", ""origen"": ""gdelt_doc:logistica""}"
noticia,idioma_no_soportado,idioma,https://www.inewsgr.com/27/el-ninio-epipedou-gkotzila-spaei-istoriko-rekor-prin-kan-koryfothei--thermotero-etos-stin-istoria-to-2027.htm,"{""url"": ""https://www.inewsgr.com/27/el-ninio-epipedou-gkotzila-spaei-istoriko-rekor-prin-kan-koryfothei--thermotero-etos-stin-istoria-to-2027.htm"", ""titulo"": ""Ελ Νίνιο επιπέδου … « Γκοτζίλα »: Σπάει ιστορικό ρεκόρ πριν καν κορυφωθεί – « Θερμότερο έτος στην ιστορία » το 2027"", ""idioma"": ""greek"", ""origen"": ""gdelt_doc:logistica""}"
noticia,idioma_no_soportado,idioma,https://newsghexport.shobserver.cn/html/baijiahao/2026/09/23/4062329.html,"{""url"": ""https://newsghexport.shobserver.cn/html/baijiahao/2026/09/23/4062329.html"", ""titulo"": ""物流观察 | 近期全球物流动态"", ""idioma"": ""chinese"", ""origen"": ""gdelt_doc:logistica""}"
noticia,idioma_no_soportado,idioma,https://www.stcn.com/article/detail/4201650.html,"{""url"": ""https://www.stcn.com/article/detail/4201650.html"", ""titulo"": ""丙烷价格刷新十年新高 上下游企业多措应对"", ""idioma"": ""chinese"", ""origen"": ""gdelt_doc:logistica""}"
noticia,idioma_no_soportado,idioma,https://www.stcn.com/article/detail/4201669.html,"{""url"": ""https://www.stcn.com/article/detail/4201669.html"", ""titulo"": ""丙烷价格创十年新高 上下游企业多措应对"", ""idioma"": ""chinese"", ""origen"": ""gdelt_doc:logistica""}"
noticia,idioma_no_soportado,idioma,https://www.taxydromos.gr/diethni/1372911/san-simera-1-oktovrioy-10/,"{""url"": ""https://www.taxydromos.gr/diethni/1372911/san-simera-1-oktovrioy-10/"", ""titulo"": ""Σαν σήμερα 1 Οκτωβρίου"", ""idioma"": ""greek"", ""origen"": ""gdelt_doc:logistica""}"
noticia,idioma_no_soportado,idioma,http://www.merkur.de/politik/trump-streicht-europa-hilfe-lenkt-millionen-nach-lateinamerika-zr-94521334.html,"{""url"": ""http://www.merkur.de/politik/trump-streicht-europa-hilfe-lenkt-millionen-nach-lateinamerika-zr-94521334.html"", ""titulo"": ""Trump streicht Europa - Hilfe , lenkt Millionen nach Lateinamerika"", ""idioma"": ""german"", ""origen"": ""gdelt_doc:logistica""}"
noticia,idioma_no_soportado,idioma,https://www.merkur.de/politik/trump-streicht-europa-hilfe-lenkt-millionen-nach-lateinamerika-zr-94521334.html,"{""url"": ""https://www.merkur.de/politik/trump-streicht-europa-hilfe-lenkt-millionen-nach-lateinamerika-zr-94521334.html"", ""titulo"": ""Trump streicht Europa - Hilfe , lenkt Millionen nach Lateinamerika"", ""idioma"": ""german"", ""origen"": ""gdelt_doc:logistica""}"
noticia,idioma_no_soportado,idioma,http://www.tz.de/politik/trump-streicht-europa-hilfe-lenkt-millionen-nach-lateinamerika-zr-94521334.html,"{""url"": ""http://www.tz.de/politik/trump-streicht-europa-hilfe-lenkt-millionen-nach-lateinamerika-zr-94521334.html"", ""titulo"": ""Trump streicht Europa - Hilfe , lenkt Millionen nach Lateinamerika"", ""idioma"": ""german"", ""origen"": ""gdelt_doc:logistica""}"
noticia,idioma_no_soportado,idioma,http://www.hna.de/politik/trump-streicht-europa-hilfe-lenkt-millionen-nach-lateinamerika-zr-94521334.html,"{""url"": ""http://www.hna.de/politik/trump-streicht-europa-hilfe-lenkt-millionen-nach-lateinamerika-zr-94521334.html"", ""titulo"": ""Trump streicht Europa - Hilfe , lenkt Millionen nach Lateinamerika"", ""idioma"": ""german"", ""origen"": ""gdelt_doc:logistica""}"
noticia,idioma_no_soportado,idioma,http://www.wa.de/politik/trump-streicht-europa-hilfe-lenkt-millionen-nach-lateinamerika-zr-94521334.html,"{""url"": ""http://www.wa.de/politik/trump-streicht-europa-hilfe-lenkt-millionen-nach-lateinamerika-zr-94521334.html"", ""titulo"": ""Trump streicht Europa - Hilfe , lenkt Millionen nach Lateinamerika"", ""idioma"": ""german"", ""origen"": ""gdelt_doc:logistica""}"
noticia,idioma_no_soportado,idioma,http://www.fnp.de/politik/trump-streicht-europa-hilfe-lenkt-millionen-nach-lateinamerika-zr-94521334.html,"{""url"": ""http://www.fnp.de/politik/trump-streicht-europa-hilfe-lenkt-millionen-nach-lateinamerika-zr-94521334.html"", ""titulo"": ""Trump streicht Europa - Hilfe , lenkt Millionen nach Lateinamerika"", ""idioma"": ""german"", ""origen"": ""gdelt_doc:logistica""}"
noticia,idioma_no_soportado,idioma,http://www.op-online.de/politik/trump-streicht-europa-hilfe-lenkt-millionen-nach-lateinamerika-zr-94521334.html,"{""url"": ""http://www.op-online.de/politik/trump-streicht-europa-hilfe-lenkt-millionen-nach-lateinamerika-zr-94521334.html"", ""titulo"": ""Trump streicht Europa - Hilfe , lenkt Millionen nach Lateinamerika"", ""idioma"": ""german"", ""origen"": ""gdelt_doc:logistica""}"
noticia,idioma_no_soportado,idioma,https://www.chinapress.com.my/20260927/%E8%BF%99%E5%9B%BD11%EF%BC%85%E9%A2%86%E5%9C%9F-%E4%BE%9B%E9%87%87%E7%9F%BF-%E5%8A%A9%E5%8C%97%E4%BA%AC%E6%89%A9%E5%8C%BA%E5%9F%9F-%E5%BD%B1%E5%93%8D%E5%8A%9B/,"{""url"": ""https://www.chinapress.com.my/20260927/%E8%BF%99%E5%9B%BD11%EF%BC%85%E9%A2%86%E5%9C%9F-%E4%BE%9B%E9%87%87%E7%9F%BF-%E5%8A%A9%E5%8C%97%E4%BA%AC%E6%89%A9%E5%8C%BA%E5%9F%9F-%E5%BD%B1%E5%93%8D%E5%8A%9B/"", ""titulo"": ""尼加拉瓜11 % 领土供中企采矿 助北京扩大影响力"", ""idioma"": ""chinese"", ""origen"": ""gdelt_doc:logistica""}"
noticia,idioma_no_soportado,idioma,https://newtalk.tw/news/view/2026-07-13/1046883,"{""url"": ""https://newtalk.tw/news/view/2026-07-13/1046883"", ""titulo"": ""報奪運河一箭之仇 ? 美國 、 巴拿馬聯合控中懲巴船隻 北京 「 這理由 」 回應了 ….. | 國際"", ""idioma"": ""chinese"", ""origen"": ""gdelt_doc:panama""}"
noticia,idioma_no_soportado,idioma,https://baijiahao.baidu.com/s?id=1870584524849317159,"{""url"": ""https://baijiahao.baidu.com/s?id=1870584524849317159"", ""titulo"": ""美国 、 巴拿马代表 谴责 中国对巴拿马旗船舶采取惩罚措施 ， 外交部回应"", ""idioma"": ""chinese"", ""origen"": ""gdelt_doc:panama""}"
noticia,idioma_no_soportado,idioma,https://baijiahao.baidu.com/s?id=1870584024411597568,"{""url"": ""https://baijiahao.baidu.com/s?id=1870584024411597568"", ""titulo"": ""美国 、 巴拿马谴责中国以政治原因对巴拿马旗船舶采取惩罚措施 ， 外交部 ： 中方依法依规对停靠中方港口的船舶开展港口国监督检查"", ""idioma"": ""chinese"", ""origen"": ""gdelt_doc:panama""}"
noticia,idioma_no_soportado,idioma,https://fondsk.ru/news/2026/07/18/iz-za-voyny-ssha-s-iranom-rastyot-znachenie-panamskogo-kanala.html,"{""url"": ""https://fondsk.ru/news/2026/07/18/iz-za-voyny-ssha-s-iranom-rastyot-znachenie-panamskogo-kanala.html"", ""titulo"": ""Из - за войны США с Ираном растёт значение Панамского канала Фонд стратегической культуры"", ""idioma"": ""russian"", ""origen"": ""gdelt_doc:panama""}"
noticia,idioma_no_soportado,idioma,https://baijiahao.baidu.com/s?id=1870591760460075191,"{""url"": ""https://baijiahao.baidu.com/s?id=1870591760460075191"", ""titulo"": ""外交部 ： 中方对巴拿马旗船舶开展检查符合国际公约"", ""idioma"": ""chinese"", ""origen"": ""gdelt_doc:panama""}"
noticia,idioma_no_soportado,idioma,https://www.trud.ru/article/13-07-2026/1821121_mid_kitaja_zajavil_o_zakonnosti_proverok_sudov_pod_flagom_panamy.html,"{""url"": ""https://www.trud.ru/article/13-07-2026/1821121_mid_kitaja_zajavil_o_zakonnosti_proverok_sudov_pod_flagom_panamy.html"", ""titulo"": ""Труд : МИД Китая заявил о законности проверок судов под флагом Панамы"", ""idioma"": ""russian"", ""origen"": ""gdelt_doc:panama""}"
noticia,idioma_no_soportado,idioma,"https://www.wnp.pl/rynki/panama-wladze-zapowiadaja-przedluzenie-umowy-o-wspolpracy-morskiej-z-chinami,1083025.html","{""url"": ""https://www.wnp.pl/rynki/panama-wladze-zapowiadaja-przedluzenie-umowy-o-wspolpracy-morskiej-z-chinami,1083025.html"", ""titulo"": ""Panama : Władze zapowiadają przedłużenie umowy o współpracy morskiej z Chinami"", ""idioma"": ""polish"", ""origen"": ""gdelt_doc:panama""}"
noticia,idioma_no_soportado,idioma,http://www.81.cn/fyr/16473455.html,"{""url"": ""http://www.81.cn/fyr/16473455.html"", ""titulo"": ""外交部 ： 中方对巴拿马旗船舶开展检查符合国际公约"", ""idioma"": ""chinese"", ""origen"": ""gdelt_doc:panama""}"
noticia,idioma_no_soportado,idioma,https://military.china.com/news/13004177/20260709/49598119.html,"{""url"": ""https://military.china.com/news/13004177/20260709/49598119.html"", ""titulo"": ""中国和巴拿马将会谈 ？ 中方回应 建议向主管部门了解 _ 军事频道 _ 中华网"", ""idioma"": ""chinese"", ""origen"": ""gdelt_doc:panama""}"
noticia,idioma_no_soportado,idioma,https://www.haberler.com/guncel/cin-den-panama-bandirali-gemilere-denetim-aciklamasi-20046893-haberi/,"{""url"": ""https://www.haberler.com/guncel/cin-den-panama-bandirali-gemilere-denetim-aciklamasi-20046893-haberi/"", ""titulo"": ""Çin : Panama Bandıralı Gemilere Yönelik Denetimler Uluslararası Sözleşmelere Uygun"", ""idioma"": ""turkish"", ""origen"": ""gdelt_doc:panama""}"
noticia,idioma_no_soportado,idioma,https://baijiahao.baidu.com/s?id=1870583956358937927,"{""url"": ""https://baijiahao.baidu.com/s?id=1870583956358937927"", ""titulo"": ""美巴指责中方对巴拿马旗船舶采取惩罚措施 ， 外交部答澎湃"", ""idioma"": ""chinese"", ""origen"": ""gdelt_doc:panama""}"
noticia,idioma_no_soportado,idioma,https://baijiahao.baidu.com/s?id=1870598578951719242,"{""url"": ""https://baijiahao.baidu.com/s?id=1870598578951719242"", ""titulo"": ""美国 、 巴拿马谴责中国以政治原因对巴拿马旗船舶采取惩罚措施 ， 外交部 ： 中方依法依规对停靠中方港口的船舶开展港口国监督检查"", ""idioma"": ""chinese"", ""origen"": ""gdelt_doc:panama""}"
noticia,idioma_no_soportado,idioma,https://www.courrierinternational.com/article/climat-le-canal-de-panama-se-prepare-au-phenomene-el-nino_248298,"{""url"": ""https://www.courrierinternational.com/article/climat-le-canal-de-panama-se-prepare-au-phenomene-el-nino_248298"", ""titulo"": ""Le canal de Panama se prépare au phénomène El Niño"", ""idioma"": ""fr"", ""origen"": ""gdelt_doc:panama""}"
noticia,idioma_no_soportado,idioma,https://www.lapresse.ca/actualites/grand-montreal/2026-07-17/rem/interruption-de-service-de-pres-de-trois-heures-entre-les-stations-panama-et-gare-centrale.php,"{""url"": ""https://www.lapresse.ca/actualites/grand-montreal/2026-07-17/rem/interruption-de-service-de-pres-de-trois-heures-entre-les-stations-panama-et-gare-centrale.php"", ""titulo"": ""REM | Interruption de service de près de trois heures entre les stations Panama et gare Centrale"", ""idioma"": ""fr"", ""origen"": ""gdelt_doc:panama""}"
noticia,idioma_no_soportado,idioma,https://www.capital.ro/mihai-daraban-turismul-catre-america-latina-si-serviciile-in-domeniul-naval-sunt-oportunitati-pentru-romania.html,"{""url"": ""https://www.capital.ro/mihai-daraban-turismul-catre-america-latina-si-serviciile-in-domeniul-naval-sunt-oportunitati-pentru-romania.html"", ""titulo"": ""Mihai Daraban : „ Turismul către America Latină și serviciile în domeniul naval sunt oportunități pentru România"", ""idioma"": ""romanian"", ""origen"": ""gdelt_doc:panama""}"
noticia,idioma_no_soportado,idioma,https://news.ifeng.com/c/8vsYZnmAoff,"{""url"": ""https://news.ifeng.com/c/8vsYZnmAoff"", ""titulo"": ""中国使馆用这幅画回击美方"", ""idioma"": ""chinese"", ""origen"": ""gdelt_doc:panama""}"
noticia,idioma_no_soportado,idioma,https://www.zaobao.com.sg/news/china/story20260827-9581498,"{""url"": ""https://www.zaobao.com.sg/news/china/story20260827-9581498"", ""titulo"": ""失去两巴拿马港口后 李嘉诚据报仍维持全球港口脱售总价"", ""idioma"": ""chinese"", ""origen"": ""gdelt_doc:panama""}"
noticia,idioma_no_soportado,idioma,https://www.politika.rs/scc/clanak/780287/brodolom-kod-istocne-obale-indije-potonuo-teretni-brod-pod-zastavom-paname,"{""url"": ""https://www.politika.rs/scc/clanak/780287/brodolom-kod-istocne-obale-indije-potonuo-teretni-brod-pod-zastavom-paname"", ""titulo"": ""Бродолом код источне обале Индије , потонуо теретни брод под заставом Панаме"", ""idioma"": ""serbian"", ""origen"": ""gdelt_doc:panama""}"
noticia,idioma_no_soportado,idioma,https://military.china.com/news/13004177/20260826/49699516.html,"{""url"": ""https://military.china.com/news/13004177/20260826/49699516.html"", ""titulo"": ""中国使馆用这幅画回击美方 ! 讽刺美方 科技霸凌 _ 军事频道 _ 中华网"", ""idioma"": ""chinese"", ""origen"": ""gdelt_doc:panama""}"
noticia,idioma_no_soportado,idioma,https://www.yenisafak.com/dunya/panamada-el-nino-alarmi-acil-durum-ilan-edildi-4851204,"{""url"": ""https://www.yenisafak.com/dunya/panamada-el-nino-alarmi-acil-durum-ilan-edildi-4851204"", ""titulo"": ""Panamada El Nino alarmı : Acil durum ilan edildi"", ""idioma"": ""turkish"", ""origen"": ""gdelt_doc:panama""}"
noticia,idioma_no_soportado,idioma,https://lurer.com/article/754487/am,"{""url"": ""https://lurer.com/article/754487/am"", ""titulo"": ""Lurer . com | Bloomberg . Վիետնամը և Պանաման կարող են հանվել ԵՄ հարկային սև ցուցակից"", ""idioma"": ""armenian"", ""origen"": ""gdelt_doc:panama""}"
noticia,idioma_no_soportado,idioma,https://jang.com.pk/news/1619708,"{""url"": ""https://jang.com.pk/news/1619708"", ""titulo"": ""بھارت سے میچ ڈرا ، پاناما کے کوچ نے بنگلورو کے ٹریفک کو ذمے دار ٹھہرا دیا"", ""idioma"": ""urdu"", ""origen"": ""gdelt_doc:panama""}"
noticia,idioma_no_soportado,idioma,http://french.xinhuanet.com/20260929/cb38e7be983e4b4caa3b77b88030fe5f/c.html,"{""url"": ""http://french.xinhuanet.com/20260929/cb38e7be983e4b4caa3b77b88030fe5f/c.html"", ""titulo"": ""Le canal de Panama va porter à 10 le nombre de transits quotidiens à travers ses écluses Neopanamax - Xinhua"", ""idioma"": ""fr"", ""origen"": ""gdelt_doc:panama""}"
noticia,idioma_no_soportado,idioma,https://alyaoum24.com/2045804.html,"{""url"": ""https://alyaoum24.com/2045804.html"", ""titulo"": ""بنما تجدد دعمها لسيادة المغرب على صحرائه وتعتبر الحكم الذاتي أساس الحل – اليوم 24"", ""idioma"": ""arabic"", ""origen"": ""gdelt_doc:panama""}"
noticia,idioma_no_soportado,idioma,https://news.ltn.com.tw/news/world/breakingnews/5591823,"{""url"": ""https://news.ltn.com.tw/news/world/breakingnews/5591823"", ""titulo"": ""美太空軍苦練叢林戰畫面曝 ！ 網熱議 ： 要打 《 阿凡達 》 潘朵拉 ？ - 國際"", ""idioma"": ""chinese"", ""origen"": ""gdelt_doc:panama""}"
noticia,idioma_no_soportado,idioma,https://www.interfax.ru/russia/1118334,"{""url"": ""https://www.interfax.ru/russia/1118334"", ""titulo"": ""Лавров и глава МИД Панамы обсудили перспективы российско - панамских отношений"", ""idioma"": ""russian"", ""origen"": ""gdelt_doc:panama""}"
noticia,idioma_no_soportado,idioma,https://ria.ru/20260924/mid-2120127298.html,"{""url"": ""https://ria.ru/20260924/mid-2120127298.html"", ""titulo"": ""Лавров и глава МИД Панамы провели переговоры на полях Генассамблеи ООН"", ""idioma"": ""russian"", ""origen"": ""gdelt_doc:panama""}"
noticia,idioma_no_soportado,idioma,https://www.enikos.gr/international/panamas-dekades-katangelies-se-varos-klirikon-gia-sexoualiki-kakopoiisi-anilikon-ti-apokalypse-i-ekthesi/2648515/,"{""url"": ""https://www.enikos.gr/international/panamas-dekades-katangelies-se-varos-klirikon-gia-sexoualiki-kakopoiisi-anilikon-ti-apokalypse-i-ekthesi/2648515/"", ""titulo"": ""Παναμάς : Δεκάδες καταγγελίες σε βάρος κληρικών για σεξουαλική κακοποίηση ανηλίκων – Τι αποκάλυψε η έκθεση"", ""idioma"": ""greek"", ""origen"": ""gdelt_doc:panama""}"
noticia,idioma_no_soportado,idioma,http://french.xinhuanet.com/20260922/421a3eddfb1b4e56a5ad3f0707565662/c.html,"{""url"": ""http://french.xinhuanet.com/20260922/421a3eddfb1b4e56a5ad3f0707565662/c.html"", ""titulo"": ""Le Ghana et le Panama ont signé un protocole daccord pour approfondir leurs relations bilatérales ( ministre ghanéen des AE ) - Xinhua"", ""idioma"": ""fr"", ""origen"": ""gdelt_doc:panama""}"
noticia,idioma_no_soportado,idioma,https://www.haberler.com/ekonomi/panama-bayrakli-msc-divina-kruvaziyeri-marmaris-20280737-haberi/,"{""url"": ""https://www.haberler.com/ekonomi/panama-bayrakli-msc-divina-kruvaziyeri-marmaris-20280737-haberi/"", ""titulo"": ""Panama bayraklı MSC Divina kruvaziyeri , Marmaris Limanı na 3 bin 843 turist getirdi"", ""idioma"": ""turkish"", ""origen"": ""gdelt_doc:panama""}"
noticia,idioma_no_soportado,idioma,https://www.diariodepernambuco.com.br/mundo/2026/09/11724631-igreja-catolica-registra-dezenas-de-casos-de-abuso-sexual-no-panama.html,"{""url"": ""https://www.diariodepernambuco.com.br/mundo/2026/09/11724631-igreja-catolica-registra-dezenas-de-casos-de-abuso-sexual-no-panama.html"", ""titulo"": ""Igreja Católica registra dezenas de casos de abuso sexual no Panamá"", ""idioma"": ""pt"", ""origen"": ""gdelt_doc:panama""}"
noticia,idioma_no_soportado,idioma,https://www.aftonbladet.se/nyheter/a/m0A3GE/svensk-man-haktad-i-paraguay-for-guldsmuggling,"{""url"": ""https://www.aftonbladet.se/nyheter/a/m0A3GE/svensk-man-haktad-i-paraguay-for-guldsmuggling"", ""titulo"": ""Svensk man häktad i Paraguay för guldsmuggling"", ""idioma"": ""swedish"", ""origen"": ""gdelt_doc:panama""}"
noticia,idioma_no_soportado,idioma,https://www.cna.com.tw:443/news/aopl/202609230062.aspx,"{""url"": ""https://www.cna.com.tw:443/news/aopl/202609230062.aspx"", ""titulo"": ""巴拿馬天主教會25年37起性侵投訴 5人遭解除神職 | 國際"", ""idioma"": ""chinese"", ""origen"": ""gdelt_doc:panama""}"
noticia,idioma_no_soportado,idioma,https://www.cna.com.tw/news/aopl/202609230062.aspx,"{""url"": ""https://www.cna.com.tw/news/aopl/202609230062.aspx"", ""titulo"": ""巴拿馬天主教會25年37起性侵投訴 5人遭解除神職 | 國際"", ""idioma"": ""chinese"", ""origen"": ""gdelt_doc:panama""}"
noticia,idioma_no_soportado,idioma,https://www.memurlar.net/haber/1174045/turkiye-den-latin-amerika-ve-karayipler-e-2-5-milyar-dolarlik-ihracat.html,"{""url"": ""https://www.memurlar.net/haber/1174045/turkiye-den-latin-amerika-ve-karayipler-e-2-5-milyar-dolarlik-ihracat.html"", ""titulo"": ""Türkiyeden Latin Amerika Ve Karayiplere 2 , 5 Milyar Dolarlýk Ýhracat"", ""idioma"": ""turkish"", ""origen"": ""gdelt_doc:turismo""}"
noticia,idioma_no_soportado,idioma,https://www.correio24horas.com.br/economia/brasileiros-gastam-mais-de-12-bilhoes-de-dolares-no-exterior-e-batem-recorde-impulsionados-pelo-cambio-0726,"{""url"": ""https://www.correio24horas.com.br/economia/brasileiros-gastam-mais-de-12-bilhoes-de-dolares-no-exterior-e-batem-recorde-impulsionados-pelo-cambio-0726"", ""titulo"": ""Brasileiros gastam mais de 12 bilhões de dólares no exterior e batem recorde impulsionados pelo câmbio"", ""idioma"": ""pt"", ""origen"": ""gdelt_doc:turismo""}"
noticia,idioma_no_soportado,idioma,https://www.sabah.com.tr/ekonomi/turkiyeden-latin-amerika-ve-karayiplere-25-milyar-dolarlik-ihracat-7631455,"{""url"": ""https://www.sabah.com.tr/ekonomi/turkiyeden-latin-amerika-ve-karayiplere-25-milyar-dolarlik-ihracat-7631455"", ""titulo"": ""Türkiyeden Latin Amerika ve Karayiplere 2 , 5 milyar dolarlık ihracat !"", ""idioma"": ""turkish"", ""origen"": ""gdelt_doc:turismo""}"
noticia,idioma_no_soportado,idioma,https://oglobo.globo.com/boa-viagem/noticia/2026/07/27/hotel-na-amazonia-e-o-unico-do-brasil-em-ranking-dos-50-melhores-hoteis-de-luxo-do-mundo.ghtml,"{""url"": ""https://oglobo.globo.com/boa-viagem/noticia/2026/07/27/hotel-na-amazonia-e-o-unico-do-brasil-em-ranking-dos-50-melhores-hoteis-de-luxo-do-mundo.ghtml"", ""titulo"": ""Hotel na Amazônia é o único do Brasil em ranking dos 50 melhores hotéis de luxo do mundo"", ""idioma"": ""pt"", ""origen"": ""gdelt_doc:turismo""}"
noticia,idioma_no_soportado,idioma,https://latina-press.com/news/346711-panama-verzeichnet-den-besten-jahresstart-fuer-den-tourismus-im-letzten-jahrzehnt/,"{""url"": ""https://latina-press.com/news/346711-panama-verzeichnet-den-besten-jahresstart-fuer-den-tourismus-im-letzten-jahrzehnt/"", ""titulo"": ""Panama verzeichnet den besten Jahresstart für den Tourismus im letzten Jahrzehnt » latinapress Nachrichten"", ""idioma"": ""german"", ""origen"": ""gdelt_doc:turismo""}"
noticia,idioma_no_soportado,idioma,https://veja.abril.com.br/economia/hotel-no-brasil-conquista-lugar-entre-os-mais-luxuosos-do-mundo/,"{""url"": ""https://veja.abril.com.br/economia/hotel-no-brasil-conquista-lugar-entre-os-mais-luxuosos-do-mundo/"", ""titulo"": ""Hotel brasileiro entra para lista dos 50 mais luxuosos do mundo"", ""idioma"": ""pt"", ""origen"": ""gdelt_doc:turismo""}"
noticia,idioma_no_soportado,idioma,https://la1ere.franceinfo.fr/martinique/l-amerique-latine-devient-de-plus-en-plus-accessible-aux-voyageurs-des-antilles-1724173.html,"{""url"": ""https://la1ere.franceinfo.fr/martinique/l-amerique-latine-devient-de-plus-en-plus-accessible-aux-voyageurs-des-antilles-1724173.html"", ""titulo"": ""LAmérique latine devient de plus en plus accessible aux voyageurs des Antilles"", ""idioma"": ""fr"", ""origen"": ""gdelt_doc:turismo""}"
noticia,idioma_no_soportado,idioma,https://japan.cnet.com/release/31191550/,"{""url"": ""https://japan.cnet.com/release/31191550/"", ""titulo"": ""ピースボートクルーズ 「 パシフィック ・ ワールド 」 地球一周クルーズ 販売開始 ヨーロッパ ・ アラスカ航路 、 南極やアフリカ ・ 南米航路を巡る107泊108日の船旅 日本発着2027年"", ""idioma"": ""japanese"", ""origen"": ""gdelt_doc:turismo""}"
noticia,idioma_no_soportado,idioma,https://revistamarieclaire.globo.com/comportamento/noticia/2026/07/a-vida-recompensa-as-corajosas-apos-ser-demitida-de-emprego-clt-ela-hoje-ganha-a-vida-viajando-o-mundo.ghtml,"{""url"": ""https://revistamarieclaire.globo.com/comportamento/noticia/2026/07/a-vida-recompensa-as-corajosas-apos-ser-demitida-de-emprego-clt-ela-hoje-ganha-a-vida-viajando-o-mundo.ghtml"", ""titulo"": ""A vida recompensa as corajosa : após ser demitida de emprego CLT , ela hoje ganha a vida viajando o mundo"", ""idioma"": ""pt"", ""origen"": ""gdelt_doc:turismo""}"
noticia,idioma_no_soportado,idioma,https://www.news.cn/20260806/23f7dfc9509741a19f7aa7fb66bdabb8/c.html,"{""url"": ""https://www.news.cn/20260806/23f7dfc9509741a19f7aa7fb66bdabb8/c.html"", ""titulo"": ""时光相册丨滇越铁路 ， 穿越百年的汽笛声 - 新华网"", ""idioma"": ""chinese"", ""origen"": ""gdelt_doc:turismo""}"
noticia,idioma_no_soportado,idioma,https://www.rtp.pt/noticias/mundo/macau-quer-ligar-china-e-mercados-hsipanicos-onde-e-largamente-desconhecido_n1757266,"{""url"": ""https://www.rtp.pt/noticias/mundo/macau-quer-ligar-china-e-mercados-hsipanicos-onde-e-largamente-desconhecido_n1757266"", ""titulo"": ""Macau quer ligar China e mercados hsipânicos onde é largamente desconhecido"", ""idioma"": ""pt"", ""origen"": ""gdelt_doc:turismo""}"
noticia,idioma_no_soportado,idioma,https://lecourrier.vn/le-chef-de-la-diplomatie-vietnamienne-multiplie-les-rencontres-bilaterales-a-lamm-59/1352053.html,"{""url"": ""https://lecourrier.vn/le-chef-de-la-diplomatie-vietnamienne-multiplie-les-rencontres-bilaterales-a-lamm-59/1352053.html"", ""titulo"": ""Le chef de la diplomatie vietnamienne multiplie les rencontres bilatérales à lAMM - 59"", ""idioma"": ""fr"", ""origen"": ""gdelt_doc:turismo""}"
noticia,idioma_no_soportado,idioma,"https://www.uai.com.br/app/entretenimento/famosos/2026/07/27/not-famosos,387630/montego-bay-jamaica-os-hoteis-e-passeios-do-destino-de-virginia-e-vini-jr.shtml","{""url"": ""https://www.uai.com.br/app/entretenimento/famosos/2026/07/27/not-famosos,387630/montego-bay-jamaica-os-hoteis-e-passeios-do-destino-de-virginia-e-vini-jr.shtml"", ""titulo"": ""Montego Bay , Jamaica : os hotéis e passeios do destino de Virginia e Vini Jr"", ""idioma"": ""pt"", ""origen"": ""gdelt_doc:turismo""}"
noticia,idioma_no_soportado,idioma,http://www.chinaqw.com/qx/2026/08-06/409821.shtml,"{""url"": ""http://www.chinaqw.com/qx/2026/08-06/409821.shtml"", ""titulo"": ""（ 侨乡新貌 ） 江门 侨咖 香飘百年 无中生有 铺就产业长卷 - 中国侨网"", ""idioma"": ""chinese"", ""origen"": ""gdelt_doc:turismo""}"
noticia,idioma_no_soportado,idioma,https://www.cnr.cn/shanghai/gstjshanghai/20260726/t20260726_527729642.shtml,"{""url"": ""https://www.cnr.cn/shanghai/gstjshanghai/20260726/t20260726_527729642.shtml"", ""titulo"": ""10天上海之约 ， 2035个年轻人种下跨越国界的友谊种子 _ 央广网"", ""idioma"": ""chinese"", ""origen"": ""gdelt_doc:turismo""}"
noticia,idioma_no_soportado,idioma,https://blog.wenxuecity.com/myblog/77065/202607/18441.html,"{""url"": ""https://blog.wenxuecity.com/myblog/77065/202607/18441.html"", ""titulo"": ""阿根廷简史九张图 - 博客"", ""idioma"": ""chinese"", ""origen"": ""gdelt_doc:turismo""}"
noticia,idioma_no_soportado,idioma,https://finance.sina.com.cn/tech/roll/2026-07-27/doc-inikekzx0774328.shtml,"{""url"": ""https://finance.sina.com.cn/tech/roll/2026-07-27/doc-inikekzx0774328.shtml"", ""titulo"": ""前沿市场是什么 ？ 它们为什么对全球经济很重要 ？"", ""idioma"": ""chinese"", ""origen"": ""gdelt_doc:turismo""}"
noticia,idioma_no_soportado,idioma,https://baijiahao.baidu.com/s?id=1872752816983172874,"{""url"": ""https://baijiahao.baidu.com/s?id=1872752816983172874"", ""titulo"": ""守义初心 潮启新程 解码义利百廿风华的时代答卷"", ""idioma"": ""chinese"", ""origen"": ""gdelt_doc:turismo""}"
noticia,idioma_no_soportado,idioma,https://m.tech.china.com/redian/2026/0805/082026_1934223.html,"{""url"": ""https://m.tech.china.com/redian/2026/0805/082026_1934223.html"", ""titulo"": ""守义初心 潮启新程 解码义利百廿风华的时代答卷 _ 中华网"", ""idioma"": ""chinese"", ""origen"": ""gdelt_doc:turismo""}"
noticia,idioma_no_soportado,idioma,https://correiodoestado.com.br/correio-b/entrevista-exclusiva-com-o-diretor-de-cinema-nilson-rodrigues/470531/,"{""url"": ""https://correiodoestado.com.br/correio-b/entrevista-exclusiva-com-o-diretor-de-cinema-nilson-rodrigues/470531/"", ""titulo"": ""Entrevista exclusiva com o diretor de cinema Nilson Rodrigues"", ""idioma"": ""pt"", ""origen"": ""gdelt_doc:turismo""}"
noticia,idioma_no_soportado,idioma,https://hunan.voc.com.cn/news/202608/33417060.html,"{""url"": ""https://hunan.voc.com.cn/news/202608/33417060.html"", ""titulo"": ""深度｜湘菜出海按下 加速键 ， 如何在世界坐标系重新落笔 - 深读湖南 - 湖南在线"", ""idioma"": ""chinese"", ""origen"": ""gdelt_doc:turismo""}"
noticia,idioma_no_soportado,idioma,https://hunan.voc.com.cn/news/202608/33426930.html,"{""url"": ""https://hunan.voc.com.cn/news/202608/33426930.html"", ""titulo"": ""湘菜出海加速 ， 如何在世界坐标系重新落笔 - 深读湖南 - 湖南在线"", ""idioma"": ""chinese"", ""origen"": ""gdelt_doc:turismo""}"
noticia,idioma_no_soportado,idioma,https://correiodoestado.com.br/correio-b/daniel-salve-divide-rotina-entre-paulo-gustavo-percy-jackson-e-os/470522/,"{""url"": ""https://correiodoestado.com.br/correio-b/daniel-salve-divide-rotina-entre-paulo-gustavo-percy-jackson-e-os/470522/"", ""titulo"": ""Daniel Salve divide rotina entre Paulo Gustavo , Percy Jackson e os próximos passos de Nautopia"", ""idioma"": ""pt"", ""origen"": ""gdelt_doc:turismo""}"
noticia,idioma_no_soportado,idioma,https://jornaleconomico.sapo.pt/noticias/macau-quer-ligar-china-e-mercados-hispanicos-onde-e-largamente-desconhecido/,"{""url"": ""https://jornaleconomico.sapo.pt/noticias/macau-quer-ligar-china-e-mercados-hispanicos-onde-e-largamente-desconhecido/"", ""titulo"": ""Macau quer ligar China e mercados hispânicos onde é largamente desconhecido"", ""idioma"": ""pt"", ""origen"": ""gdelt_doc:turismo""}"
noticia,idioma_no_soportado,idioma,https://executivedigest.sapo.pt/macau-quer-ligar-china-e-mercados-hsipanicos-onde-e-largamente-desconhecido-academicos/,"{""url"": ""https://executivedigest.sapo.pt/macau-quer-ligar-china-e-mercados-hsipanicos-onde-e-largamente-desconhecido-academicos/"", ""titulo"": ""Macau quer ligar China e mercados hsipânicos onde é largamente desconhecido"", ""idioma"": ""pt"", ""origen"": ""gdelt_doc:turismo""}"
noticia,idioma_no_soportado,idioma,https://eurocapital.gr/economy/cosmos/166751-forologikoi-paradeisoi-h-forologikh-veltistopoihsh-kala-kratei-gia-tis-polyethnikes.html,"{""url"": ""https://eurocapital.gr/economy/cosmos/166751-forologikoi-paradeisoi-h-forologikh-veltistopoihsh-kala-kratei-gia-tis-polyethnikes.html"", ""titulo"": ""Φορολογικοί παράδεισοι : Η φορολογική « βελτιστοποίηση » καλά κρατεί για τις πολυεθνικές"", ""idioma"": ""greek"", ""origen"": ""gdelt_doc:turismo""}"
noticia,idioma_no_soportado,idioma,https://observador.pt/programas/convidado-extra/goncalo-cadilhe-preferia-andar-a-boleia-no-afeganistao-do-que-no-arizona/,"{""url"": ""https://observador.pt/programas/convidado-extra/goncalo-cadilhe-preferia-andar-a-boleia-no-afeganistao-do-que-no-arizona/"", ""titulo"": ""Gonçalo Cadilhe : Preferia andar à boleia no Afeganistão d ... – Observador"", ""idioma"": ""pt"", ""origen"": ""gdelt_doc:turismo""}"
noticia,idioma_no_soportado,idioma,https://ghorbanews.com/%D8%A3%D8%B4%D8%AC%D8%A7%D8%B1-%D8%A7%D9%84%D9%85%D8%A7%D9%86%D8%AC%D8%B1%D9%88%D9%81-%D9%81%D9%8A-%D9%85%D8%B5%D8%B1/,"{""url"": ""https://ghorbanews.com/%D8%A3%D8%B4%D8%AC%D8%A7%D8%B1-%D8%A7%D9%84%D9%85%D8%A7%D9%86%D8%AC%D8%B1%D9%88%D9%81-%D9%81%D9%8A-%D9%85%D8%B5%D8%B1/"", ""titulo"": ""أشجار المانجروف في مصر 2026 .. لماذا أصبحت سلاح الدولة وخط الدفاع الأول لحماية سواحل البحر الأحمر من التغيرات المناخية ؟ • غربة نيوز"", ""idioma"": ""arabic"", ""origen"": ""gdelt_doc:turismo""}"
noticia,idioma_no_soportado,idioma,https://www.ziarulnational.md/ccir-romania-isi-poate-extinde-oferta-turistica-spre-america-latina-si-cooperarea-in-domeniul-naval-cu-panama/,"{""url"": ""https://www.ziarulnational.md/ccir-romania-isi-poate-extinde-oferta-turistica-spre-america-latina-si-cooperarea-in-domeniul-naval-cu-panama/"", ""titulo"": ""CCIR : România își poate extinde oferta turistică spre America Latină și cooperarea în domeniul naval cu Panama"", ""idioma"": ""romanian"", ""origen"": ""gdelt_doc:turismo""}"
noticia,idioma_no_soportado,idioma,https://hotnews.ro/magnatul-yorgen-fenech-din-malta-achitat-in-procesul-in-care-a-fost-acuzat-de-uciderea-jurnalistei-daphne-caruana-galizia-2339847,"{""url"": ""https://hotnews.ro/magnatul-yorgen-fenech-din-malta-achitat-in-procesul-in-care-a-fost-acuzat-de-uciderea-jurnalistei-daphne-caruana-galizia-2339847"", ""titulo"": ""Magnatul acuzat că a comandat asasinarea jurnalistei de investigație Daphne Caruana Galizia , achitat"", ""idioma"": ""romanian"", ""origen"": ""gdelt_doc:turismo""}"
noticia,idioma_no_soportado,idioma,https://www.bursa.ro/daraban-8221turismul-catre-america-latina-si-serviciile-in-domeniul-naval-reprezinta-oportunitati-pentru-romania8221-61501063,"{""url"": ""https://www.bursa.ro/daraban-8221turismul-catre-america-latina-si-serviciile-in-domeniul-naval-reprezinta-oportunitati-pentru-romania8221-61501063"", ""titulo"": ""Daraban : Turismul către America Latină şi serviciile în domeniul naval reprezintă oportunităţi pentru România - 02 . 09 . 2026"", ""idioma"": ""romanian"", ""origen"": ""gdelt_doc:turismo""}"
noticia,idioma_no_soportado,idioma,https://www.lavieeco.com/influences/panama-le-maroc-invite-dhonneur-du-3e-sommet-des-femmes-et-de-linnovation/,"{""url"": ""https://www.lavieeco.com/influences/panama-le-maroc-invite-dhonneur-du-3e-sommet-des-femmes-et-de-linnovation/"", ""titulo"": ""Panama : Le Maroc , invité dhonneur du 3e Sommet des femmes et de linnovation"", ""idioma"": ""fr"", ""origen"": ""gdelt_doc:turismo""}"
noticia,idioma_no_soportado,idioma,https://www.dostor.org/5681635,"{""url"": ""https://www.dostor.org/5681635"", ""titulo"": ""مشاركة قوية فى بورصة لندن الدولية للسياحة"", ""idioma"": ""arabic"", ""origen"": ""gdelt_doc:turismo""}"
noticia,idioma_no_soportado,idioma,https://www.khaberni.com/news/842378-%D8%A7%D9%83%D8%A8%D8%B1-%D8%AE%D9%85%D8%B3-%D8%AF%D9%88%D9%84-%D9%81%D9%8A-%D8%A7%D9%84%D8%B9%D8%A7%D9%84%D9%85-%D9%84%D8%A7-%D8%AA%D9%85%D8%AA%D9%84%D9%83-%D8%AC%D9%8A%D8%B4%D8%A7,"{""url"": ""https://www.khaberni.com/news/842378-%D8%A7%D9%83%D8%A8%D8%B1-%D8%AE%D9%85%D8%B3-%D8%AF%D9%88%D9%84-%D9%81%D9%8A-%D8%A7%D9%84%D8%B9%D8%A7%D9%84%D9%85-%D9%84%D8%A7-%D8%AA%D9%85%D8%AA%D9%84%D9%83-%D8%AC%D9%8A%D8%B4%D8%A7"", ""titulo"": ""أكبر خمس دول في العالم لا تمتلك جيشاً"", ""idioma"": ""arabic"", ""origen"": ""gdelt_doc:turismo""}"
noticia,idioma_no_soportado,idioma,https://newpost.gr/eidiseis/independent-to-axesoyar-poy-egine-aparaitito-gia-toys-toyristes-stin-athinas/,"{""url"": ""https://newpost.gr/eidiseis/independent-to-axesoyar-poy-egine-aparaitito-gia-toys-toyristes-stin-athinas/"", ""titulo"": ""Independent : Το αξεσουάρ που έγινε απαραίτητο για τους τουρίστες στην Αθήνας"", ""idioma"": ""greek"", ""origen"": ""gdelt_doc:turismo""}"
noticia,idioma_no_soportado,idioma,https://www.epochtimes.com/gb/26/8/28/n14838881.htm,"{""url"": ""https://www.epochtimes.com/gb/26/8/28/n14838881.htm"", ""titulo"": ""游客喧闹等困扰 佛州海滨小镇拟收紧度假租赁"", ""idioma"": ""chinese"", ""origen"": ""gdelt_doc:turismo""}"
noticia,idioma_no_soportado,idioma,https://www.dcnews.ro/magnatul-maltez-yorgen-fenech-achitat-in-procesul-privind-uciderea-jurnalistei-daphne-caruana-galizia_1080162.html,"{""url"": ""https://www.dcnews.ro/magnatul-maltez-yorgen-fenech-achitat-in-procesul-privind-uciderea-jurnalistei-daphne-caruana-galizia_1080162.html"", ""titulo"": ""Magnatul maltez Yorgen Fenech , achitat în procesul privind uciderea jurnalistei Daphne Caruana Galizia"", ""idioma"": ""romanian"", ""origen"": ""gdelt_doc:turismo""}"
noticia,idioma_no_soportado,idioma,https://www.iefimerida.gr/oikonomia/power-game-toyrismos-naytilia,"{""url"": ""https://www.iefimerida.gr/oikonomia/power-game-toyrismos-naytilia"", ""titulo"": ""Γυναικείο power game σε τουρισμό και ναυτιλία με Τραυλού , Σμπώκου , Τετράδη , Μπεζαντάκου : Οι ατζέντες της σεζόν"", ""idioma"": ""greek"", ""origen"": ""gdelt_doc:turismo""}"
noticia,idioma_no_soportado,idioma,https://www.journaldemontreal.com/2026/08/28/tout-inclus--cette-region-des-caraibes-est-la-moins-chere-pour-partir-cet-hiver,"{""url"": ""https://www.journaldemontreal.com/2026/08/28/tout-inclus--cette-region-des-caraibes-est-la-moins-chere-pour-partir-cet-hiver"", ""titulo"": ""Tout - inclus : cette région des Caraïbes est la moins chère pour partir cet hiver"", ""idioma"": ""fr"", ""origen"": ""gdelt_doc:turismo""}"
noticia,idioma_no_soportado,idioma,https://www.cretalive.gr/ellada/independent-i-mahi-toy-kapeloy-kato-apo-ton-kayto-ilio-tis-elladas,"{""url"": ""https://www.cretalive.gr/ellada/independent-i-mahi-toy-kapeloy-kato-apo-ton-kayto-ilio-tis-elladas"", ""titulo"": ""The Independent : Η μάχη του καπέλου κάτω από τον καυτό ήλιο της Ελλάδας"", ""idioma"": ""greek"", ""origen"": ""gdelt_doc:turismo""}"
noticia,idioma_no_soportado,idioma,https://www.diariosigloxxi.com/texto-ep/mostrar/20260827113832/madrid-incorpora-filipinas-canada-panama-campana-internacional-impulsar-turismo-compras,"{""url"": ""https://www.diariosigloxxi.com/texto-ep/mostrar/20260827113832/madrid-incorpora-filipinas-canada-panama-campana-internacional-impulsar-turismo-compras"", ""titulo"": ""Madrid incorpora Filipinas , Canadá y Panamá a su campaña internacional para impulsar el turismo de compras"", ""idioma"": ""galician"", ""origen"": ""gdelt_doc:turismo""}"
noticia,idioma_no_soportado,idioma,https://www.ziuanews.ro/stiri/rasturnare-de-situa-ie-in-cazul-asasinarii-jurnalistei-daphne-galizia-magnatul-acuzat-ca-a-comandat-crima-a-fost-achitat-1596245,"{""url"": ""https://www.ziuanews.ro/stiri/rasturnare-de-situa-ie-in-cazul-asasinarii-jurnalistei-daphne-galizia-magnatul-acuzat-ca-a-comandat-crima-a-fost-achitat-1596245"", ""titulo"": ""Răsturnare de situație în cazul asasinării jurnalistei Daphne Galizia . Magnatul acuzat că a comandat crima a fost achitat"", ""idioma"": ""romanian"", ""origen"": ""gdelt_doc:turismo""}"
noticia,idioma_no_soportado,idioma,https://www.naftemporiki.gr/society/2153400/the-independent-to-axesoyar-poy-egine-aparaitito-gia-toys-toyristes-tis-athinas/,"{""url"": ""https://www.naftemporiki.gr/society/2153400/the-independent-to-axesoyar-poy-egine-aparaitito-gia-toys-toyristes-tis-athinas/"", ""titulo"": ""The Independent : Το αξεσουάρ που έγινε απαραίτητο για τους τουρίστες της Αθήνας"", ""idioma"": ""greek"", ""origen"": ""gdelt_doc:turismo""}"
noticia,idioma_no_soportado,idioma,https://www.ziuaconstanta.ro/stiri/actualitate/nicusor-dan-intalniri-cu-17-ambasadori-la-cotroceni-ce-teme-au-fost-discutate-952017.html,"{""url"": ""https://www.ziuaconstanta.ro/stiri/actualitate/nicusor-dan-intalniri-cu-17-ambasadori-la-cotroceni-ce-teme-au-fost-discutate-952017.html"", ""titulo"": ""Nicușor Dan , întâlniri cu 17 ambasadori la Cotroceni . Ce teme au fost discutate"", ""idioma"": ""romanian"", ""origen"": ""gdelt_doc:turismo""}"
noticia,idioma_no_soportado,idioma,https://aif.ru/travel/vynuzhdennaya-mera-vyyasnilos-chto-stalo-glavnym-suvenirom-leta-v-afinah,"{""url"": ""https://aif.ru/travel/vynuzhdennaya-mera-vyyasnilos-chto-stalo-glavnym-suvenirom-leta-v-afinah"", ""titulo"": ""Вынужденная мера . Выяснилось , что стало главным сувениром лета в Афинах"", ""idioma"": ""russian"", ""origen"": ""gdelt_doc:turismo""}"
noticia,idioma_no_soportado,idioma,https://www.ziarulnational.md/magnatul-maltez-yorgen-fenech-acuzat-ca-a-comandat-asasinarea-jurnalistei-daphne-caruana-galizia-achitat-de-tribunal/,"{""url"": ""https://www.ziarulnational.md/magnatul-maltez-yorgen-fenech-acuzat-ca-a-comandat-asasinarea-jurnalistei-daphne-caruana-galizia-achitat-de-tribunal/"", ""titulo"": ""Magnatul maltez Yorgen Fenech , acuzat că a comandat asasinarea jurnalistei Daphne Caruana Galizia , achitat de tribunal"", ""idioma"": ""romanian"", ""origen"": ""gdelt_doc:turismo""}"
noticia,idioma_no_soportado,idioma,https://sciencepost.fr/en-tranchant-63-kilometres-de-calcaire-entre-1881-et-1893-les-grecs-ont-litteralement-ouvert-un-passage-devenu-trop-etroit-avant-d-avoir-servi/,"{""url"": ""https://sciencepost.fr/en-tranchant-63-kilometres-de-calcaire-entre-1881-et-1893-les-grecs-ont-litteralement-ouvert-un-passage-devenu-trop-etroit-avant-d-avoir-servi/"", ""titulo"": ""En tranchant 6 , 3 kilomètres de calcaire entre 1881 et 1893 , les Grecs ont littéralement ouvert un passage devenu trop étroit avant davoir servi"", ""idioma"": ""fr"", ""origen"": ""gdelt_doc:turismo""}"
noticia,idioma_no_soportado,idioma,https://diumenge.ara.cat/diumenge/sara-campanales-deixar-ciutat-viure-selva_130_5798468.html,"{""url"": ""https://diumenge.ara.cat/diumenge/sara-campanales-deixar-ciutat-viure-selva_130_5798468.html"", ""titulo"": ""Laventura de la meva vida : Sara Campanales , deixar la ciutat per anar a viure a la selva"", ""idioma"": ""catalan"", ""origen"": ""gdelt_doc:turismo""}"
noticia,idioma_no_soportado,idioma,https://g1.globo.com/economia/noticia/2026/09/05/citado-por-lula-defesa-tera-6o-maior-orcamento-em-2027-verba-inclui-submarino-nuclear-cacas-gripen-e-misseis-de-longo-alcance.ghtml,"{""url"": ""https://g1.globo.com/economia/noticia/2026/09/05/citado-por-lula-defesa-tera-6o-maior-orcamento-em-2027-verba-inclui-submarino-nuclear-cacas-gripen-e-misseis-de-longo-alcance.ghtml"", ""titulo"": ""Citado por Lula , Defesa terá 6º maior orçamento em 2027 ; verba inclui submarino nuclear , caças Gripen e mísseis de longo alcance"", ""idioma"": ""pt"", ""origen"": ""gdelt_doc:turismo""}"
noticia,idioma_no_soportado,idioma,https://www.bursa.ro/nicusor-dan-a-primit-la-cotroceni-17-ambasadori-straini-87141069,"{""url"": ""https://www.bursa.ro/nicusor-dan-a-primit-la-cotroceni-17-ambasadori-straini-87141069"", ""titulo"": ""Nicuşor Dan a primit la Cotroceni 17 ambasadori străini"", ""idioma"": ""romanian"", ""origen"": ""gdelt_doc:turismo""}"
noticia,idioma_no_soportado,idioma,https://mil.news.sina.com.cn/2026-08-30/doc-iniqacxx5105726.shtml,"{""url"": ""https://mil.news.sina.com.cn/2026-08-30/doc-iniqacxx5105726.shtml"", ""titulo"": ""创下多项纪录 ， 世纪运河 开通在即|广西壮族自治区|平陆运河|广西|东盟"", ""idioma"": ""chinese"", ""origen"": ""gdelt_doc:turismo""}"
noticia,idioma_no_soportado,idioma,https://finance.eastmoney.com/a/202609033864258728.html,"{""url"": ""https://finance.eastmoney.com/a/202609033864258728.html"", ""titulo"": ""9月3日东方财富财经晚报 （ 附新闻联播 ） _ 东方财富网"", ""idioma"": ""chinese"", ""origen"": ""gdelt_doc:turismo""}"
noticia,idioma_no_soportado,idioma,https://wallstreetcn.com/articles/3780621,"{""url"": ""https://wallstreetcn.com/articles/3780621"", ""titulo"": ""世纪运河 开通在即 ， 江海联运如何改变中国与东盟"", ""idioma"": ""chinese"", ""origen"": ""gdelt_doc:turismo""}"
noticia,idioma_no_soportado,idioma,https://www.3cat.cat/3catinfo/la-sequera-i-les-onades-de-calor-posen-en-alerta-leconomia-europea/noticia/3425504/,"{""url"": ""https://www.3cat.cat/3catinfo/la-sequera-i-les-onades-de-calor-posen-en-alerta-leconomia-europea/noticia/3425504/"", ""titulo"": ""La sequera i les onades de calor posen en alerta leconomia europea"", ""idioma"": ""catalan"", ""origen"": ""gdelt_doc:turismo""}"
noticia,idioma_no_soportado,idioma,https://libnanews.com/liban-pourquoi-175-dinflation-dans-une-economie-dollarisee/,"{""url"": ""https://libnanews.com/liban-pourquoi-175-dinflation-dans-une-economie-dollarisee/"", ""titulo"": ""Liban : pourquoi 17 , 5 % dinflation dans une économie dollarisée ? | Libnanews , Le Média Citoyen du Liban"", ""idioma"": ""fr"", ""origen"": ""gdelt_doc:turismo""}"
noticia,idioma_no_soportado,idioma,https://oglobo.globo.com/boa-viagem/noticia/2026/09/10/estrangeiros-que-visitam-o-panama-agora-tem-direito-a-seguro-de-viagem-gratuito-e-valido-por-dez-dias.ghtml,"{""url"": ""https://oglobo.globo.com/boa-viagem/noticia/2026/09/10/estrangeiros-que-visitam-o-panama-agora-tem-direito-a-seguro-de-viagem-gratuito-e-valido-por-dez-dias.ghtml"", ""titulo"": ""Estrangeiros que visitam o Panamá agora têm direito a seguro de viagem gratuito e válido por dez dias ; entenda"", ""idioma"": ""pt"", ""origen"": ""gdelt_doc:turismo""}"
noticia,idioma_no_soportado,idioma,https://www.alwatan.com.sa/article/1185439,"{""url"": ""https://www.alwatan.com.sa/article/1185439"", ""titulo"": ""بشراكة استراتيجية مع وزارة السياحة .. المعرض السعودي للفنادق والضيافة يعود إلى الرياض"", ""idioma"": ""arabic"", ""origen"": ""gdelt_doc:turismo""}"
noticia,idioma_no_soportado,idioma,https://www.sozcu.com.tr/temiz-kalbi-yogurtcu-mehmet-in-sonu-oldu-p359847,"{""url"": ""https://www.sozcu.com.tr/temiz-kalbi-yogurtcu-mehmet-in-sonu-oldu-p359847"", ""titulo"": ""Temiz kalbi yoğurtçu Mehmetin sonu oldu"", ""idioma"": ""turkish"", ""origen"": ""gdelt_doc:turismo""}"
noticia,idioma_no_soportado,idioma,https://www.madata.gr/free-time/travel/979093-i-megalyteri-kroyaziera-stin-istoria-xekinise-apo-ti-romi-gia-enan-gyro-toy-kosmoy.html,"{""url"": ""https://www.madata.gr/free-time/travel/979093-i-megalyteri-kroyaziera-stin-istoria-xekinise-apo-ti-romi-gia-enan-gyro-toy-kosmoy.html"", ""titulo"": ""Η μεγαλύτερη κρουαζιέρα στην ιστορία ξεκίνησε από τη Ρώμη για έναν γύρο του κόσμου"", ""idioma"": ""greek"", ""origen"": ""gdelt_doc:turismo""}"
noticia,idioma_no_soportado,idioma,https://ru.euronews.com/travel/2026/09/20/all-the-direct-flight-routes-from-europe-to-central-and-south-america,"{""url"": ""https://ru.euronews.com/travel/2026/09/20/all-the-direct-flight-routes-from-europe-to-central-and-south-america"", ""titulo"": ""Все прямые авиарейсы из Европы в Центральную и Южную Америку"", ""idioma"": ""russian"", ""origen"": ""gdelt_doc:turismo""}"
noticia,idioma_no_soportado,idioma,https://noticias.r7.com/prisma/luiz-fara-monteiro/assist-card-e-iberia-ampliam-parceria-e-integram-assistencia-ao-viajante-a-compra-de-passagens-aereas-20092026/,"{""url"": ""https://noticias.r7.com/prisma/luiz-fara-monteiro/assist-card-e-iberia-ampliam-parceria-e-integram-assistencia-ao-viajante-a-compra-de-passagens-aereas-20092026/"", ""titulo"": ""Assist Card e Iberia ampliam parceria e integram assistência ao viajante à compra de passagens aéreas"", ""idioma"": ""pt"", ""origen"": ""gdelt_doc:turismo""}"
noticia,idioma_no_soportado,idioma,https://arabic.euronews.com/2026/09/20/all-the-direct-flight-routes-from-europe-to-central-and-south-america,"{""url"": ""https://arabic.euronews.com/2026/09/20/all-the-direct-flight-routes-from-europe-to-central-and-south-america"", ""titulo"": ""كل الرحلات الجوية المباشرة من أوروبا إلى أميركا الوسطى والجنوبية"", ""idioma"": ""arabic"", ""origen"": ""gdelt_doc:turismo""}"
noticia,idioma_no_soportado,idioma,https://tsn.ua/svit/ukrayinska-model-opynylasia-v-litaku-shcho-rozbyvsia-u-venesueli-sofiia-komar-vyzyla-3166199.html,"{""url"": ""https://tsn.ua/svit/ukrayinska-model-opynylasia-v-litaku-shcho-rozbyvsia-u-venesueli-sofiia-komar-vyzyla-3166199.html"", ""titulo"": ""Аварія літака у Венесуелі – на борту була українська модель Софія Комар , що відомо Світ"", ""idioma"": ""ukrainian"", ""origen"": ""gdelt_doc:turismo""}"
noticia,idioma_no_soportado,idioma,https://www.mikrometoxos.gr/manpower-group-veltiomenes-oi-prooptikes-apascholisis-stin-ellada-gia-to-4o-trimino-tou-2026/,"{""url"": ""https://www.mikrometoxos.gr/manpower-group-veltiomenes-oi-prooptikes-apascholisis-stin-ellada-gia-to-4o-trimino-tou-2026/"", ""titulo"": ""Manpower Group : Βελτιωμένες οι προοπτικές απασχόλησης στην Ελλάδα για το 4ο τρίμηνο του 2026"", ""idioma"": ""greek"", ""origen"": ""gdelt_doc:turismo""}"
noticia,idioma_no_soportado,idioma,https://tribunademinas.com.br/colunas/cesar-romero/20-09-2026/coluna-cesar-romero-20-e-21-de-setembro-de-2026.html,"{""url"": ""https://tribunademinas.com.br/colunas/cesar-romero/20-09-2026/coluna-cesar-romero-20-e-21-de-setembro-de-2026.html"", ""titulo"": ""Coluna Cesar Romero – 20 e 21 de setembro de 2026"", ""idioma"": ""pt"", ""origen"": ""gdelt_doc:turismo""}"
noticia,idioma_no_soportado,idioma,https://viagemeturismo.abril.com.br/mundo/atlanta-roteiro-para-percorrer-a-metropole-mais-interessantes-do-sul-dos-estados-unidos/,"{""url"": ""https://viagemeturismo.abril.com.br/mundo/atlanta-roteiro-para-percorrer-a-metropole-mais-interessantes-do-sul-dos-estados-unidos/"", ""titulo"": ""Atlanta : roteiro pela vibrante metrópole do Sul dos Estados Unidos"", ""idioma"": ""pt"", ""origen"": ""gdelt_doc:turismo""}"
noticia,idioma_no_soportado,idioma,https://www.afrique-asie.fr/defendre-cuba-et-exiger-la-levee-du-blocus-energetique-et-de-lembargo-etasuniens-1/,"{""url"": ""https://www.afrique-asie.fr/defendre-cuba-et-exiger-la-levee-du-blocus-energetique-et-de-lembargo-etasuniens-1/"", ""titulo"": ""Défendre cuba et exiger la levée du blocus énergétique et de lembargo étasuniens ( 1 )"", ""idioma"": ""fr"", ""origen"": ""gdelt_doc:turismo""}"
noticia,idioma_no_soportado,idioma,https://www.sabah.com.tr/yasam/kruvaziyer-turizminin-yildizi-turkiye-7666059,"{""url"": ""https://www.sabah.com.tr/yasam/kruvaziyer-turizminin-yildizi-turkiye-7666059"", ""titulo"": ""Kruvaziyer turizminin yıldızı Türkiye"", ""idioma"": ""turkish"", ""origen"": ""gdelt_doc:turismo""}"
noticia,idioma_no_soportado,idioma,https://www.estadao.com.br/paladar/brasileira-vence-spellegrino-young-chef-com-prato-sobre-milho-memoria-e-cozinha-de-familia/,"{""url"": ""https://www.estadao.com.br/paladar/brasileira-vence-spellegrino-young-chef-com-prato-sobre-milho-memoria-e-cozinha-de-familia/"", ""titulo"": ""Brasileira vence S . Pellegrino Young Chef e garante vaga em Milão"", ""idioma"": ""pt"", ""origen"": ""gdelt_doc:turismo""}"
noticia,idioma_no_soportado,idioma,https://www.denik.cz/svet/usa-letadlova-lod-uss-abraham-lincoln-namornici-pokus-o-sebevrazdu/,"{""url"": ""https://www.denik.cz/svet/usa-letadlova-lod-uss-abraham-lincoln-namornici-pokus-o-sebevrazdu/"", ""titulo"": ""Na moři byli 286 dní . Osm námořníků z americké lodi se pokusilo o sebevraždu"", ""idioma"": ""czech"", ""origen"": ""gdelt_doc:turismo""}"
noticia,idioma_no_soportado,idioma,https://www.politika.rs/scc/clanak/789920/novi-sad-posetilo-148-000-gostiju-u-prvih-osam-meseci-ove-godine,"{""url"": ""https://www.politika.rs/scc/clanak/789920/novi-sad-posetilo-148-000-gostiju-u-prvih-osam-meseci-ove-godine"", ""titulo"": ""Нови Сад посетило 148 . 000 гостију у првих осам месеци ове године"", ""idioma"": ""serbian"", ""origen"": ""gdelt_doc:turismo""}"
noticia,idioma_no_soportado,idioma,https://www.waterkant.net/suriname/2026/09/27/visumvrij-reizen-naar-panama-op-tafel-bij-overleg-met-simons/,"{""url"": ""https://www.waterkant.net/suriname/2026/09/27/visumvrij-reizen-naar-panama-op-tafel-bij-overleg-met-simons/"", ""titulo"": ""Visumvrij reizen naar Panama op tafel bij overleg met Simons"", ""idioma"": ""dutch"", ""origen"": ""gdelt_doc:turismo""}"
noticia,idioma_no_soportado,idioma,https://turismo.ig.com.br/colunas/vitor-vianna/2026-09-27/confira-os-melhores-destinos-para-viajar-em-2027.html,"{""url"": ""https://turismo.ig.com.br/colunas/vitor-vianna/2026-09-27/confira-os-melhores-destinos-para-viajar-em-2027.html"", ""titulo"": ""Confira os melhores destinos para viajar em 2027"", ""idioma"": ""pt"", ""origen"": ""gdelt_doc:turismo""}"
noticia,idioma_no_soportado,idioma,https://www.greenme.it/viaggi/mondo/viaggi-2-meraviglie-italiane-entrano-tra-le-50-mete-da-non-perdere-nel-2027-secondo-lonely-planet/,"{""url"": ""https://www.greenme.it/viaggi/mondo/viaggi-2-meraviglie-italiane-entrano-tra-le-50-mete-da-non-perdere-nel-2027-secondo-lonely-planet/"", ""titulo"": ""Viaggi : 2 meraviglie italiane entrano tra le 50 mete da non perdere nel 2027 secondo Lonely Planet"", ""idioma"": ""italian"", ""origen"": ""gdelt_doc:turismo""}"
noticia,idioma_no_soportado,idioma,https://www.y-mainichi.co.jp/news/42850,"{""url"": ""https://www.y-mainichi.co.jp/news/42850"", ""titulo"": ""商船やいま 子会社連結決算も報告へ"", ""idioma"": ""japanese"", ""origen"": ""gdelt_doc:turismo""}"
noticia,idioma_no_soportado,idioma,https://beijing.qianlong.com/2026/0929/8733481.shtml,"{""url"": ""https://beijing.qianlong.com/2026/0929/8733481.shtml"", ""titulo"": ""入境游不再只有长城和故宫 老外逛京城 游出新花样"", ""idioma"": ""chinese"", ""origen"": ""gdelt_doc:turismo""}"
noticia,idioma_no_soportado,idioma,https://www1.folha.uol.com.br/turismo/2026/09/barbados-no-caribe-tem-seu-proprio-carnaval-mas-com-ritmos-caribenhos.shtml,"{""url"": ""https://www1.folha.uol.com.br/turismo/2026/09/barbados-no-caribe-tem-seu-proprio-carnaval-mas-com-ritmos-caribenhos.shtml"", ""titulo"": ""Barbados , no Caribe , também tem Carnaval ; veja como é - 30 / 09 / 2026 - Turismo"", ""idioma"": ""pt"", ""origen"": ""gdelt_doc:turismo""}"
noticia,idioma_no_soportado,idioma,https://dwtonline.com/diplomatie-daadwerkelijk-inzetten/,"{""url"": ""https://dwtonline.com/diplomatie-daadwerkelijk-inzetten/"", ""titulo"": ""Diplomatie daadwerkelijk inzetten"", ""idioma"": ""dutch"", ""origen"": ""gdelt_doc:turismo""}"
noticia,idioma_no_soportado,idioma,https://blog.wenxuecity.com/myblog/83401/202610/295.html,"{""url"": ""https://blog.wenxuecity.com/myblog/83401/202610/295.html"", ""titulo"": ""人间的 伊甸园 - 博客"", ""idioma"": ""chinese"", ""origen"": ""gdelt_doc:turismo""}"
noticia,idioma_no_soportado,idioma,https://www.romania-actualitati.ro/stiri/life-style/a-fost-ales-cel-mai-frumos-sat-din-germania-id235062.html,"{""url"": ""https://www.romania-actualitati.ro/stiri/life-style/a-fost-ales-cel-mai-frumos-sat-din-germania-id235062.html"", ""titulo"": ""A fost ales cel mai frumos sat din Germania"", ""idioma"": ""romanian"", ""origen"": ""gdelt_doc:turismo""}"
noticia,idioma_no_soportado,idioma,https://www.163.com/dy/article/L7JBLUAB0514R9OJ.html,"{""url"": ""https://www.163.com/dy/article/L7JBLUAB0514R9OJ.html"", ""titulo"": ""2026第九届北京红桥国际珍珠文化节正式启幕"", ""idioma"": ""chinese"", ""origen"": ""gdelt_doc:turismo""}"
noticia,idioma_no_soportado,idioma,https://www.bbc.com/persian/articles/c6vgygdedqeno,"{""url"": ""https://www.bbc.com/persian/articles/c6vgygdedqeno"", ""titulo"": ""چرا جنجال بر سر شمایل مریم مقدس می‌تواند بر انتخابات ریاست‌جمهوری برزیل تاثیر بگذارد ؟"", ""idioma"": ""persian"", ""origen"": ""gdelt_doc:turismo""}"
noticia,idioma_no_soportado,idioma,https://incomemagazine.ro/exact-tours-2026-a-fost-anul-in-care-romanii-au-iesit-din-traseele-obisnuite-au-cautat-destinatii-mai-putin-conventionale-si-au-rezervat-cu-aproape-cinci-luni-inainte/,"{""url"": ""https://incomemagazine.ro/exact-tours-2026-a-fost-anul-in-care-romanii-au-iesit-din-traseele-obisnuite-au-cautat-destinatii-mai-putin-conventionale-si-au-rezervat-cu-aproape-cinci-luni-inainte/"", ""titulo"": ""Exact Tours : 2026 a fost anul în care românii au ieșit din traseele obișnuite , au căutat destinații mai puțin convenționale și au rezervat cu aproape cinci luni înainte – Income Magazine"", ""idioma"": ""romanian"", ""origen"": ""gdelt_doc:turismo""}"
