id_noticia,titulo,url,medio,idioma,fecha_publicacion,fecha_deteccion,fecha_extraccion,tema,origen,alcance_texto,descripcion
N-002b16487b3c,Alza de combustibles en Bocas del Toro : empresarios exigen auditoría e intervención del Gobierno,https://www.prensa.com/politica/alza-de-combustibles-en-bocas-del-toro-empresarios-exigen-auditoria-e-intervencion-del-gobierno/,prensa.com,es,,2026-07-27T20:45:00+00:00,2026-10-06T18:46:40+00:00,,gdelt_doc:economia,titular_metadatos,
N-003182f4fa6f,Michael Alarcón y Julieta Escobar son los abanderados para Honduras 2026,https://www.prensa.com/deportes/michael-alarcon-y-julieta-escobar-son-los-abanderados-para-honduras-2026/,prensa.com,es,,2026-09-03T03:30:00+00:00,2026-10-06T18:46:40+00:00,,gdelt_doc:panama,titular_metadatos,
N-004098a884b1,El agua vuelve a poner al Canal de Panamá bajo presión : noviembre será clave,https://www.prensa.com/economia/el-agua-vuelve-a-poner-al-canal-de-panama-bajo-presion-noviembre-sera-clave/,prensa.com,es,,2026-08-23T07:00:00+00:00,2026-10-06T18:46:40+00:00,,gdelt_doc:logistica,titular_metadatos,
N-004d5eee8ad7,Sigue la saga por el control de los puertos del canal de Panamá : CK Hutchison reclama más de US$ 1 . 500 millones,https://cnnespanol.cnn.com/2026/08/20/latinoamerica/control-puertos-canal-panama-ck-hutchison-reclama-millones-orix,cnnespanol.cnn.com,es,,2026-08-21T01:45:00+00:00,2026-10-06T18:46:40+00:00,,gdelt_doc:logistica,titular_metadatos,
N-007fc292d38f,Puerto Rico luce imponente ante Belice e irá por el oro en básquetbol masculino,https://listindiario.com/el-deporte/olimpismo/20260801/puerto-rico-luce-imponente-belice-e-ira-oro-basquetbol-masculino_916318.html,listindiario.com,es,,2026-08-02T05:00:00+00:00,2026-10-06T18:46:40+00:00,,gdelt_doc:logistica,titular_metadatos,
N-00a9da535542,Tres países negaron el aterrizaje del vuelo de María Corina Machado para salir de Panamá,https://www.el-carabobeno.com/tres-paises-negaron-el-aterrizaje-del-vuelo-de-maria-corina-machado-para-salir-de-panama/,el-carabobeno.com,es,,2026-09-24T01:45:00+00:00,2026-10-06T18:46:40+00:00,,gdelt_doc:panama,titular_metadatos,
N-00b621fa8969,La playa de Latinoamérica que fue elegida como la mejor del mundo en el 2026,https://www.semana.com/turismo/articulo/la-playa-de-latinoamerica-que-fue-elegida-como-la-mejor-del-mundo-en-el-2026/202600/,semana.com,es,,2026-07-30T17:15:00+00:00,2026-10-06T18:46:40+00:00,,gdelt_doc:turismo,titular_metadatos,
N-00d3a4700753,El cerebro de la marca Messi : El rol clave de Jorge Messi en la carrera de su hijo,https://www.panamaamerica.com.pa/deportes/el-cerebro-de-la-marca-messi-el-rol-clave-de-jorge-messi-en-la-carrera-de-su-hijo-1264963,panamaamerica.com.pa,es,,2026-08-08T17:45:00+00:00,2026-10-06T18:46:40+00:00,,gdelt_doc:turismo,titular_metadatos,
N-00f2d80822c3,La Estrella de Panamá y la Capali firman acuerdo para promover la FIL 2026,https://www.laestrella.com.pa/vida-y-cultura/cultura/la-estrella-de-panama-y-la-capali-firman-acuerdo-para-promover-la-fil-2026-NP24907390,laestrella.com.pa,es,,2026-08-15T06:00:00+00:00,2026-10-06T18:46:40+00:00,,gdelt_doc:logistica,titular_metadatos,
N-00f713542194,Panamá celebra 507 años de historia y 112 años de Canal : dos fechas que marcaron al país,https://www.midiario.com/nacionales/panama-celebra-507-anos-de-historia-y-112-anos-de-canal-dos-fechas-que-marcaron-al-pais/,midiario.com,es,,2026-08-15T22:00:00+00:00,2026-10-06T18:46:40+00:00,,gdelt_doc:logistica,titular_metadatos,
N-00ff2ad503e1,"Economía nocturna en Panamá : genera $1 , 000 millones al año pero no logra recuperarse",https://www.laestrella.com.pa/economia/economia-nocturna-en-panama-genera-1000-millones-al-ano-pero-no-logra-recuperarse-ON24292826,laestrella.com.pa,es,,2026-07-22T20:45:00+00:00,2026-10-06T18:46:40+00:00,,gdelt_doc:economia,titular_metadatos,
N-010224043d4f,La ciencia y la tecnología centran en Panamá el debate sobre el futuro de los océanos,https://www.prensa.com/vivir/la-ciencia-y-la-tecnologia-centran-en-panama-el-debate-sobre-el-futuro-de-los-oceanos/,prensa.com,es,,2026-09-22T23:30:00+00:00,2026-10-06T18:46:40+00:00,,gdelt_doc:economia,titular_metadatos,
N-010671e088c2,Sabor internacional en Fiestas Julias de capital política de Bolivia,https://www.prensa-latina.cu/2026/07/12/sabor-internacional-en-fiestas-julias-de-capital-politica-de-bolivia/,prensa-latina.cu,es,,2026-07-13T04:15:00+00:00,2026-10-06T18:46:40+00:00,,gdelt_doc:economia,titular_metadatos,
N-012db55ac402,Canal de Panamá no descarta nuevas restricciones por fenómeno de El Niño,https://www.elnuevosiglo.com.co/internacional/canal-de-panama-no-descarta-nuevas-restricciones-por-fenomeno-de-el-nino,elnuevosiglo.com.co,es,,2026-09-07T20:15:00+00:00,2026-10-06T18:46:40+00:00,,gdelt_doc:economia,titular_metadatos,
N-013e4d41e0df,"El Ritual del Origen , la experiencia inmersiva que bucea en las raíces del café panameño",https://proceso.hn/el-ritual-del-origen-la-experiencia-inmersiva-que-bucea-en-las-raices-del-cafe-panameno/,proceso.hn,es,,2026-08-28T14:00:00+00:00,2026-10-06T18:46:40+00:00,,gdelt_doc:economia,titular_metadatos,
N-017222b7e2dc,"Encuentro Mulino - Sheinbaum se centró en la Neutralidad del Canal , integración regional , comercio , inversiones y cooperación – Ministerio de Relaciones exteriores",https://mire.gob.pa/encuentro-mulino-sheinbaum-se-centro-en-la-neutralidad-del-canal-integracion-regional-comercio-inversiones-y-cooperacion/,mire.gob.pa,es,,2026-07-16T23:00:00+00:00,2026-10-06T18:46:40+00:00,,gdelt_doc:economia,titular_metadatos,
N-019b3a076a8d,Canal de Panamá reducirá tránsito de buques por el fenómeno de El Niño,https://www.eleconomista.com.mx/empresas/canal-panama-reducira-transito-buques-fenomeno-nino-20260820-829419.html,eleconomista.com.mx,es,,2026-08-21T04:30:00+00:00,2026-10-06T18:46:40+00:00,,gdelt_doc:logistica,titular_metadatos,
N-01acf2809e4f,Panamá mantiene una perspectiva optimista por la renovación del acuerdo marítimo con China,https://www.panamaamerica.com.pa/sociedad/panama-mantiene-una-perspectiva-optimista-por-la-renovacion-del-acuerdo-maritimo-con-china,panamaamerica.com.pa,es,,2026-07-22T21:30:00+00:00,2026-10-06T18:46:40+00:00,,gdelt_doc:logistica,titular_metadatos,
N-01b526d41623,La producción de miel en la comarca capta la atención de técnicos que han llegado de Panamá y Perú,https://www.lavozdegalicia.es/noticia/amarina/2026/09/23/apicultores-panama-peru-interesan-produccion-miel-comarca/00031790156587026692245.htm,lavozdegalicia.es,es,,2026-09-24T03:30:00+00:00,2026-10-06T18:46:40+00:00,,gdelt_doc:panama,titular_metadatos,
N-01d795e6569f,Letters | The Arkansas Democrat - Gazette - Arkansa Best News Source,https://www.arkansasonline.com/news/2026/sep/09/letters/,arkansasonline.com,en,,2026-09-09T10:15:00+00:00,2026-10-06T18:46:40+00:00,,gdelt_doc:economia,titular_metadatos,
N-01e1e584519e,"Panama is not only the beginning : Foreign Minister pitches nation as India premier manufacturing , trade launchpad in Latin America",http://www.srilankasource.com/news/279199252/panama-is-not-only-the-beginning-foreign-minister-pitches-nation-as-india-premier-manufacturing-trade-launchpad-in-latin-america,srilankasource.com,en,,2026-07-20T20:45:00+00:00,2026-10-06T18:46:40+00:00,,gdelt_doc:economia,titular_metadatos,
N-01e29d6c1c67,Puerto Armuelles será por primera vez sede de un torneo infantil y juvenil de surf,https://www.panamaamerica.com.pa/deportes/puerto-armuelles-sera-por-primera-vez-sede-de-un-torneo-infantil-y-juvenil-de-surf-1264921,panamaamerica.com.pa,es,,2026-08-07T18:00:00+00:00,2026-10-06T18:46:40+00:00,,gdelt_doc:turismo,titular_metadatos,
N-01e78940b2fc,Un café por la independencia ( I ) - Crónica del Quindio,https://cronicadelquindio.com/opinion/columnistas/un-cafe-por-la-independencia-i/,cronicadelquindio.com,es,,2026-07-24T06:30:00+00:00,2026-10-06T18:46:40+00:00,,gdelt_doc:economia,titular_metadatos,
N-0224f6e06205,Nerys Pérez responde con humor a los comentarios sobre el vestido que usó en un baile,https://www.tvn-2.com/entretenimiento/nerys-perez-responde-humor-comentarios-vestido-baile-vladimir-atencio_1_2264599.html,tvn-2.com,es,2026-10-06T18:15:47+00:00,,2026-10-06T18:46:40+00:00,,tvn_rss,titular_metadatos,
N-0226aa83720f,Presidenta abordará cooperación y neutralidad del Canal de Panamá en reunión bilateral,https://www.tabascohoy.com/presidenta-abordara-cooperacion-y-neutralidad-del-canal-de-panama-en-reunion-bilateral/,tabascohoy.com,es,,2026-07-15T17:30:00+00:00,2026-10-06T18:46:40+00:00,,gdelt_doc:logistica,titular_metadatos,
N-02283fd4bd66,Dos navíos golpeados por drones en el mar Negro frente a la costa de Bulgaria,https://www.tvn-2.com/mundo/navios-golpeados-drones-mar-negro_1_2264554.html,tvn-2.com,es,2026-10-06T11:40:13+00:00,,2026-10-06T18:46:40+00:00,,tvn_rss,titular_metadatos,
N-024d76faa36e,Tenemos que prevenir antes que curar : epidemiólogo Carlos Álvarez sobre el fenómeno de El Niño / Entrevista de María Isabel Rueda,https://www.eltiempo.com/salud/tenemos-que-prevenir-antes-que-curar-epidemiologo-carlos-alvarez-sobre-el-fenomeno-de-el-nino-entrevista-de-maria-isabel-rueda-3584024,eltiempo.com,es,,2026-09-07T05:15:00+00:00,2026-10-06T18:46:40+00:00,,gdelt_doc:eventos_naturales,titular_metadatos,
N-02ab25124b30,Planet Fitness COO Dumps 23 % of His Direct Equity Stake After the Stock Crashed,https://www.fool.com/coverage/filings/2026/09/30/planet-fitness-coo-dumps-23-of-his-direct-equity-stake-after-the-stock-crashed/?source=iedfolrf0000001,fool.com,en,,2026-10-01T00:45:00+00:00,2026-10-06T18:46:40+00:00,,gdelt_doc:logistica,titular_metadatos,
N-02bb786d8098,Empty Tanker Pays $4 . 6 Million To Cut Panama Canal Line,https://www.jalopnik.com/2242508/empty-tanker-pays-4-6-million-panama-canal/,jalopnik.com,en,,2026-08-24T21:45:00+00:00,2026-10-06T18:46:40+00:00,,gdelt_doc:logistica,titular_metadatos,
N-02bf51c2fe16,La Jornada : Dinero,https://www.jornada.com.mx/2026/07/16/opinion/006o1eco,jornada.com.mx,es,,2026-07-16T13:30:00+00:00,2026-10-06T18:46:40+00:00,,gdelt_doc:logistica,titular_metadatos,
N-02c1e4e77c42,Río Caldera : identifican dos fuentes de contaminación por aguas residuales,https://www.prensa.com/sociedad/rio-caldera-identifican-dos-fuentes-de-contaminacion-por-aguas-residuales/,prensa.com,es,,2026-07-27T06:30:00+00:00,2026-10-06T18:46:40+00:00,,gdelt_doc:turismo,titular_metadatos,
N-02db50e393cc,La calificadora S & P ratifica a Panamá el grado de inversión BBB - con perspectiva estable,https://www.diaadia.com.pa/el-pais/la-calificadora-sp-ratifica-panama-el-grado-de-inversion-bbb-con-perspectiva-estable-791715,diaadia.com.pa,es,,2026-09-23T22:00:00+00:00,2026-10-06T18:46:40+00:00,,gdelt_doc:economia,titular_metadatos,
N-02ecc5389020,Venezuela main airport partially resumes commercial flights after deadly earthquakes | Business,https://www.dailygazette.com/ade/ap/business/venezuela-s-main-airport-partially-resumes-commercial-flights-after-deadly-earthquakes/article_bd70a29d-8831-58bb-83cc-15833ac4298f.html,dailygazette.com,en,,2026-09-01T23:15:00+00:00,2026-10-06T18:46:40+00:00,,gdelt_doc:turismo,titular_metadatos,
N-02f14f987379,It unrecognisable : How being a tax haven has changed Jersey,https://www.aol.co.uk/articles/unrecognisable-being-tax-haven-changed-040035000.html,aol.co.uk,en,,2026-09-21T05:00:00+00:00,2026-10-06T18:46:40+00:00,,gdelt_doc:economia,titular_metadatos,
N-030ac2069227,Congreso Mundo ACOMAVI reúne oportunidades de negocio y capacitación para el turismo emisor,https://www.larepublica.net/congreso-mundo-acomavi-reune-oportunidades-de-negocio-y-capacitacion-para-el-turismo-emisor/,larepublica.net,es,,2026-09-03T15:30:00+00:00,2026-10-06T18:46:40+00:00,,gdelt_doc:turismo,titular_metadatos,
N-03477b01d02f,Venezuela main airport partially resumes commercial flights after deadly earthquakes – Winnipeg Free Press,https://www.winnipegfreepress.com/business/2026/09/01/venezuelas-main-airport-partially-resumes-commercial-flights-after-deadly-earthquakes,winnipegfreepress.com,en,,2026-09-01T21:30:00+00:00,2026-10-06T18:46:40+00:00,,gdelt_doc:turismo,titular_metadatos,
N-035f43eb7b48,Las manzanas de Sodoma o la ilusión minera,https://www.prensa.com/opinion/las-manzanas-de-sodoma-o-la-ilusion-minera/,prensa.com,es,,2026-10-02T03:45:00+00:00,2026-10-06T18:46:40+00:00,,gdelt_doc:economia,titular_metadatos,
N-03c09309cd9c,"Casos de dengue superan los 3 , 500 en el país , aunque bajan las hospitalizaciones",https://www.panamaamerica.com.pa/sociedad/casos-de-dengue-superan-los-3500-en-el-pais-aunque-bajan-las-hospitalizaciones-1263926,panamaamerica.com.pa,es,,2026-07-14T00:30:00+00:00,2026-10-06T18:46:40+00:00,,gdelt_doc:logistica,titular_metadatos,
N-03e497704249,Panamá : El pueblo sigue movilizado contra la minería,https://kaosenlared.net/panama-el-pueblo-sigue-movilizado-contra-la-mineria/,kaosenlared.net,es,,2026-08-30T08:00:00+00:00,2026-10-06T18:46:40+00:00,,gdelt_doc:panama,titular_metadatos,
N-03f5fdf38696,Citi eleva a 4 . 4 % la proyección de crecimiento de Panamá para 2026,https://www.prensa.com/economia/citi-eleva-a-44-la-proyeccion-de-crecimiento-de-panama-para-2026/,prensa.com,es,,2026-07-13T05:30:00+00:00,2026-10-06T18:46:40+00:00,,gdelt_doc:economia,titular_metadatos,
N-03f96fa4d7ea,"Avances alcanzados bajo los pilares de valor económico , social y ambiental",https://www.prensalibre.com/economia/vida-empresarial/avances-alcanzados-bajo-los-pilares-de-valor-economico-social-y-ambiental/,prensalibre.com,es,,2026-07-30T23:45:00+00:00,2026-10-06T18:46:40+00:00,,gdelt_doc:turismo,titular_metadatos,
N-040334909ede,Síntesis de Cuba - Noticias Prensa Latina,https://www.prensa-latina.cu/2026/07/23/sintesis-de-cuba-549/,prensa-latina.cu,es,,2026-07-23T15:00:00+00:00,2026-10-06T18:46:40+00:00,,gdelt_doc:economia,titular_metadatos,
N-0412a45b65ef,"Béisbol cubano cayó ante Nicaragua , comprometió final en Dominicana",https://www.prensa-latina.cu/2026/08/06/beisbol-cubano-cayo-ante-nicaragua-comprometio-final-en-dominicana/,prensa-latina.cu,es,,2026-08-06T19:30:00+00:00,2026-10-06T18:46:40+00:00,,gdelt_doc:logistica,titular_metadatos,
N-043b3acd9fb8,"La relación Gobierno y sector privado fluye , pero hay espacios de mejora",https://www.elcaribe.com.do/panorama/dinero/la-relacion-gobierno-y-sector-privado-fluye-pero-hay-espacios-de-mejora/,elcaribe.com.do,es,,2026-07-30T07:15:00+00:00,2026-10-06T18:46:40+00:00,,gdelt_doc:turismo,titular_metadatos,
N-044864848b35,Panama Charges 22 in US$40 Million Tax - Credit Fraud,https://www.riotimesonline.com/panama-pandora-tax-credit-fraud-22-charged-2026/,riotimesonline.com,en,,2026-09-12T12:00:00+00:00,2026-10-06T18:46:40+00:00,,gdelt_doc:economia,titular_metadatos,
N-044ee1e644dc,Costa Rica busca destacar con 23 surfistas en la Liga Mundial de Surf,https://www.nacion.com/puro-deporte/costa-rica-busca-destacar-con-23-surfistas-en-la/4VCRQINWH5CIDBDS2GSUGI4QPU/story/,nacion.com,es,,2026-08-07T15:00:00+00:00,2026-10-06T18:46:40+00:00,,gdelt_doc:turismo,titular_metadatos,
N-04944feb8aa7,"Abner Benaim , Alfredo Castro Board School of the Americas",https://variety.com/2026/film/global/abner-benaim-daniela-vega-alfredo-castro-school-americas-1236853506/,variety.com,en,,2026-09-07T12:45:00+00:00,2026-10-06T18:46:40+00:00,,gdelt_doc:logistica,titular_metadatos,
N-04a042e2a18b,Con foto y sonrisas : el primer encuentro entre Trump y Delcy Rodríguez en Nueva York,https://www.elpais.com.uy/mundo/estados-unidos/con-foto-y-sonrisas-el-primer-encuentro-entre-trump-y-delcy-rodriguez-en-nueva-york,elpais.com.uy,es,,2026-09-23T12:30:00+00:00,2026-10-06T18:46:40+00:00,,gdelt_doc:economia,titular_metadatos,
N-04b0b6fe5ce1,Alcaldía de Panamá desaloja un local nocturno en San Felipe por exceso de ruido,https://www.telemetro.com/nacionales/alcaldia-panama-desaloja-un-local-nocturno-san-felipe-exceso-ruido-n6085920,telemetro.com,es,,2026-07-22T01:15:00+00:00,2026-10-06T18:46:40+00:00,,gdelt_doc:panama,titular_metadatos,
N-04b8ab3176c5,Presidente de Panamá visita Singapur y Vietnam en busca de inversiones,https://www.revistaeyn.com/centroamericaymundo/presidente-de-panama-visita-singapur-y-vietnam-en-busca-de-inversiones-ED32208738,revistaeyn.com,es,,2026-10-01T19:45:00+00:00,2026-10-06T18:46:40+00:00,,gdelt_doc:turismo,titular_metadatos,
N-04cc693d3473,El tirón de orejas de Trump a Delcy : « Al final tiene que haber elecciones »,https://www.hoy.es/internacional/tiron-orejas-trump-delcy-final-haber-elecciones-20260924071527-ntrc.html,hoy.es,es,,2026-09-24T05:45:00+00:00,2026-10-06T18:46:40+00:00,,gdelt_doc:economia,titular_metadatos,
N-04eb3e8293e4,Leonardo Bernal recibe el llamado que esperaba de los Cardenales,https://www.midiario.com/deportivas/leonardo-bernal-recibe-el-llamado-que-esperaba-de-los-cardenales/,midiario.com,es,,2026-09-01T03:30:00+00:00,2026-10-06T18:46:40+00:00,,gdelt_doc:panama,titular_metadatos,
N-04f035feb7a3,Reestricciones de la AMP : administrador habría ignorado recomendaciones de junta directiva,https://www.laestrella.com.pa/panama/nacional/reestricciones-de-la-amp-administrador-habria-ignorado-recomendaciones-de-junta-directiva-KH25333382,laestrella.com.pa,es,,2026-09-01T08:15:00+00:00,2026-10-06T18:46:40+00:00,,gdelt_doc:economia,titular_metadatos,
N-04fb8329a023,"Panama is not only the beginning : Foreign Minister pitches nation as India premier manufacturing , trade launchpad in Latin America",http://www.taiwansun.com/news/279199252/panama-is-not-only-the-beginning-foreign-minister-pitches-nation-as-india-premier-manufacturing-trade-launchpad-in-latin-america,taiwansun.com,en,,2026-07-20T17:45:00+00:00,2026-10-06T18:46:40+00:00,,gdelt_doc:economia,titular_metadatos,
N-052831ffd7a1,Preview - Asamblea de Panamá,https://www.asamblea.gob.pa/Noticias/Noticias/SUBCOMISION-CONTINUA-CON-EVALUACION-DE-PROYECTO-QUE-REGULA-INGRESO-DE-MENORES-A-ESTABLECIMIENTOS-DE-HOSPEDAJE,asamblea.gob.pa,es,,2026-09-01T23:45:00+00:00,2026-10-06T18:46:40+00:00,,gdelt_doc:turismo,titular_metadatos,
N-053880ad751f,Un nuevo paso hacia la transformación digital,https://dca.gob.gt/noticias-guatemala-diario-centro-america/un-nuevo-paso-hacia-la-transformacion-digital/,dca.gob.gt,es,,2026-08-04T23:15:00+00:00,2026-10-06T18:46:40+00:00,,gdelt_doc:economia,titular_metadatos,
N-053beb617998,Mulino se reúne en Nueva York con Blackstone y SSA Marine para impulsar inversiones en el Canal,https://www.panamaamerica.com.pa/economia/mulino-se-reune-en-nueva-york-con-blackstone-y-ssa-marine-para-impulsar-inversiones-en-el,panamaamerica.com.pa,es,,2026-09-24T01:45:00+00:00,2026-10-06T18:46:40+00:00,,gdelt_doc:economia,titular_metadatos,
N-055f0d6b2f1d,Fenómeno de El Niño golpea operación del canal Panamá,https://www.portafolio.co/internacional/fenomeno-de-el-nino-golpea-operacion-del-canal-panama-501802,portafolio.co,es,,2026-09-04T03:00:00+00:00,2026-10-06T18:46:40+00:00,,gdelt_doc:logistica,titular_metadatos,
N-05991259d01f,Exportaciones de banano superan los $17 millones en junio y marcan recuperación,https://www.laestrella.com.pa/economia/exportaciones-de-banano-superan-los-17-millones-en-junio-y-marcan-recuperacion-AA26156723,laestrella.com.pa,es,,2026-10-02T06:45:00+00:00,2026-10-06T18:46:40+00:00,,gdelt_doc:economia,titular_metadatos,
N-05bfe1570c0d,Karol G gana el Álbum del Año en Premios Juventud 2026,https://www.mundiario.com/articulo/gente/karol-g-conquista-marbella-confirma-quien-manda-pop-latino/20260904041037439189.html,mundiario.com,es,,2026-09-04T04:00:00+00:00,2026-10-06T18:46:40+00:00,,gdelt_doc:turismo,titular_metadatos,
N-05ce31304e0a,Donald Trump evalúa ataques conjuntos contra narcotraficantes y grupos armados en Colombia,https://urgente24.com/mundo/donald-trump-evalua-ataques-conjuntos-contra-narcotraficantes-y-grupos-armados-colombia-n630609,urgente24.com,es,,2026-08-14T01:15:00+00:00,2026-10-06T18:46:40+00:00,,gdelt_doc:logistica,titular_metadatos,
N-05db8ada51c6,Panamá equiparará régimen tributario para operaciones de la economía digital,https://www.revistaeyn.com/centroamericaymundo/panama-equiparara-regimen-tributario-para-operaciones-de-la-economia-digital-JD31768753,revistaeyn.com,es,,2026-08-20T17:45:00+00:00,2026-10-06T18:46:40+00:00,,gdelt_doc:economia,titular_metadatos,
N-05e2dc4048f9,Los Cajones in Panama : Tubing and Rafting - Newsroom Panama,https://newsroompanama.com/2026/07/30/los-cajones-in-panama-tubing-and-rafting/,newsroompanama.com,en,,2026-07-30T20:15:00+00:00,2026-10-06T18:46:40+00:00,,gdelt_doc:turismo,titular_metadatos,
N-05e5700781da,The Country Brand to Promote Tourism and Investment Abroad ; Panama Host of the World .,https://newsroompanama.com/2026/08/26/the-country-brand-to-promote-tourism-and-investment-abroad-panama-host-of-the-world/,newsroompanama.com,en,,2026-08-27T01:15:00+00:00,2026-10-06T18:46:40+00:00,,gdelt_doc:turismo,titular_metadatos,
N-05fc04ef2aee,Panamá refuerza promoción turística en Argentina - Noticias Prensa Latina,https://www.prensa-latina.cu/2026/09/27/panama-refuerza-promocion-turistica-en-argentina/,prensa-latina.cu,es,,2026-09-27T10:30:00+00:00,2026-10-06T18:46:40+00:00,,gdelt_doc:logistica,titular_metadatos,
N-0612bcf98d34,"Today In SCV History : September 11 , 1855 St . Francis Dam Engineer William Mulholland Born",https://www.hometownstation.com/santa-clarita-news/community-news/today-in-scv-history/today-in-scv-history-september-11-1855-st-francis-dam-engineer-william-mulholland-born-609118,hometownstation.com,en,,2026-09-11T20:30:00+00:00,2026-10-06T18:46:40+00:00,,gdelt_doc:eventos_naturales,titular_metadatos,
N-062412ed4bcf,El reto de los plásticos de un solo uso en América Latina y el Caribe ( ALC ) - Economía,https://www.abc.com.py/economia/2026/09/28/el-reto-de-los-plasticos-de-un-solo-uso-en-america-latina-y-el-caribe-alc/,abc.com.py,es,,2026-09-28T06:00:00+00:00,2026-10-06T18:46:40+00:00,,gdelt_doc:economia,titular_metadatos,
N-0677a898130d,Estas son las variantes que podría utilizar Marcelo Gallardo en Ecuador para el partido contra Panamá,https://www.eluniverso.com/deportes/futbol/estas-son-las-variantes-que-podria-utilizar-marcelo-gallardo-en-ecuador-para-el-partido-vs-panama-nota/,eluniverso.com,es,,2026-10-01T17:00:00+00:00,2026-10-06T18:46:40+00:00,,gdelt_doc:panama,titular_metadatos,
N-068a842a0409,De Santa Fe a Alaska : el periodista ambulante llegó al extremo norte de América,https://www.ellitoral.com/area-metropolitana/turcocherep-ximenafrois-toto-luka-viajeros-combi-alaska-santafe-viaje_0_t0iSllzY7V.html,ellitoral.com,es,,2026-09-24T10:15:00+00:00,2026-10-06T18:46:40+00:00,,gdelt_doc:turismo,titular_metadatos,
N-06a23be7c51e,Copa Airlines tendrá vuelo entre Panamá yMargarita,https://www.el-carabobeno.com/copa-airlines-abre-vuelo-directo-a-la-venezolana-isla-margarita-a-partir-de-noviembre/,el-carabobeno.com,es,,2026-08-04T19:15:00+00:00,2026-10-06T18:46:40+00:00,,gdelt_doc:turismo,titular_metadatos,
N-06adae2eddb7,Un buque panameño chocó a un pesquero chino en aguas próximas a Singapur y el momento quedó grabado,https://www.lanacion.com.ar/el-mundo/un-buque-panameno-choco-a-un-pesquero-chino-en-aguas-proximas-a-singapur-y-el-momento-quedo-grabado-nid21092026/,lanacion.com.ar,es,,2026-09-22T00:00:00+00:00,2026-10-06T18:46:40+00:00,,gdelt_doc:panama,titular_metadatos,
N-06b1936212b5,¡ Están vivos ! Panamá localiza a tres pescadores ticos desaparecidos hace días,https://www.teletica.com/sucesos/estan-vivos-panama-localiza-a-tres-pescadores-ticos-desaparecidos-hace-dias_418093,teletica.com,es,,2026-09-28T02:45:00+00:00,2026-10-06T18:46:40+00:00,,gdelt_doc:panama,titular_metadatos,
N-06b1ba957392,Panamá La Vieja conmemora 507 años de fundación,https://www.prensa.com/sociedad/panama-la-vieja-conmemora-507-anos-de-fundacion/,prensa.com,es,,2026-08-15T22:30:00+00:00,2026-10-06T18:46:40+00:00,,gdelt_doc:economia,titular_metadatos,
N-06b6e7e63c8c,Precios en subastas para transitar Canal de Panamá pasan US$1 millón por elevada demanda,https://www.larepublica.co/globoeconomia/precios-en-subastas-para-transitar-canal-de-panama-pasan-us-1-millon-por-elevada-demanda-4466616,larepublica.co,es,,2026-08-25T20:00:00+00:00,2026-10-06T18:46:40+00:00,,gdelt_doc:logistica,titular_metadatos,
N-06bb3ca6a069,El fenómeno que no depende de las matemáticas y amenaza a las economías de Latinoamérica,https://actualidad.rt.com/actualidad/616766-fenomeno-afectar-economias-america-latina,actualidad.rt.com,es,,2026-07-14T21:45:00+00:00,2026-10-06T18:46:40+00:00,,gdelt_doc:economia,titular_metadatos,
N-06bc8ac861b1,Iván Herrera : He trabajado duro para llegar al Juego de las Estrellas,https://www.prensa.com/deportes/ivan-herrera-he-trabajado-duro-para-llegar-al-juego-de-las-estrellas/,prensa.com,es,,2026-07-14T05:30:00+00:00,2026-10-06T18:46:40+00:00,,gdelt_doc:panama,titular_metadatos,
N-06d89b068588,Cobre Panamá lleva 66 historias de negocios hacia el momento más importante de sus emprendimientos,https://www.panamaamerica.com.pa/sociedad/cobre-panama-lleva-66-historias-de-negocios-hacia-el-momento-mas-importante-de-sus,panamaamerica.com.pa,es,,2026-07-21T16:00:00+00:00,2026-10-06T18:46:40+00:00,,gdelt_doc:economia,titular_metadatos,
N-06dbb255bd58,Las noticias economía del 24Sep en Venezuela,https://www.informe21.com/post/las-noticias-econom%C3%ADa-del-24sep-en-venezuela,informe21.com,es,,2026-09-24T23:15:00+00:00,2026-10-06T18:46:40+00:00,,gdelt_doc:economia,titular_metadatos,
N-06e2dd13d245,México domina Jamaica en el basket masculino de los JCC Santo Domingo 2026,https://eldia.com.do/mexico-domina-jamaica-en-el-basket-masculino-de-los-jcc-santo-domingo-2026/,eldia.com.do,es,,2026-07-29T02:15:00+00:00,2026-10-06T18:46:40+00:00,,gdelt_doc:logistica,titular_metadatos,
N-06e67d1e1068,El rector que Panamá necesita,https://www.prensa.com/opinion/el-rector-que-panama-necesita/,prensa.com,es,,2026-09-02T02:00:00+00:00,2026-10-06T18:46:40+00:00,,gdelt_doc:economia,titular_metadatos,
N-06e8be158245,"Lotería fiscal : 25 panameños de Colón , Panamá Oeste y Darién ganaron $110 mil en segundo sorteo de 2026",https://www.panamaamerica.com.pa/economia/loteria-fiscal-25-panamenos-de-colon-panama-oeste-y-darien-ganaron-110-mil-en-segundo,panamaamerica.com.pa,es,,2026-08-21T03:00:00+00:00,2026-10-06T18:46:40+00:00,,gdelt_doc:economia,titular_metadatos,
N-06edab932029,La inteligencia artificial obliga a las empresas a fortalecer sus controles de seguridad,https://www.prensa.com/economia/la-inteligencia-artificial-obliga-a-las-empresas-a-fortalecer-sus-controles-de-seguridad/,prensa.com,es,,2026-09-23T07:45:00+00:00,2026-10-06T18:46:40+00:00,,gdelt_doc:economia,titular_metadatos,
N-06fe2d4615cd,Desmienten renuncia de la nacionalidad de María Corina Machado : Panamá le otorga estatus diplomático humanitario,https://www.laestrella.com.pa/panama/nacional/desmienten-renuncia-de-la-nacionalidad-de-maria-corina-machado-panama-le-otorga-estatus-diplomatico-humanitario-OO25908336,laestrella.com.pa,es,,2026-09-23T04:45:00+00:00,2026-10-06T18:46:40+00:00,,gdelt_doc:panama,titular_metadatos,
N-0706be9ef7b0,Sweet & Coffee anuncia su internacionalización y retoma un plan que trazó hace más de una década,https://www.expreso.ec/economia-y-negocios/sweet-coffee-anuncia-internacionalizacion-retoma-plan-trazo-decada-289355.html,expreso.ec,es,,2026-07-16T02:00:00+00:00,2026-10-06T18:46:40+00:00,,gdelt_doc:economia,titular_metadatos,
N-07119e4b7c48,¿ Te perdiste La Mañanera ? Respuesta a la DEA y nueva iniciativa contra feminicidio en los temas de HOY,https://www.elgrafico.mx/al-dia/2026/07/15/te-perdiste-la-mananera-respuesta-a-la-dea-y-nueva-iniciativa-contra-feminicidio-en-los-temas-de-hoy/,elgrafico.mx,es,,2026-07-15T21:15:00+00:00,2026-10-06T18:46:40+00:00,,gdelt_doc:logistica,titular_metadatos,
N-0712482ffafb,Delcy Rodríguez llega a Estados Unidos para participar en la Asamblea General de la ONU,https://confirmado.com.ve/delcy-rodriguez-llega-a-estados-unidos-para-participar-en-la-asamblea-general-de-la-onu/,confirmado.com.ve,es,,2026-09-21T13:00:00+00:00,2026-10-06T18:46:40+00:00,,gdelt_doc:economia,titular_metadatos,
N-071e91bfbba9,Panama Canal disruption creates new cargo accumulation headache,https://www.insurancebusinessmag.com/us/news/marine/panama-canal-disruption-creates-new-cargo-accumulation-headache-591787.aspx,insurancebusinessmag.com,en,,2026-09-30T15:30:00+00:00,2026-10-06T18:46:40+00:00,,gdelt_doc:logistica,titular_metadatos,
N-072dec9528d3,Benjamin Netanyahu meets Latin American leaders after UN speech to strengthen ties,https://www.jpost.com/israel-news/article-909648,jpost.com,en,,2026-09-25T02:15:00+00:00,2026-10-06T18:46:40+00:00,,gdelt_doc:economia,titular_metadatos,
N-0735ea3f3212,BlackRock tops $15tn : Where does the world largest asset manager put it all ?,https://www.euronews.com/business/2026/07/17/blackrock-tops-15tn-where-does-the-worlds-largest-asset-manager-put-it-all,euronews.com,en,,2026-07-17T15:15:00+00:00,2026-10-06T18:46:40+00:00,,gdelt_doc:logistica,titular_metadatos,
N-073daac62216,"El día que haya conectividad entre Aysén y Magallanes , esta cuestión va a ser distinta",https://laprensaaustral.cl/2026/09/30/el-dia-que-haya-conectividad-entre-aysen-y-magallanes-esta-cuestion-va-a-ser-distinta/,laprensaaustral.cl,es,,2026-09-30T15:00:00+00:00,2026-10-06T18:46:40+00:00,,gdelt_doc:turismo,titular_metadatos,
N-0745857b158b,Panamá pide apoyo a la ONU para construir un embalse que garantice la operación del Canal,https://www.noticiasrcn.com/internacional/panama-pide-apoyo-a-la-onu-para-construir-un-embalse-que-garantice-la-operacion-del-canal-1064292,noticiasrcn.com,es,,2026-09-24T00:30:00+00:00,2026-10-06T18:46:40+00:00,,gdelt_doc:logistica,titular_metadatos,
N-07746dd8c18a,"Secretary of War Hegseth Reaffirms the Trump Corollary to the Monroe Doctrine , Calls on Regional Partners to Take Fight to the Cartels",https://www.globalsecurity.org/military/library/news/2026/08/mil-260813-dod01.htm,globalsecurity.org,en,,2026-08-14T13:45:00+00:00,2026-10-06T18:46:40+00:00,,gdelt_doc:logistica,titular_metadatos,
N-0804f57122d3,Ministro de Comercio de Francia visitará el Canal de Panamá para explorar negocios,https://www.revistaeyn.com/centroamericaymundo/ministro-de-comercio-de-francia-visitara-el-canal-de-panama-para-explorar-negocios-HB32009583,revistaeyn.com,es,,2026-09-12T16:00:00+00:00,2026-10-06T18:46:40+00:00,,gdelt_doc:economia,titular_metadatos,
N-0835d9fca6b9,Panama President Mulino Travels to Colombia this Friday for the Inauguration of President Abelardo de la Espriella,https://newsroompanama.com/2026/08/06/panama-president-mulino-travels-to-colombia-this-friday-for-the-inauguration-of-president-abelardo-de-la-espriella/,newsroompanama.com,en,,2026-08-07T04:00:00+00:00,2026-10-06T18:46:40+00:00,,gdelt_doc:turismo,titular_metadatos,
N-083dcac582bf,"Panama is not only the beginning : Foreign Minister pitches nation as India premier manufacturing , trade launchpad in Latin America",http://www.indiagazette.com/news/279199252/panama-is-not-only-the-beginning-foreign-minister-pitches-nation-as-india-premier-manufacturing-trade-launchpad-in-latin-america,indiagazette.com,en,,2026-07-20T17:00:00+00:00,2026-10-06T18:46:40+00:00,,gdelt_doc:economia,titular_metadatos,
N-08595c72ba8c,México detiene a líder regional del Cártel Jalisco Nueva Generación,https://www.tvn-2.com/mundo/mexico-detiene-lider-regional-cartel-jalisco-nueva-generacion-ivan-cazarin-molina-alias-el-tanque_1_2264592.html,tvn-2.com,es,2026-10-06T15:45:50+00:00,,2026-10-06T18:46:40+00:00,,tvn_rss,titular_metadatos,
N-086c6dc3ab06,Panamá impulsa ley para regular publicidad de influencers,https://www.crhoy.com:443/mundo/panama-impulsa-ley-para-regular-publicidad-de-influencers/,crhoy.com,es,,2026-07-17T23:30:00+00:00,2026-10-06T18:46:40+00:00,,gdelt_doc:panama,titular_metadatos,
N-0870ec463d98,Austin Bay On PointGreenland Security Deal Success,http://www.strategypage.com/on_point/2026092321376.aspx,strategypage.com,en,,2026-09-24T02:00:00+00:00,2026-10-06T18:46:40+00:00,,gdelt_doc:logistica,titular_metadatos,
N-0875c0f9f344,Panama City Beach landmark Jaws Souvenirs shop destroyed by early morning fire,https://www.fox5dc.com/news/panama-city-beach-landmark-jaws-souvenirs-destroyed-early-morning-fire,fox5dc.com,en,,2026-08-23T14:45:00+00:00,2026-10-06T18:46:40+00:00,,gdelt_doc:panama,titular_metadatos,
N-08851d2b204a,"¡ El Casco se prendió ! Cultura , sabor y tradición se tomaron las calles",https://www.critica.com.pa/nacional/el-casco-se-prendio-cultura-sabor-y-tradicion-se-tomaron-las-calles-515537,critica.com.pa,es,,2026-08-31T03:00:00+00:00,2026-10-06T18:46:40+00:00,,gdelt_doc:economia,titular_metadatos,
N-08a2efddd4a9,Mulino pide a la ONU recuperar la confianza y el liderazgo en pro de la paz y prosperidad del mundo,https://www.diaadia.com.pa/el-pais/mulino-pide-la-onu-recuperar-la-confianza-y-el-liderazgo-en-pro-de-la-paz-y-prosperidad-del,diaadia.com.pa,es,,2026-09-23T22:00:00+00:00,2026-10-06T18:46:40+00:00,,gdelt_doc:logistica,titular_metadatos,
N-08b4fad59f24,The Business of Scarcity in Cuba and Panama Ramón Carretero .,https://newsroompanama.com/2026/09/03/the-business-of-scarcity-in-cuba-and-panamas-ramon-carretero/,newsroompanama.com,en,,2026-09-04T06:00:00+00:00,2026-10-06T18:46:40+00:00,,gdelt_doc:economia,titular_metadatos,
N-08d3e479426b,CNBC Names PayJoy one of the World Top FinTech Companies of 2026,https://www.prnewswire.com/news-releases/cnbc-names-payjoy-one-of-the-worlds-top-fintech-companies-of-2026-302833730.html,prnewswire.com,en,,2026-07-23T21:45:00+00:00,2026-10-06T18:46:40+00:00,,gdelt_doc:economia,titular_metadatos,
N-08e20269d713,Video : Un fuerte sismo sacudió Colombia y se sintió con fuerza en ciudades como Bogotá y Cali por Agencia de Noticias Andina,https://www.deperu.com/tv/ksrwrcPoSCM.un-fuerte-sismo-sacudio-colombia-y-se-sintio-con-fuerza-en-ciudades-como-bogota-y-cali.UCZHgA_ORVMB4N6vuOhx8_Cg.html,deperu.com,es,,2026-08-10T16:15:00+00:00,2026-10-06T18:46:40+00:00,,gdelt_doc:economia,titular_metadatos,
N-08e4fa6476b6,UP aspira a presupuesto de $342 millones para 2027,https://www.panamaamerica.com.pa/economia/aspira-presupuesto-de-342-millones-para-2027-1264225,panamaamerica.com.pa,es,,2026-07-21T06:15:00+00:00,2026-10-06T18:46:40+00:00,,gdelt_doc:economia,titular_metadatos,
N-08ed2bb34432,Restauración de la Iglesia San Felipe de Portobelo alcanza un 56 % de avance,https://www.midiario.com/nacionales/restauracion-de-la-iglesia-san-felipe-de-portobelo-alcanza-un-56-de-avance/,midiario.com,es,,2026-09-04T19:15:00+00:00,2026-10-06T18:46:40+00:00,,gdelt_doc:turismo,titular_metadatos,
N-090a68a10cae,"Evening Shade - Resistance Rising - Monday , September 7th , 2026 ( Labor Day edition )",https://www.dailykos.com/stories/2026/9/7/800095012/community/evening-shade-resistance-rising-monday-september-7th-2026-labor-day-edition/,dailykos.com,en,,2026-09-08T00:00:00+00:00,2026-10-06T18:46:40+00:00,,gdelt_doc:economia,titular_metadatos,
N-091cda506cb1,CAL sets sights on growth after year of stabilisation,https://trinidadexpress.com/business/local/cal-sets-sights-on-growth-after-year-of-stabilisation/article_366d9813-f84a-4f63-8c20-11d7ef3d13cd.html,trinidadexpress.com,en,,2026-09-27T06:30:00+00:00,2026-10-06T18:46:40+00:00,,gdelt_doc:economia,titular_metadatos,
N-096978dbd380,Panamá llama a consultas a su embajador en Nicaragua por declaraciones de Daniel Ortega,https://efe.com/mundo/2026-07-21/panama-consultas-embajador-nicaragua-daniel-ortega/,efe.com,es,,2026-07-21T20:45:00+00:00,2026-10-06T18:46:40+00:00,,gdelt_doc:panama,titular_metadatos,
N-09a81747553f,¿ Por qué el crecimiento económico de Panamá ya no alcanza para crear empleo ?,https://www.revistaeyn.com/empresasymanagement/por-que-el-crecimiento-economico-de-panama-ya-no-alcanza-para-crear-empleo-JD31457086,revistaeyn.com,es,,2026-07-20T15:45:00+00:00,2026-10-06T18:46:40+00:00,,gdelt_doc:economia,titular_metadatos,
N-09b519bba242,¿ Cada cuántos minutos anota Newton Williams con Saprissa ? Vea el increíble promedio,https://www.nacion.com/puro-deporte/futbol/cada-cuantos-minutos-anota-newton-williams-con/DWTZZ6X3HJCKTBXHEEOKKRVBDQ/story/,nacion.com,es,,2026-08-03T01:30:00+00:00,2026-10-06T18:46:40+00:00,,gdelt_doc:logistica,titular_metadatos,
N-09c0adc0c9fc,Protecting Your Home from Heavy Rain : A Practical Guide for Expats and Locals,https://newsroompanama.com/2026/09/22/protecting-your-home-from-heavy-rain-a-practical-guide-for-expats-and-locals/,newsroompanama.com,en,,2026-09-22T20:00:00+00:00,2026-10-06T18:46:40+00:00,,gdelt_doc:logistica,titular_metadatos,
N-09cd7a3b750c,Cancún deja escapar millonaria derrama por falta de promoción al turismo médico,https://noticaribe.com.mx/2026/08/04/cancun-deja-escapar-millonaria-derrama-por-falta-de-promocion-al-turismo-medico/,noticaribe.com.mx,es,,2026-08-04T18:30:00+00:00,2026-10-06T18:46:40+00:00,,gdelt_doc:economia,titular_metadatos,
N-09d2e928b1d5,Veinte becarios de Panamá recibiran en China formación en áreas estratégicas,http://spanish.xinhuanet.com/20260731/2df27d90f9224f84922ad35f418885e2/c.html,spanish.xinhuanet.com,es,,2026-07-31T02:45:00+00:00,2026-10-06T18:46:40+00:00,,gdelt_doc:economia,titular_metadatos,
N-09e850946563,Gobierno ajusta reglas fiscales para servicios digitales,https://www.critica.com.pa/nacional/gobierno-ajusta-reglas-fiscales-para-servicios-digitales-514897,critica.com.pa,es,,2026-08-19T05:15:00+00:00,2026-10-06T18:46:40+00:00,,gdelt_doc:economia,titular_metadatos,
N-09ebe0164496,Los países de América Latina donde se pierde más tiempo en el tráfico,https://actualidad.rt.com/actualidad/616498-paises-america-latina-pierde-tiempo-trafico,actualidad.rt.com,es,,2026-07-13T18:00:00+00:00,2026-10-06T18:46:40+00:00,,gdelt_doc:economia,titular_metadatos,
N-0a0438ddf9c9,Miguel Lorenzo Fábrega toma posesión como nuevo subadministrador del Canal de Panamá,https://www.panamaamerica.com.pa/sociedad/miguel-lorenzo-fabrega-toma-posesion-como-nuevo-subadministrador-del-canal-de-panama,panamaamerica.com.pa,es,,2026-10-01T22:30:00+00:00,2026-10-06T18:46:40+00:00,,gdelt_doc:logistica,titular_metadatos,
N-0a11e6a9f231,"Buque paga récord de 5 , 3 millones de dólares en una subasta para cruzar el Canal de Panamá - Mundo",https://www.abc.com.py/internacionales/2026/08/28/buque-paga-record-de-53-millones-de-dolares-en-una-subasta-para-cruzar-el-canal-de-panama/,abc.com.py,es,,2026-08-28T04:30:00+00:00,2026-10-06T18:46:40+00:00,,gdelt_doc:logistica,titular_metadatos,
N-0a2a8b976344,Delcy Rodríguez llega a EEUU para reunirse con Trump | Noticias Diario de Ávila,https://www.diariodeavila.es/noticia/zfac021cd-52fa-4240-a664272083047391/202609/delcy-rodriguez-llega-a-eeuu-para-reunirse-con-trump,diariodeavila.es,es,,2026-09-21T22:45:00+00:00,2026-10-06T18:46:40+00:00,,gdelt_doc:economia,titular_metadatos,
N-0a308cccbaa9,Los Rabanes vuelven a romper fronteras y ganan en los Premios Estela,https://www.laestrella.com.pa/vida-y-cultura/cultura/los-rabanes-vuelven-a-romper-fronteras-y-ganan-en-los-premios-estela-OJ25869421,laestrella.com.pa,es,,2026-09-21T23:00:00+00:00,2026-10-06T18:46:40+00:00,,gdelt_doc:logistica,titular_metadatos,
N-0a4aef351301,Panamá y su crisis institucional frente a la delincuencia,https://www.prensa.com/opinion/panama-y-su-crisis-institucional-frente-a-la-delincuencia/,prensa.com,es,,2026-09-10T15:30:00+00:00,2026-10-06T18:46:40+00:00,,gdelt_doc:economia,titular_metadatos,
N-0a52533986e6,"Chinese Hacking Groups Used Shared Attack Tool Against US Aerospace Firms , NGOs",https://www.theepochtimes.com/china/chinese-hacking-groups-used-shared-attack-tool-against-us-aerospace-firms-ngos-6094606,theepochtimes.com,en,,2026-09-25T02:15:00+00:00,2026-10-06T18:46:40+00:00,,gdelt_doc:logistica,titular_metadatos,
N-0a89a7ffb9d6,Puerto Rico Film Festival revela las novedades de su edición 2026,https://www.elnuevodia.com/entretenimiento/peliculas-series/notas/puerto-rico-film-festival-revela-las-novedades-de-su-edicion-2026/,elnuevodia.com,es,,2026-07-23T20:45:00+00:00,2026-10-06T18:46:40+00:00,,gdelt_doc:logistica,titular_metadatos,
N-0aad0057f368,Thomas Christiansen revela las razones por las que no llamó más jugadores,https://www.prensa.com/deportes/thomas-christiansen-revela-las-razones-por-las-que-no-llamo-mas-jugadores/,prensa.com,es,,2026-09-24T22:00:00+00:00,2026-10-06T18:46:40+00:00,,gdelt_doc:panama,titular_metadatos,
N-0ab294b3b620,La intendenta Rossana Chahla firmó la adjudicación del nuevo proyecto del Sistema de Desagües Noreste,https://www.contextotucuman.com/nota/408689/la-intendenta-rossana-chahla-firmo-la-adjudicacion-del-nuevo-proyecto-del-sistema-de-desagues-noreste.html,contextotucuman.com,es,,2026-08-19T23:30:00+00:00,2026-10-06T18:46:40+00:00,,gdelt_doc:eventos_naturales,titular_metadatos,
N-0ad7e3c9c438,Créditos fiscales bajo investigación : banca panameña rechaza complicidad con el blanqueo,https://www.laestrella.com.pa/economia/creditos-fiscales-bajo-investigacion-banca-panamena-rechaza-complicidad-con-el-blanqueo-ME25031841,laestrella.com.pa,es,,2026-08-20T08:00:00+00:00,2026-10-06T18:46:40+00:00,,gdelt_doc:economia,titular_metadatos,
N-0ae65b7a922a,Procesamientos por la participación de iraníes y libaneses en el atentado a la AMIA,https://www.diariojunin.com/public/noticias/102578_procesamientos-por-la-participacion-de-iranies-y-libaneses-en-el-atentado-a-la-amia.html,diariojunin.com,es,,2026-09-22T00:00:00+00:00,2026-10-06T18:46:40+00:00,,gdelt_doc:logistica,titular_metadatos,
N-0b0e691b482e,Disminuye retención de buques de bandera panameña en puertos chinos,https://www.prensa.com/economia/disminuye-retencion-de-buques-de-bandera-panamena-en-puertos-chinos/,prensa.com,es,,2026-07-24T03:15:00+00:00,2026-10-06T18:46:40+00:00,,gdelt_doc:panama,titular_metadatos,
N-0b17156ace2d,Preview - Asamblea de Panamá,https://www.asamblea.gob.pa/Noticias/Noticias/ASAMBLEA-NACIONAL-CONMEMORA-EL-DIA-INTERNACIONAL-DE-LA-MUJER-INDIGENA-,asamblea.gob.pa,es,,2026-09-08T03:00:00+00:00,2026-10-06T18:46:40+00:00,,gdelt_doc:economia,titular_metadatos,
N-0b18627d713c,Monseñor Manuel Ochogavía arremete contra la ACP por embalse en Río Indio,https://www.critica.com.pa/nacional/monsenor-manuel-ochogavia-arremete-contra-la-acp-por-embalse-en-rio-indio-513624,critica.com.pa,es,,2026-07-28T17:15:00+00:00,2026-10-06T18:46:40+00:00,,gdelt_doc:logistica,titular_metadatos,
N-0b1d9200069c,Comisión Europea destaca avances para salir de la lista fiscal,https://www.critica.com.pa/nacional/comision-europea-destaca-avances-para-salir-de-la-lista-fiscal-516838,critica.com.pa,es,,2026-09-23T00:30:00+00:00,2026-10-06T18:46:40+00:00,,gdelt_doc:logistica,titular_metadatos,
N-0b31d091b067,"El Escudo de las Américas , creado por Estados Unidos y al que pertenece Colombia , anuncia acciones contra 24 estructuras criminales : la lista completa",https://www.eltiempo.com/mundo/eeuu-y-canada/el-escudo-de-las-americas-creado-por-estados-unidos-y-al-que-pertenece-colombia-anuncia-acciones-contra-24-estructuras-criminales-la-lista-completa-3588105,eltiempo.com,es,,2026-09-23T00:15:00+00:00,2026-10-06T18:46:40+00:00,,gdelt_doc:economia,titular_metadatos,
N-0b345cd1533e,El agua como eje del desarrollo territorial de Panamá,https://www.prensa.com/opinion/el-agua-como-eje-del-desarrollo-territorial-de-panama/,prensa.com,es,,2026-07-18T09:45:00+00:00,2026-10-06T18:46:40+00:00,,gdelt_doc:economia,titular_metadatos,
N-0b43b071341d,IMA anuncia agroferia este lunes : conoce los cuatro puntos donde se realizará,https://www.telemetro.com/nacionales/ima-anuncia-agroferia-este-lunes-conoce-los-cuatro-puntos-donde-se-realizara-n6093206,telemetro.com,es,,2026-09-28T15:15:00+00:00,2026-10-06T18:46:40+00:00,,gdelt_doc:panama,titular_metadatos,
N-0b8dc4195452,Cobre Emprende : El Pitch supera los $100 mil en capital semilla para impulsar a sus primeros 20 emprendedores panameños,https://www.panamaamerica.com.pa/sociedad/cobre-emprende-el-pitch-supera-los-100-mil-en-capital-semilla-para-impulsar-sus-primeros-20,panamaamerica.com.pa,es,,2026-08-01T19:15:00+00:00,2026-10-06T18:46:40+00:00,,gdelt_doc:economia,titular_metadatos,
N-0b9c3cc3cbed,Mulino suma 28 viajes con visita a Colombia para toma de posesión de De la Espriella,https://www.prensa.com/politica/mulino-suma-28-viajes-con-visita-a-colombia-para-toma-de-posesion-de-de-la-espriella/,prensa.com,es,,2026-08-06T19:45:00+00:00,2026-10-06T18:46:40+00:00,,gdelt_doc:turismo,titular_metadatos,
N-0baf5ffcccd0,"Latin America Defense Monitor September 19 – 25 , 2026",https://www.riotimesonline.com/latin-america-defense-monitor-september-19-25-2026/,riotimesonline.com,en,,2026-09-27T10:30:00+00:00,2026-10-06T18:46:40+00:00,,gdelt_doc:logistica,titular_metadatos,
N-0bb12f9aa382,El plan de Trump para Venezuela,https://www.elcorreogallego.es/opinion/2026/07/20/plan-trump-venezuela-132615798.html,elcorreogallego.es,es,,2026-07-20T08:30:00+00:00,2026-10-06T18:46:40+00:00,,gdelt_doc:economia,titular_metadatos,
N-0bb53a21c814,El Canal de Panamá reducirá el tránsito de buques por los efectos de El Niño,https://www.elobservador.com.uy/estados-unidos/bbc-news-mundo/el-canal-panama-reducira-el-transito-buques-los-efectos-el-nino-n6054857,elobservador.com.uy,es,,2026-08-21T22:30:00+00:00,2026-10-06T18:46:40+00:00,,gdelt_doc:economia,titular_metadatos,
N-0bcbda02ab02,Escudo de las Américas : Panamá y otros 14 países acuerda medidas contra 24 organizaciones narcoterroristas,https://www.laestrella.com.pa/mundo/america/escudo-de-las-americas-panama-y-otros-14-paises-acuerda-medidas-contra-24-organizaciones-narcoterroristas-BI25960625,laestrella.com.pa,es,,2026-09-24T23:00:00+00:00,2026-10-06T18:46:40+00:00,,gdelt_doc:economia,titular_metadatos,
N-0c02b003527f,"Salud mueve 7 . 5 % de la economía , pero el reto es que llegue mejor al paciente",https://eldia.com.do/salud-mueve-7-5-de-la-economia-pero-el-reto-es-que-llegue-mejor-al-paciente/,eldia.com.do,es,,2026-08-30T03:45:00+00:00,2026-10-06T18:46:40+00:00,,gdelt_doc:economia,titular_metadatos,
N-0c0812c53446,Former NFL Player Deported to Kenya,https://www.newser.com/story/393550/ice-deports-first-kenyan-born-nfl-player.html,newser.com,en,,2026-07-27T12:15:00+00:00,2026-10-06T18:46:40+00:00,,gdelt_doc:logistica,titular_metadatos,
N-0c24fac68732,Pueblos Perdidos : la decisión detrás del mito,https://www.prensa.com/vivir/pueblos-perdidos-la-decision-detras-del-mito/,prensa.com,es,,2026-08-23T07:00:00+00:00,2026-10-06T18:46:40+00:00,,gdelt_doc:eventos_naturales,titular_metadatos,
N-0c2bb5baa693,Plano Deportivo México es el dueño del remo de los Juegos Centroamericanos y del Caribe,https://planoinformativo.com/planodeportivo/340543/mexico-es-el-dueno-del-remo-de-los-juegos-centroamericanos-y-del-caribe,planoinformativo.com,es,,2026-07-30T01:15:00+00:00,2026-10-06T18:46:40+00:00,,gdelt_doc:logistica,titular_metadatos,
N-0c3e1c8fdc1f,"Panamá será sede del World of Coffee 2026 , el mayor evento de la industria del café",https://www.prensalibre.com/economia/panama-sera-sede-del-world-of-coffee-2026-el-mayor-evento-de-la-industria-del-cafe/,prensalibre.com,es,,2026-08-02T13:15:00+00:00,2026-10-06T18:46:40+00:00,,gdelt_doc:economia,titular_metadatos,
N-0c491e2034da,Teen Pregnancy in Cuba : Im Practically a Child Myself,https://www.cubaheadlines.com/articles/338634,cubaheadlines.com,en,,2026-08-24T19:30:00+00:00,2026-10-06T18:46:40+00:00,,gdelt_doc:turismo,titular_metadatos,
N-0c52be66d8ab,La Nación / Paraguay deja de tocar puertas y empieza a recibir inversores,https://www.lanacion.com.py/negocios_edicion_impresa/2026/09/21/paraguay-deja-de-tocar-puertas-y-empieza-a-recibir-inversores/,lanacion.com.py,es,,2026-09-21T09:15:00+00:00,2026-10-06T18:46:40+00:00,,gdelt_doc:economia,titular_metadatos,
N-0c72457eb256,Sheinbaum recibe a Mulino y estrechan relaciones con acuerdos en seguridad y comercio,https://www.publimetro.com.mx/noticias/2026/07/15/sheinbaum-recibe-a-mulino-y-estrechan-relaciones-con-acuerdos-en-seguridad-y-comercio/,publimetro.com.mx,es,,2026-07-15T21:30:00+00:00,2026-10-06T18:46:40+00:00,,gdelt_doc:logistica,titular_metadatos,
N-0c888bbaa300,"Un siglo de historia : el peso de la marca Coca - Cola en la economía colombiana , tras casi 100 años en el país",https://www.portafolio.co/negocios/empresas/coca-cola-a-las-puertas-de-cumplir-100-anos-en-colombia-asi-pesa-hoy-en-la-economia-del-pais-503047,portafolio.co,es,,2026-09-22T22:45:00+00:00,2026-10-06T18:46:40+00:00,,gdelt_doc:economia,titular_metadatos,
N-0c8a3121e8a6,Bertha Bringing Tropical Storm Conditions To Panhandle Overnight | Vero Patriot,https://veropatriot.iheart.com/featured/florida-news/content/2026-07-21-bertha-bringing-tropical-storm-conditions-to-panhandle-overnight/,veropatriot.iheart.com,en,,2026-07-22T02:30:00+00:00,2026-10-06T18:46:40+00:00,,gdelt_doc:eventos_naturales,titular_metadatos,
N-0cbcc00389f0,"BID Invest pondrá a disposición hasta $1 , 000 millones para proyectos privados en Panamá",https://www.prensa.com/economia/bid-invest-pondra-a-disposicion-hasta-1000-millones-para-proyectos-privados-en-panama/,prensa.com,es,,2026-07-29T00:45:00+00:00,2026-10-06T18:46:40+00:00,,gdelt_doc:economia,titular_metadatos,
N-0cef7f4284b4,Keiko Fujimori ratifica apoyo del Gobierno para la organización de los Juegos Panamericanos Lima 2027,https://canaln.pe/actualidad/keiko-fujimori-ratifica-apoyo-gobierno-organizacion-juegos-panamericanos-lima-2027-n493990,canaln.pe,es,,2026-08-06T19:00:00+00:00,2026-10-06T18:46:40+00:00,,gdelt_doc:economia,titular_metadatos,
N-0cf9f0a3c5f3,"Transición de mando en el Canal de Panamá , tras 49 años de la firma de los tratados Torrijos - Carter",https://www.telemetro.com/nacionales/transicion-mando-el-canal-panama-49-anos-la-firma-los-tratados-torrijos-carter-n6090958,telemetro.com,es,,2026-09-07T04:15:00+00:00,2026-10-06T18:46:40+00:00,,gdelt_doc:logistica,titular_metadatos,
N-0cfe78a51d6d,Israel busca el apoyo de la ultraderecha latinoamericana frente a un creciente aislamiento por el genocidio,https://www.eldiario.es/internacional/israel-busca-apoyo-ultraderecha-latinoamericana-frente-creciente-aislamiento-genocidio_1_13539305.html,eldiario.es,es,,2026-09-28T07:45:00+00:00,2026-10-06T18:46:40+00:00,,gdelt_doc:economia,titular_metadatos,
N-0cff595d501e,"SUV para ciudad , familia o aventura : las opciones de JETOUR en Panamá | La Prensa Panamá",https://www.prensa.com/notas-de-prensa/suv-para-ciudad-familia-o-aventura-las-opciones-de-jetour-en-panama/,prensa.com,es,,2026-09-07T07:15:00+00:00,2026-10-06T18:46:40+00:00,,gdelt_doc:panama,titular_metadatos,
N-0d008a457285,Lluvias y tormentas esta tarde : ¿ Dónde se concentrarán los aguaceros más fuertes ?,https://www.telemetro.com/nacionales/lluvias-y-tormentas-esta-tarde-donde-se-concentraran-los-aguaceros-mas-fuertes-n6093698,telemetro.com,es,,2026-10-01T17:30:00+00:00,2026-10-06T18:46:40+00:00,,gdelt_doc:panama,titular_metadatos,
N-0d0106160ada,Un plato gigante y denominación de origen : los planes de Penco para convertir su histórica loza en un nuevo motor de crecimiento,https://www.df.cl/regiones/biobio/economia/si-es-chileno-es-bueno-penco-busca-la-denominacion-de-origen-de-su,df.cl,es,,2026-07-29T18:15:00+00:00,2026-10-06T18:46:40+00:00,,gdelt_doc:turismo,titular_metadatos,
N-0d4f7b86b70e,Inundaciones y deslizamientos dejan incomunicadas a comunidades en Bocas del Toro tras intensas lluvias,https://www.panamaamerica.com.pa/provincias/inundaciones-y-deslizamientos-dejan-incomunicadas-comunidades-en-bocas-del-toro-tras,panamaamerica.com.pa,es,,2026-07-21T01:45:00+00:00,2026-10-06T18:46:40+00:00,,gdelt_doc:eventos_naturales,titular_metadatos,
N-0d5a5a781c05,Detienen en suelo tico a cuatro presuntos miembros de bandas criminales de Panamá,https://www.teletica.com/sucesos/detienen-en-suelo-tico-a-cuatro-presuntos-miembros-de-bandas-criminales-de-panama_416785,teletica.com,es,,2026-09-07T02:15:00+00:00,2026-10-06T18:46:40+00:00,,gdelt_doc:panama,titular_metadatos,
N-0d820abaa6a9,Anticorrupción reclama al Gobierno todos los documentos sobre el rescate de Plus Ultra que siguen ocultos,https://www.diariosur.es/nacional/anticorrupcion-reclama-gobierno-documentos-sobre-rescate-plus-20260921100109-ntrc.html,diariosur.es,es,,2026-09-22T08:45:00+00:00,2026-10-06T18:46:40+00:00,,gdelt_doc:turismo,titular_metadatos,
N-0d8b381037f1,Pandeportes ejecutará 43 proyectos deportivos en el país en el 2027,https://www.laestrella.com.pa/deportes/futbol/pandeportes-ejecutara-43-proyectos-deportivos-en-el-pais-en-el-2027-AC25412389,laestrella.com.pa,es,,2026-09-04T02:30:00+00:00,2026-10-06T18:46:40+00:00,,gdelt_doc:economia,titular_metadatos,
N-0da0a036f285,El Canal de Panamá aplica restricción de tránsitos por sequía,https://www.elcaribe.com.do/panorama/internacionales/el-canal-de-panama-aplica-restriccion-de-transitos-por-sequia/,elcaribe.com.do,es,,2026-09-04T07:30:00+00:00,2026-10-06T18:46:40+00:00,,gdelt_doc:logistica,titular_metadatos,
N-0dc175e21cb0,How Can an AI Avatar Generator Help Panama Bilingual Businesses ?,https://newsroompanama.com/2026/09/09/ai-avatar-generator-panama-bilingual-businesses/,newsroompanama.com,en,,2026-09-09T16:15:00+00:00,2026-10-06T18:46:40+00:00,,gdelt_doc:turismo,titular_metadatos,
N-0dc20646c821,Tres islas del Caribe denegaron el aterrizaje del vuelo de María Corina Machado desde Panamá,https://elnacional.com.do/mundo/tres-islas-caribe-denegaron-aterrizaje-vuelo-maria-corina-machado-panama_581665.html,elnacional.com.do,es,,2026-09-23T22:30:00+00:00,2026-10-06T18:46:40+00:00,,gdelt_doc:panama,titular_metadatos,
N-0dce1a11d7ae,El Ritual del Origen : la experiencia inmersiva del café en Panamá,https://www.lavozdemichoacan.com.mx/mundo/centroamerica/ritual-origen-experiencia-inmersiva-cafe-panama/,lavozdemichoacan.com.mx,es,,2026-08-21T04:15:00+00:00,2026-10-06T18:46:40+00:00,,gdelt_doc:economia,titular_metadatos,
N-0dcfe3270ce8,Anuncian cierres parciales de vías en Amador y Balboa a partir del lunes 28 de septiembre,https://www.prensa.com/sociedad/anuncian-cierres-parciales-de-vias-en-amador-y-balboa-a-partir-del-lunes-28-de-septiembre/,prensa.com,es,,2026-09-24T03:30:00+00:00,2026-10-06T18:46:40+00:00,,gdelt_doc:logistica,titular_metadatos,
N-0de913831b38,The sunhat is everywhere in Athens as crowds grow larger at ancient Greek sites,https://santamariatimes.com/ap/international/the-sunhat-is-everywhere-in-athens-as-crowds-grow-larger-at-ancient-greek-sites/article_4172c89c-3625-5300-971c-90997eb64c51.html,santamariatimes.com,en,,2026-08-24T02:00:00+00:00,2026-10-06T18:46:40+00:00,,gdelt_doc:turismo,titular_metadatos,
N-0df381082828,Llega 27 veces más sargazo a México,https://diario.mx/nacional/2026/jul/31/llega-27-veces-mas-sargazo-a-mexico-1130774.html,diario.mx,es,,2026-07-31T15:45:00+00:00,2026-10-06T18:46:40+00:00,,gdelt_doc:turismo,titular_metadatos,
N-0e00869b5aaf,Las razones y advertencias de S & P para mantener el grado de inversión a Panamá,https://www.prensa.com/economia/las-razones-y-advertencias-de-sp-para-mantener-el-grado-de-inversion-a-panama/,prensa.com,es,,2026-09-23T19:45:00+00:00,2026-10-06T18:46:40+00:00,,gdelt_doc:economia,titular_metadatos,
N-0e0476760f23,La propuesta para destrabar el comercio entre Panamá y Costa Rica : mediación de la FAO y certificar las plantas para exportar,https://www.prensa.com/economia/la-propuesta-para-destrabar-el-comercio-entre-panama-y-costa-rica-mediacion-de-la-fao-y-certificar-las-plantas-para-exportar/,prensa.com,es,,2026-08-13T10:00:00+00:00,2026-10-06T18:46:40+00:00,,gdelt_doc:economia,titular_metadatos,
N-0e08bc7701e4,"Indian Ambassador Sumit Seth bids farewell to Panama President Jose Raul Mulino , discusses scholarships , development projects and bilateral ties",http://www.brazilsun.com/news/279225392/indian-ambassador-sumit-seth-bids-farewell-to-panama-president-jose-raul-mulino-discusses-scholarships-development-projects-and-bilateral-ties,brazilsun.com,en,,2026-08-06T23:00:00+00:00,2026-10-06T18:46:40+00:00,,gdelt_doc:economia,titular_metadatos,
N-0e09237c2b17,Santa Ana como corazón hotelero de la ciudad durante la construcción del Canal,https://www.laestrella.com.pa/panama/nacional/santa-ana-como-corazon-hotelero-de-la-ciudad-durante-la-construccion-del-canal-EA24354246,laestrella.com.pa,es,,2026-07-25T06:15:00+00:00,2026-10-06T18:46:40+00:00,,gdelt_doc:logistica,titular_metadatos,
N-0e095a568d29,"Sofitel Announces Sofitel Berlin Das Stue , Bringing French Luxury to One of Berlin Most Iconic Hotels",https://www.webwire.com/ViewPressRel.asp?aId=360887,webwire.com,en,,2026-09-23T19:00:00+00:00,2026-10-06T18:46:40+00:00,,gdelt_doc:turismo,titular_metadatos,
N-0e0fba9fa2b1,"Waterways , Canals , And Straits , And What Clear Passage Means To Global Trade Survival",https://www.mondaq.com:443/unitedstates/international-trade-investment/1824116/waterways-canals-and-straits-and-what-clear-passage-means-to-global-trade-survival,mondaq.com,en,,2026-07-30T12:45:00+00:00,2026-10-06T18:46:40+00:00,,gdelt_doc:economia,titular_metadatos,
N-0e1f9a95450d,Primera lista de principales temas del día de Prensa Latina,https://www.prensa-latina.cu/2026/09/03/primera-lista-de-principales-temas-del-dia-de-prensa-latina-216/,prensa-latina.cu,es,,2026-09-03T09:45:00+00:00,2026-10-06T18:46:40+00:00,,gdelt_doc:economia,titular_metadatos,
N-0e33b11b842f,Cierre ordenado de la mina abre el debate sobre cuánto tiempo tendría que operar el proyecto,https://www.prensa.com/economia/cierre-ordenado-de-la-mina-abre-el-debate-sobre-cuanto-tendria-que-operar-el-proyecto/,prensa.com,es,,2026-09-30T22:45:00+00:00,2026-10-06T18:46:40+00:00,,gdelt_doc:panama,titular_metadatos,
N-0e4128e2c196,Panama Foreign Minister arrives in India on five - day official visit,https://www.prokerala.com/news/articles/a1789706.html,prokerala.com,en,,2026-07-19T04:45:00+00:00,2026-10-06T18:46:40+00:00,,gdelt_doc:panama,titular_metadatos,
N-0e4a594990b2,Cuarto Puente sobre el Canal alcanza 41 % de avance y prepara su fase más visible,https://www.midiario.com/nacionales/cuarto-puente-sobre-el-canal-alcanza-41-de-avance-y-prepara-su-fase-mas-visible/,midiario.com,es,,2026-09-24T20:30:00+00:00,2026-10-06T18:46:40+00:00,,gdelt_doc:logistica,titular_metadatos,
N-0e59cecf1999,Extradición de alias Araña y otros cabecillas : giro en la política de seguridad en Colombia,https://www.pulzo.com/nacion/extradicion-de-alias-arana-y-otros-cabecillas-giro-en-la-politica-de-seguridad-en-colombia-PP5285673A,pulzo.com,es,,2026-08-27T02:45:00+00:00,2026-10-06T18:46:40+00:00,,gdelt_doc:economia,titular_metadatos,
N-0e86587ec7cb,"Fallece Dagoberto Yin Carrizo , acordeonista y compositor de la música típica panameña",https://www.telemetro.com/nacionales/fallece-dagoberto-yin-carrizo-acordeonista-y-compositor-la-musica-tipica-panamena-n6091026,telemetro.com,es,,2026-09-07T18:30:00+00:00,2026-10-06T18:46:40+00:00,,gdelt_doc:panama,titular_metadatos,
N-0e92ed85d6dc,Trump se reunirá con Delcy Rodríguez en Nueva York : será el primer encuentro tras la detención de Maduro,https://www.cronica.com.ar/mundo/trump-se-reunira-con-delcy-rodriguez-en-nueva-york-sera-el-primer-encuentro-tras-la-detencion-de-maduro/,cronica.com.ar,es,,2026-09-20T00:30:00+00:00,2026-10-06T18:46:40+00:00,,gdelt_doc:economia,titular_metadatos,
N-0e9447309e4e,TVN Media moviliza a sus colaboradores para convertir la solidaridad en vidas,https://www.tvn-2.com/gente-tvn/tvn-media-moviliza-colaboradores-convertir_1_2255762.html,tvn-2.com,es,2026-08-13T22:07:30+00:00,,2026-10-06T18:46:40+00:00,,tvn_rss,titular_metadatos,
N-0ea73cdeb496,Tropical Storm Bertha in the Gulf of Mexico is moving toward the Florida Panhandle and Alabama,http://www.idahostatejournal.com/news/national/tropical-storm-bertha-in-the-gulf-of-mexico-is-moving-toward-the-florida-panhandle-and/article_87d353ad-d6b1-5018-bb93-e712f6d9d3da.html,idahostatejournal.com,en,,2026-07-21T16:00:00+00:00,2026-10-06T18:46:40+00:00,,gdelt_doc:eventos_naturales,titular_metadatos,
N-0eaf971be1ed,"The 10 Best Switzerland Beaches , Badis , and Waterfronts",https://matadornetwork.com/read/best-switzerland-beaches-badis/,matadornetwork.com,en,,2026-08-04T05:30:00+00:00,2026-10-06T18:46:40+00:00,,gdelt_doc:turismo,titular_metadatos,
N-0ec40368cccd,"Con el respaldo de Washington , Delcy Rodríguez sale del aislamiento diplomático y gana espacio en el tablero internacional",https://www.elobservador.com.uy/estados-unidos/america-latina/con-el-respaldo-washington-delcy-rodriguez-sale-del-aislamiento-diplomatico-y-gana-espacio-el-tablero-internacional-n6058397,elobservador.com.uy,es,,2026-09-27T00:30:00+00:00,2026-10-06T18:46:40+00:00,,gdelt_doc:economia,titular_metadatos,
N-0ecdf5942e44,"Siguiente parada , Japón : Panamá llega a tierras niponas para jugar ante Nueva Zelanda",https://www.laestrella.com.pa/deportes/futbol/siguiente-parada-japon-panama-llega-a-tierras-niponas-para-jugar-ante-nueva-zelanda-DA26044632,laestrella.com.pa,es,,2026-09-28T17:15:00+00:00,2026-10-06T18:46:40+00:00,,gdelt_doc:panama,titular_metadatos,
N-0eda4f3d8676,Auditoría a Cobre Panamá detecta deficiencias ambientales y evalúa futuro de la mina,https://www.telemetro.com/nacionales/auditoria-cobre-panama-detecta-deficiencias-ambientales-y-evalua-futuro-la-mina-n6085044,telemetro.com,es,,2026-07-13T18:30:00+00:00,2026-10-06T18:46:40+00:00,,gdelt_doc:economia,titular_metadatos,
N-0eda822ab7c9,Más de 400 jóvenes de Darién buscan su primer empleo en el agro,https://www.critica.com.pa/nacional/mas-de-400-jovenes-de-darien-buscan-su-primer-empleo-en-el-agro-515373,critica.com.pa,es,,2026-08-27T18:45:00+00:00,2026-10-06T18:46:40+00:00,,gdelt_doc:economia,titular_metadatos,
N-0ede184efc0f,Sinaproc detalla afectaciones registradas por fuertes lluvias en distintas regiones de Panamá,https://www.telemetro.com/entrevistas/nacionales/sinaproc-detalla-afectaciones-registradas-fuertes-lluvias-distintas-regiones-panama-n6086195,telemetro.com,es,,2026-07-24T15:45:00+00:00,2026-10-06T18:46:40+00:00,,gdelt_doc:panama,titular_metadatos,
N-0f3eb933a583,Canal de Panamá : esta es la millonaria cifra que aportará al Estado en 2027,https://www.telemetro.com/nacionales/canal-panama-esta-es-la-millonaria-cifra-que-aportara-al-estado-2027-n6093556,telemetro.com,es,,2026-09-30T18:30:00+00:00,2026-10-06T18:46:40+00:00,,gdelt_doc:logistica,titular_metadatos,
N-0f67595c67a2,Panamá pone la mira en Nueva Zelanda tras cerrar su preparación en India,https://www.prensa.com/deportes/panama-pone-la-mira-en-nueva-zelanda-tras-cerrar-su-preparacion-en-india/,prensa.com,es,,2026-09-27T19:00:00+00:00,2026-10-06T18:46:40+00:00,,gdelt_doc:panama,titular_metadatos,
N-0f68968f3aed,"La IA , la robótica y las próximas revoluciones económica , militar y política",https://www.infobae.com/america/opinion/2026/09/10/la-ia-la-robotica-y-las-proximas-revoluciones-economica-militar-y-politica/,infobae.com,es,,2026-09-10T08:15:00+00:00,2026-10-06T18:46:40+00:00,,gdelt_doc:economia,titular_metadatos,
N-0f71ce62138f,"Panamá , anfitrión del mundo , nueva marca país ; Mulino buscará garantizar su continuidad por ley",https://www.laestrella.com.pa/panama/nacional/panama-anfitrion-del-mundo-nueva-marca-pais-mulino-buscara-garantizar-su-continuidad-por-ley-CF25201276,laestrella.com.pa,es,,2026-08-27T07:15:00+00:00,2026-10-06T18:46:40+00:00,,gdelt_doc:logistica,titular_metadatos,
N-0f7c807c8af2,"El diseño , el lifestyle y el interiorismo de alto nivel acicalan la plaza de Colón",https://www.elmundo.es/madrid/2026/09/21/6aad61c921efa0fd298b45cb.html,elmundo.es,es,,2026-09-21T03:00:00+00:00,2026-10-06T18:46:40+00:00,,gdelt_doc:eventos_naturales,titular_metadatos,
N-0f96b1aef51c,Venezuela main airport partially resumes commercial flights after deadly earthquakes,https://www.asiaone.com/world/venezuelas-main-airport-partially-resumes-commercial-flights-after-deadly-earthquakes,asiaone.com,en,,2026-09-02T04:00:00+00:00,2026-10-06T18:46:40+00:00,,gdelt_doc:turismo,titular_metadatos,
N-0f98f222cc70,Ecuador y Panamá negocian acuerdo comercial : estos son los productos que Ecuador exporta,https://www.teleamazonas.com/actualidad/noticias/economia/ecuador-panama-negocian-acuerdo-comercial-son-productos-ecuador-exporta-127172/,teleamazonas.com,es,,2026-09-04T22:30:00+00:00,2026-10-06T18:46:40+00:00,,gdelt_doc:economia,titular_metadatos,
N-0f9eb7c04852,Tom Cruise defiende Digger tras el fracaso en taquilla y responde a las críticas,https://www.tvn-2.com/entretenimiento/cine-y-tv/tom-cruise-defiende-digger-fracaso-taquilla-responde-criticas_1_2264580.html,tvn-2.com,es,2026-10-06T17:00:58+00:00,,2026-10-06T18:46:40+00:00,,tvn_rss,titular_metadatos,
N-0fa7518bd996,Panamá y El Salvador se declaran en emergencia para enfrentar lluvias y sequías causadas por el fenómeno de El Niño,https://larepublica.pe/mundo/2026/08/26/panama-y-el-salvador-se-declaran-en-emergencia-para-enfrentar-lluvias-y-sequias-causadas-por-el-fenomeno-de-el-nino-1290198,larepublica.pe,es,,2026-08-26T15:30:00+00:00,2026-10-06T18:46:40+00:00,,gdelt_doc:logistica,titular_metadatos,
N-0fe63f0aa21d,"Cali , militarizada y con puestos policiales , empieza a recibir a las delegaciones para la posesión de ADLE",https://www.elheraldo.co/colombia/2026/08/06/cali-militarizada-y-con-puestos-policiales-empieza-a-recibir-a-las-delegaciones-para-la-posesion-de-adle/,elheraldo.co,es,,2026-08-06T16:15:00+00:00,2026-10-06T18:46:40+00:00,,gdelt_doc:turismo,titular_metadatos,
N-0ffbbdb8442a,Venezuela no debe dolarizarse : debe aprender de Perú,https://www.esdiario.com/economia/260808/195001/venezuela-debe-dolarizarse-debe-aprender-peru.html,esdiario.com,es,,2026-08-08T08:45:00+00:00,2026-10-06T18:46:40+00:00,,gdelt_doc:turismo,titular_metadatos,
N-103511bd85e8,"Muere Jorge Messi , padre del astro argentino",https://www.diariodeleon.es/sociedad/gente/260808/2093715/muere-jorge-messi-padre-astro-argentino.html,diariodeleon.es,es,,2026-08-08T17:30:00+00:00,2026-10-06T18:46:40+00:00,,gdelt_doc:turismo,titular_metadatos,
N-105419423871,"Damaris Young : La dirigencia está de paso , pero tiene la obligación de fortalecer el deporte",https://www.prensa.com/deportes/damaris-young-la-dirigencia-esta-de-paso-pero-tiene-la-obligacion-de-fortalecer-el-deporte/,prensa.com,es,,2026-08-12T10:00:00+00:00,2026-10-06T18:46:40+00:00,,gdelt_doc:economia,titular_metadatos,
N-108b777e893f,"Esclusas de Miraflores : 112 años del Canal de Panamá , qué hacer y qué ver",https://www.prensa.com/vivir/esclusas-de-miraflores-112-anos-del-canal-de-panama-que-hacer-y-que-ver/,prensa.com,es,,2026-08-15T08:45:00+00:00,2026-10-06T18:46:40+00:00,,gdelt_doc:logistica,titular_metadatos,
N-108fd4c25473,Ricaurte Vásquez defiende institucionalidad del Canal y exige respeto a su neutralidad frente a EE . UU .,https://www.panamaamerica.com.pa/sociedad/ricaurte-vasquez-defiende-institucionalidad-del-canal-y-exige-respeto-su-neutralidad-frente,panamaamerica.com.pa,es,,2026-09-03T00:00:00+00:00,2026-10-06T18:46:40+00:00,,gdelt_doc:logistica,titular_metadatos,
N-109158aa7c57,Hurricane Fausto forms in the eastern Pacific,https://www.4029tv.com/article/hurricane-fausto-eastern-pacific/73198209,4029tv.com,en,,2026-07-21T07:45:00+00:00,2026-10-06T18:46:40+00:00,,gdelt_doc:eventos_naturales,titular_metadatos,
N-10916ae11e83,National Security Experts : Trump Has Strengthened U . S . Positition v China,https://www.breitbart.com/politics/2026/09/23/exclusive-national-security-experts-say-trump-has-strengthened-u-s-position-ahead-of-xi-summit/,breitbart.com,en,,2026-09-24T19:45:00+00:00,2026-10-06T18:46:40+00:00,,gdelt_doc:logistica,titular_metadatos,
N-10974b5dc0db,Tropical Storm Bertha in the Gulf of Mexico is moving toward the Florida Panhandle and Alabama,https://krmg.com/2026/07/21/tropical-storm-bertha-in-the-gulf-of-mexico-is-moving-toward-the-florida-panhandle-and-alabama/,krmg.com,en,,2026-07-21T18:00:00+00:00,2026-10-06T18:46:40+00:00,,gdelt_doc:eventos_naturales,titular_metadatos,
N-109ce5c54d3e,Panamá y el mundo : las noticias más destacadas de este 23 de septiembre,https://www.laestrella.com.pa/panama/nacional/panama-y-el-mundo-las-noticias-mas-destacadas-de-este-23-de-septiembre-IN25937681,laestrella.com.pa,es,,2026-09-24T19:30:00+00:00,2026-10-06T18:46:40+00:00,,gdelt_doc:logistica,titular_metadatos,
N-109f9ede04dd,Tribunal Electoral autoriza a Martín Torrijos a recolectar firmas para formar su nuevo partido,https://www.laestrella.com.pa/panama/politica/tribunal-electoral-autoriza-a-martin-torrijos-a-recolectar-firmas-para-formar-su-nuevo-partido-BM25926070,laestrella.com.pa,es,,2026-09-23T23:45:00+00:00,2026-10-06T18:46:40+00:00,,gdelt_doc:logistica,titular_metadatos,
N-10a0ca6f21d9,Lluvias dan un respiro al Canal : mantendría 48 pies y 32 tránsitos,https://www.critica.com.pa/nacional/lluvias-dan-un-respiro-al-canal-mantendria-48-pies-y-32-transitos-516962,critica.com.pa,es,,2026-09-25T00:45:00+00:00,2026-10-06T18:46:40+00:00,,gdelt_doc:logistica,titular_metadatos,
N-10af52c6840f,Watching a Technocratic Coup in Real Time,https://newswithviews.com/watching-a-technocratic-coup-in-real-time/,newswithviews.com,en,,2026-09-12T03:00:00+00:00,2026-10-06T18:46:40+00:00,,gdelt_doc:economia,titular_metadatos,
N-10f737303764,¿ Quién está enseñando ? Déficit de docentes y desconfianza golpea la educación panameña,https://www.laestrella.com.pa/panama/nacional/quien-esta-ensenando-deficit-de-docentes-y-desconfianza-golpea-la-educacion-panamena-EM24394707,laestrella.com.pa,es,,2026-07-27T07:00:00+00:00,2026-10-06T18:46:40+00:00,,gdelt_doc:turismo,titular_metadatos,
N-10f9d4680fa4,Destacan potencialidades del turismo en Panamá - Noticias Prensa Latina,https://www.prensa-latina.cu/2026/09/21/destacan-potencialidades-del-turismo-en-panama/,prensa-latina.cu,es,,2026-09-21T04:45:00+00:00,2026-10-06T18:46:40+00:00,,gdelt_doc:turismo,titular_metadatos,
N-10fbe9fd984f,"Carpetbagging Explained : Dirty Socks , a Soiled Shirt and an Old Carpetbag",https://www.governing.com/context/carpetbagging-explained-dirty-socks-a-soiled-shirt-and-an-old-carpetbag,governing.com,en,,2026-09-25T06:45:00+00:00,2026-10-06T18:46:40+00:00,,gdelt_doc:logistica,titular_metadatos,
N-1100ba595402,Copa Airlines volará a la isla de Margarita desde noviembre y sumará un nuevo destino en Venezuela,https://www.prensa.com/economia/copa-airlines-volara-a-margarita-desde-noviembre-y-sumara-un-nuevo-destino-en-venezuela/,prensa.com,es,,2026-08-04T15:30:00+00:00,2026-10-06T18:46:40+00:00,,gdelt_doc:economia,titular_metadatos,
N-11175f72b7b9,Tránsito de alto calado aumenta 6 . 1 % y refuerza la demanda por el Canal,https://www.prensa.com/economia/transito-de-alto-calado-aumenta-61-y-refuerza-la-demanda-por-el-canal/,prensa.com,es,,2026-08-14T09:30:00+00:00,2026-10-06T18:46:40+00:00,,gdelt_doc:economia,titular_metadatos,
N-1123a61e964d,"El imperio de Lionel Messi , un entramado internacional de empresas que no se agota en el fútbol",https://eldia.com.do/el-imperio-de-lionel-messi-un-entramado-internacional-de-empresas-que-no-se-agota-en-el-futbol/,eldia.com.do,es,,2026-09-01T22:45:00+00:00,2026-10-06T18:46:40+00:00,,gdelt_doc:turismo,titular_metadatos,
N-11266d0418fe,"Cincuenta años atrás , Nicolino Locche se retiraba con una pelea en el Llao Llao",https://www.elcordillerano.com.ar/noticias/2026/07/24/252226-cincuenta-anos-atras-nicolino-locche-se-retiraba-con-una-pelea-en-el-llao-llao,elcordillerano.com.ar,es,,2026-07-25T09:15:00+00:00,2026-10-06T18:46:40+00:00,,gdelt_doc:turismo,titular_metadatos,
N-113bd5cc2fcd,Margaritaville at Sea Unveils 30 Itineraries for 2028,https://www.travelmarketreport.com/cruises/articles/margaritaville-at-sea-2028-itineraries,travelmarketreport.com,en,,2026-10-01T18:30:00+00:00,2026-10-06T18:46:40+00:00,,gdelt_doc:logistica,titular_metadatos,
N-114c1bd301d2,El Telégrafo - Ecuador y Panamá fortalecen su relación con una agenda centrada en comercio y seguridad,https://www.eltelegrafo.com.ec/noticias/nacionales/210/ecuador-y-panama-fortalecen-su-relacion-con-una-agenda-centrada-en-comercio-y-seguridad,eltelegrafo.com.ec,es,,2026-09-04T23:00:00+00:00,2026-10-06T18:46:40+00:00,,gdelt_doc:panama,titular_metadatos,
N-116ee140905e,Relevo por la Vida de Fanlyc: 24 horas de esfuerzo y esperanza en la Cinta Costera 3,https://www.tvn-2.com/nacionales/relevo-vida-fanlyc-24-horas-esfuerzo-esperanza-cinta-costera-tres-cancer_1_2259489.html,tvn-2.com,es,2026-09-06T00:09:00+00:00,,2026-10-06T18:46:40+00:00,,tvn_rss,titular_metadatos,
N-1181c0759731,Lo que fue noticia este sábado 22 de agosto en Panamá y el mundo,https://www.laestrella.com.pa/panama/nacional/lo-que-fue-noticia-este-sabado-22-de-agosto-en-panama-y-el-mundo-PO25099262,laestrella.com.pa,es,,2026-08-23T00:45:00+00:00,2026-10-06T18:46:40+00:00,,gdelt_doc:eventos_naturales,titular_metadatos,
N-118acbf140dd,La economía de expatriados : un mercado con potencial para seguir creciendo en Panamá,https://www.infobae.com/panama/2026/09/08/la-economia-de-expatriados-un-mercado-con-potencial-para-seguir-creciendo-en-panama/,infobae.com,es,,2026-09-08T23:30:00+00:00,2026-10-06T18:46:40+00:00,,gdelt_doc:economia,titular_metadatos,
N-118d2723568c,Trabajos del Idaan por el Cuarto Puente afectarán el suministro de agua en estos sectores,https://www.laestrella.com.pa/panama/informacion-util/trabajos-del-idaan-por-el-cuarto-puente-afectaran-el-suministro-de-agua-en-estos-sectores-OA25435847,laestrella.com.pa,es,,2026-09-05T01:45:00+00:00,2026-10-06T18:46:40+00:00,,gdelt_doc:logistica,titular_metadatos,
N-11bc3ad389db,Panama Canal begins reducing crossings due to El Niño,https://www.rte.ie/news/2026/0905/1590414-panama-canal-el-nino/,rte.ie,en,,2026-09-05T01:00:00+00:00,2026-10-06T18:46:40+00:00,,gdelt_doc:logistica,titular_metadatos,
N-11da41f3621e,Canciller de Japón visitará Ecuador el 5 y 6 de agosto,https://www.teleamazonas.com/actualidad/noticias/politica/canciller-japon-visitara-ecuador-5-6-agosto-124517/,teleamazonas.com,es,,2026-08-05T03:30:00+00:00,2026-10-06T18:46:40+00:00,,gdelt_doc:economia,titular_metadatos,
N-11dc4c728565,Arrecifes en el Pacífico bajo la lupa : científicos encuentran señales de resistencia al cambio climático,https://www.diariodelsur.com.co/arrecifes-en-el-pacifico-colonias-coral-tolerancia-cambios-termicos/,diariodelsur.com.co,es,,2026-08-31T02:30:00+00:00,2026-10-06T18:46:40+00:00,,gdelt_doc:turismo,titular_metadatos,
N-11dfc71e3721,Panama Canal begins reducing crossings due to El Nino,https://www.freemalaysiatoday.com/category/world/2026/09/05/panama-canal-begins-reducing-crossings-due-to-el-nino,freemalaysiatoday.com,en,,2026-09-05T01:30:00+00:00,2026-10-06T18:46:40+00:00,,gdelt_doc:logistica,titular_metadatos,
N-11e23084136f,"Opinion : Fedorov Out , Ships Sunk : Ukraine Drone War Widens as Kyiv Political Storm Brews",https://www.kyivpost.com/opinion/80938,kyivpost.com,en,,2026-07-23T22:45:00+00:00,2026-10-06T18:46:40+00:00,,gdelt_doc:eventos_naturales,titular_metadatos,
N-11ef289b38f8,Panamá autoriza a buques atuneros para estudio internacional de la CIAT en el Pacífico Oriental,https://www.panamaamerica.com.pa/sociedad/panama-autoriza-buques-atuneros-para-estudio-internacional-de-la-ciat-en-el-pacifico,panamaamerica.com.pa,es,,2026-09-30T23:30:00+00:00,2026-10-06T18:46:40+00:00,,gdelt_doc:panama,titular_metadatos,
N-11efff92bed6,Bertha Update 4pm CT : Tropical Storm Winds Spread Over Florida Panhandle | Newsradio WFLA Orlando,https://wflaorlando.iheart.com/featured/florida-news/content/2026-07-21-bertha-update-tropical-storm-winds-spread-over-florida-panhandle/,wflaorlando.iheart.com,en,,2026-07-22T00:30:00+00:00,2026-10-06T18:46:40+00:00,,gdelt_doc:eventos_naturales,titular_metadatos,
N-11f67ad8a725,Medford : La consigna es ganar la Copa Centroamericana,https://www.teletica.com/deportivo-saprissa/medford-la-consigna-es-ganar-la-copa-centroamericana_414373,teletica.com,es,,2026-07-29T00:15:00+00:00,2026-10-06T18:46:40+00:00,,gdelt_doc:logistica,titular_metadatos,
N-1221ecca71e7,Ejecutivo presentará ante la Asamblea proyecto que elimina el 2 % del ITBI,https://www.telemetro.com/nacionales/ejecutivo-presentara-la-asamblea-proyecto-que-elimina-el-2-del-itbi-n6087005,telemetro.com,es,,2026-07-31T22:00:00+00:00,2026-10-06T18:46:40+00:00,,gdelt_doc:economia,titular_metadatos,
N-123edc12232d,The sunhat is everywhere in Athens as crowds grow larger at ancient sites,http://www.idahopress.com/news/world/the-sunhat-is-everywhere-in-athens-as-crowds-grow-larger-at-ancient-sites/article_17e0c31b-24ad-52d7-9e1e-7c0b08737988.html,idahopress.com,en,,2026-08-23T11:00:00+00:00,2026-10-06T18:46:40+00:00,,gdelt_doc:turismo,titular_metadatos,
N-12616b67a340,"Castañedas autoriza exoneraciones de marcación , pese a la promesa de la Contraloría de eliminarlas",https://www.laestrella.com.pa/panama/politica/castanedas-autoriza-exoneraciones-de-marcacion-pese-a-la-promesa-de-la-contraloria-de-eliminarlas-NC25508720,laestrella.com.pa,es,,2026-09-08T07:30:00+00:00,2026-10-06T18:46:40+00:00,,gdelt_doc:economia,titular_metadatos,
N-126e2b37f4c4,Ministerio Público investiga red delictiva que involucra a funcionarios de la DGI,https://www.telemetro.com/nacionales/ministerio-publico-investiga-red-delictiva-que-involucra-funcionarios-la-dgi-n6084576,telemetro.com,es,,2026-07-08T19:15:00+00:00,2026-10-06T18:46:40+00:00,,gdelt_doc:panama,titular_metadatos,
N-127a787fc5de,Ana Isabel Carrizo y Salwa Maloof unen a Panamá y Colombia en Madrid con celebración carnavalera,https://www.tvn-2.com/entretenimiento/ana-isabel-carrizo-salwa-maloof-unen-panama-colombia-madrid-celebracion-carnavalera_1_2264581.html,tvn-2.com,es,2026-10-06T15:25:39+00:00,,2026-10-06T18:46:40+00:00,,tvn_rss,titular_metadatos,
N-127b47129629,Accidente en la vía Centenario provoca retrasos en rutas de MiBus,https://www.telemetro.com/nacionales/accidente-la-via-centenario-provoca-retrasos-rutas-mibus-n6086711,telemetro.com,es,,2026-07-29T17:30:00+00:00,2026-10-06T18:46:40+00:00,,gdelt_doc:turismo,titular_metadatos,
N-12900e309702,Especial : China se consolida como mercado clave para el café de alta gama de Panamá,http://spanish.xinhuanet.com/20260930/ee3e3cea967a4237969881c291653da5/c.html,spanish.xinhuanet.com,es,,2026-09-30T14:00:00+00:00,2026-10-06T18:46:40+00:00,,gdelt_doc:panama,titular_metadatos,
N-12a22afc61cb,"Mulino y Canciller negocian extensión de Línea 3 , vuelo directo a Tokio y más",https://www.critica.com.pa/nacional/mulino-y-canciller-negocian-extension-de-linea-3-vuelo-directo-tokio-y-mas-514106,critica.com.pa,es,,2026-08-06T00:45:00+00:00,2026-10-06T18:46:40+00:00,,gdelt_doc:logistica,titular_metadatos,
N-12a4087d1ae6,"You are already a superpower : Panama FM Vasquez seeks strategic partnership , deeper economic cooperation with India",http://www.asiabulletin.com/news/279200073/you-are-already-a-superpower-panama-fm-vasquez-seeks-strategic-partnership-deeper-economic-cooperation-with-india,asiabulletin.com,en,,2026-07-21T03:30:00+00:00,2026-10-06T18:46:40+00:00,,gdelt_doc:economia,titular_metadatos,
N-12a418a4001c,Ocho procesados en caso Pandora desisten del recurso de apelación,https://www.panamaamerica.com.pa/nacion/ocho-procesados-en-caso-pandora-desisten-del-recurso-de-apelacion-1264766,panamaamerica.com.pa,es,,2026-08-04T06:30:00+00:00,2026-10-06T18:46:40+00:00,,gdelt_doc:economia,titular_metadatos,
N-12b83fc584d1,Canal de Panamá inicia reducción de tránsito de buques afectado por El Niño Ensegundos República Dominicana,https://ensegundos.do/2026/09/04/canal-de-panama-inicia-reduccion-de-transito-de-buques-afectado-por-el-nino/,ensegundos.do,es,,2026-09-04T23:45:00+00:00,2026-10-06T18:46:40+00:00,,gdelt_doc:logistica,titular_metadatos,
N-12ba633b8a70,Impuesto de renta en Colombia : el peso sobre la economía y la inversión,https://www.hsbnoticias.com/impuesto-de-renta-en-colombia-ocde-efectos-economia/,hsbnoticias.com,es,,2026-07-31T22:15:00+00:00,2026-10-06T18:46:40+00:00,,gdelt_doc:economia,titular_metadatos,
N-12da4347d01b,Trump tariffs fallout : China moves to join Brazil WTO challenge of US forced labor duties,https://www.undercurrentnews.com/2026/08/11/trump-tariffs-fallout/,undercurrentnews.com,en,,2026-08-11T16:30:00+00:00,2026-10-06T18:46:40+00:00,,gdelt_doc:eventos_naturales,titular_metadatos,
N-131753d763fa,"Panama is not only the beginning : Foreign Minister pitches nation as India premier manufacturing , trade launchpad in Latin America",http://www.russiaherald.com/news/279199252/panama-is-not-only-the-beginning-foreign-minister-pitches-nation-as-india-premier-manufacturing-trade-launchpad-in-latin-america,russiaherald.com,en,,2026-07-20T19:15:00+00:00,2026-10-06T18:46:40+00:00,,gdelt_doc:economia,titular_metadatos,
N-131c3959afca,Presidente de España reitera importancia de Panamá en el bloque de Iberoamérica tras encuentro con Mulino,https://www.diaadia.com.pa/el-pais/presidente-de-espana-reitera-importancia-de-panama-en-el-bloque-de-iberoamerica-tras,diaadia.com.pa,es,,2026-09-22T23:00:00+00:00,2026-10-06T18:46:40+00:00,,gdelt_doc:economia,titular_metadatos,
N-13680b246c55,Tribunal Superior confirma el cierre de los casos Panama Papers y Lava Jato,https://www.prensa.com/judiciales/tribunal-superior-confirma-el-cierre-de-los-casos-panama-papers-y-lava-jato/,prensa.com,es,,2026-08-17T22:00:00+00:00,2026-10-06T18:46:40+00:00,,gdelt_doc:economia,titular_metadatos,
N-1392e9300592,Una nueva Ley de Turismo para llevar inversión a todo Panamá,https://www.prensa.com/opinion/una-nueva-ley-de-turismo-para-llevar-inversion-a-todo-panama/,prensa.com,es,,2026-09-24T03:30:00+00:00,2026-10-06T18:46:40+00:00,,gdelt_doc:economia,titular_metadatos,
N-13a662934aee,Economía nocturna en Panamá reclama protagonismo y su propia ley,https://www.laestrella.com.pa/economia/economia-nocturna-en-panama-reclama-protagonismo-y-su-propia-ley-BF24302407,laestrella.com.pa,es,,2026-07-23T05:30:00+00:00,2026-10-06T18:46:40+00:00,,gdelt_doc:economia,titular_metadatos,
N-13a926c3ab34,Black Weekend 2026 en Panamá : conoce cuándo será y qué descuentos encontrarás,https://www.telemetro.com/nacionales/black-weekend-2026-panama-conoce-cuando-sera-y-que-descuentos-encontraras-n6093354,telemetro.com,es,,2026-09-29T14:45:00+00:00,2026-10-06T18:46:40+00:00,,gdelt_doc:panama,titular_metadatos,
N-13d73b1c1cdb,Panamá celebra quedar excluida de los nuevos aranceles de EE . UU .,https://www.prensalibre.com/ahora/internacional/panama-celebra-quedar-excluida-de-los-nuevos-aranceles-de-ee-uu/,prensalibre.com,es,,2026-07-24T04:00:00+00:00,2026-10-06T18:46:40+00:00,,gdelt_doc:panama,titular_metadatos,
N-13e1ac4e3179,Panama Canal transits up 5 . 2 % as El Niño capacity restrictions loom,https://www.freshplaza.com/north-america/article/9860633/panama-canal-transits-up-5-2-as-el-nino-capacity-restrictions-loom/,freshplaza.com,en,,2026-07-24T16:30:00+00:00,2026-10-06T18:46:40+00:00,,gdelt_doc:logistica,titular_metadatos,
N-14032af4898e,Nuestro Canal,https://www.prensa.com/opinion/nuestro-canal/,prensa.com,es,,2026-08-02T08:30:00+00:00,2026-10-06T18:46:40+00:00,,gdelt_doc:logistica,titular_metadatos,
N-1409c9199200,El Gobierno de Panamá declara el estado de emergencia nacional por los efectos de El Niño,https://www.infobae.com/panama/2026/08/26/el-gobierno-de-panama-declara-el-estado-de-emergencia-nacional-por-los-efectos-de-el-nino/,infobae.com,es,,2026-08-26T09:00:00+00:00,2026-10-06T18:46:40+00:00,,gdelt_doc:logistica,titular_metadatos,
N-140f9f70b083,Panamá busca atraer inversión de Texas en sectores estratégicos,https://www.laestrella.com.pa/economia/panama-busca-atraer-inversion-de-texas-en-sectores-estrategicos-PE26117954,laestrella.com.pa,es,,2026-09-30T21:45:00+00:00,2026-10-06T18:46:40+00:00,,gdelt_doc:logistica,titular_metadatos,
N-142029752a47,Colombia se mantiene segunda ante un México intratable que aumenta su liderazgo en los Juegos Centroamericanos,https://www.lapatria.com/deportes/colombia-se-mantiene-segunda-ante-un-mexico-intratable-que-aumenta-su-liderazgo-en-los,lapatria.com,es,,2026-08-03T15:00:00+00:00,2026-10-06T18:46:40+00:00,,gdelt_doc:logistica,titular_metadatos,
N-142bf4c9cab0,"Indian Ambassador Sumit Seth bids farewell to Panama President Jose Raul Mulino , discusses scholarships , development projects and bilateral ties",http://www.haitisun.com/news/279225392/indian-ambassador-sumit-seth-bids-farewell-to-panama-president-jose-raul-mulino-discusses-scholarships-development-projects-and-bilateral-ties,haitisun.com,en,,2026-08-06T23:00:00+00:00,2026-10-06T18:46:40+00:00,,gdelt_doc:economia,titular_metadatos,
N-143a9fa647dc,Artistas panameños sacan la cara en los Premios Juventud,https://www.critica.com.pa/show/artistas-panamenos-sacan-la-cara-en-los-premios-juventud-513631,critica.com.pa,es,,2026-07-28T17:15:00+00:00,2026-10-06T18:46:40+00:00,,gdelt_doc:logistica,titular_metadatos,
N-144aa49190a3,Caen 26 trabajadores portuarios por presunta red de cocaína hacia Europa,https://www.critica.com.pa/nacional/caen-26-trabajadores-portuarios-por-presunta-red-de-cocaina-hacia-europa-512509,critica.com.pa,es,,2026-07-09T17:45:00+00:00,2026-10-06T18:46:40+00:00,,gdelt_doc:logistica,titular_metadatos,
N-14557bc47fe7,Exdiplomático chino lanza dura advertencia a Panamá por conflicto con PPC,https://www.critica.com.pa/nacional/exdiplomatico-chino-lanza-dura-advertencia-panama-por-conflicto-con-ppc-515164,critica.com.pa,es,,2026-08-24T03:30:00+00:00,2026-10-06T18:46:40+00:00,,gdelt_doc:logistica,titular_metadatos,
N-146637a75bf8,La Cepal proyecta 4 . 4 % de crecimiento para Panamá en 2026,https://www.laestrella.com.pa/economia/la-cepal-proyecta-44-de-crecimiento-para-panama-en-2026-OC25059236,laestrella.com.pa,es,,2026-08-21T06:00:00+00:00,2026-10-06T18:46:40+00:00,,gdelt_doc:economia,titular_metadatos,
N-147ad11c9ff5,Se inicia formalmente la Filsd 2026 - Diario Libre,https://www.diariolibre.com/revista/cultura/2026/09/24/se-inicia-formalmente-la-filsd-2026/3669530,diariolibre.com,es,,2026-09-25T00:30:00+00:00,2026-10-06T18:46:40+00:00,,gdelt_doc:panama,titular_metadatos,
N-147b68d3f836,Así fue recibido el presidente de Ecuador en Cali para acompañar a De la Espriella,https://www.eluniversal.com.co/mundo/2026/08/07/asi-fue-recibido-el-presidente-de-ecuador-en-cali-para-acompanar-a-de-la-espriella/,eluniversal.com.co,es,,2026-08-07T17:45:00+00:00,2026-10-06T18:46:40+00:00,,gdelt_doc:turismo,titular_metadatos,
N-14b223577661,"Tropical Storm Bertha strengthens as warnings extend along Gulf Coast , NHC says",https://www.standardspeaker.com/2026/07/21/tropial-storm-bertha-strengthens-near-gulf-coast/,standardspeaker.com,en,,2026-07-21T20:45:00+00:00,2026-10-06T18:46:40+00:00,,gdelt_doc:eventos_naturales,titular_metadatos,
N-14bd5be22ff1,El presidente Noboa dice que Panamá puede venderle energía a Ecuador,https://www.diaadia.com.pa/el-pais/el-presidente-noboa-dice-que-panama-puede-venderle-energia-ecuador-791463,diaadia.com.pa,es,,2026-09-04T20:00:00+00:00,2026-10-06T18:46:40+00:00,,gdelt_doc:logistica,titular_metadatos,
N-14c377d14e20,En menos de 24 horas : cinco vidas perdidas y tres heridos enlutan las carreteras panameñas,https://www.midiario.com/policiales/en-menos-de-24-horas-cinco-vidas-perdidas-y-tres-heridos-enlutan-las-carreteras-panamenas/,midiario.com,es,,2026-07-12T19:15:00+00:00,2026-10-06T18:46:40+00:00,,gdelt_doc:panama,titular_metadatos,
N-14cce158ba82,Un juez argentino vincula el atentado contra la AMIA con la explosión del vuelo de Alas Chiricanas,https://www.prensa.com/judiciales/un-juez-argentino-vincula-el-atentado-contra-la-amia-con-la-explosion-del-vuelo-de-alas-chiricanas/,prensa.com,es,,2026-10-01T06:00:00+00:00,2026-10-06T18:46:40+00:00,,gdelt_doc:logistica,titular_metadatos,
N-14fa01585df1,"Fallece Cristóbal Toby Muñoz , figura destacada de la música panameña",https://www.laestrella.com.pa/vida-y-cultura/farandula/fallece-cristobal-toby-munoz-figura-destacada-de-la-musica-panamena-IF26108563,laestrella.com.pa,es,,2026-09-30T21:45:00+00:00,2026-10-06T18:46:40+00:00,,gdelt_doc:panama,titular_metadatos,
N-153f21fdc058,Campesinos protestan contra el embalse del Canal de Panamá y el cierre de cementerios,https://www.expreso.ec/internacional/campesinos-marchan-corte-suprema-embalse-canal-panama-cierre-cementerios-291439.html,expreso.ec,es,,2026-08-04T21:15:00+00:00,2026-10-06T18:46:40+00:00,,gdelt_doc:eventos_naturales,titular_metadatos,
N-154fae92b483,Chapman se reúne con presidentes de las cámaras de comercio de Aguadulce y Penonomé para conocer el impacto del cierre de la mina en la economía local,https://www.panamaamerica.com.pa/economia/chapman-se-reune-con-presidentes-de-las-camaras-de-comercio-de-aguadulce-y-penonome-para,panamaamerica.com.pa,es,,2026-08-21T16:45:00+00:00,2026-10-06T18:46:40+00:00,,gdelt_doc:economia,titular_metadatos,
N-155144c64aa0,"24th Marine Expeditionary Unit , USS San Antonio Transit Panama Canal",https://seapowermagazine.org/24th-marine-expeditionary-unit-uss-san-antonio-transit-panama-canal/,seapowermagazine.org,en,,2026-08-05T00:30:00+00:00,2026-10-06T18:46:40+00:00,,gdelt_doc:logistica,titular_metadatos,
N-15594547ebee,El nuevo rostro de las finanzas,https://www.prensa.com/opinion/el-nuevo-rostro-de-las-finanzas/,prensa.com,es,,2026-09-09T06:45:00+00:00,2026-10-06T18:46:40+00:00,,gdelt_doc:economia,titular_metadatos,
N-15750cb7d15d,Restauran la muralla que fortificó la nueva Ciudad de Panamá hace más de 300 años,https://www.panamaamerica.com.pa/variedades/restauran-la-muralla-que-fortifico-la-nueva-ciudad-de-panama-hace-mas-de-300-anos-1263921,panamaamerica.com.pa,es,,2026-07-13T19:45:00+00:00,2026-10-06T18:46:40+00:00,,gdelt_doc:logistica,titular_metadatos,
N-159320a66171,Panama foreign minister arrives in India on five - day official visit,https://news.webindia123.com/news/Articles/World/20260719/4476498.html,news.webindia123.com,en,,2026-07-19T06:15:00+00:00,2026-10-06T18:46:40+00:00,,gdelt_doc:panama,titular_metadatos,
N-15c6502ef4bd,"Tropical Storm Bertha strengthens , moves toward Florida Panhandle and Alabama",https://www.walb.com/2026/07/21/tropical-storm-bertha-strengthens-moves-toward-florida-panhandle-alabama/,walb.com,en,,2026-07-21T13:45:00+00:00,2026-10-06T18:46:40+00:00,,gdelt_doc:eventos_naturales,titular_metadatos,
N-160116edb204,El destino de Latinoamérica reconocido como el mejor para viajar en 2027,https://www.semana.com/turismo/articulo/el-destino-de-latinoamerica-reconocido-como-el-mejor-para-viajar-en-2027/202600/,semana.com,es,,2026-09-30T15:00:00+00:00,2026-10-06T18:46:40+00:00,,gdelt_doc:turismo,titular_metadatos,
N-160d0fa71740,"El acuerdo petrolero de una nueva era en Venezuela : lo bueno , lo malo y lo nefasto",https://panampost.com/jose-gregorio-martinez/2026/08/29/el-acuerdo-petrolero-de-una-nueva-era-en-venezuela-lo-bueno-lo-malo-y-lo-nefasto/,panampost.com,es,,2026-08-29T22:30:00+00:00,2026-10-06T18:46:40+00:00,,gdelt_doc:turismo,titular_metadatos,
N-160d91864cbe,Panama Canal Loosens Neopanamax Booking Rules as Capacity Tightens,https://gcaptain.com/panama-canal-loosens-neopanamax-booking-rules-as-capacity-tightens/,gcaptain.com,en,,2026-08-30T20:15:00+00:00,2026-10-06T18:46:40+00:00,,gdelt_doc:logistica,titular_metadatos,
N-161e23f115ff,El Niño en Panamá : estos son los meses en que podrían aumentar la sequía y las altas temperaturas,https://www.telemetro.com/nacionales/el-nino-panama-estos-son-los-meses-que-podrian-aumentar-la-sequia-y-las-altas-temperaturas-n6089804,telemetro.com,es,,2026-08-26T17:15:00+00:00,2026-10-06T18:46:40+00:00,,gdelt_doc:economia,titular_metadatos,
N-162dfd448350,Revancha : Panameña que no pasó casting de Canta Conmigo compite en concurso internacional en Irlanda,https://www.prensa.com/vivir/revancha-panamena-que-no-paso-casting-de-canta-conmigo-compite-en-concurso-internacional-en-irlanda/,prensa.com,es,,2026-07-23T22:30:00+00:00,2026-10-06T18:46:40+00:00,,gdelt_doc:panama,titular_metadatos,
N-165967153dde,Carnival Destiny unveiled as cruise line largest ship yet,https://www.sun-sentinel.com/2026/07/16/carnival-destiny-unveiled-as-cruise-lines-largest-ship-yet/,sun-sentinel.com,en,,2026-07-16T18:15:00+00:00,2026-10-06T18:46:40+00:00,,gdelt_doc:logistica,titular_metadatos,
N-165bf8f1a8e1,Panamá expresa sus condolencias por la muerte del senador estadounidense Lindsey Graham,https://www.diaadia.com.pa/el-pais/panama-expresa-sus-condolencias-por-la-muerte-del-senador-estadounidense-lindsey-graham,diaadia.com.pa,es,,2026-07-13T17:30:00+00:00,2026-10-06T18:46:40+00:00,,gdelt_doc:panama,titular_metadatos,
N-1663cae49c52,Mulino anuncia que hará cambios al interés preferencial y eliminará el ITBI de viviendas,https://www.midiario.com/nacionales/mulino-anuncia-que-hara-cambios-al-interes-preferencial-y-eliminara-el-itbi-de-viviendas/,midiario.com,es,,2026-07-26T00:00:00+00:00,2026-10-06T18:46:40+00:00,,gdelt_doc:economia,titular_metadatos,
N-1665b46a751b,Juzgado toma decisión sobre cliente del diputado José Miguel Villalobos en el caso por el que se ausentó del Congreso,https://www.nacion.com/sucesos/juzgado-toma-decision-sobre-cliente-del-diputado/Q6DLU3BPSVF7LEHIYDJAUPJYVQ/story/,nacion.com,es,,2026-07-30T03:30:00+00:00,2026-10-06T18:46:40+00:00,,gdelt_doc:logistica,titular_metadatos,
N-167a1cb4e744,"Lo próximo que veremos será una acción militar directa de EE . UU . en América Latina , supuestamente contra el narcotráfico",https://www.hsbnoticias.com/lo-proximo-que-veremos-sera-una-accion-militar-directa-de-ee-uu-en-america-latina-supuestamente-contra-el-narcotrafico/,hsbnoticias.com,es,,2026-09-23T22:30:00+00:00,2026-10-06T18:46:40+00:00,,gdelt_doc:economia,titular_metadatos,
N-16879c6d51ce,How El Nino is choking the Panama Canal,https://www.enca.com/opinion/how-el-nino-choking-panama-canal,enca.com,en,,2026-09-04T07:00:00+00:00,2026-10-06T18:46:40+00:00,,gdelt_doc:logistica,titular_metadatos,
N-169296fe1bb4,"A rail line 191 miles long across the narrowest part of Mexico is the reason the Port of Sines in Portugal signed a shipping deal 5 , 000 miles away in February",https://www.ecoportal.net/en/february-deal-linked-ports-000-miles/30566/,ecoportal.net,en,,2026-07-30T23:00:00+00:00,2026-10-06T18:46:40+00:00,,gdelt_doc:logistica,titular_metadatos,
N-16a4f969ac49,Estrecho de Magallanes : ¿ el Ormuz latinoamericano ?,https://eju.tv/2026/09/estrecho-de-magallanes-el-ormuz-latinoamericano/,eju.tv,es,,2026-09-06T14:15:00+00:00,2026-10-06T18:46:40+00:00,,gdelt_doc:logistica,titular_metadatos,
N-16b77e613317,Venezuela says transition talks to start this week,https://www.taipeitimes.com/News/front/archives/2026/08/03/2003861834,taipeitimes.com,en,,2026-08-02T16:45:00+00:00,2026-10-06T18:46:40+00:00,,gdelt_doc:economia,titular_metadatos,
N-16c6d7f48d4d,Colón : conflictos y tensiones urbanas en una ciudad - puerto,https://www.laestrella.com.pa/vida-y-cultura/cultura/colon-conflictos-y-tensiones-urbanas-en-una-ciudad-puerto-CB24523760,laestrella.com.pa,es,,2026-08-01T08:30:00+00:00,2026-10-06T18:46:40+00:00,,gdelt_doc:economia,titular_metadatos,
N-16d2641283ec,Canal de Panamá aumentará a 33 tránsitos diarios,https://www.critica.com.pa/nacional/canal-de-panama-aumentara-33-transitos-diarios-517163,critica.com.pa,es,,2026-09-28T21:00:00+00:00,2026-10-06T18:46:40+00:00,,gdelt_doc:logistica,titular_metadatos,
N-16d88fc9e04d,Cocodrilos en Panamá tendrán nuevo protocolo,https://www.midiario.com/nacionales/cocodrilos-en-panama-tendran-nuevo-protocolo/,midiario.com,es,,2026-08-31T00:00:00+00:00,2026-10-06T18:46:40+00:00,,gdelt_doc:panama,titular_metadatos,
N-16e00450ece3,"Panama is not only the beginning : Foreign Minister pitches nation as India premier manufacturing , trade launchpad in Latin America",http://www.bruneinews.net/news/279199252/panama-is-not-only-the-beginning-foreign-minister-pitches-nation-as-india-premier-manufacturing-trade-launchpad-in-latin-america,bruneinews.net,en,,2026-07-20T21:00:00+00:00,2026-10-06T18:46:40+00:00,,gdelt_doc:economia,titular_metadatos,
N-16eea6f96ec2,Pasaporte mexicano : estos países no te piden Visa para viajar,https://elmanana.com.mx/nacional/2026/8/24/pasaporte-mexicano-estos-paises-no-te-piden-visa-para-viajar-179064.html,elmanana.com.mx,es,,2026-08-24T11:45:00+00:00,2026-10-06T18:46:40+00:00,,gdelt_doc:turismo,titular_metadatos,
N-170d4f8cf319,Reducción del calado en el Canal de Panamá queda pospuesta hasta nuevo aviso,https://www.laestrella.com.pa/economia/reduccion-del-calado-en-el-canal-de-panama-queda-pospuesta-hasta-nuevo-aviso-GA25435245,laestrella.com.pa,es,,2026-09-05T01:45:00+00:00,2026-10-06T18:46:40+00:00,,gdelt_doc:logistica,titular_metadatos,
N-17166a41429c,¡ Ojo con los CEPANIM ! Podrían usarse al 100 % para comprar en comercios y pagar impuestos,https://www.midiario.com/nacionales/ojo-con-los-cepanim-podrian-usarse-al-100-para-comprar-en-comercios-y-pagar-impuestos/,midiario.com,es,,2026-09-03T16:15:00+00:00,2026-10-06T18:46:40+00:00,,gdelt_doc:economia,titular_metadatos,
N-172ba7438ac0,Panamá alista sus armas para recibir a Canadá,https://www.midiario.com/deportivas/panama-alista-sus-armas-para-recibir-a-canada/,midiario.com,es,,2026-08-18T20:45:00+00:00,2026-10-06T18:46:40+00:00,,gdelt_doc:logistica,titular_metadatos,
N-173bf67fc68d,Potente fenómeno de El Niño afectará operación del Canal de Panamá,https://www.teletica.com/bbc-news-mundo/potente-fenomeno-de-el-nino-afectara-operacion-del-canal-de-panama_416584,teletica.com,es,,2026-09-03T15:30:00+00:00,2026-10-06T18:46:40+00:00,,gdelt_doc:economia,titular_metadatos,
N-17525633452a,El tirón de orejas de Trump a Delcy : « Al final tiene que haber elecciones »,https://www.elcorreo.com/internacional/tiron-orejas-trump-delcy-final-haber-elecciones-20260924071527-ntrc.html,elcorreo.com,es,,2026-09-24T06:15:00+00:00,2026-10-06T18:46:40+00:00,,gdelt_doc:economia,titular_metadatos,
N-176251c40b45,"Principales bancos colombianos y panameños , resilientes ante las presiones del entorno",https://www.revistaeyn.com/finanzas/principales-bancos-colombianos-y-panamenos-resilientes-ante-las-presiones-del-entorno-GP31498943,revistaeyn.com,es,,2026-07-24T14:15:00+00:00,2026-10-06T18:46:40+00:00,,gdelt_doc:economia,titular_metadatos,
N-1763e24386d4,Previsiones principales de semana del 13 al 19 de septiembre de 2026,https://www.prensa-latina.cu/2026/09/12/previsiones-principales-de-semana-del-13-al-19-de-septiembre-de-2026/,prensa-latina.cu,es,,2026-09-12T14:15:00+00:00,2026-10-06T18:46:40+00:00,,gdelt_doc:economia,titular_metadatos,
N-177fa2bde5a7,Puerto Valparaíso recibe a uno de los buques de mayor tamaño que han arribado a Chile,https://www.eldinamo.cl/economia/2026/08/18/puerto-valparaiso-recibe-a-uno-de-los-buques-de-mayor-tamano-que-han-arribado-a-chile/,eldinamo.cl,es,,2026-08-19T00:30:00+00:00,2026-10-06T18:46:40+00:00,,gdelt_doc:logistica,titular_metadatos,
N-17869cc42a65,"Panama is not only the beginning : Foreign Minister pitches nation as India premier manufacturing , trade launchpad in Latin America",http://www.greekherald.com/news/279199252/panama-is-not-only-the-beginning-foreign-minister-pitches-nation-as-india-premier-manufacturing-trade-launchpad-in-latin-america,greekherald.com,en,,2026-07-20T19:15:00+00:00,2026-10-06T18:46:40+00:00,,gdelt_doc:economia,titular_metadatos,
N-180c0aaf6a72,"El 70 % de la población panameña no califica para créditos hipotecarios , advierte Acobir",https://www.panamaamerica.com.pa/economia/el-70-de-la-poblacion-panamena-no-califica-para-creditos-hipotecarios-advierte-acobir,panamaamerica.com.pa,es,,2026-07-29T18:00:00+00:00,2026-10-06T18:46:40+00:00,,gdelt_doc:economia,titular_metadatos,
N-183e7c77d2cb,Ecuador y Panamá : ¿ qué acuerdos firmarán Daniel Noboa y José Raúl Mulino en Guayaquil ?,https://www.expreso.ec/politica/ecuador-panama-acuerdos-firmaran-daniel-noboa-jose-raul-mulino-guayaquil-294549.html,expreso.ec,es,,2026-09-04T04:30:00+00:00,2026-10-06T18:46:40+00:00,,gdelt_doc:logistica,titular_metadatos,
N-187c0effb4ad,Mario Castrellón protagoniza Líderes 360 este viernes en Noticias AM,https://www.tvn-2.com/lideres-360/mario-castrellon-protagoniza-lideres-360-noticias-am_1_2254164.html,tvn-2.com,es,2026-08-05T11:00:19+00:00,,2026-10-06T18:46:40+00:00,,tvn_rss,titular_metadatos,
N-18b096be7a6b,Cuarto Poder : 20 de julio de 2026,https://www.telemetro.com/cuarto-poder/cuarto-poder-20-julio-2026-n6085726,telemetro.com,es,,2026-07-20T17:00:00+00:00,2026-10-06T18:46:40+00:00,,gdelt_doc:panama,titular_metadatos,
N-18cec4e36ef5,"Tras ser involucrado en una de las mayores polémicas de Teletica Formatos , esta figura regresa a Canal 7",https://www.nacion.com/viva/tras-ser-involucrado-en-una-de-las-mayores/NUREPCITJBGTPLBGUEFJNYPWPA/story/,nacion.com,es,,2026-07-13T22:00:00+00:00,2026-10-06T18:46:40+00:00,,gdelt_doc:logistica,titular_metadatos,
N-18ea931e2402,"Tropical Storm Bertha strengthens , moves toward Florida Panhandle and Alabama",https://www.weau.com/2026/07/21/tropical-storm-bertha-strengthens-moves-toward-florida-panhandle-alabama/,weau.com,en,,2026-07-21T12:15:00+00:00,2026-10-06T18:46:40+00:00,,gdelt_doc:eventos_naturales,titular_metadatos,
N-18f494ac9e84,"Panamá abre centro que fusiona historia y naturaleza tras invertir 7 , 7 millones de dólares",https://www.laestrella.com.pa/vida-y-cultura/ciencia/panama-abre-centro-que-fusiona-historia-y-naturaleza-tras-invertir-77-millones-de-dolares-AA25438901,laestrella.com.pa,es,,2026-09-05T01:45:00+00:00,2026-10-06T18:46:40+00:00,,gdelt_doc:panama,titular_metadatos,
N-19154cc2e865,Liberia Widens Lead As World Top Ship Registry,https://allafrica.com/stories/202609280739.html,allafrica.com,en,,2026-09-29T01:15:00+00:00,2026-10-06T18:46:40+00:00,,gdelt_doc:logistica,titular_metadatos,
N-19199ebf65b5,Hong Kong conglomerate seeks $1 . 5 billion in damages from Panama for takeover of canal ports,https://jamaica-gleaner.com/article/world-news/20260820/hong-kong-conglomerate-seeks-15-billion-damages-panama-takeover-canal,jamaica-gleaner.com,en,,2026-08-20T20:45:00+00:00,2026-10-06T18:46:40+00:00,,gdelt_doc:logistica,titular_metadatos,
N-1925774fc52f,"1 pm CT : Bertha Begins Turn To The West , Wind Pushing Rain Offshore | Vero Patriot",https://veropatriot.iheart.com/featured/florida-news/content/2026-07-21-1-pm-ct-bertha-begins-turn-to-the-west-wind-pushing-rain-offshore/,veropatriot.iheart.com,en,,2026-07-21T22:00:00+00:00,2026-10-06T18:46:40+00:00,,gdelt_doc:eventos_naturales,titular_metadatos,
N-192f38536630,Stupid on Stilts or generalizing from parties on foreign soil .,https://www.dailykos.com/stories/2026/9/28/800104581/community/stupid-on-stilts-generalizing-from-parties-on-foreign-soil/,dailykos.com,en,,2026-09-28T14:45:00+00:00,2026-10-06T18:46:40+00:00,,gdelt_doc:logistica,titular_metadatos,
N-192fad844603,¡ No bajen la guardia ! Panamá roza los 4 mil casos de dengue,https://www.critica.com.pa/nacional/no-bajen-la-guardia-panama-roza-los-4-mil-casos-de-dengue-513228,critica.com.pa,es,,2026-07-21T20:00:00+00:00,2026-10-06T18:46:40+00:00,,gdelt_doc:logistica,titular_metadatos,
N-19315f8f06e6,From America First to Donroe Doctrine ? Trump Latin America pivot raises eyebrows,https://www.independent.co.uk/news/world/americas/us-politics/trump-monroe-doctrine-colby-latin-america-maduro-b3011685.html,independent.co.uk,en,,2026-07-09T16:45:00+00:00,2026-10-06T18:46:40+00:00,,gdelt_doc:economia,titular_metadatos,
N-1953d0bad954,El Gobierno congela el proyecto de ITBMS al comercio digital ante el rechazo ciudadano,https://www.panamaamerica.com.pa/economia/el-gobierno-congela-el-proyecto-de-itbms-al-comercio-digital-ante-el-rechazo-ciudadano,panamaamerica.com.pa,es,,2026-08-24T23:00:00+00:00,2026-10-06T18:46:40+00:00,,gdelt_doc:economia,titular_metadatos,
N-197f5f809a2d,Panamá anuncia renovación de acuerdo marítimo con China en medio de crisis por puertos en el canal,https://www.diariolasamericas.com/america-latina/panama-anuncia-renovacion-acuerdo-maritimo-china-medio-crisis-puertos-el-canal-n5399160,diariolasamericas.com,es,,2026-07-21T04:30:00+00:00,2026-10-06T18:46:40+00:00,,gdelt_doc:panama,titular_metadatos,
N-19c37c7e3ec9,Panamá no renueva contrato con Fitch Ratings para ahorrar costos,https://www.critica.com.pa/nacional/panama-no-renueva-contrato-con-fitch-ratings-para-ahorrar-costos-513242,critica.com.pa,es,,2026-07-22T00:15:00+00:00,2026-10-06T18:46:40+00:00,,gdelt_doc:economia,titular_metadatos,
N-19cf9e070555,"Movimiento de contenedores TEU en Balboa , Cristóbal y Bocas Fruit se desploma ; MIT , Colón y PSA crecen",https://www.laestrella.com.pa/economia/movimiento-de-contenedores-teu-en-balboa-cristobal-y-bocas-fruit-se-desploma-mit-colon-y-psa-crecen-KK25584439,laestrella.com.pa,es,,2026-09-10T21:15:00+00:00,2026-10-06T18:46:40+00:00,,gdelt_doc:economia,titular_metadatos,
N-19d0d8790b6e,"This New Curaçao All - Inclusive Has a Private Beach , Swim - Up Rooms , and an Opening Date",https://www.caribjournal.com/2026/08/04/all-inclusive-resort-tui-curacao-opening/,caribjournal.com,en,,2026-08-05T02:45:00+00:00,2026-10-06T18:46:40+00:00,,gdelt_doc:turismo,titular_metadatos,
N-19db86f80523,IMA comprará mil cerdos a productores nacionales,https://www.critica.com.pa/nacional/ima-comprara-mil-cerdos-productores-nacionales-515549,critica.com.pa,es,,2026-08-31T07:15:00+00:00,2026-10-06T18:46:40+00:00,,gdelt_doc:economia,titular_metadatos,
N-19e1e9b5a5c5,Puerto Plata suma nuevas conexiones internacionales de cara a la temporada de invierno,https://hoy.com.do/economia/puerto-plata-suma-nuevas-conexiones-internacionales-cara-temporada-invierno_1097110.html,hoy.com.do,es,,2026-07-31T17:00:00+00:00,2026-10-06T18:46:40+00:00,,gdelt_doc:turismo,titular_metadatos,
N-19f2a91d3974,Panamá cae en penales ante Nueva Zelanda en las semifinales de la Copa Kirin,https://www.prensa.com/deportes/panama-cae-en-penales-ante-nueva-zelanda-en-las-semifinales-de-la-copa-kirin/,prensa.com,es,,2026-10-01T10:00:00+00:00,2026-10-06T18:46:40+00:00,,gdelt_doc:panama,titular_metadatos,
N-1a0a4c3fd9ce,"IFX refuerza liderazgo en Panamá con mayor inversión , innovación y una renovada imagen",https://www.panamaamerica.com.pa/tecnologia/ifx-refuerza-liderazgo-en-panama-con-mayor-inversion-innovacion-y-una-renovada-imagen,panamaamerica.com.pa,es,,2026-08-21T06:15:00+00:00,2026-10-06T18:46:40+00:00,,gdelt_doc:economia,titular_metadatos,
N-1a1630103001,Cancillería eleva a 15 los casos de panameños en la guerra Rusia y Ucrania ; llega segunda denuncia al MP,https://www.prensa.com/politica/cancilleria-eleva-a-15-los-casos-de-panamenos-en-la-guerra-rusia-y-ucrania-llega-segunda-denuncia-en-el-mp/,prensa.com,es,,2026-07-24T17:30:00+00:00,2026-10-06T18:46:40+00:00,,gdelt_doc:panama,titular_metadatos,
N-1a1f5bf2d40c,"Tránsitos por el Canal de Panamá suben 5 . 2 % e ingresos alcanzan $4 , 802 millones en los primeros 9 meses del año fiscal",https://www.panamaamerica.com.pa/economia/transitos-por-el-canal-de-panama-suben-52-e-ingresos-alcanzan-4802-millones-en-los-primeros,panamaamerica.com.pa,es,,2026-07-23T00:30:00+00:00,2026-10-06T18:46:40+00:00,,gdelt_doc:logistica,titular_metadatos,
N-1a242f3d759e,Preview - Asamblea de Panamá,https://www.asamblea.gob.pa/Noticias/Noticias/TRASLADO-PARA-LA-UNACHI-Y-VISTAS-PRESUPUESTARIAS-,asamblea.gob.pa,es,,2026-09-29T00:45:00+00:00,2026-10-06T18:46:40+00:00,,gdelt_doc:economia,titular_metadatos,
N-1a2c09a425a0,Sydney Harbour to Antarctica : 10 ultimate cruise moments | The Northern Daily Leader,https://www.northerndailyleader.com.au/story/9349631/sydney-harbour-to-antarctica-10-ultimate-cruise-moments/,northerndailyleader.com.au,en,,2026-09-27T21:15:00+00:00,2026-10-06T18:46:40+00:00,,gdelt_doc:logistica,titular_metadatos,
N-1a31385283fa,Acuerdo entre Panamá y China reduce al mínimo las detenciones en los puertos de los buques con bandera panameña,https://www.laestrella.com.pa/panama/nacional/acuerdo-entre-panama-y-china-reduce-al-minimo-las-detenciones-en-los-puertos-de-los-buques-con-bandera-panamena-CH24325766,laestrella.com.pa,es,,2026-07-24T00:15:00+00:00,2026-10-06T18:46:40+00:00,,gdelt_doc:panama,titular_metadatos,
N-1a5b02773fbd,"Turismo de salud , Cali busca liderar en América Latina",https://www.elpais.com.co/turismo/cali-y-el-valle-del-cauca-le-apuestan-al-turismo-medico-este-es-el-crecimiento-que-ha-el-sector-entrevista-2744.html,elpais.com.co,es,,2026-07-27T23:15:00+00:00,2026-10-06T18:46:40+00:00,,gdelt_doc:turismo,titular_metadatos,
N-1a84c05e5f29,Josué Yayita Vergara se une a la Selección Mayor de Fútbol de Panamá,https://www.critica.com.pa/deportes/josue-yayita-vergara-se-une-la-seleccion-mayor-de-futbol-de-panama-517312,critica.com.pa,es,,2026-10-01T06:00:00+00:00,2026-10-06T18:46:40+00:00,,gdelt_doc:panama,titular_metadatos,
N-1a8e67c192dc,"Extensión de Línea 3 y otras obras , ejes de la reunión entre Mulino y Motegi",https://www.critica.com.pa/nacional/extension-de-linea-3-y-otras-obras-ejes-de-la-reunion-entre-mulino-y-motegi-514125,critica.com.pa,es,,2026-08-06T17:15:00+00:00,2026-10-06T18:46:40+00:00,,gdelt_doc:logistica,titular_metadatos,
N-1a92fe8780fa,Sueños y realidades,https://www.eleconomista.com.mx/opinion/suenos-realidades-20260802-826268.html,eleconomista.com.mx,es,,2026-08-03T03:15:00+00:00,2026-10-06T18:46:40+00:00,,gdelt_doc:economia,titular_metadatos,
N-1a9fe276485a,"Panamá y New York Institute of Technology exploran alianza de cooperación académica , científica y tecnológica – Ministerio de Relaciones exteriores",https://mire.gob.pa/panama-y-new-york-institute-of-technology-exploran-alianza-de-cooperacion-academica-cientifica-y-tecnologica/,mire.gob.pa,es,,2026-09-28T23:30:00+00:00,2026-10-06T18:46:40+00:00,,gdelt_doc:economia,titular_metadatos,
N-1addfc1a5d63,Qué beneficio gratis tienen colombianos en viaje a Panamá desde septiembre 2026,https://www.pulzo.com/vivir-bien/viajes-y-turismo/que-beneficio-gratis-tienen-colombianos-viaje-panama-desde-septiembre-2026-PP5300061,pulzo.com,es,,2026-09-11T23:45:00+00:00,2026-10-06T18:46:40+00:00,,gdelt_doc:economia,titular_metadatos,
N-1af91bd059e5,El Canal de Panamá limita el tránsito de buques por escasez de agua tras la sequía,https://www.cadena3.com/noticia/mundo/el-canal-de-panama-limita-el-transito-de-buques-por-escasez-de-agua-tras-la-sequia_585637,cadena3.com,es,,2026-08-21T01:45:00+00:00,2026-10-06T18:46:40+00:00,,gdelt_doc:logistica,titular_metadatos,
N-1afcea24a731,Los diputados Camacho y Duke chocan por el proceso de aprobación del presupuesto 2027,https://www.laestrella.com.pa/panama/nacional/los-diputados-camacho-y-duke-chocan-por-el-proceso-de-aprobacion-del-presupuesto-2027-FF25640544,laestrella.com.pa,es,,2026-09-13T01:00:00+00:00,2026-10-06T18:46:40+00:00,,gdelt_doc:economia,titular_metadatos,
N-1b02877c5a4b,"Tropical Storm Bertha Strengthens , Top Winds 60 | 1290 WJNO",https://wjno.iheart.com/featured/florida-news/content/2026-07-21-tropical-storm-bertha-strengthens-top-winds-60/,wjno.iheart.com,en,,2026-07-21T16:00:00+00:00,2026-10-06T18:46:40+00:00,,gdelt_doc:eventos_naturales,titular_metadatos,
N-1b089c699607,EEUU dispara contra un buque de Panamá que intentó burlar el bloqueo naval a Irán,https://www.elconfidencial.com/mundo/2026-08-11/helicoptero-eeuu-buque-iran-ataque-1tps_4404695/,elconfidencial.com,es,,2026-08-11T22:45:00+00:00,2026-10-06T18:46:40+00:00,,gdelt_doc:economia,titular_metadatos,
N-1b3c2e5b037b,Swiss trade with Cuba stifled by fears of US sanctions,https://www.swissinfo.ch/eng/trade-policy/swiss-trade-with-cuba-stifled-by-fears-of-us-sanctions/91978745,swissinfo.ch,en,,2026-09-01T08:15:00+00:00,2026-10-06T18:46:40+00:00,,gdelt_doc:economia,titular_metadatos,
N-1b4659ba6b50,U . S . Dredging : A Cornerstone Of Maritime Commerce And,https://www.marinelink.com/news/us-dredging-a-cornerstone-maritime-541720,marinelink.com,en,,2026-08-03T12:30:00+00:00,2026-10-06T18:46:40+00:00,,gdelt_doc:eventos_naturales,titular_metadatos,
N-1b52723cbbd8,Panamá y Japón refuerzan cooperación estratégica y sostenibilidad en el Canal interoceánico – Ministerio de Relaciones exteriores,https://mire.gob.pa/panama-y-japon-refuerzan-cooperacion-estrategica-y-sostenibilidad-en-el-canal-interoceanico/,mire.gob.pa,es,,2026-08-05T16:45:00+00:00,2026-10-06T18:46:40+00:00,,gdelt_doc:logistica,titular_metadatos,
N-1b56dd3d0e46,El inglés llega con nuevas herramientas digitales a las escuelas públicas de Panamá,https://www.diariodelsur.com.co/plataforma-educativa-panama-aprendizaje-idiomas-escuelas-publicas/,diariodelsur.com.co,es,,2026-09-10T04:15:00+00:00,2026-10-06T18:46:40+00:00,,gdelt_doc:economia,titular_metadatos,
N-1b5a2b8235d0,Guayaquil retira 600 toneladas de desechos en Fiestas Julianas,https://www.eldiario.ec/guayaquil/guayaquil-retiro-mas-de-600-toneladas-de-desechos-durante-las-fiestas-julianas-por-sus-491-anos-de-fundacion-27072026/,eldiario.ec,es,,2026-07-28T04:00:00+00:00,2026-10-06T18:46:40+00:00,,gdelt_doc:turismo,titular_metadatos,
N-1b5ad275250e,Al béisbol boricua le quedan siete compromisos internacionales en este 2026 - NotiCel - La verdad como es - Noticias de Puerto Rico,https://noticel.com/deportes/20260901/al-beisbol-boricua-le-quedan-siete-compromisos-internacionales-en-este-2026/,noticel.com,es,,2026-09-01T19:15:00+00:00,2026-10-06T18:46:40+00:00,,gdelt_doc:logistica,titular_metadatos,
N-1b6311a3daf8,China Via CK Hutchison is Claiming More than $1 . 5 Billion from Panama Over its Exit from Two Ports .,https://newsroompanama.com/2026/08/20/china-via-ck-hutchison-is-claiming-more-than-1-5-billion-from-panama-over-its-exit-from-two-ports/,newsroompanama.com,en,,2026-08-21T03:15:00+00:00,2026-10-06T18:46:40+00:00,,gdelt_doc:logistica,titular_metadatos,
N-1b98c4e98041,"Panama is not only the beginning : Foreign Minister pitches nation as India premier manufacturing , trade launchpad in Latin America",http://www.brazilsun.com/news/279199252/panama-is-not-only-the-beginning-foreign-minister-pitches-nation-as-india-premier-manufacturing-trade-launchpad-in-latin-america,brazilsun.com,en,,2026-07-20T17:45:00+00:00,2026-10-06T18:46:40+00:00,,gdelt_doc:economia,titular_metadatos,
N-1ba2e1265af4,Cuba en los Centroamericanos en la jornada de este domingo,http://www.cuba.cu/deporte/2026-08-02/cuba-en-los-centroamericanos-en-la-jornada-de-este-domingo/69225,cuba.cu,es,,2026-08-03T08:30:00+00:00,2026-10-06T18:46:40+00:00,,gdelt_doc:logistica,titular_metadatos,
N-1ba816663bb3,"No son $25 millones , sino $68 millones adicionale los que pidió la Asamblea , confirma Shirley Castañedas",https://www.laestrella.com.pa/panama/politica/no-son-25-millones-sino-68-millones-adicionales-los-que-pidio-la-asamblea-confirma-shirley-castanedas-BC25411066,laestrella.com.pa,es,,2026-09-04T02:30:00+00:00,2026-10-06T18:46:40+00:00,,gdelt_doc:economia,titular_metadatos,
N-1bbc7c88d093,MEF aplicará ITBMS a plataformas digitales por vivienda,https://www.laestrella.com.pa/economia/mef-aplicara-itbms-a-plataformas-digitales-por-vivienda-AH25004105,laestrella.com.pa,es,,2026-08-19T00:30:00+00:00,2026-10-06T18:46:40+00:00,,gdelt_doc:economia,titular_metadatos,
N-1bbcc5158b06,Cepal modera proyección de crecimiento para Paraguay - Negocios,https://www.abc.com.py/negocios/2026/08/24/cepal-modera-proyeccion-de-crecimiento-para-paraguay/,abc.com.py,es,,2026-08-24T22:45:00+00:00,2026-10-06T18:46:40+00:00,,gdelt_doc:economia,titular_metadatos,
N-1bd9ff1e4ae9,¡ Caen tres por minería ilegal en el Parque Nacional Chagres !,https://www.critica.com.pa/nacional/caen-tres-por-mineria-ilegal-en-el-parque-nacional-chagres-513622,critica.com.pa,es,,2026-07-28T17:15:00+00:00,2026-10-06T18:46:40+00:00,,gdelt_doc:logistica,titular_metadatos,
N-1bf4a4cfa784,Murillo niega que ferias sean competencia desleal para supermercados,https://www.panamaamerica.com.pa/economia/murillo-niega-que-ferias-sean-competencia-desleal-para-supermercados-1263910,panamaamerica.com.pa,es,,2026-07-13T19:45:00+00:00,2026-10-06T18:46:40+00:00,,gdelt_doc:economia,titular_metadatos,
N-1c1a70b1602f,Canal de Panamá reducirá nuevamente el calado de los buques : ¿ cuándo comenzarán los ajustes ?,https://www.telemetro.com/nacionales/canal-panama-reducira-nuevamente-el-calado-los-buques-cuando-comenzaran-los-ajustes-n6087650,telemetro.com,es,,2026-08-06T19:45:00+00:00,2026-10-06T18:46:40+00:00,,gdelt_doc:logistica,titular_metadatos,
N-1c5afb8d6847,Diecinueve aerolíneas operan en los terminales temporales de Maiquetía,https://nuevodia.com.ve/diecinueve-aerolineas-operan-en-los-terminales-temporales-de-maiquetia/,nuevodia.com.ve,es,,2026-09-10T15:15:00+00:00,2026-10-06T18:46:40+00:00,,gdelt_doc:turismo,titular_metadatos,
N-1c67355c3c3a,Video : Presidente Balcázar recibe al rey Felipe VI en Palacio por la transmisión del mando supremo por Radio Nacional,https://www.deperu.com/tv/XGqcjEgYAyY.presidente-balcazar-recibe-al-rey-felipe-vi-en-palacio-por-la-transmision-del-mando-supremo.UCVW7J-lF26d3G3X8i2zmKow.html,deperu.com,es,,2026-07-28T07:15:00+00:00,2026-10-06T18:46:40+00:00,,gdelt_doc:economia,titular_metadatos,
N-1c7c9cfb9db2,Síntesis de Cuba - Noticias Prensa Latina,https://www.prensa-latina.cu/2026/09/24/sintesis-de-cuba-584/,prensa-latina.cu,es,,2026-09-24T18:45:00+00:00,2026-10-06T18:46:40+00:00,,gdelt_doc:turismo,titular_metadatos,
N-1c88fef58fca,Pentagon seeks to rally Latin America behind new Monroe Doctrine,https://www.spokesman.com/stories/2026/jul/08/pentagon-seeks-to-rally-latin-america-behind-new-m/,spokesman.com,en,,2026-07-09T02:15:00+00:00,2026-10-06T18:46:40+00:00,,gdelt_doc:economia,titular_metadatos,
N-1cbacb5411a5,Garry Conille | There no problem that cant be solved ( S13 - E12 ),https://www.un.org/en/awake-at-night/s13-garry-conille-there-is-no-problem-that-can-not-be-solved,un.org,en,,2026-09-03T15:45:00+00:00,2026-10-06T18:46:40+00:00,,gdelt_doc:turismo,titular_metadatos,
N-1cde95d98406,¡ Entrada gratis ! Anuncian la IV Feria del Libro en Colón,https://www.critica.com.pa/nacional/entrada-gratis-anuncian-la-iv-feria-del-libro-en-colon-515858,critica.com.pa,es,,2026-09-05T18:00:00+00:00,2026-10-06T18:46:40+00:00,,gdelt_doc:turismo,titular_metadatos,
N-1cf2fc752787,Chiari evita hablar del lío con los créditos fiscales fraudulentos ; BAC dice que su gente tiene las manos limpias,https://www.panamaamerica.com.pa/judicial/chiari-evita-hablar-del-lio-con-los-creditos-fiscales-fraudulentos-bac-dice-que-su-gente,panamaamerica.com.pa,es,,2026-07-17T18:15:00+00:00,2026-10-06T18:46:40+00:00,,gdelt_doc:economia,titular_metadatos,
N-1cffff8c2968,Superintendencia de Bancos tendrá $25 . 7 millones en 2027 ; el 87 % provendrá de tasas que cobra a los bancos,https://www.prensa.com/economia/superintendencia-de-bancos-tendra-257-millones-en-2027-el-87-provendra-de-tasas-que-cobra-a-los-bancos/,prensa.com,es,,2026-08-18T02:45:00+00:00,2026-10-06T18:46:40+00:00,,gdelt_doc:economia,titular_metadatos,
N-1d0547e7b5e7,Presidente de Panamá confirma reunión entre Delcy Rodríguez y Trump en Nueva York,https://talcualdigital.com/presidente-de-panama-confirma-reunion-entre-delcy-rodriguez-y-trump-en-nueva-york/,talcualdigital.com,es,,2026-09-23T06:45:00+00:00,2026-10-06T18:46:40+00:00,,gdelt_doc:panama,titular_metadatos,
N-1d076eeb1cba,Dengue en Panamá : niños de 10 a 14 años son los más afectados,https://www.prensa.com/sociedad/dengue-en-panama-ninos-de-10-a-14-anos-son-los-mas-afectados/,prensa.com,es,,2026-08-17T17:00:00+00:00,2026-10-06T18:46:40+00:00,,gdelt_doc:logistica,titular_metadatos,
N-1d1f8a410398,"Análisis sobre Canasta Básica , Asamblea , Tren Panamá - David y habla el director del Sistema Penitenciario",https://www.telemetro.com/debate-abierto-dominical/analisis-canasta-basica-asamblea-tren-panama-david-y-habla-el-director-del-sistema-penitenciario-n6084962,telemetro.com,es,,2026-07-12T21:45:00+00:00,2026-10-06T18:46:40+00:00,,gdelt_doc:panama,titular_metadatos,
N-1d2776f2b2eb,Mujeres mayores en Panamá reclaman más autonomía y participación,https://www.prensa.com/vivir/mujeres-mayores-en-panama-reclaman-mas-autonomia-y-participacion/,prensa.com,es,,2026-09-01T07:30:00+00:00,2026-10-06T18:46:40+00:00,,gdelt_doc:panama,titular_metadatos,
N-1d2d87a41917,Medellin Airport Entry Denied to Four US Citizens During Flower Festival,https://www.riotimesonline.com/colombia-denies-entry-four-americans-medellin-airport-2026/,riotimesonline.com,en,,2026-08-02T16:15:00+00:00,2026-10-06T18:46:40+00:00,,gdelt_doc:turismo,titular_metadatos,
N-1d4a27891b66,El contrabando pone en jaque la Zona Libre de Colón,https://www.portafolio.co/internacional/el-contrabando-pone-en-jaque-la-zona-libre-de-colon-498017,portafolio.co,es,,2026-07-11T02:15:00+00:00,2026-10-06T18:46:40+00:00,,gdelt_doc:eventos_naturales,titular_metadatos,
N-1d525bedd11f,With an Impact on Tourism Trade and Investment Panama will Host the World Largest Coffee Event,https://newsroompanama.com/2026/07/11/with-an-impact-on-tourism-trade-and-investment-panama-will-host-the-worlds-largest-coffee-event/,newsroompanama.com,en,,2026-07-12T05:15:00+00:00,2026-10-06T18:46:40+00:00,,gdelt_doc:economia,titular_metadatos,
N-1d6dc4b60d18,Preview - Asamblea de Panamá,https://www.asamblea.gob.pa/Noticias/Actualidad/PRESUPUESTO-DE-LA-ACP-RECIBE-VOTO-UNANIME-EN-TERCER-DEBATE,asamblea.gob.pa,es,,2026-09-29T00:45:00+00:00,2026-10-06T18:46:40+00:00,,gdelt_doc:logistica,titular_metadatos,
N-1d7cc70119a0,Anticipan posibles alzas y retrasos en mercancía de Asia | Economía,https://www.elvocero.com/economia/anticipan-posibles-alzas-y-retrasos-en-mercanc-a-procedente-de-asia/article_162483fb-293f-491d-b554-770065db64b0.html,elvocero.com,es,,2026-09-01T10:15:00+00:00,2026-10-06T18:46:40+00:00,,gdelt_doc:economia,titular_metadatos,
N-1d969064c760,Banco Popular apuesta por sostenibilidad para impulsar el turismo,https://diariodigitalrd.com/2026/09/04/banco-popular-apuesta-por-sostenibilidad-para-impulsar-el-turismo.html,diariodigitalrd.com,es,,2026-09-04T16:15:00+00:00,2026-10-06T18:46:40+00:00,,gdelt_doc:turismo,titular_metadatos,
N-1d96c28d9242,Apede : Panamá debe fortalecer sus instituciones para competir por más inversión,https://www.prensa.com/economia/apede-panama-debe-fortalecer-sus-instituciones-para-competir-por-mas-inversion/,prensa.com,es,,2026-08-23T16:45:00+00:00,2026-10-06T18:46:40+00:00,,gdelt_doc:economia,titular_metadatos,
N-1dd461da4a5b,Cancillería sustenta ante Asamblea Nacional presupuesto por $94 . 9 millones para el 2027 – Ministerio de Relaciones exteriores,https://mire.gob.pa/cancilleria-sustenta-ante-asamblea-nacional-presupuesto-por-94-9-millones-para-el-2027/,mire.gob.pa,es,,2026-09-30T18:45:00+00:00,2026-10-06T18:46:40+00:00,,gdelt_doc:economia,titular_metadatos,
N-1e110d8f63bd,Panamá suma su medalla N . °11 en los Juegos Suramericanos,https://www.critica.com.pa/deportes/panama-suma-su-medalla-ndeg11-en-los-juegos-suramericanos-516905,critica.com.pa,es,,2026-09-24T07:45:00+00:00,2026-10-06T18:46:40+00:00,,gdelt_doc:panama,titular_metadatos,
N-1e35fb3351bc,"Panamá espera recaudar $100 millones con Itbms de 7 % a compras en Amazon , Temu y Netflix y otras plataformas",https://www.prensa.com/economia/panama-espera-recaudar-100-millones-con-itbms-de-7-a-compras-en-amazon-temu-y-netflix-y-otras-plataformas/,prensa.com,es,,2026-08-19T17:30:00+00:00,2026-10-06T18:46:40+00:00,,gdelt_doc:economia,titular_metadatos,
N-1e553f9323af,Inteligencia artificial : Panamá se suma a alianza global y acelera su estrategia tecnológica,https://www.laestrella.com.pa/panama/nacional/inteligencia-artificial-panama-se-suma-a-alianza-global-y-acelera-su-estrategia-tecnologica-EK24480765,laestrella.com.pa,es,,2026-07-30T15:00:00+00:00,2026-10-06T18:46:40+00:00,,gdelt_doc:economia,titular_metadatos,
N-1e5fce12c333,Miss Universe Panamá 2026 : ¿ a qué hora comienza hoy la competencia preliminar ?,https://www.telemetro.com/miss-universe/la-mordida/miss-universe-panama-2026-a-que-hora-comienza-hoy-la-competencia-preliminar-n6090815,telemetro.com,es,,2026-09-04T21:30:00+00:00,2026-10-06T18:46:40+00:00,,gdelt_doc:panama,titular_metadatos,
N-1e69b875b034,Indian Music es el 17° triple coronado de Panamá,https://www.liderendeportes.com/hipismo/indian-music-es-el-17-triple-coronado-de-panama/,liderendeportes.com,es,,2026-09-30T15:00:00+00:00,2026-10-06T18:46:40+00:00,,gdelt_doc:panama,titular_metadatos,
N-1e71394b094f,"Tropical Storm Bertha Strengthens , Top Winds 60",https://coast1037.iheart.com/content/2026-07-21-tropical-storm-bertha-strengthens-top-winds-60/,coast1037.iheart.com,en,,2026-07-21T15:45:00+00:00,2026-10-06T18:46:40+00:00,,gdelt_doc:eventos_naturales,titular_metadatos,
N-1ea3f82ff664,Hong Kong conglomerate seeks $1 . 5 billion in damages from Panama for takeover of canal ports,https://www.news4jax.com/business/2026/08/20/hong-kong-conglomerate-seeks-15-billion-in-damages-from-panama-for-takeover-of-canal-ports/,news4jax.com,en,,2026-08-20T07:15:00+00:00,2026-10-06T18:46:40+00:00,,gdelt_doc:logistica,titular_metadatos,
N-1ea7ef750088,Panamá confía en salir de la lista fiscal de la Unión Europea en octubre,https://www.laestrella.com.pa/economia/panama-confia-en-salir-de-la-lista-fiscal-de-la-union-europea-en-octubre-HC26061622,laestrella.com.pa,es,,2026-09-29T07:30:00+00:00,2026-10-06T18:46:40+00:00,,gdelt_doc:panama,titular_metadatos,
N-1eb61324d3d4,Aumentan costos para conseguir espacio en el Canal de Panamá : Oliveros advierte impacto en fletes,https://www.descifrado.com/2026/08/14/aumentan-costos-para-conseguir-espacio-en-el-canal-de-panama-oliveros-advierte-impacto-en-fletes/,descifrado.com,es,,2026-08-15T02:00:00+00:00,2026-10-06T18:46:40+00:00,,gdelt_doc:economia,titular_metadatos,
N-1eba7cc581cd,"Miss Chiriquí , Colón y Los Santos ganan el primer reto de Miss Universe Panamá",https://www.diaadia.com.pa/fama/miss-chiriqui-colon-y-los-santos-ganan-el-primer-reto-de-miss-universe-panama-790755,diaadia.com.pa,es,,2026-07-18T17:45:00+00:00,2026-10-06T18:46:40+00:00,,gdelt_doc:panama,titular_metadatos,
N-1f0bd5d1d155,El colombiano Nicolás Gómez obtuvo oro en la prueba de ruta de ciclismo de los Centroamericanos,https://www.vanguardia.com/deportes/2026/08/02/el-colombiano-nicolas-gomez-obtuvo-oro-en-la-prueba-de-ruta-de-ciclismo-de-los-centroamericanos/,vanguardia.com,es,,2026-08-03T01:30:00+00:00,2026-10-06T18:46:40+00:00,,gdelt_doc:logistica,titular_metadatos,
N-1f0fdfe0342f,Mulino frente a banqueros : No soy populista ... Estamos poniendo la casa en orden,https://www.critica.com.pa/nacional/mulino-frente-banqueros-no-soy-populistaestamos-poniendo-la-casa-en-orden-516931,critica.com.pa,es,,2026-09-24T23:15:00+00:00,2026-10-06T18:46:40+00:00,,gdelt_doc:economia,titular_metadatos,
N-1f2886ac6f7b,"Trump Sparks Firestorm With Map Depicting US Expansion Into Canada , Greenland and Venezuela",https://jp.ibtimes.com/trump-sparks-firestorm-map-depicting-us-expansion-canada-greenland-venezuela-102669,jp.ibtimes.com,en,,2026-07-16T03:30:00+00:00,2026-10-06T18:46:40+00:00,,gdelt_doc:logistica,titular_metadatos,
N-1f2fc7429670,MiBus expandirá su flota eléctrica a 130 buses con financiamiento del BID por $26 millones,https://www.laestrella.com.pa/economia/mibus-expandira-su-flota-electrica-a-130-buses-con-financiamiento-del-bid-por-26-millones-DB24703099,laestrella.com.pa,es,,2026-08-07T20:00:00+00:00,2026-10-06T18:46:40+00:00,,gdelt_doc:turismo,titular_metadatos,
N-1f4af470ad31,The sunhat is everywhere in Athens as crowds grow larger at ancient sites,https://www.wral.com/news/ap/0b42b-the-sunhat-is-everywhere-in-athens-as-crowds-grow-larger-at-ancient-sites/,wral.com,en,,2026-08-23T07:30:00+00:00,2026-10-06T18:46:40+00:00,,gdelt_doc:turismo,titular_metadatos,
N-1f4f7de2f7be,"Panama Canal adds daily transit slot , raises Neopanamax draft limit",https://www.logisticsmgmt.com/article/panama_canal_adds_daily_transit_slot_raises_neopanamax_draft_limit,logisticsmgmt.com,en,,2026-09-30T19:00:00+00:00,2026-10-06T18:46:40+00:00,,gdelt_doc:logistica,titular_metadatos,
N-1f76c76292bb,Cortés y Candelo serán los abanderados de Panamá en los Juegos Centroamericanos y del Caribe,https://www.panamaamerica.com.pa/deportes/cortes-y-candelo-seran-los-abanderados-de-panama-en-los-juegos-centroamericanos-y-del,panamaamerica.com.pa,es,,2026-07-18T17:45:00+00:00,2026-10-06T18:46:40+00:00,,gdelt_doc:panama,titular_metadatos,
N-1f829eecc9ac,Ballet Nacional de Panamá presenta El lago de los cisnes en histórico teatro de Brasil,https://www.telemetro.com/nacionales/ballet-nacional-panama-presenta-el-lago-los-cisnes-historico-teatro-brasil-n6092937,telemetro.com,es,,2026-09-25T00:00:00+00:00,2026-10-06T18:46:40+00:00,,gdelt_doc:panama,titular_metadatos,
N-1f9b31f4c8e3,Panamá cae ante Bahamas en el Clasificatorio al Mundial de Baloncesto 2027,https://www.panamaamerica.com.pa/deportes/panama-cae-ante-bahamas-en-el-clasificatorio-al-mundial-de-baloncesto-2027-1265813,panamaamerica.com.pa,es,,2026-09-01T04:45:00+00:00,2026-10-06T18:46:40+00:00,,gdelt_doc:panama,titular_metadatos,
N-1fb75374cfcf,Bertha Update : Tropical Storm Winds Spread Over Florida Panhandle | Vero Patriot,https://veropatriot.iheart.com/featured/florida-news/content/2026-07-21-bertha-update-tropical-storm-winds-spread-over-florida-panhandle/,veropatriot.iheart.com,en,,2026-07-21T22:00:00+00:00,2026-10-06T18:46:40+00:00,,gdelt_doc:eventos_naturales,titular_metadatos,
N-1fcaa2d1c1e8,Where Carnival Is Sending Three Ships in 2028 and 2029,https://www.cruisehive.com/where-carnival-is-sending-three-ships-in-2028-and-2029/219528,cruisehive.com,en,,2026-10-01T18:30:00+00:00,2026-10-06T18:46:40+00:00,,gdelt_doc:logistica,titular_metadatos,
N-1fdd457c9a66,"Turismo , propósito y medioambiente : La nueva mirada en las Giras de Estudio en Chile según Panam",https://www.cooperativa.cl/noticias/corporativo/noticias/marcas-negocios/turismo-proposito-y-medioambiente-la-nueva-mirada-en-las-giras-de/2026-08-27/165650.html,cooperativa.cl,es,,2026-08-27T21:30:00+00:00,2026-10-06T18:46:40+00:00,,gdelt_doc:turismo,titular_metadatos,
N-200ff34f35c2,"Pinglu Canal Opens , Allowing New Opportunities to Flow to Yangpu - 南海网",https://www.hinews.cn/page?n=2842581&m=1&s=1044,hinews.cn,en,,2026-09-20T16:00:00+00:00,2026-10-06T18:46:40+00:00,,gdelt_doc:economia,titular_metadatos,
N-202becf5d94f,Evelina Minaya conquista medalla de plata en el salto de longitud,https://elnacional.com.do/deportes/evelina-minaya-conquista-medalla-plata-salto-longitud_577736.html,elnacional.com.do,es,,2026-08-06T03:00:00+00:00,2026-10-06T18:46:40+00:00,,gdelt_doc:logistica,titular_metadatos,
N-2036bf239591,Venezuela main airport partially resumes commercial flights after deadly earthquakes,https://www.koreaherald.com/article/10860186,koreaherald.com,en,,2026-09-02T04:00:00+00:00,2026-10-06T18:46:40+00:00,,gdelt_doc:turismo,titular_metadatos,
N-204131adef49,Resiliencia : la nueva ventaja competitiva,https://www.prensa.com/opinion/resiliencia-la-nueva-ventaja-competitiva/,prensa.com,es,,2026-07-29T05:30:00+00:00,2026-10-06T18:46:40+00:00,,gdelt_doc:economia,titular_metadatos,
N-205827db100b,Panamá ante el reloj demográfico : Oportunidades que se escapan y política económicas que no llegan,https://www.laestrella.com.pa/economia/panama-ante-el-reloj-demografico-oportunidades-que-se-escapan-y-politica-economicas-que-no-llegan-EH26034671,laestrella.com.pa,es,,2026-09-28T07:30:00+00:00,2026-10-06T18:46:40+00:00,,gdelt_doc:economia,titular_metadatos,
N-206761385538,Reunión Delcy Rodríguez y Trump : ¿ de qué hablaron ?,https://www.lafm.com.co/internacional/delcy-rodriguez-y-trump-reunion-encuentro-onu-hoy-23-septiembre-temas-conversacion-411847,lafm.com.co,es,,2026-09-23T23:00:00+00:00,2026-10-06T18:46:40+00:00,,gdelt_doc:economia,titular_metadatos,
N-2078eae54972,Canal de Panamá reduce el tráfico marítimo debido a los bajos niveles de agua,https://sana.sy/es/world/2328563/,sana.sy,es,,2026-08-21T10:30:00+00:00,2026-10-06T18:46:40+00:00,,gdelt_doc:logistica,titular_metadatos,
N-207e2ebd986b,Sumit Seth : Siempre seré un buen amigo de Panamá,https://www.laestrella.com.pa/panama/nacional/sumit-seth-yo-siempre-voy-a-ser-un-buen-amigo-de-panama-OF24655913,laestrella.com.pa,es,,2026-08-06T05:30:00+00:00,2026-10-06T18:46:40+00:00,,gdelt_doc:turismo,titular_metadatos,
N-208eac09debe,Panamá tiene ahora su propio rincón en Brooklyn : Little Panama Way,https://www.laestrella.com.pa/vida-y-cultura/cultura/panama-tiene-ahora-su-propio-rincon-en-brooklyn-little-panama-way-ML25958105,laestrella.com.pa,es,,2026-09-24T23:00:00+00:00,2026-10-06T18:46:40+00:00,,gdelt_doc:panama,titular_metadatos,
N-208fb1907152,Elogia a Daddy Yankee tras reconocimiento de la Academia Latina,https://www.critica.com.pa/show/elogia-daddy-yankee-tras-reconocimiento-de-la-academia-latina-515584,critica.com.pa,es,,2026-08-31T23:30:00+00:00,2026-10-06T18:46:40+00:00,,gdelt_doc:logistica,titular_metadatos,
N-20b851579381,H & M acelera las negociaciones con IRSA para llegar a Alto Palermo a comienzos de 2027,https://www.clarin.com/economia/hm-acelera-negociaciones-irsa-llegar-alto-palermo-fin-ano_0_ryNU0CMcpN.html,clarin.com,es,,2026-07-22T22:30:00+00:00,2026-10-06T18:46:40+00:00,,gdelt_doc:economia,titular_metadatos,
N-20c52a6fd838,Un día como hoy … - Periodismo . com,https://www.periodismo.com/efemeride/un-dia-como-hoy-80/1790812800/,periodismo.com,es,,2026-09-24T01:30:00+00:00,2026-10-06T18:46:40+00:00,,gdelt_doc:logistica,titular_metadatos,
N-20dd58ec3cd5,Panamá en la recta final para albergar el World of Coffee 2026,https://www.laestrella.com.pa/economia/panama-en-la-recta-final-para-albergar-el-world-of-coffee-2026-KH24546936,laestrella.com.pa,es,,2026-08-02T03:00:00+00:00,2026-10-06T18:46:40+00:00,,gdelt_doc:turismo,titular_metadatos,
N-20ecc711241c,Preview - Asamblea de Panamá,https://www.asamblea.gob.pa/Noticias/Actualidad/DEVUELVEN-VIDA-AL-SECTOR-INMOBILIARIO-CON-IMPULSO-DE-INCENTIVOS-PARA-COMPRA-DE-VIVIENDAS-NUEVAS,asamblea.gob.pa,es,,2026-08-27T02:30:00+00:00,2026-10-06T18:46:40+00:00,,gdelt_doc:economia,titular_metadatos,
N-21494422dd70,José Córdoba espera su turno en la pretemporada del Norwich,https://www.midiario.com/deportivas/jose-cordoba-espera-su-turno-en-la-pretemporada-del-norwich/,midiario.com,es,,2026-07-23T00:45:00+00:00,2026-10-06T18:46:40+00:00,,gdelt_doc:logistica,titular_metadatos,
N-2167e5ac3498,El Canal de Panamá está cobrando cada vez más importancia,https://www.eldiariomontanes.es/internacional/canal-panama-cobrando-vez-importancia-20260728001517-nt.html,eldiariomontanes.es,es,,2026-07-27T02:00:00+00:00,2026-10-06T18:46:40+00:00,,gdelt_doc:logistica,titular_metadatos,
N-2192547dfe85,Congresistas de EE . UU . se reúnen con presidente Mulino,https://www.critica.com.pa/nacional/congresistas-de-ee-uu-se-reunen-con-presidente-mulino-514816,critica.com.pa,es,,2026-08-18T02:45:00+00:00,2026-10-06T18:46:40+00:00,,gdelt_doc:logistica,titular_metadatos,
N-21a54524526a,Forbidden Stories : investigación sobre la red mundial tejida por EE . UU . para organizar expulsiones masivas,https://acento.com.do/rfi/forbidden-stories-investigacion-sobre-la-red-mundial-tejida-por-ee-uu-para-organizar-expulsiones-masivas-9756543.html,acento.com.do,es,,2026-09-21T07:15:00+00:00,2026-10-06T18:46:40+00:00,,gdelt_doc:economia,titular_metadatos,
N-21add7ca879d,Cooperación en seguridad y economía destacan en la cumbre México - Panamá,https://www.yucatan.com.mx/mexico/2026/07/15/cooperacion-en-seguridad-y-economia-destacan-en-la-cumbre-mexico-panama.html,yucatan.com.mx,es,,2026-07-16T00:15:00+00:00,2026-10-06T18:46:40+00:00,,gdelt_doc:economia,titular_metadatos,
N-21c2ae2533b0,"Ejército de EEUU anuncia alianza con 18 países , entre ellos Chile , para lucha contra cárteles de droga | Internacional",https://www.biobiochile.cl/noticias/internacional/eeuu/2026/08/04/ejercito-de-eeuu-anuncia-alianza-con-18-paises-entre-ellos-chile-para-lucha-contra-carteles-de-droga.shtml,biobiochile.cl,es,,2026-08-04T22:15:00+00:00,2026-10-06T18:46:40+00:00,,gdelt_doc:logistica,titular_metadatos,
N-21c7ba7b6e1a,"Atletismo boricua agrega cuatro preseas : un oro , un plata y dos bronce",https://www.elvocero.com/deportes/atletismo-boricua-agrega-cuatro-preseas-un-oro-un-plata-y-dos-bronce/article_5b71e174-ece6-4a28-b301-b2c221f0cbd5.html,elvocero.com,es,,2026-08-08T05:45:00+00:00,2026-10-06T18:46:40+00:00,,gdelt_doc:logistica,titular_metadatos,
N-21cc07fd63a4,Gobierno panameño se debate entre la apertura o no de la mina de cobre para generar empleo,https://www.infobae.com/panama/2026/08/14/gobierno-panameno-se-debate-entre-la-apertura-o-no-de-la-mina-de-cobre-para-generar-empleo/,infobae.com,es,,2026-08-14T09:00:00+00:00,2026-10-06T18:46:40+00:00,,gdelt_doc:economia,titular_metadatos,
N-21ee3cf21e2d,"Servicio 24 / 7 se apaga en Panamá : Inseguridad , costos y app debilitan la actividad comercial nocturna",https://www.panamaamerica.com.pa/economia/servicio-247-se-apaga-en-panama-inseguridad-costos-y-apps-debilitan-la-actividad-comercial,panamaamerica.com.pa,es,,2026-09-07T07:00:00+00:00,2026-10-06T18:46:40+00:00,,gdelt_doc:economia,titular_metadatos,
N-21eed78e07f0,U . S . 4th Fleet Hosts Multinational Forces for PANAMAX 2026,https://www.globalsecurity.org/military/library/news/2026/08/mil-260804-southcom01.htm,globalsecurity.org,en,,2026-08-05T11:45:00+00:00,2026-10-06T18:46:40+00:00,,gdelt_doc:logistica,titular_metadatos,
N-21f11756d290,DNC Chief Reportedly Threw His Phone at Aide,https://www.newser.com/story/393545/dnc-chief-reportedly-threw-his-phone-at-aide.html,newser.com,en,,2026-07-27T14:30:00+00:00,2026-10-06T18:46:40+00:00,,gdelt_doc:logistica,titular_metadatos,
N-21f407d21ade,"Top 10 de Latinoamérica : sacudón financiero , giro político y crisis fiscal en la región , pobreza y desempleo",https://urgente24.com/mundo/top-10-latinoamerica-sacudon-financiero-giro-politico-y-crisis-fiscal-la-region-pobreza-y-desempleo-n633614,urgente24.com,es,,2026-09-29T01:15:00+00:00,2026-10-06T18:46:40+00:00,,gdelt_doc:economia,titular_metadatos,
N-220d9ea50f63,El Canal de Panamá está cobrando cada vez más importancia,https://www.larioja.com/internacional/canal-panama-cobrando-vez-importancia-20260728001517-nt.html,larioja.com,es,,2026-07-26T22:45:00+00:00,2026-10-06T18:46:40+00:00,,gdelt_doc:logistica,titular_metadatos,
N-220fd6a785d8,Liga de Naciones Concacaf resultados| Panamá ya tiene rival para cuartos de final. Guatemala y Jamaica cierran la clasificación,https://www.tvn-2.com/tvmax/somos-la-sele/panama-seleccion-liga-de-naciones-resultados-curazao-guatemala-jamaica_1_2264545.html,tvn-2.com,es,2026-10-06T07:27:23+00:00,,2026-10-06T18:46:40+00:00,,tvn_rss,titular_metadatos,
N-22211c74f974,A la Zona Libre de Colón ya no se le puede llamar un centro de contrabando,https://www.panamaamerica.com.pa/provincias/la-zona-libre-de-colon-ya-no-se-le-puede-llamar-un-centro-de-contrabando-1264063,panamaamerica.com.pa,es,,2026-07-16T21:45:00+00:00,2026-10-06T18:46:40+00:00,,gdelt_doc:economia,titular_metadatos,
N-2228ace3bf93,"Asia to face sustained inflation pressure through 2027 , warns ADB",https://www.business-standard.com/world-news/asia-to-face-sustained-inflation-pressure-through-2027-warns-adb-126092300149_1.html,business-standard.com,en,,2026-09-23T06:15:00+00:00,2026-10-06T18:46:40+00:00,,gdelt_doc:logistica,titular_metadatos,
N-224a3cd59553,Claves para Colombia reconquistar y atraer a la inversión extranjera al país : estos son los retos que le esperan al gobierno De la Espriella,https://www.eltiempo.com/economia/sectores/claves-para-colombia-reconquistar-y-atraer-a-la-inversion-extranjera-al-pais-estos-son-los-retos-que-le-esperan-al-gobierno-de-la-espriella-3585500,eltiempo.com,es,,2026-09-13T00:30:00+00:00,2026-10-06T18:46:40+00:00,,gdelt_doc:economia,titular_metadatos,
N-22608b6043ab,Los Desastres de la Guerra,https://www.eldia.es/opinion/2026/08/02/desastres-guerra-133026744.html,eldia.es,es,,2026-08-02T08:15:00+00:00,2026-10-06T18:46:40+00:00,,gdelt_doc:economia,titular_metadatos,
N-229bf3e7ee3f,The sunhat is everywhere in Athens as crowds grow larger at ancient sites,https://www.therecord.com/life/the-sunhat-is-everywhere-in-athens-as-crowds-grow-larger-at-ancient-sites/article_37c143d8-00fd-52e8-aa67-e318203fa43e.html,therecord.com,en,,2026-08-23T08:00:00+00:00,2026-10-06T18:46:40+00:00,,gdelt_doc:turismo,titular_metadatos,
N-22a73ccf14ba,Panama Canal Adopts Additional Measures to Address Reduced Precipitation in the Canal Watershed,https://www.hellenicshippingnews.com/panama-canal-adopts-additional-measures-to-address-reduced-precipitation-in-the-canal-watershed/,hellenicshippingnews.com,en,,2026-08-21T22:45:00+00:00,2026-10-06T18:46:40+00:00,,gdelt_doc:logistica,titular_metadatos,
N-22be651bf0f2,"Tropical Storm Bertha strengthens as warnings extend along Gulf Coast , NHC says",https://www.twincities.com/2026/07/21/tropial-storm-bertha-strengthens-near-gulf-coast/,twincities.com,en,,2026-07-21T20:45:00+00:00,2026-10-06T18:46:40+00:00,,gdelt_doc:eventos_naturales,titular_metadatos,
N-22c431113a7c,Eduardo Anderson es convocado por la selección de Panamá para la gira asiática,https://www.midiario.com/deportivas/eduardo-anderson-es-convocado-por-la-seleccion-de-panama-para-la-gira-asiatica/,midiario.com,es,,2026-09-05T19:30:00+00:00,2026-10-06T18:46:40+00:00,,gdelt_doc:panama,titular_metadatos,
N-22d12961ac53,Panama Canal Investment Plan Pitched to New York Investors,https://www.riotimesonline.com/panama-canal-investment-mulino-new-york-citi-2026/,riotimesonline.com,en,,2026-09-22T11:00:00+00:00,2026-10-06T18:46:40+00:00,,gdelt_doc:economia,titular_metadatos,
N-22ed8cb021e3,Mónica Luzárraga : El autoritarismo pretende tomar a Guayaquil como botín,https://www.expreso.ec/politica/monica-luzarraga-autoritarismo-pretende-tomar-guayaquil-botin-290475.html,expreso.ec,es,,2026-07-27T14:45:00+00:00,2026-10-06T18:46:40+00:00,,gdelt_doc:turismo,titular_metadatos,
N-22edd2d7c582,A la Zona Libre de Colón ya no se le puede llamar un centro de contrabando,https://www.panamaamerica.com.pa/nacion/la-zona-libre-de-colon-ya-no-se-le-puede-llamar-un-centro-de-contrabando-1264063,panamaamerica.com.pa,es,,2026-07-16T05:45:00+00:00,2026-10-06T18:46:40+00:00,,gdelt_doc:economia,titular_metadatos,
N-230057449095,Tropical Storm Bertha forms on track approaching US Gulf Coast,https://www.abccolumbia.com/2026/07/20/tropical-storm-bertha-forms-on-track-approaching-us-gulf-coast/,abccolumbia.com,en,,2026-07-21T02:15:00+00:00,2026-10-06T18:46:40+00:00,,gdelt_doc:eventos_naturales,titular_metadatos,
N-2306f3e0e78e,"La sociedad se corrió a la derecha , pero valora el rol del Estado y la justicia social",http://www.eldestapeweb.com/politica/sociedad-corrio-derecha-valora-rol-estado-justicia-social-20261020534,eldestapeweb.com,es,,2026-10-02T04:15:00+00:00,2026-10-06T18:46:40+00:00,,gdelt_doc:economia,titular_metadatos,
N-230749d81f78,Francis Halzen gana el Nobel de Física por descubrir neutrinos de origen cósmico,https://www.tvn-2.com/mundo/francis-halzen-gana-nobel-fisica_1_2264558.html,tvn-2.com,es,2026-10-06T11:55:21+00:00,,2026-10-06T18:46:40+00:00,,tvn_rss,titular_metadatos,
N-231ce04641fc,The Panama Canal Authority Is Beginning to Tighten Up on Transits Again,https://hotair.com/tree-hugging-sister/2026/07/22/the-panama-canal-authority-is-beginning-to-tighten-up-on-transits-again-n3817223,hotair.com,en,,2026-07-22T23:15:00+00:00,2026-10-06T18:46:40+00:00,,gdelt_doc:logistica,titular_metadatos,
N-231faefef2ff,El bajo perfil de María Corina Machado en Panamá a la espera de su regreso a Venezuela,https://www.panamaamerica.com.pa/politica/el-bajo-perfil-de-maria-corina-machado-en-panama-la-espera-de-su-regreso-venezuela-1266918,panamaamerica.com.pa,es,,2026-09-30T22:15:00+00:00,2026-10-06T18:46:40+00:00,,gdelt_doc:panama,titular_metadatos,
N-234a68899af1,Ivan Ralston : Hay que crear proyectos con identidad,https://www.laestrella.com.pa/vida-y-cultura/gastronomia/ivan-ralston-hay-que-crear-proyectos-con-identidad-LO24915529,laestrella.com.pa,es,,2026-08-16T07:00:00+00:00,2026-10-06T18:46:40+00:00,,gdelt_doc:economia,titular_metadatos,
N-23509ef75cdf,Construcción del Cuarto Puente sobre el Canal de Panamá presenta un 39 % de avance,https://www.telemetro.com/entrevistas/nacionales/construccion-del-cuarto-puente-el-canal-panama-presenta-un-39-avance-n6085128,telemetro.com,es,,2026-07-14T18:00:00+00:00,2026-10-06T18:46:40+00:00,,gdelt_doc:logistica,titular_metadatos,
N-23785ce22cc3,El Niño Sparks Panama Canal Cuts : What It Means for Americans,https://www.newsweek.com/el-nino-sparks-panama-canal-cuts-what-it-means-americans-12351479,newsweek.com,en,,2026-08-24T10:30:00+00:00,2026-10-06T18:46:40+00:00,,gdelt_doc:logistica,titular_metadatos,
N-238606a29377,Drones de última generación : la millonaria adquisición secreta del Gobierno panameño,https://www.prensa.com/unidad-investigativa/drones-de-ultima-generacion-la-millonaria-adquisicion-secreta-del-gobierno-panameno/,prensa.com,es,,2026-07-17T00:15:00+00:00,2026-10-06T18:46:40+00:00,,gdelt_doc:panama,titular_metadatos,
N-23997e160ad6,Paralización de mina ha costado US$6 . 300 millones a la economía panameña,https://www.revistaeyn.com/centroamericaymundo/paralizacion-de-mina-ha-costado-us-6300-millones-a-la-economia-panamena-AB31472525,revistaeyn.com,es,,2026-07-21T20:30:00+00:00,2026-10-06T18:46:40+00:00,,gdelt_doc:economia,titular_metadatos,
N-239f8740cb17,"Lionel Messi despedida | Argentina vs Benín: El último partido, fiesta de agradecimiento en el Monumental",https://www.tvn-2.com/tvmax/futbol-internacional/lionel-messi-despedida-estadio-monumental-buenos-aires-argentina-vs-benin_1_2264548.html,tvn-2.com,es,2026-10-06T14:59:32+00:00,,2026-10-06T18:46:40+00:00,,tvn_rss,titular_metadatos,
N-23a5ae6f5a2d,Por qué los cubanos somos rehenes del régimen castrista,https://www.diariolasamericas.com/america-latina/por-que-los-cubanos-somos-rehenes-del-regimen-castrista-n5401921,diariolasamericas.com,es,,2026-09-09T22:15:00+00:00,2026-10-06T18:46:40+00:00,,gdelt_doc:turismo,titular_metadatos,
N-23b7f58662fb,"FIFA World Cup 2026 Generated $3 . 5 Billion for New York - New Jersey Region , Exceeding Projections",https://wjrz.com/2026/08/31/fifa-world-cup-2026-generated-3-5-billion-for-new-york-new-jersey-region-exceeding-projections/,wjrz.com,en,,2026-08-31T19:30:00+00:00,2026-10-06T18:46:40+00:00,,gdelt_doc:turismo,titular_metadatos,
N-23bdeb015ddf,La crisis ambiental más allá de los ríos,https://www.prensa.com/opinion/la-crisis-ambiental-mas-alla-de-los-rios/,prensa.com,es,,2026-09-11T05:15:00+00:00,2026-10-06T18:46:40+00:00,,gdelt_doc:economia,titular_metadatos,
N-23eacc0c7fce,Preview - Asamblea de Panamá,https://www.asamblea.gob.pa/Noticias/Actualidad/CERCA-DEL-CINCUENTA-POR-CIENTO-DE-LAS-COMISIONES-DE-TRABAJO-HAN-SIDO-INSTALADAS,asamblea.gob.pa,es,,2026-07-27T21:15:00+00:00,2026-10-06T18:46:40+00:00,,gdelt_doc:economia,titular_metadatos,
N-2409469ae3aa,El Canal de Panamá está cobrando cada vez más importancia,https://www.diariovasco.com/internacional/canal-panama-cobrando-vez-importancia-20260728001517-nt.html,diariovasco.com,es,,2026-07-26T23:45:00+00:00,2026-10-06T18:46:40+00:00,,gdelt_doc:logistica,titular_metadatos,
N-2429997b2144,"Tropical Storm Bertha strengthens as warnings extend along Gulf Coast , NHC says",https://www.fortmorgantimes.com/2026/07/21/tropial-storm-bertha-strengthens-near-gulf-coast/,fortmorgantimes.com,en,,2026-07-21T17:30:00+00:00,2026-10-06T18:46:40+00:00,,gdelt_doc:eventos_naturales,titular_metadatos,
N-2452e496d24e,Lo que debes saber : las noticias que marcaron este miércoles 9 de septiembre en Panamá,https://www.laestrella.com.pa/panama/nacional/lo-que-debes-saber-las-noticias-que-marcaron-este-miercoles-9-de-septiembre-en-panama-PE25562580,laestrella.com.pa,es,,2026-09-10T02:00:00+00:00,2026-10-06T18:46:40+00:00,,gdelt_doc:economia,titular_metadatos,
N-24575e718dd0,Panamá descarta restablecer relaciones con el Gobierno de Delcy Rodríguez en Venezuela,https://www.prensa.com/politica/panama-descarta-restablecer-relaciones-con-el-gobierno-de-delcy-rodriguez-en-venezuela/,prensa.com,es,,2026-07-22T13:45:00+00:00,2026-10-06T18:46:40+00:00,,gdelt_doc:panama,titular_metadatos,
N-245ba97be5ef,Panama Canal gets its first woman boss as Trump watches and $1 . 5 billion water crisis waits,https://economictimes.indiatimes.com/news/international/global-trends/panama-canal-gets-its-first-woman-boss-as-trump-watches-and-a-1-5-billion-water-crisis-waits/articleshow/133884091.cms,economictimes.indiatimes.com,en,,2026-09-07T14:15:00+00:00,2026-10-06T18:46:40+00:00,,gdelt_doc:economia,titular_metadatos,
N-2491daaba7ba,Panamá renuncia a los Panamericanos Junior 2029,https://www.midiario.com/deportivas/panama-renuncia-a-los-panamericanos-junior-2029/,midiario.com,es,,2026-07-24T00:30:00+00:00,2026-10-06T18:46:40+00:00,,gdelt_doc:panama,titular_metadatos,
N-2492553694ae,Venezuela main airport partially resumes commercial flights after deadly earthquakes,https://www.journal-advocate.com/2026/09/01/venezuela-earthquakes-airport/,journal-advocate.com,en,,2026-09-02T02:00:00+00:00,2026-10-06T18:46:40+00:00,,gdelt_doc:turismo,titular_metadatos,
N-24a5e4bcc58a,La bandera de Panamá llegó a 6 mil 263 metros : el cabo que llegó a la cima del Chimborazo,https://www.midiario.com/nacionales/la-bandera-de-panama-llego-a-6-mil-263-metros-el-cabo-que-llego-a-la-cima-del-chimborazo/,midiario.com,es,,2026-09-27T19:45:00+00:00,2026-10-06T18:46:40+00:00,,gdelt_doc:panama,titular_metadatos,
N-24f29a57e62c,Panamá envía otro cargamento con 29 toneladas de ayuda humanitaria a Venezuela,https://www.telemetro.com/nacionales/panama-envia-otro-cargamento-29-toneladas-ayuda-humanitaria-venezuela-n6084872,telemetro.com,es,,2026-07-11T02:15:00+00:00,2026-10-06T18:46:40+00:00,,gdelt_doc:panama,titular_metadatos,
N-24f3b5c4a5f8,"Panamá abre centro que fusiona historia y naturaleza tras invertir 7 , 7 millones de dólares",https://www.colombia.com/actualidad/internacionales/panama-abre-centro-que-fusiona-historia-y-naturaleza-tras-invertir-77-millones-de-dolares-599370,colombia.com,es,,2026-09-07T17:00:00+00:00,2026-10-06T18:46:40+00:00,,gdelt_doc:panama,titular_metadatos,
N-2532418570a0,"Frente a convulsión extranjera , México y Panamá afianzan plan comercial , destacan presidentes CSP y José Raúl Mulino",https://www.razon.com.mx:443/mexico/2026/07/15/frente-a-convulsion-extranjera-mexico-y-panama-afianzan-plan-comercial-destacan-presidentes-csp-y-jose-raul-mulino/,razon.com.mx,es,,2026-07-15T23:00:00+00:00,2026-10-06T18:46:40+00:00,,gdelt_doc:logistica,titular_metadatos,
N-253f54720cda,¿ Cuándo vuelve a jugar Panamá ? Este será su próximo rival después de Nueva Zelanda,https://www.telemetro.com/deportes/cuando-vuelve-jugar-panama-este-sera-su-proximo-rival-despues-nueva-zelanda-n6093697,telemetro.com,es,,2026-10-01T20:15:00+00:00,2026-10-06T18:46:40+00:00,,gdelt_doc:panama,titular_metadatos,
N-255e37bbbec6,Fútbol RD choca con Haití en Liga Naciones,https://eldia.com.do/futbol-rd-choca-con-haiti-en-liga-naciones/,eldia.com.do,es,,2026-09-29T04:30:00+00:00,2026-10-06T18:46:40+00:00,,gdelt_doc:logistica,titular_metadatos,
N-255f447b3c49,¿ Quién es Rubén Pérez Pinzón ? El hombre que asumirá temporalmente la subadministración del Canal,https://www.telemetro.com/nacionales/quien-es-ruben-perez-pinzon-el-hombre-que-asumira-temporalmente-la-subadministracion-del-canal-n6090784,telemetro.com,es,,2026-09-04T18:15:00+00:00,2026-10-06T18:46:40+00:00,,gdelt_doc:logistica,titular_metadatos,
N-25b93c966d19,Sheinbaum recibe al presidente de Panamá para fortalecer la relación bilateral,https://www.notisistema.com/noticias/sheinbaum-recibe-al-presidente-de-panama-para-fortalecer-la-relacion-bilateral/,notisistema.com,es,,2026-07-15T17:45:00+00:00,2026-10-06T18:46:40+00:00,,gdelt_doc:logistica,titular_metadatos,
N-25e5b75c83d7,"Esta es la mejor ciudad de Centroamérica en 2026 , según ranking internacional | GDA – Grupo de Diarios América",https://gda.com/detalle-de-la-noticia/?article=6187677,gda.com,es,,2026-09-25T00:45:00+00:00,2026-10-06T18:46:40+00:00,,gdelt_doc:economia,titular_metadatos,
N-25faadf4587a,Ancients May Have Had 10 Times More Languages Than Us,https://www.newser.com/story/393562/ancients-may-have-had-10-times-more-languages-than-us.html,newser.com,en,,2026-07-27T14:30:00+00:00,2026-10-06T18:46:40+00:00,,gdelt_doc:logistica,titular_metadatos,
N-25fc9dd8b472,"Precios bajan , pero el alivio no llega al bolsillo : ¿ deflación o corrección ?",https://www.laestrella.com.pa/economia/precios-bajan-pero-el-alivio-no-llega-al-bolsillo-deflacion-o-correccion-AK24952389,laestrella.com.pa,es,,2026-08-17T06:30:00+00:00,2026-10-06T18:46:40+00:00,,gdelt_doc:economia,titular_metadatos,
N-260a249f7543,Dengue en Panamá : Colón supera los mil casos y aumentan los llamados a eliminar criaderos,https://www.midiario.com/nacionales/dengue-en-panama-colon-supera-los-mil-casos-y-aumentan-los-llamados-a-eliminar-criaderos/,midiario.com,es,,2026-08-07T00:45:00+00:00,2026-10-06T18:46:40+00:00,,gdelt_doc:logistica,titular_metadatos,
N-260a9df42851,"Análisis sobre retos del Canal de Panamá , reformas electorales , seguridad y otros temas",https://www.telemetro.com/debate-abierto-dominical/analisis-retos-del-canal-panama-reformas-electorales-seguridad-y-otros-temas-n6090936,telemetro.com,es,,2026-09-06T18:15:00+00:00,2026-10-06T18:46:40+00:00,,gdelt_doc:logistica,titular_metadatos,
N-260e9c4a4e8d,"Super El Niño : Fears for six - figure death toll , droughts around the world",https://www.nzherald.co.nz/nz/super-el-nino-fears-for-six-figure-death-toll-droughts-around-the-world/premium/DXPH23GWRNGYBPB4KWKF6TGPDA/,nzherald.co.nz,en,,2026-09-29T17:00:00+00:00,2026-10-06T18:46:40+00:00,,gdelt_doc:logistica,titular_metadatos,
N-261405884c93,Secret Service Agent Charged in Brutal Fraternity Hazing,https://www.newser.com/story/393554/secret-service-agent-charged-in-near-fatal-hazing-case.html,newser.com,en,,2026-07-27T13:15:00+00:00,2026-10-06T18:46:40+00:00,,gdelt_doc:logistica,titular_metadatos,
N-2620132677e3,Panamá enfrenta a India con cinco posibles debutantes y una misión clara,https://www.midiario.com/deportivas/panama-enfrenta-a-india-con-cinco-posibles-debutantes-y-una-mision-clara/,midiario.com,es,,2026-09-25T01:15:00+00:00,2026-10-06T18:46:40+00:00,,gdelt_doc:panama,titular_metadatos,
N-26b9c859cd0e,"Este es el único hotel de Colombia entre los 50 mejores hoteles de lujo del mundo , según Robb Report",https://www.eltiempo.com/vida/viajar/este-es-el-unico-hotel-de-colombia-entre-los-50-mejores-hoteles-de-lujo-del-mundo-segun-robb-report-3574105,eltiempo.com,es,,2026-07-27T16:15:00+00:00,2026-10-06T18:46:40+00:00,,gdelt_doc:turismo,titular_metadatos,
N-26d041ae4c7e,EXDELEGADO PRESIDENCIAL Y DIRECTIVA DEL FRENTE AMPLIO REGIONAL PIDEN CONTINUIDAD DE PROYECTOS PORTUARIOS EN EL ESTRECHO DE MAGALLANES,https://www.radiopolar.com/exdelegado-presidencial-directiva-frente-amplio-regional-piden-continuidad-proyectos-portuarios-estrecho-magallanes,radiopolar.com,es,,2026-09-30T17:30:00+00:00,2026-10-06T18:46:40+00:00,,gdelt_doc:turismo,titular_metadatos,
N-26ea0401198d,Panamá logra campeonato en béisbol de los Juegos Centroamericanos y del Caribe,https://www.telesurtv.net/panama-campeonato-beisbol-juegos-centroamericanos-caribe/,telesurtv.net,es,,2026-08-08T09:15:00+00:00,2026-10-06T18:46:40+00:00,,gdelt_doc:logistica,titular_metadatos,
N-2726da8075ec,Tropical Storm Bertha in the Gulf of Mexico moving toward Florida Panhandle and Alabama,https://www.wfmz.com/news/ap/ap-national/tropical-storm-bertha-in-the-gulf-of-mexico-moving-toward-florida-panhandle-and-alabama/article_c97d1d05-71a6-5c08-807a-47f1c51a860f.html,wfmz.com,en,,2026-07-21T11:30:00+00:00,2026-10-06T18:46:40+00:00,,gdelt_doc:eventos_naturales,titular_metadatos,
N-272e7462d791,Panamá presenta su marca país - JC Magazine,https://jcmagazine.com/panama-presenta-su-marca-pais/,jcmagazine.com,es,,2026-08-27T01:15:00+00:00,2026-10-06T18:46:40+00:00,,gdelt_doc:turismo,titular_metadatos,
N-273a12098105,Panamá bajo el polvo del Sahara hasta el 20 de julio,https://www.critica.com.pa/nacional/panama-bajo-el-polvo-del-sahara-hasta-el-20-de-julio-513069,critica.com.pa,es,,2026-07-18T18:15:00+00:00,2026-10-06T18:46:40+00:00,,gdelt_doc:panama,titular_metadatos,
N-273dea3a8966,Buque de carga presenta falla cerca del Puente de las Américas,https://www.laestrella.com.pa/panama/nacional/buque-de-carga-presenta-falla-cerca-del-puente-de-las-americas-CL24581201,laestrella.com.pa,es,,2026-08-03T19:00:00+00:00,2026-10-06T18:46:40+00:00,,gdelt_doc:logistica,titular_metadatos,
N-2743a696247d,¿ Volverá el Bono Solidario de Vivienda ? Ministro Jaime Jované responde,https://www.telemetro.com/nacionales/volvera-el-bono-solidario-vivienda-ministro-jaime-jovane-responde-n6085690,telemetro.com,es,,2026-07-20T16:15:00+00:00,2026-10-06T18:46:40+00:00,,gdelt_doc:economia,titular_metadatos,
N-274c6fedce67,Tropical Storm Bertha in the Gulf of Mexico is moving toward the Florida Panhandle and Alabama,"http://theitem.com/stories/tropical-storm-bertha-in-the-gulf-of-mexico-is-moving-toward-the-florida-panhandle-and-alabama,445214",theitem.com,en,,2026-07-21T12:15:00+00:00,2026-10-06T18:46:40+00:00,,gdelt_doc:eventos_naturales,titular_metadatos,
N-275974e94401,Was a French Aristocrat the First Fascist ?,https://newrepublic.com/article/213468/french-aristocrat-first-fascist,newrepublic.com,en,,2026-08-18T13:45:00+00:00,2026-10-06T18:46:40+00:00,,gdelt_doc:eventos_naturales,titular_metadatos,
N-2783977dd9f0,Más de 22 toneladas de ayuda humanitaria arriban a La Guaira procedentes de Panamá,https://ultimasnoticias.com.ve/politica/mas-de-22-toneladas-de-ayuda-humanitaria-arriban-a-la-guaira-procedentes-de-panama/,ultimasnoticias.com.ve,es,,2026-07-19T02:00:00+00:00,2026-10-06T18:46:40+00:00,,gdelt_doc:panama,titular_metadatos,
N-27de14dbfb2d,Tropical Depression Forms Off The West Coast Of Florida,https://www.ksat.com/weather/hurricane/2026/07/19/tropical-depression-forms-off-the-west-coast-of-florida/,ksat.com,en,,2026-07-19T15:45:00+00:00,2026-10-06T18:46:40+00:00,,gdelt_doc:eventos_naturales,titular_metadatos,
N-2808c608596f,LPF resultado Torneo Apertura 2026| Sporting San Miguelito reacciona y supera a Unión Coclé en cierre de la Jornada 11,https://www.tvn-2.com/tvmax/lpf/sporting-san-miguelito-vs-union-cocle-lpf-resultado-partido-jornada-11-cierre-futbol-panama_1_2264541.html,tvn-2.com,es,2026-10-06T04:27:49+00:00,,2026-10-06T18:46:40+00:00,,tvn_rss,titular_metadatos,
N-280d2bbbff00,República Dominicana figura en top 10 de países más seguros,https://eldia.com.do/republica-dominicana-figura-en-top-paises-mas-seguros/,eldia.com.do,es,,2026-08-30T18:00:00+00:00,2026-10-06T18:46:40+00:00,,gdelt_doc:economia,titular_metadatos,
N-283473778fb3,"Panama is not only the beginning : Foreign Minister pitches nation as India premier manufacturing , trade launchpad in Latin America",http://www.londonmercury.com/news/279199252/panama-is-not-only-the-beginning-foreign-minister-pitches-nation-as-india-premier-manufacturing-trade-launchpad-in-latin-america,londonmercury.com,en,,2026-07-20T16:45:00+00:00,2026-10-06T18:46:40+00:00,,gdelt_doc:economia,titular_metadatos,
N-283777112681,Mulino viaja a México para reunirse con Sheinbaum y promover inversiones en Panamá,https://www.midiario.com/nacionales/mulino-viaja-a-mexico-para-reunirse-con-sheinbaum-y-promover-inversiones-en-panama/,midiario.com,es,,2026-07-13T22:45:00+00:00,2026-10-06T18:46:40+00:00,,gdelt_doc:panama,titular_metadatos,
N-2855bf203e2c,Magic Next Set Is Caught in a Naval Snarl at the Panama Canal,https://www.polygon.com/mtg-reality-fracture-shipping-delay-panama-canal-explained/,polygon.com,en,,2026-08-29T02:15:00+00:00,2026-10-06T18:46:40+00:00,,gdelt_doc:logistica,titular_metadatos,
N-2862d87b149d,"Domingo Faustino Sarmiento , el hombre que dio origen al Día del Maestro",https://www.nuevodiarioweb.com.ar/especiales/info-santiago-estero-domingo-faustino-sarmiento-el-hombre-que-dio-origen-al-dia-del-maestro.htm,nuevodiarioweb.com.ar,es,,2026-09-11T22:30:00+00:00,2026-10-06T18:46:40+00:00,,gdelt_doc:economia,titular_metadatos,
N-286e487ac2fc,Panamá apuesta por la innovación y el conocimiento como motores de su competitividad – Ministerio de Relaciones exteriores,https://mire.gob.pa/panama-apuesta-por-la-innovacion-y-el-conocimiento-como-motores-de-su-competitividad/,mire.gob.pa,es,,2026-08-11T21:00:00+00:00,2026-10-06T18:46:40+00:00,,gdelt_doc:economia,titular_metadatos,
N-2882eb21acbb,Panamá agradece a Sheinbaum por abatir al líder del CJNG y acuerda reforzar la cooperación,https://periodicocorreo.com.mx/nacional/2026/jul/15/panama-agradece-a-claudia-sheinbaum-por-abatir-al-lider-del-cjng-y-acuerda-reforzar-la-cooperacion-161989.html,periodicocorreo.com.mx,es,,2026-07-16T02:15:00+00:00,2026-10-06T18:46:40+00:00,,gdelt_doc:logistica,titular_metadatos,
N-2884054fa5f3,Proponen tope del 10 % en descuento de certificados Cepanim y Cepadem,https://www.laestrella.com.pa/economia/proponen-tope-del-10-en-descuento-de-certificados-cepanim-y-cepadem-KO23969366,laestrella.com.pa,es,,2026-08-15T21:30:00+00:00,2026-10-06T18:46:40+00:00,,gdelt_doc:economia,titular_metadatos,
N-2890e59ec350,Un estudio regional vincula un millón de empleos en Centroamérica al comercio intrarregional,https://www.infobae.com/el-salvador/2026/09/11/un-estudio-regional-vincula-un-millon-de-empleos-en-centroamerica-al-comercio-intrarregional/,infobae.com,es,,2026-09-11T19:00:00+00:00,2026-10-06T18:46:40+00:00,,gdelt_doc:economia,titular_metadatos,
N-28a5a5bda903,Gasto de turistas aumentó un 13 %,https://dca.gob.gt/noticias-guatemala-diario-centro-america/gasto-de-turistas-aumento-un-13/,dca.gob.gt,es,,2026-07-24T08:00:00+00:00,2026-10-06T18:46:40+00:00,,gdelt_doc:turismo,titular_metadatos,
N-28c3aa83b4f9,Meta prueba sistema de verificación de contenido en América Latina,https://www.diariolasamericas.com/economia/meta-prueba-sistema-verificacion-contenido-america-latina-n5401900,diariolasamericas.com,es,,2026-09-09T17:45:00+00:00,2026-10-06T18:46:40+00:00,,gdelt_doc:economia,titular_metadatos,
N-2933e912b649,Víctor Álvarez : Bomberos de Panamá advierten de retos y emergencias,https://www.laestrella.com.pa/panama/nacional/victor-alvarez-bomberos-de-panama-advierten-de-retos-y-emergencias-HH24674737,laestrella.com.pa,es,,2026-08-06T20:15:00+00:00,2026-10-06T18:46:40+00:00,,gdelt_doc:logistica,titular_metadatos,
N-29529031c589,Panama Canal to reduce shipping over El Nino - fueled drought,https://www.thedailystar.net/news/world/news/panama-canal-reduce-shipping-over-el-nino-fueled-drought-4253226,thedailystar.net,en,,2026-08-21T03:30:00+00:00,2026-10-06T18:46:40+00:00,,gdelt_doc:logistica,titular_metadatos,
N-2967d3b99a50,Apoya Sheinbaum neutralidad de Canal de Panamá,https://planoinformativo.com/1157536/apoya-sheinbaum-neutralidad-de-canal-de-panama,planoinformativo.com,es,,2026-07-15T21:15:00+00:00,2026-10-06T18:46:40+00:00,,gdelt_doc:economia,titular_metadatos,
N-298dd07e28bd,Chevron Panamá coloca primera piedra de proyecto solar en Bahía Las Minas,https://www.telemetro.com/contenido-patrocinado/chevron-panama-coloca-primera-piedra-proyecto-solar-bahia-las-minas-n6089580,telemetro.com,es,,2026-08-25T18:30:00+00:00,2026-10-06T18:46:40+00:00,,gdelt_doc:panama,titular_metadatos,
N-29bf85c99778,Apoyará México neutralidad de Canal de Panamá,https://pulsoslp.com.mx/nacional/apoyara-mexico-neutralidad-de-canal-de-panama/2067326,pulsoslp.com.mx,es,,2026-07-16T12:30:00+00:00,2026-10-06T18:46:40+00:00,,gdelt_doc:logistica,titular_metadatos,
N-29c6acf87d2c,Panamá mantiene una perspectiva optimista por la renovación del acuerdo marítimo con China,https://www.diaadia.com.pa/el-pais/panama-mantiene-una-perspectiva-optimista-por-la-renovacion-del-acuerdo-maritimo-con-china,diaadia.com.pa,es,,2026-07-22T21:45:00+00:00,2026-10-06T18:46:40+00:00,,gdelt_doc:logistica,titular_metadatos,
N-29d511d885e4,Sin unidad y elecciones libres no habrá reconstrucción democrática en Venezuela,http://www.analitica.com/sin-categoria/sin-unidad-y-elecciones-libres-no-habra-reconstruccion-democratica-en-venezuela/,analitica.com,es,,2026-07-12T17:15:00+00:00,2026-10-06T18:46:40+00:00,,gdelt_doc:economia,titular_metadatos,
N-29e267475cb5,Superlongevos : llegaron a los 100 años con una vitalidad extraordinaria y cuentan sus experiencias,https://www.lanacion.com.ar/sabado/superlongevos-llegaron-a-los-100-anos-con-una-vitalidad-extraoridaria-y-cuentan-sus-experiencias-nid07092026/,lanacion.com.ar,es,,2026-09-07T04:45:00+00:00,2026-10-06T18:46:40+00:00,,gdelt_doc:turismo,titular_metadatos,
N-29f7ed62d8f1,Panamá ratifica a Thomas Christiansen pese al Mundial sin goles : las razones de la FPF,https://www.prensalibre.com/deportes/futbol-internacional/panama-ratifica-a-thomas-christiansen-pese-al-mundial-sin-goles-las-razones-de-la-fpf-breaking/,prensalibre.com,es,,2026-07-14T03:00:00+00:00,2026-10-06T18:46:40+00:00,,gdelt_doc:panama,titular_metadatos,
N-2a17988657a5,Crystal Symphony llega y El Salvador brilla ante cruceristas,https://www.elsalvador.com/turismo/rutas-y-aventuras/crystal-symphony-visita-el-salvador/1291101/2026/,elsalvador.com,es,,2026-09-02T01:45:00+00:00,2026-10-06T18:46:40+00:00,,gdelt_doc:turismo,titular_metadatos,
N-2a1fa63c9f48,Saint Lucia sandbox tests next phase of Caribbean digital ID adoption,https://www.biometricupdate.com/202609/saint-lucia-sandbox-tests-next-phase-of-caribbean-digital-id-adoption,biometricupdate.com,en,,2026-09-23T04:00:00+00:00,2026-10-06T18:46:40+00:00,,gdelt_doc:turismo,titular_metadatos,
N-2a2083d226b9,Panama Prosecutor Office Analyzes WhatsApp Messages to Track Participants Involved in the DGI Fraud Network,https://newsroompanama.com/2026/07/14/panama-prosecutors-office-analyzes-whatsapp-messages-to-track-participants-involved-in-the-dgi-fraud-network/,newsroompanama.com,en,,2026-07-15T00:30:00+00:00,2026-10-06T18:46:40+00:00,,gdelt_doc:economia,titular_metadatos,
N-2a2c3f46d558,Mercado automotriz panameño se dinamiza 10 . 6 % pese a menores ventas en junio,https://www.laestrella.com.pa/economia/mercado-automotriz-panameno-se-dinamiza-106-pese-a-menores-ventas-en-junio-IJ24782219,laestrella.com.pa,es,,2026-08-11T02:15:00+00:00,2026-10-06T18:46:40+00:00,,gdelt_doc:economia,titular_metadatos,
N-2a4153c7b559,Comienzan en Panamá ejercicios militares con 21 países y la mira puesta en el Canal,https://proceso.hn/comienzan-en-panama-ejercicios-militares-con-21-paises-y-la-mira-puesta-en-el-canal/,proceso.hn,es,,2026-08-04T00:00:00+00:00,2026-10-06T18:46:40+00:00,,gdelt_doc:logistica,titular_metadatos,
N-2a4769b10269,Sheinbaum recibe al presidente de Panamá en el Palacio Nacional de México,https://www.eldictamen.mx/sheinbaum-presidente-de-panama-palacio-nacional/,eldictamen.mx,es,,2026-07-15T17:45:00+00:00,2026-10-06T18:46:40+00:00,,gdelt_doc:logistica,titular_metadatos,
N-2a9f20d7874a,"Mercan Group Launches Albor at Santa María , Reinforcing Its Commitment to Panama Amid New Qualified Investor Regulations",http://www.prnewswire.com/news-releases/mercan-group-launches-albor-at-santa-maria-reinforcing-its-commitment-to-panama-amid-new-qualified-investor-regulations-302894716.html,prnewswire.com,en,,2026-09-30T17:30:00+00:00,2026-10-06T18:46:40+00:00,,gdelt_doc:panama,titular_metadatos,
N-2ab09d2eca95,Connecting the Atlantic with the Pacific and Studying a New Interoceanic Canal Is Keeping Colombia New President Busy .,https://newsroompanama.com/2026/09/08/connecting-the-atlantic-with-the-pacific-and-studying-a-new-interoceanic-canal-is-keeping-colombias-new-president-busy/,newsroompanama.com,en,,2026-09-09T01:30:00+00:00,2026-10-06T18:46:40+00:00,,gdelt_doc:turismo,titular_metadatos,
N-2ab487b3c5b3,Disminuyen de 140 a 16 los buques de bandera panameña detenidos en China,https://www.revistaeyn.com/centroamericaymundo/disminuyen-de-140-a-16-los-buques-de-bandera-panamena-detenidos-en-china-FH31500476,revistaeyn.com,es,,2026-07-24T14:15:00+00:00,2026-10-06T18:46:40+00:00,,gdelt_doc:logistica,titular_metadatos,
N-2ab8c0c290e5,Kayra Harding comentó que en 30 días despedirán el cuerpo del príncipe Anthony Bart - Appiah,https://www.panamaamerica.com.pa/variedades/kayra-harding-comento-que-en-30-dias-despediran-el-cuerpo-del-principe-anthony-bart,panamaamerica.com.pa,es,,2026-08-26T23:45:00+00:00,2026-10-06T18:46:40+00:00,,gdelt_doc:turismo,titular_metadatos,
N-2ac3689a7e62,Fortalece Mara Lezama alianza con Brasil para recuperar el turismo brasileño y ampliar conectividad aérea con Cancún,https://noticaribe.com.mx/2026/09/11/fortalece-mara-lezama-alianza-con-brasil-para-recuperar-el-turismo-brasileno-y-ampliar-conectividad-aerea-con-cancun/,noticaribe.com.mx,es,,2026-09-12T07:00:00+00:00,2026-10-06T18:46:40+00:00,,gdelt_doc:turismo,titular_metadatos,
N-2ad63a2ff210,Estefanía Soriano y Diego García aportan las primeras medallas al judo dominicano en Santo Domingo 2026,https://elnacional.com.do/deportes/estefania-soriano-diego-garcia-aportan-primeras-medallas-judo-dominicano-santo-domingo-2026_576813.html,elnacional.com.do,es,,2026-07-25T22:00:00+00:00,2026-10-06T18:46:40+00:00,,gdelt_doc:logistica,titular_metadatos,
N-2ad7569acaa8,"Santa Fe se prepara para recibir a los Juegos Suramericanos 2026 : sedes , disciplinas y abanderados de la delegación argentina",https://tn.com.ar/deportes/polideportivo/2026/09/07/santa-fe-se-prepara-para-recibir-a-los-juegos-suramericanos-2026-sedes-disciplinas-y-abanderados-de-la-delegacion-argentina/,tn.com.ar,es,,2026-09-07T20:45:00+00:00,2026-10-06T18:46:40+00:00,,gdelt_doc:turismo,titular_metadatos,
N-2adab57eccd7,"Amado y Cristian , los hermanos que han hallado miles de fósiles de megafauna en Costa Rica - Ciencia",https://www.abc.com.py/ciencia/2026/08/26/amado-y-cristian-los-hermanos-que-han-hallado-miles-de-fosiles-de-megafauna-en-costa-rica/,abc.com.py,es,,2026-08-26T15:30:00+00:00,2026-10-06T18:46:40+00:00,,gdelt_doc:turismo,titular_metadatos,
N-2ae90c268233,"DARIÉN , EL TESORO VERDE DE PANAMÁ",https://www.quiuboestereo.com/darien-el-tesoro-verde-de-panama/,quiuboestereo.com,es,,2026-07-31T18:15:00+00:00,2026-10-06T18:46:40+00:00,,gdelt_doc:turismo,titular_metadatos,
N-2af4d9478a99,Universidad de Panamá tendrá $379 . 4 millones en presupuesto para 2027,https://www.panamaamerica.com.pa/sociedad/universidad-de-panama-tendra-3794-millones-en-presupuesto-para-2027-1264979,panamaamerica.com.pa,es,,2026-08-10T06:15:00+00:00,2026-10-06T18:46:40+00:00,,gdelt_doc:economia,titular_metadatos,
N-2afde2eca68c,Aliah Maurette dice que le encantaría estar en el confesionario de Rosalía si viene a Panamá,https://www.diaadia.com.pa/fama/aliah-maurette-dice-que-le-encantaria-estar-en-el-confesionario-de-rosalia-si-viene-panama,diaadia.com.pa,es,,2026-09-02T20:00:00+00:00,2026-10-06T18:46:40+00:00,,gdelt_doc:panama,titular_metadatos,
N-2b027ebc1178,Panamax 2026 simula asalto para impedir un ataque al Canal de Panamá,https://www.critica.com.pa/nacional/panamax-2026-simula-asalto-para-impedir-un-ataque-al-canal-de-panama-514229,critica.com.pa,es,,2026-08-07T23:45:00+00:00,2026-10-06T18:46:40+00:00,,gdelt_doc:logistica,titular_metadatos,
N-2b1a35b0669a,Banco Popular destaca sostenibilidad como factor de competitividad para el turismo dominicano,https://barrigaverde.net/banco-popular-destaca-sostenibilidad-como-factor-de-competitividad-para-el-turismo-dominicano/,barrigaverde.net,es,,2026-09-04T04:15:00+00:00,2026-10-06T18:46:40+00:00,,gdelt_doc:turismo,titular_metadatos,
N-2b27cbfb9b22,Avianca reactiva sus vuelos en el Aeropuerto Internacional Matecaña : así será el regreso de operaciones,https://www.lapatria.com/eje-cafetero/avianca-reactiva-sus-vuelos-en-el-aeropuerto-internacional-matecana-asi-sera-el,lapatria.com,es,,2026-08-26T17:45:00+00:00,2026-10-06T18:46:40+00:00,,gdelt_doc:turismo,titular_metadatos,
N-2b2a7f26e656,A Final Decision on the Puerto Barú Project is Called for by the Maritime Chamber,https://newsroompanama.com/2026/07/29/a-final-decision-on-the-puerto-baru-project-is-called-for-by-the-maritime-chamber/,newsroompanama.com,en,,2026-07-30T05:30:00+00:00,2026-10-06T18:46:40+00:00,,gdelt_doc:logistica,titular_metadatos,
N-2b2a809448ae,¡ Las Tablas se lleva el Gelo Córdoba ! Sebastián Batista gana el oro,https://www.critica.com.pa/nacional/las-tablas-se-lleva-el-gelo-cordoba-sebastian-batista-gana-el-oro-517079,critica.com.pa,es,,2026-09-27T18:30:00+00:00,2026-10-06T18:46:40+00:00,,gdelt_doc:panama,titular_metadatos,
N-2b34f30f7a15,México asegura medalla y clasifica a la final tras vencer con goleada a Panamá en los Centroamericanos 2026,https://tribuna.com.mx/deportes/2026/08/05/mexico-asegura-medalla-y-clasifica-a-la-final-tras-vencer-con-goleada-a-panama-en-los-centroamericanos-2026_645799/,tribuna.com.mx,es,,2026-08-06T02:30:00+00:00,2026-10-06T18:46:40+00:00,,gdelt_doc:logistica,titular_metadatos,
N-2b47acb52043,"Latin American governments prepare for El Nino as drought , floods and heat loom",https://www.news4jax.com/news/world/2026/07/17/latin-american-governments-prepare-for-el-nino-as-drought-floods-and-heat-loom/,news4jax.com,en,,2026-07-17T15:30:00+00:00,2026-10-06T18:46:40+00:00,,gdelt_doc:eventos_naturales,titular_metadatos,
N-2b7aedb52be3,Boza quedó jodido tras accidente y se recupera para los Premios Juventud,https://www.critica.com.pa/show/boza-quedo-jodido-tras-accidente-y-se-recupera-para-los-premios-juventud-515612,critica.com.pa,es,,2026-09-01T15:45:00+00:00,2026-10-06T18:46:40+00:00,,gdelt_doc:panama,titular_metadatos,
N-2b7b72562544,Atletismo tico vive una de cal y otra de arena en Santo Domingo 2026,https://www.teletica.com/otros-deportes/atletismo-tico-vive-una-de-cal-y-otra-de-arena-en-santo-domingo-2026_414828,teletica.com,es,,2026-08-05T04:30:00+00:00,2026-10-06T18:46:40+00:00,,gdelt_doc:logistica,titular_metadatos,
N-2baf75c4c733,"Liga de Naciones Concacaf | Resultados, calendario y todos los cruces para cuartos de final",https://www.tvn-2.com/tvmax/somos-la-sele/liga-de-naciones-concacaf-seleccion-de-panama-guatemala-curazao-mexico-canada-estados-unidos_1_2264553.html,tvn-2.com,es,2026-10-06T15:59:18+00:00,,2026-10-06T18:46:40+00:00,,tvn_rss,titular_metadatos,
N-2bd3222f7bec,Metro de Panamá detecta incidente de ciberseguridad ; servicio opera con normalidad,https://www.prensa.com/judiciales/metro-de-panama-detecta-incidente-de-ciberseguridad-servicio-opera-con-normalidad/,prensa.com,es,,2026-08-02T03:45:00+00:00,2026-10-06T18:46:40+00:00,,gdelt_doc:economia,titular_metadatos,
N-2bd8fe43b2cc,Apoyará neutralidad de Canal de Panamá,https://sanluishoy.com.mx/sucesos/apoyara-neutralidad-de-canal-de-panama/119346/,sanluishoy.com.mx,es,,2026-07-16T08:45:00+00:00,2026-10-06T18:46:40+00:00,,gdelt_doc:logistica,titular_metadatos,
N-2bdd0b312f12,Teleférico de Panamá y San Miguelito entra en nueva etapa,https://www.critica.com.pa/nacional/teleferico-de-panama-y-san-miguelito-entra-en-nueva-etapa-517178,critica.com.pa,es,,2026-09-29T01:00:00+00:00,2026-10-06T18:46:40+00:00,,gdelt_doc:panama,titular_metadatos,
N-2bdd0d007301,Josué Vergara se unirá a la Selección de Panamá en Japón,https://www.prensa.com/deportes/josue-vergara-se-unira-a-la-seleccion-de-panama-en-japon/,prensa.com,es,,2026-09-30T22:45:00+00:00,2026-10-06T18:46:40+00:00,,gdelt_doc:panama,titular_metadatos,
N-2be5f1031fdc,Bay County Public Libraries face 40 % book fund loss ahead of Florida property tax vote,https://www.wjhg.com/2026/09/10/bay-county-public-libraries-face-40-book-fund-loss-ahead-florida-property-tax-vote/,wjhg.com,en,,2026-09-10T02:45:00+00:00,2026-10-06T18:46:40+00:00,,gdelt_doc:economia,titular_metadatos,
N-2beca43b6942,The sunhat is everywhere in Athens as crowds grow larger at ancient sites,https://www.the-messenger.com/news/world/article_0229111f-13da-59f1-b156-fd0f2e652e8e.html,the-messenger.com,en,,2026-08-23T06:45:00+00:00,2026-10-06T18:46:40+00:00,,gdelt_doc:turismo,titular_metadatos,
N-2bf391a610e7,Los mandatarios que han llegado a Cali este 7 de agosto para la posesión de Abelardo de la Espriella,https://www.elpais.com.co/politica/en-imagenes-los-mandatarios-que-han-llegado-a-cali-este-7-de-agosto-para-la-posesion-de-abelardo-de-la-espriella-0754.html,elpais.com.co,es,,2026-08-07T18:00:00+00:00,2026-10-06T18:46:40+00:00,,gdelt_doc:turismo,titular_metadatos,
N-2c06bfa73207,Dominican Today,https://dominicantoday.com/abinader-highlights-ports-as-key-to-dominican-republics-economic-growth/,dominicantoday.com,en,,2026-09-08T23:15:00+00:00,2026-10-06T18:46:40+00:00,,gdelt_doc:turismo,titular_metadatos,
N-2c07b1f7b46a,Este es el país al que más viajan los colombianos,https://www.portafolio.co/economia/crecimiento/este-es-el-pais-al-que-mas-viajan-los-colombianos-501277,portafolio.co,es,,2026-08-27T14:45:00+00:00,2026-10-06T18:46:40+00:00,,gdelt_doc:turismo,titular_metadatos,
N-2c1240d4c475,Panama President meets Minister of State at Ministry of Foreign Affairs,http://thepeninsulaqatar.com/article/30/09/2026/panamas-president-meets-minister-of-state-at-ministry-of-foreign-affairs,thepeninsulaqatar.com,en,,2026-09-30T21:30:00+00:00,2026-10-06T18:46:40+00:00,,gdelt_doc:panama,titular_metadatos,
N-2c210d61be01,Dow Jones Top Markets Headlines at 11 PM ET : Asian Stock Markets Mixed as Investors Look to U . S . CPI Data | Oil ...,https://www.morningstar.com/news/dow-jones/202609073799/dow-jones-top-markets-headlines-at-11-pm-et-asian-stock-markets-mixed-as-investors-look-to-us-cpi-data-oil,morningstar.com,en,,2026-09-08T04:00:00+00:00,2026-10-06T18:46:40+00:00,,gdelt_doc:economia,titular_metadatos,
N-2c2f51065751,Panama Canal to reduce shipping over El Nino - fueled drought,https://www.jamaicaobserver.com/2026/08/20/panama-canal-reduce-shipping-el-nino-fueled-drought/,jamaicaobserver.com,en,,2026-08-21T01:45:00+00:00,2026-10-06T18:46:40+00:00,,gdelt_doc:logistica,titular_metadatos,
N-2c2f7831a358,El Ministerio de Seguridad establece Comando Conjunto en el Canal de Panamá,https://www.laestrella.com.pa/panama/nacional/el-ministerio-de-seguridad-establece-comando-conjunto-en-el-canal-de-panama-EF24656299,laestrella.com.pa,es,,2026-08-06T00:45:00+00:00,2026-10-06T18:46:40+00:00,,gdelt_doc:logistica,titular_metadatos,
N-2c2f7fbbeaec,Río Indio : entre la seguridad hídrica y el desarrollo territorial,https://www.prensa.com/opinion/rio-indio-entre-la-seguridad-hidrica-y-el-desarrollo-territorial/,prensa.com,es,,2026-08-01T13:30:00+00:00,2026-10-06T18:46:40+00:00,,gdelt_doc:logistica,titular_metadatos,
N-2c6e3fa0232b,"Están muertos , pero duele : el clamor de los familiares con difuntos en cementerios del embalse",https://www.panamaamerica.com.pa/sociedad/estan-muertos-pero-duele-el-clamor-de-los-familiares-con-difuntos-en-cementerios-del-0,panamaamerica.com.pa,es,,2026-07-31T19:00:00+00:00,2026-10-06T18:46:40+00:00,,gdelt_doc:eventos_naturales,titular_metadatos,
N-2c89b8a88ce4,Museo del Canal abre el debate sobre el futuro de la vía interoceánica,https://www.midiario.com/nacionales/museo-del-canal-abre-el-debate-sobre-el-futuro-de-la-via-interoceanica/,midiario.com,es,,2026-08-07T00:45:00+00:00,2026-10-06T18:46:40+00:00,,gdelt_doc:logistica,titular_metadatos,
N-2c93a98afb4d,¡ Que salto ! Nathalee Aranda rompe récord y se cuelga el oro,https://www.midiario.com/deportivas/que-salto-nathalee-aranda-rompe-record-y-se-cuelga-el-oro/,midiario.com,es,,2026-08-24T04:30:00+00:00,2026-10-06T18:46:40+00:00,,gdelt_doc:logistica,titular_metadatos,
N-2cb24ed3a065,Mexico cattle ranchers fear screwworm crisis could permanently reshape cross - border trade,https://www.tpr.org/news/2026-07-13/mexicos-cattle-ranchers-fear-screwworm-crisis-could-permanently-reshape-cross-border-trade,tpr.org,en,,2026-07-13T18:30:00+00:00,2026-10-06T18:46:40+00:00,,gdelt_doc:economia,titular_metadatos,
N-2cbf48e77ba1,Sin unidad y elecciones libres no habrá reconstrucción democrática en Venezuela,https://www.analitica.com/sin-categoria/sin-unidad-y-elecciones-libres-no-habra-reconstruccion-democratica-en-venezuela/,analitica.com,es,,2026-07-14T20:00:00+00:00,2026-10-06T18:46:40+00:00,,gdelt_doc:economia,titular_metadatos,
N-2ce43422047f,The sunhat is everywhere in Athens as crowds grow larger at ancient sites,https://abcnews.com/International/wireStory/sunhat-athens-crowds-grow-larger-ancient-sites-135878601,abcnews.com,en,,2026-08-23T07:45:00+00:00,2026-10-06T18:46:40+00:00,,gdelt_doc:turismo,titular_metadatos,
N-2cea42ad5a14,Panamá busca el respaldo de la India para el Tratado de Neutralidad del Canal,https://www.panamaamerica.com.pa/sociedad/panama-busca-el-respaldo-de-la-india-para-el-tratado-de-neutralidad-del-canal-1264190,panamaamerica.com.pa,es,,2026-07-20T14:30:00+00:00,2026-10-06T18:46:40+00:00,,gdelt_doc:economia,titular_metadatos,
N-2cee9d92f5da,B /. 65 . 7 millones para evitar un aumento en la factura eléctrica,https://www.critica.com.pa/nacional/b657-millones-para-evitar-un-aumento-en-la-factura-electrica-515287,critica.com.pa,es,,2026-08-26T06:30:00+00:00,2026-10-06T18:46:40+00:00,,gdelt_doc:economia,titular_metadatos,
N-2d04721ec855,The Panama Canal Is Running Dry,https://slguardian.org/the-panama-canal-is-running-dry/,slguardian.org,en,,2026-08-23T11:00:00+00:00,2026-10-06T18:46:40+00:00,,gdelt_doc:logistica,titular_metadatos,
N-2d0768574cb2,Panamá 2030 : educar para competir con visión de Estado,https://www.prensa.com/opinion/panama-2030-educar-para-competir-con-vision-de-estado/,prensa.com,es,,2026-09-10T06:15:00+00:00,2026-10-06T18:46:40+00:00,,gdelt_doc:economia,titular_metadatos,
N-2d0836ef0c1a,"Panamá abre centro que fusiona historia y naturaleza tras invertir 7 , 7 millones de dólares",https://www.midiario.com/nacionales/panama-abre-centro-que-fusiona-historia-y-naturaleza-tras-invertir-77-millones-de-dolares/,midiario.com,es,,2026-09-06T00:30:00+00:00,2026-10-06T18:46:40+00:00,,gdelt_doc:panama,titular_metadatos,
N-2d19a64fc95a,¿ Quién está enseñando ? Déficit de docentes y desconfianza golpea la educación panameña,https://www.laestrella.com.pa/panama/nacional/quien-esta-ensenando-deficit-de-docentes-y-desconfianza-golpea-la-educacion-panamena-HM24395354,laestrella.com.pa,es,,2026-07-27T07:00:00+00:00,2026-10-06T18:46:40+00:00,,gdelt_doc:turismo,titular_metadatos,
N-2d1a2cfbc156,La ausencia de servicios básicos limita la reducción del déficit habitacional,https://www.panamaamerica.com.pa/economia/la-ausencia-de-servicios-basicos-limita-la-reduccion-del-deficit-habitacional-1266707,panamaamerica.com.pa,es,,2026-09-25T06:15:00+00:00,2026-10-06T18:46:40+00:00,,gdelt_doc:economia,titular_metadatos,
N-2d2afbefa117,BermudAir Orders 10 Airbus A220s to Grow Caribbean Network,https://www.riotimesonline.com/bermudair-orders-10-airbus-a220s-to-expand-its-caribbean-network/,riotimesonline.com,en,,2026-07-26T10:00:00+00:00,2026-10-06T18:46:40+00:00,,gdelt_doc:turismo,titular_metadatos,
N-2d3723445674,Los 10 proyectos de la ANI que se enfrentan a la realidad de la infraestructura ¿ cómo convertir las alianzas en política de Estado ?,https://lahora.gt/lh-economia/esmith/2026/09/10/los-10-proyectos-de-la-ani-que-se-enfrentan-a-la-realidad-de-la-infraestructura-como-convertir-las-alianzas-en-politica-de-estado-now/,lahora.gt,es,,2026-09-10T13:00:00+00:00,2026-10-06T18:46:40+00:00,,gdelt_doc:economia,titular_metadatos,
N-2d379e1c66f7,Fitch alerta sobre riesgos de El Niño para el Canal y prevé que economía panameña crecerá 4 %,https://www.prensa.com/economia/fitch-alerta-sobre-riesgos-de-el-nino-para-el-canal-y-preve-que-economia-panamena-crecera-4/,prensa.com,es,,2026-07-21T04:45:00+00:00,2026-10-06T18:46:40+00:00,,gdelt_doc:economia,titular_metadatos,
N-2d538935d881,"FMI realizará evaluación anual de Panamá , misión llega este mes al país",https://www.prensa.com/economia/fmi-realizara-evaluacion-anual-de-panama-mision-llega-este-mes-al-pais/,prensa.com,es,,2026-09-04T22:15:00+00:00,2026-10-06T18:46:40+00:00,,gdelt_doc:economia,titular_metadatos,
N-2d6199fd74fb,Cámara Marítima de Panamá presenta Entre Mare en la Feria Internacional del Libro | La Prensa Panamá,https://www.prensa.com/contenido-de-marcas/camara-maritima-de-panama-presenta-entre-mares-en-la-feria-internacional-del-libro/,prensa.com,es,,2026-08-27T19:00:00+00:00,2026-10-06T18:46:40+00:00,,gdelt_doc:panama,titular_metadatos,
N-2d6cdf93f73e,¿ Crees que si hubiera tenido trabajo habría ido ?,https://diariodelhuila.com/crees-que-si-hubiera-tenido-trabajo-habria-ido/,diariodelhuila.com,es,,2026-08-04T10:45:00+00:00,2026-10-06T18:46:40+00:00,,gdelt_doc:eventos_naturales,titular_metadatos,
N-2d729595bb7e,Guatemala hace podio completo en el Tour de Panamá 2026,https://emisorasunidas.com/deportes/2026/10/01/guatemala-hace-el-1-2-y-3-en-el-tour-panama-2026/,emisorasunidas.com,es,,2026-10-01T23:15:00+00:00,2026-10-06T18:46:40+00:00,,gdelt_doc:panama,titular_metadatos,
N-2d8b59148e2c,Sudamérica y el Canal de Panamá lideran las rutas de cruceros,https://www.prensa.com/economia/sudamerica-y-el-canal-de-panama-lideran-las-rutas-de-cruceros/,prensa.com,es,,2026-08-03T07:30:00+00:00,2026-10-06T18:46:40+00:00,,gdelt_doc:economia,titular_metadatos,
N-2da073393ea8,Exoneración del ITBI : ¿ cuánto dejará de recaudar el Estado ?,https://www.panamaamerica.com.pa/economia/exoneracion-del-itbi-cuanto-dejara-de-recaudar-el-estado-1265678,panamaamerica.com.pa,es,,2026-08-28T05:45:00+00:00,2026-10-06T18:46:40+00:00,,gdelt_doc:economia,titular_metadatos,
N-2dbb4510c5ee,Remembering The False Gloom And Doom Of The 1992 Elections ... And The Upcoming Midterms,http://www.zerohedge.com/political/remembering-false-gloom-and-doom-1992-elections-and-upcoming-midterms,zerohedge.com,en,,2026-10-01T23:30:00+00:00,2026-10-06T18:46:40+00:00,,gdelt_doc:economia,titular_metadatos,
N-2dc67bbf7c0f,"Más barcos cruzan el Canal de Panamá , mientras que reportan subastas por $4 millones",https://www.prensa.com/economia/mas-barcos-cruzan-el-canal-de-panama-mientras-que-reportan-subastas-por-4-millones/,prensa.com,es,,2026-08-14T09:30:00+00:00,2026-10-06T18:46:40+00:00,,gdelt_doc:economia,titular_metadatos,
N-2dc97b8964a8,TVN Media recibe reconocimiento del programa Reduce Tu Huella por su compromiso con la gestión ambiental,https://www.tvn-2.com/nacionales/tvn-media-recibe-reconocimiento-programa-reduce-tu-huella-gestion-ambiental_1_2254331.html,tvn-2.com,es,2026-08-05T00:38:03+00:00,,2026-10-06T18:46:40+00:00,,tvn_rss,titular_metadatos,
N-2dcf27e562c6,"Overnight News Digest September 20 , 2026",https://www.dailykos.com/stories/2026/9/20/800100982/community/overnight-news-digest-september-20-2026/,dailykos.com,en,,2026-09-21T05:30:00+00:00,2026-10-06T18:46:40+00:00,,gdelt_doc:economia,titular_metadatos,
N-2deeccac4f22,Mulino viaja a Asia : estos son los seis acuerdos que Panamá prevé firmar en Singapur,https://www.telemetro.com/nacionales/mulino-viaja-asia-estos-son-los-seis-acuerdos-que-panama-preve-firmar-singapur-n6093650,telemetro.com,es,,2026-10-01T13:00:00+00:00,2026-10-06T18:46:40+00:00,,gdelt_doc:panama,titular_metadatos,
N-2dfb2d2279d9,Julio Moltó se refiere a Minera Panamá : Se necesita volver a reactivar la economía,https://www.telemetro.com/nacionales/julio-molto-se-refiere-minera-panama-se-necesita-volver-reactivar-la-economia-n6092365,telemetro.com,es,,2026-09-20T06:30:00+00:00,2026-10-06T18:46:40+00:00,,gdelt_doc:economia,titular_metadatos,
N-2e007bc4312b,Rubén Blades desmiente nexos con el PRD e insiste en su independencia política,https://www.panamaamerica.com.pa/politica/ruben-blades-desmiente-nexos-con-el-prd-e-insiste-en-su-independencia-politica-1266928,panamaamerica.com.pa,es,,2026-10-01T00:00:00+00:00,2026-10-06T18:46:40+00:00,,gdelt_doc:turismo,titular_metadatos,
N-2e0149e82059,Tropical Storm Bertha forms on track approaching US Gulf Coast,https://kdhnews.com/news/nation/tropical-storm-bertha-forms-on-track-approaching-us-gulf-coast/article_d832ad1d-aa98-50f7-8066-6e74bcf0e8b7.html,kdhnews.com,en,,2026-07-21T02:15:00+00:00,2026-10-06T18:46:40+00:00,,gdelt_doc:eventos_naturales,titular_metadatos,
N-2e0c287fbe39,"Diésel : Perú tiene el combustible más caro en la región , los factores que nos colocan en la cima de la lista | ECONOMIA",https://gestion.pe/economia/diesel-peru-tiene-el-combustible-mas-caro-en-la-region-los-factores-que-nos-colocan-en-la-cima-de-la-lista-noticia/,gestion.pe,es,,2026-09-12T11:15:00+00:00,2026-10-06T18:46:40+00:00,,gdelt_doc:economia,titular_metadatos,
N-2e10cd750fc3,"To Boost Employment and Investment , CCIAP Calls for a Shift from Pessimism to Solutions",https://newsroompanama.com/2026/07/28/to-boost-employment-and-investment-cciap-calls-for-a-shift-from-pessimism-to-solutions/,newsroompanama.com,en,,2026-07-28T15:15:00+00:00,2026-10-06T18:46:40+00:00,,gdelt_doc:economia,titular_metadatos,
N-2e11e6694b0e,"Tropical Storm Bertha Strengthens , Top Winds 60",https://1035thebeat.iheart.com/content/2026-07-21-tropical-storm-bertha-strengthens-top-winds-60/,1035thebeat.iheart.com,en,,2026-07-21T16:30:00+00:00,2026-10-06T18:46:40+00:00,,gdelt_doc:eventos_naturales,titular_metadatos,
N-2e1b4829a70f,Panamax 2026 reunirá a 18 países para blindar la seguridad del Canal de Panamá • Periódico Digital Centroamericano y del Caribe,https://newsinamerica.com/pdcc/boletin/2026/panamax-2026-reunira-a-18-paises-para-blindar-la-seguridad-del-canal-de-panama/,newsinamerica.com,es,,2026-08-04T01:45:00+00:00,2026-10-06T18:46:40+00:00,,gdelt_doc:logistica,titular_metadatos,
N-2e216a325609,El Teatro Nacional celebra su aniversario con una gira gratuita de de Mi Lugar Favorito en el interior del país,https://www.panamaamerica.com.pa/variedades/el-teatro-nacional-celebra-su-aniversario-con-una-gira-gratuita-de-de-mi-lugar-favorito,panamaamerica.com.pa,es,,2026-10-01T03:00:00+00:00,2026-10-06T18:46:40+00:00,,gdelt_doc:panama,titular_metadatos,
N-2e3a3f4f2401,Preview - Asamblea de Panamá,https://www.asamblea.gob.pa/Noticias/Actualidad/INSTALADA-LA-COMISION-DE-COMERCIO-Y-ASUNTOS-ECONOMICOS,asamblea.gob.pa,es,,2026-07-23T21:30:00+00:00,2026-10-06T18:46:40+00:00,,gdelt_doc:economia,titular_metadatos,
N-2e425d6946fd,El Ministerio de Economía descarta renta sustitutiva por exoneración del ITBI,https://www.panamaamerica.com.pa/economia/el-ministerio-de-economia-descarta-renta-sustitutiva-por-exoneracion-del-itbi-1265943,panamaamerica.com.pa,es,,2026-09-04T07:15:00+00:00,2026-10-06T18:46:40+00:00,,gdelt_doc:economia,titular_metadatos,
N-2e47e7595b2c,First Quantum falls after Panama panel recommends operating giant mine under orderly closure,https://seekingalpha.com/news/4648811-first-quantum-falls-after-panama-panel-recommends-operating-giant-mine-under-orderly-closure,seekingalpha.com,en,,2026-10-01T04:30:00+00:00,2026-10-06T18:46:40+00:00,,gdelt_doc:panama,titular_metadatos,
N-2e74ee504709,Canal de Panamá activa medidas preventivas en el sistema de agua potable ante el fenómeno de El Niño - Yvke Mundial,https://radiomundial.com.ve/canal-de-panama-activa-medidas-preventivas-en-el-sistema-de-agua-potable-ante-el-fenomeno-de-el-nino/,radiomundial.com.ve,es,,2026-08-26T22:00:00+00:00,2026-10-06T18:46:40+00:00,,gdelt_doc:logistica,titular_metadatos,
N-2e78f8c6af27,Vizner alerta : El Niño ya está reventando la economía mundial,https://www.negocios.com/articulo/mercados/vizner-alerta-nino-reventando-economia-mundial/20260830163729492951.html,negocios.com,es,,2026-08-30T15:15:00+00:00,2026-10-06T18:46:40+00:00,,gdelt_doc:economia,titular_metadatos,
N-2e7a5d59665b,Estevis López se prende en España y Panamá Sub - 17 tumba a Australia,https://www.midiario.com/deportivas/panama-sub-17-arranca-con-victoria-en-espana-y-ya-pone-la-mira-en-marruecos/,midiario.com,es,,2026-09-24T20:30:00+00:00,2026-10-06T18:46:40+00:00,,gdelt_doc:panama,titular_metadatos,
N-2e952ba388fe,Tropical Storm Bertha in the Gulf of Mexico moving toward Florida Panhandle and Alabama,https://www.dailygazette.com/leader_herald/ap/national/tropical-storm-bertha-in-the-gulf-of-mexico-moving-toward-florida-panhandle-and-alabama/article_fc46670c-bed9-5d09-9b46-7f317e8ef422.html,dailygazette.com,en,,2026-07-21T14:00:00+00:00,2026-10-06T18:46:40+00:00,,gdelt_doc:eventos_naturales,titular_metadatos,
N-2eb8c64845db,"Contenido Exclusivo: Coclé, se seca el campo",https://www.tvn-2.com/contenido-exclusivo/contenido-exclusivo-cocle-seca-campo-fenomeno-de-el-nino-clima-agua-produccion-sequia_1_2263614.html,tvn-2.com,es,2026-10-01T01:31:04+00:00,,2026-10-06T18:46:40+00:00,,tvn_rss,titular_metadatos,
N-2ebe5f46fbf9,Gobierno evalúa pago diferido de primas a exfuncionarios,https://www.laestrella.com.pa/panama/nacional/gobierno-evalua-pago-diferido-de-primas-a-exfuncionarios-PE25032058,laestrella.com.pa,es,,2026-08-20T08:00:00+00:00,2026-10-06T18:46:40+00:00,,gdelt_doc:economia,titular_metadatos,
N-2edf1aa72b7e,Tropical Storm Bertha in the Gulf of Mexico moving toward Florida Panhandle and Alabama,https://www.breitbart.com/news/tropical-storm-bertha-in-the-gulf-of-mexico-moving-toward-florida-panhandle-and-alabama/,breitbart.com,en,,2026-07-21T15:00:00+00:00,2026-10-06T18:46:40+00:00,,gdelt_doc:eventos_naturales,titular_metadatos,
N-2f09b688884c,Petroterminal de Panamá bajo control estatal,http://www.elmanana.com/noticias/internacional/petroterminal-de-panama-bajo-control-estatal/6162669,elmanana.com,es,,2026-07-20T07:30:00+00:00,2026-10-06T18:46:40+00:00,,gdelt_doc:logistica,titular_metadatos,
N-2f1957e708f2,"Jorge Messi , el cerebro detrás de la carrera de Lionel Messi",https://d10.ultimahora.com/jorge-messi-el-cerebro-detras-de-la-carrera-de-lionel-messi,d10.ultimahora.com,es,,2026-08-08T18:15:00+00:00,2026-10-06T18:46:40+00:00,,gdelt_doc:turismo,titular_metadatos,
N-2f2bb456d32c,Hegseth lanza nueva advertencia a La Habana,https://www.martinoticias.com/a/me-gustar%C3%ADa-ver-m%C3%A1s-cooperaci%C3%B3n-de-cuba-quieran-ellos-o-no-hegseth-lanza-nueva-advertencia-a-la-habana/475465.html,martinoticias.com,es,,2026-08-14T20:45:00+00:00,2026-10-06T18:46:40+00:00,,gdelt_doc:economia,titular_metadatos,
N-2f30cbb917a3,Los 3 intentos frustrados de María Corina Machado por regresar a Venezuela mientras Delcy Rodríguez está en Nueva York,https://www.hsbnoticias.com/los-3-intentos-frustrados-de-maria-corina-machado-por-regresar-a-venezuela-mientras-delcy-rodriguez-esta-en-nueva-york/,hsbnoticias.com,es,,2026-09-23T22:30:00+00:00,2026-10-06T18:46:40+00:00,,gdelt_doc:logistica,titular_metadatos,
N-2f5e03c211c9,Minería ilegal : 21 colombianos detenidos en el Darién bajo la Operación Escudo de Acero .,https://www.panamaamerica.com.pa/sucesos/mineria-ilegal-21-colombianos-detenidos-en-el-darien-bajo-la-operacion-escudo-de-acero,panamaamerica.com.pa,es,,2026-08-20T20:15:00+00:00,2026-10-06T18:46:40+00:00,,gdelt_doc:economia,titular_metadatos,
N-2f69d811e23c,"International News Briefs for Friday , August 14 , 2026",https://havanatimes.org/news/international-news-briefs-for-friday-august-14-2026/,havanatimes.org,en,,2026-08-14T15:00:00+00:00,2026-10-06T18:46:40+00:00,,gdelt_doc:eventos_naturales,titular_metadatos,
N-2f77a39519f4,Venezuelans rally to demand opposition leader safe return and presidential elections – Winnipeg Free Press,https://www.winnipegfreepress.com/world/2026/09/27/venezuelans-rally-to-demand-opposition-leaders-safe-return-and-presidential-elections,winnipegfreepress.com,en,,2026-09-28T01:00:00+00:00,2026-10-06T18:46:40+00:00,,gdelt_doc:economia,titular_metadatos,
N-2f8070e3d565,Marathón : la decisión que tomó con César Samudio tras ofertas,https://www.laprensa.hn/deportes/marathon-decision-cesar-samudio-ofertas-extranjero-mercado-fichajes-EE31428048,laprensa.hn,es,,2026-07-16T21:45:00+00:00,2026-10-06T18:46:40+00:00,,gdelt_doc:logistica,titular_metadatos,
N-2f81c0db7e68,Canal de Panamá reducirá el tránsito de buques desde septiembre por el fenómeno de El Niño,https://www.elfinancierocr.com/internacionales/canal-de-panama-reducira-el-transito-de-buques/OLM53VFNC5E6PHYD4QJ7ETYIOA/story/,elfinancierocr.com,es,,2026-08-20T23:30:00+00:00,2026-10-06T18:46:40+00:00,,gdelt_doc:logistica,titular_metadatos,
N-2f8c8a462134,Mulino pone a Panamá en vitrina ante los pesos pesados de México,https://www.critica.com.pa/nacional/mulino-pone-panama-en-vitrina-ante-los-pesos-pesados-de-mexico-512937,critica.com.pa,es,,2026-07-16T02:15:00+00:00,2026-10-06T18:46:40+00:00,,gdelt_doc:panama,titular_metadatos,
N-2f97a468b61e,"Insalud abre sede en El Salvador , prepara una clínica digital en Lima y apuesta por la IA para crecer | ECONOMIA",https://gestion.pe/economia/empresas/insalud-abre-sede-en-el-salvador-prepara-una-clinica-digital-en-lima-y-apuesta-por-la-ia-para-crecer-noticia/,gestion.pe,es,,2026-09-03T01:15:00+00:00,2026-10-06T18:46:40+00:00,,gdelt_doc:economia,titular_metadatos,
N-2fa26ce9f3d5,Panamax 2026 : embarcaciones realizan maniobras cerca del Canal de Panamá,https://www.telemetro.com/nacionales/panamax-2026-embarcaciones-realizan-maniobras-cerca-del-canal-panama-n6087803,telemetro.com,es,,2026-08-08T00:15:00+00:00,2026-10-06T18:46:40+00:00,,gdelt_doc:logistica,titular_metadatos,
N-2fb2f2816929,"¿ Quién era Jorge Messi , el cerebro detrás de la carrera de su hijo Lionel ?",https://www.eluniversal.com.co/deportes/2026/08/08/quien-era-jorge-messi-el-cerebro-detras-de-la-carrera-de-su-hijo-lionel/,eluniversal.com.co,es,,2026-08-08T16:30:00+00:00,2026-10-06T18:46:40+00:00,,gdelt_doc:turismo,titular_metadatos,
N-2fbc191028eb,Marc Anthony regresa a Panamá con sus grandes éxitos,https://www.prensa.com/vivir/marc-anthony-regresa-a-panama-con-sus-grandes-exitos/,prensa.com,es,,2026-07-31T06:15:00+00:00,2026-10-06T18:46:40+00:00,,gdelt_doc:logistica,titular_metadatos,
N-2fcf16818c3f,Tanker pays record $5 . 3 million to transit Panama Canal,https://www.hurriyetdailynews.com/tanker-pays-record-5-3-million-to-transit-panama-canal-226166,hurriyetdailynews.com,en,,2026-08-28T07:45:00+00:00,2026-10-06T18:46:40+00:00,,gdelt_doc:logistica,titular_metadatos,
N-2fd7888143ce,Ecuador y Panamá establecen las bases para negociar un acuerdo comercial,https://www.diaadia.com.pa/el-pais/ecuador-y-panama-establecen-las-bases-para-negociar-un-acuerdo-comercial-791469,diaadia.com.pa,es,,2026-09-05T00:30:00+00:00,2026-10-06T18:46:40+00:00,,gdelt_doc:logistica,titular_metadatos,
N-2fe33b828788,Super El Niño threatens Latin America food and trade networks,https://www.thepigsite.com/news/2026/08/super-el-ni%C3%B1o-threatens-latin-americas-food-and-trade-networks,thepigsite.com,en,,2026-08-13T15:15:00+00:00,2026-10-06T18:46:40+00:00,,gdelt_doc:eventos_naturales,titular_metadatos,
N-3004775f0a8e,Aerolíneas Venezuela reanudan operaciones aeropuerto Simón Bolívar,https://www.diariolibre.com/mundo/america-latina/2026/09/09/aerolineas-venezuela-reanudan-operaciones-aeropuerto-simon-bolivar/3654378,diariolibre.com,es,,2026-09-10T02:45:00+00:00,2026-10-06T18:46:40+00:00,,gdelt_doc:turismo,titular_metadatos,
N-301f43f0d1b1,"HEINEKEN Panamá , Anunciante Más Efectivo del Año , conquista el gran Effie y suma un oro , un plata y un bronce | La Prensa Panamá",https://www.prensa.com/contenido-de-marcas/heineken-panama-anunciante-mas-efectivo-del-ano-conquista-el-gran-effie-y-suma-un-oro-un-plata-y-un-bronce/,prensa.com,es,,2026-09-29T07:30:00+00:00,2026-10-06T18:46:40+00:00,,gdelt_doc:panama,titular_metadatos,
N-3025e3031845,Autoridad del Canal de Panamá aumenta a 33 buques capacidad diaria de tránsito,http://spanish.peopledaily.com.cn/n3/2026/0929/c31617-20504629.html,spanish.peopledaily.com.cn,es,,2026-09-29T09:30:00+00:00,2026-10-06T18:46:40+00:00,,gdelt_doc:logistica,titular_metadatos,
N-30434a5ec810,"Panama Canal finds its water solution , but it 5 years away | WTVB | 1590 AM · 95 . 5 FM",https://wtvbam.com/2026/09/07/panama-canal-finds-its-water-solution-but-its-5-years-away/,wtvbam.com,en,,2026-09-07T16:45:00+00:00,2026-10-06T18:46:40+00:00,,gdelt_doc:logistica,titular_metadatos,
N-304a2e9199c7,El Gobierno asume el 100 % de las acciones de Petroterminal de Panamá por $191 . 7 millones,https://www.panamaamerica.com.pa/economia/el-gobierno-asume-el-100-de-las-acciones-de-petroterminal-de-panama-por-1917-millones,panamaamerica.com.pa,es,,2026-09-02T22:30:00+00:00,2026-10-06T18:46:40+00:00,,gdelt_doc:economia,titular_metadatos,
N-309173e5f417,"FIFA World Cup 2026 Generated $3 . 5 Billion for New York - New Jersey Region , Exceeding Projections",https://wdhafm.com/2026/08/31/fifa-world-cup-2026-generated-3-5-billion-for-new-york-new-jersey-region-exceeding-projections/,wdhafm.com,en,,2026-08-31T18:15:00+00:00,2026-10-06T18:46:40+00:00,,gdelt_doc:turismo,titular_metadatos,
N-30b999431c50,Panama Canal to Increase Daily Ship Transits as Rainfall Eases Water Shortage,https://slguardian.org/panama-canal-to-increase-daily-ship-transits-as-rainfall-eases-water-shortage/,slguardian.org,en,,2026-09-29T05:00:00+00:00,2026-10-06T18:46:40+00:00,,gdelt_doc:logistica,titular_metadatos,
N-30c0699d9f6c,Mulino ante la ONU : cuestiona a la institución y reclama un multilateralismo con resultados concretos,https://www.laestrella.com.pa/mundo/america/mulino-ante-la-onu-cuestiona-a-la-institucion-y-reclama-un-multilateralismo-con-resultados-concretos-LM25923877,laestrella.com.pa,es,,2026-09-23T23:45:00+00:00,2026-10-06T18:46:40+00:00,,gdelt_doc:logistica,titular_metadatos,
N-30cb84a7532b,Apede pide fortalecer las instituciones para atraer más inversión a Panamá,https://www.panamaamerica.com.pa/economia/apede-pide-fortalecer-las-instituciones-para-atraer-mas-inversion-panama-1265474,panamaamerica.com.pa,es,,2026-08-23T16:45:00+00:00,2026-10-06T18:46:40+00:00,,gdelt_doc:economia,titular_metadatos,
N-311000321fcd,Netflix y Airbnb pagarían ITBMS si Asamblea aprueba nueva ley,https://www.diaadia.com.pa/el-pais/netflix-y-airbnb-pagarian-itbms-si-asamblea-aprueba-nueva-ley-791251,diaadia.com.pa,es,,2026-08-19T23:00:00+00:00,2026-10-06T18:46:40+00:00,,gdelt_doc:economia,titular_metadatos,
N-312d62cb0849,Panamax 2026 moviliza a más de 1 . 700 efectivos para proteger el Canal de Panamá,https://www.infodefensa.com/texto-diario/mostrar/5975480/arranca-panamax-2026-participacion-hasta-1700-militares-policias-21-paises,infodefensa.com,es,,2026-08-05T12:30:00+00:00,2026-10-06T18:46:40+00:00,,gdelt_doc:logistica,titular_metadatos,
N-31355b4bcd7b,"Want all countries to respect international maritime law : Panama FM Vasquez voices concern over Hormuz , backs freedom of navigation",http://www.massachusettssun.com/news/279199273/want-all-countries-to-respect-international-maritime-law-panama-fm-vasquez-voices-concern-over-hormuz-backs-freedom-of-navigation,massachusettssun.com,en,,2026-07-20T20:45:00+00:00,2026-10-06T18:46:40+00:00,,gdelt_doc:logistica,titular_metadatos,
N-313be9001c92,El Niño vuelve a poner a prueba la matriz eléctrica de Panamá,https://www.prensa.com/economia/el-nino-vuelve-a-poner-a-prueba-la-matriz-electrica-de-panama/,prensa.com,es,,2026-08-30T06:00:00+00:00,2026-10-06T18:46:40+00:00,,gdelt_doc:economia,titular_metadatos,
N-315a8490975a,"Panamá crea una comisión para impulsar la IA , los chips y la computación cuántica",https://es.gizmodo.com/panama-crea-una-comision-para-impulsar-la-ia-los-chips-y-la-computacion-cuantica-2000245777,es.gizmodo.com,es,,2026-07-11T16:00:00+00:00,2026-10-06T18:46:40+00:00,,gdelt_doc:economia,titular_metadatos,
N-315ff3526019,Escudo de las Américas anuncia acciones contra 24 grupos narcoterroristas – Publimetro México,https://www.publimetro.com.mx/noticias/2026/09/24/paises-de-america-coordinan-sanciones-contra-24-organizaciones-criminales-incluido-el-cjng/,publimetro.com.mx,es,,2026-09-25T01:15:00+00:00,2026-10-06T18:46:40+00:00,,gdelt_doc:economia,titular_metadatos,
N-3176d0a3b798,US promises $1bn in security aid to Colombia as new rightwing president pledges drugs crackdown,https://www.theguardian.com/world/2026/aug/08/us-promises-1bn-in-security-aid-to-colombia-as-new-rightwing-president-pledges-drugs-crackdown,theguardian.com,en,,2026-08-08T06:15:00+00:00,2026-10-06T18:46:40+00:00,,gdelt_doc:economia,titular_metadatos,
N-318069aca521,Saprissa busca mantener su invicto como local en la Copa Centroamericana,https://www.teletica.com/deportivo-saprissa/saprissa-busca-mantener-su-invicto-como-local-en-la-copa-centroamericana_414812,teletica.com,es,,2026-08-05T19:45:00+00:00,2026-10-06T18:46:40+00:00,,gdelt_doc:logistica,titular_metadatos,
N-318e0d82d1e0,Ejecutivo aprueba proyecto de ley que impulsa mayores incentivos al turismo – Ministerio de Relaciones exteriores,https://mire.gob.pa/ejecutivo-aprueba-proyecto-de-ley-que-impulsa-mayores-incentivos-al-turismo/,mire.gob.pa,es,,2026-08-26T15:30:00+00:00,2026-10-06T18:46:40+00:00,,gdelt_doc:turismo,titular_metadatos,
N-31926d86f7ab,Tropical Storm Bertha in the Gulf of Mexico is moving toward the Florida Panhandle and Alabama,https://www.click2houston.com/news/national/2026/07/21/tropical-storm-bertha-in-the-gulf-of-mexico-moving-toward-florida-panhandle-and-alabama/,click2houston.com,en,,2026-07-21T13:45:00+00:00,2026-10-06T18:46:40+00:00,,gdelt_doc:eventos_naturales,titular_metadatos,
N-31a4b4a0bf8e,Metro de Panamá informa que fue atacado por ciberdelincuentes,https://www.panamaamerica.com.pa/sociedad/metro-de-panama-informa-que-fue-atacado-por-ciberdelincuentes-1264694,panamaamerica.com.pa,es,,2026-08-01T23:30:00+00:00,2026-10-06T18:46:40+00:00,,gdelt_doc:economia,titular_metadatos,
N-31a5c6b9380f,Extraditan desde Colombia a presunto cabecilla de la pandilla Kill The Nasty,https://www.prensa.com/judiciales/extraditan-desde-colombia-a-presunto-cabecilla-de-la-pandilla-kill-the-nasty/,prensa.com,es,,2026-07-30T00:00:00+00:00,2026-10-06T18:46:40+00:00,,gdelt_doc:turismo,titular_metadatos,
N-31a5ddcb7209,"New York Return , More Ports Mark Disney 2027 - 28 Season - Cruise Industry News",https://cruiseindustrynews.com/cruise-news/2026/08/new-york-return-more-ports-mark-disneys-2027-28-season/,cruiseindustrynews.com,en,,2026-08-25T19:00:00+00:00,2026-10-06T18:46:40+00:00,,gdelt_doc:logistica,titular_metadatos,
N-31aa1a7ddbf2,Preview - Asamblea de Panamá,https://www.asamblea.gob.pa/Noticias/Noticias/BUSCAN-REACTIVAR-LA-CONSTRUCCION-DE-NUEVAS-VIVIENDAS,asamblea.gob.pa,es,,2026-08-24T22:15:00+00:00,2026-10-06T18:46:40+00:00,,gdelt_doc:economia,titular_metadatos,
N-31f12beb0213,Air France abrirá vuelos de temporada entre las islas de Guadalupe y Panamá desde diciembre de 2026,https://www.prensa.com/economia/air-france-abrira-vuelos-de-temporada-entre-las-islas-de-guadalupe-y-panama-desde-diciembre-de-2026/,prensa.com,es,,2026-07-24T17:30:00+00:00,2026-10-06T18:46:40+00:00,,gdelt_doc:economia,titular_metadatos,
N-31f1992d3a1a,Panamá impulsa la restauración de los manglares con economía verde para frenar el cambio climático,https://www.ecoticias.com/eco-america/panama-impulsa-la-restauracion-de-los-manglares-con-economia-verde,ecoticias.com,es,,2026-07-23T15:30:00+00:00,2026-10-06T18:46:40+00:00,,gdelt_doc:economia,titular_metadatos,
N-3203514ff538,Panamá se instala en Bengaluru y comienza la cuenta regresiva para su primer amistoso,https://www.midiario.com/deportivas/panama-se-instala-en-bengaluru-y-comienza-la-cuenta-regresiva-para-su-primer-amistoso/,midiario.com,es,,2026-09-23T02:15:00+00:00,2026-10-06T18:46:40+00:00,,gdelt_doc:panama,titular_metadatos,
N-32298a3f1c44,El tirón de orejas de Trump a Delcy : « Al final tiene que haber elecciones »,https://www.laverdad.es/internacional/tiron-orejas-trump-delcy-final-haber-elecciones-20260924071527-ntrc.html,laverdad.es,es,,2026-09-24T07:30:00+00:00,2026-10-06T18:46:40+00:00,,gdelt_doc:economia,titular_metadatos,
N-32372b972dfb,arretera Panamericana Este alcanza 33 . 66 % de avance con innovador proceso constructivo – EntornoInteligente . com,https://www.entornointeligente.com/arretera-panamericana-este-alcanza-3366-de-avance-con-innovador-proces/,entornointeligente.com,es,,2026-07-11T05:00:00+00:00,2026-10-06T18:46:40+00:00,,gdelt_doc:economia,titular_metadatos,
N-3249986882d3,Panamá envía condolencias a Tailandia por víctimas de incendio,https://www.critica.com.pa/nacional/panama-envia-condolencias-tailandia-por-victimas-de-incendio-512804,critica.com.pa,es,,2026-07-14T04:15:00+00:00,2026-10-06T18:46:40+00:00,,gdelt_doc:panama,titular_metadatos,
N-324e0c3cb446,"Panama is not only the beginning : Foreign Minister pitches nation as India premier manufacturing , trade launchpad in Latin America",http://www.argentinastar.com/news/279199252/panama-is-not-only-the-beginning-foreign-minister-pitches-nation-as-india-premier-manufacturing-trade-launchpad-in-latin-america,argentinastar.com,en,,2026-07-20T19:15:00+00:00,2026-10-06T18:46:40+00:00,,gdelt_doc:economia,titular_metadatos,
N-325d31c9056f,La presión de Machado devuelve las elecciones al centro de la agenda de Trump,https://www.abc.es/internacional/presion-machado-devuelve-elecciones-centro-agenda-trump-20260924140032-nt.html,abc.es,es,,2026-09-24T12:30:00+00:00,2026-10-06T18:46:40+00:00,,gdelt_doc:economia,titular_metadatos,
N-3260e5d1b512,Utah Birth Rate Takes Plunge,https://www.newser.com/story/393517/societal-economic-changes-bring-utahs-birth-rate-down.html,newser.com,en,,2026-07-26T19:45:00+00:00,2026-10-06T18:46:40+00:00,,gdelt_doc:logistica,titular_metadatos,
N-32a8fab22506,José Emilio Moreno asume la rectoría de la UP y anuncia una nueva carrera,https://www.telemetro.com/nacionales/jose-emilio-moreno-asume-la-rectoria-la-up-y-anuncia-una-nueva-carrera-n6093723,telemetro.com,es,,2026-10-01T22:00:00+00:00,2026-10-06T18:46:40+00:00,,gdelt_doc:panama,titular_metadatos,
N-32be6ac983b2,"These Cruises Depart From NYC and Take You to the Caribbean , Europe , Through the Panama Canal , and Beyond",https://www.cntraveler.com/story/these-cruises-depart-from-nyc-and-take-you-to-the-caribbean-europe-through-the-panama-canal-and-beyond,cntraveler.com,en,,2026-07-13T12:15:00+00:00,2026-10-06T18:46:40+00:00,,gdelt_doc:logistica,titular_metadatos,
N-32c91d857b40,Panamá anfitrión del mundo ; la marca país para promover el turismo y las inversiones en el exterior,https://www.prensa.com/economia/panama-presenta-su-marca-pais-para-promover-el-turismo-y-las-inversiones-en-el-exterior/,prensa.com,es,,2026-08-27T00:00:00+00:00,2026-10-06T18:46:40+00:00,,gdelt_doc:economia,titular_metadatos,
N-32dd2ba0810f,25vo . Juegos Centroamericanos y del Caribe : una muy buena apuesta para la Integración,https://acento.com.do/opinion/9729379-9729379.html,acento.com.do,es,,2026-08-01T06:30:00+00:00,2026-10-06T18:46:40+00:00,,gdelt_doc:turismo,titular_metadatos,
N-32e390c5c2b2,EE UU presiona a Delcy Rodríguez para que celebre elecciones pero evitar fijar plazos,https://www.hoy.es/internacional/america-latina/presiona-delcy-rodriguez-celebre-elecciones-evitar-fijar-20260924174746-ntrc.html,hoy.es,es,,2026-09-24T20:30:00+00:00,2026-10-06T18:46:40+00:00,,gdelt_doc:economia,titular_metadatos,
N-330e774ce709,Venezuela main airport partially resumes commercial flights after deadly earthquakes | Associated Press National,https://www.nvdaily.com/associated_press_national/venezuela-s-main-airport-partially-resumes-commercial-flights-after-deadly-earthquakes/article_ffa2518e-fe36-52b4-ab16-0ebb943579b2.html,nvdaily.com,en,,2026-09-02T00:30:00+00:00,2026-10-06T18:46:40+00:00,,gdelt_doc:turismo,titular_metadatos,
N-33400f7d6aea,Médicos de Paraguay elevan la presión salarial con amenaza de paro indefinido,https://www.expreso.ec/internacional/medicos-paraguay-elevan-presion-salarial-amenaza-paro-indefinido-293666.html,expreso.ec,es,,2026-08-26T23:30:00+00:00,2026-10-06T18:46:40+00:00,,gdelt_doc:economia,titular_metadatos,
N-335c672b1260,"Mulino se reúne con Carlos Slim , uno de los hombres más ricos del mundo , en su visita a México",https://www.prensa.com/economia/mulino-se-reune-con-carlos-slim-uno-de-los-hombres-mas-ricos-del-mundo-en-su-visita-a-mexico/,prensa.com,es,,2026-07-16T00:15:00+00:00,2026-10-06T18:46:40+00:00,,gdelt_doc:logistica,titular_metadatos,
N-336dafffde08,Panama Canal again tightens draft limits as water levels under pressure,https://kfgo.com/2026/08/05/panama-canal-again-tightens-draft-limits-as-water-levels-under-pressure/,kfgo.com,en,,2026-08-06T00:45:00+00:00,2026-10-06T18:46:40+00:00,,gdelt_doc:logistica,titular_metadatos,
N-337cd0a5caca,Preview - Asamblea de Panamá,https://www.asamblea.gob.pa/Noticias/Noticias/FINALIZA-SUSTENTACION-DE-VISTAS-PRESUPUESTARIAS-2027,asamblea.gob.pa,es,,2026-10-01T00:15:00+00:00,2026-10-06T18:46:40+00:00,,gdelt_doc:economia,titular_metadatos,
N-33a5e1cd0099,Panamá fortalece su política en Asia - Pacífico – Ministerio de Relaciones exteriores,https://mire.gob.pa/panama-fortalece-su-politica-en-asia-pacifico/,mire.gob.pa,es,,2026-07-25T22:30:00+00:00,2026-10-06T18:46:40+00:00,,gdelt_doc:economia,titular_metadatos,
N-33b75c8e07c0,Barranquilla se posiciona entre los destinos con mayor presencia en la venta de paquetes de viajes a nivel nacional,https://www.elheraldo.co/economia/2026/07/23/barranquilla-se-posiciona-entre-los-destinos-con-mayor-presencia-en-la-venta-de-paquetes-de-viajes-a-nivel-nacional/,elheraldo.co,es,,2026-07-24T00:00:00+00:00,2026-10-06T18:46:40+00:00,,gdelt_doc:turismo,titular_metadatos,
N-33dc54eb7e55,Embajador de Portugal visitó Misiones y destacó el potencial turístico y económico de la tierra colorada,https://noticiasdel6.com/embajador-de-portugal-visito-misiones-y-destaco-el-potencial-turistico-y-economico-de-la-tierra-colorada/,noticiasdel6.com,es,,2026-09-02T21:15:00+00:00,2026-10-06T18:46:40+00:00,,gdelt_doc:turismo,titular_metadatos,
N-33e06ff09270,"You are already a superpower : Panama FM Vasquez seeks strategic partnership , deeper economic cooperation with India",http://www.bignewsnetwork.com/news/279200073/you-are-already-a-superpower-panama-fm-vasquez-seeks-strategic-partnership-deeper-economic-cooperation-with-india,bignewsnetwork.com,en,,2026-07-21T03:30:00+00:00,2026-10-06T18:46:40+00:00,,gdelt_doc:economia,titular_metadatos,
N-33e20d308864,El ejercicio multinacional Panamax 2026 finaliza tras 11 días de operaciones,https://www.infodefensa.com/texto-diario/mostrar/5984739/finaliza-ejercicio-militar-seguridad-panamax-2026,infodefensa.com,es,,2026-08-15T11:30:00+00:00,2026-10-06T18:46:40+00:00,,gdelt_doc:logistica,titular_metadatos,
N-33e9ca66be4c,"El presidente de Panamá , José Raúl Mulino , visitará Ecuador el viernes 4 de septiembre",https://www.teleamazonas.com/actualidad/noticias/politica/presidente-panama-jose-raul-mulino-visitara-ecuador-viernes-4-septiembre-126886/,teleamazonas.com,es,,2026-09-02T07:30:00+00:00,2026-10-06T18:46:40+00:00,,gdelt_doc:panama,titular_metadatos,
N-340d589ead1f,"Análisis sobre economía , preparación ante sismos y reformas al Reglamento Interno de la Asamblea",https://www.telemetro.com/debate-abierto-dominical/analisis-economia-preparacion-sismos-y-reformas-al-reglamento-interno-la-asamblea-n6088687,telemetro.com,es,,2026-08-16T20:00:00+00:00,2026-10-06T18:46:40+00:00,,gdelt_doc:economia,titular_metadatos,
N-341b6e1e770c,¿ Por qué cada vez más extranjeros viviendo en Medellín ?,https://www.elcolombiano.com/inicio/por-que-hay-tantos-extranjeros-viviendo-en-medellin-EG40207322,elcolombiano.com,es,,2026-08-23T06:30:00+00:00,2026-10-06T18:46:40+00:00,,gdelt_doc:turismo,titular_metadatos,
N-3432630c8a4c,El sector pesquero panameño se consolida como el principal motor de exportación,https://www.laestrella.com.pa/economia/el-sector-pesquero-panameno-se-consolida-como-el-principal-motor-de-exportacion-FK25499950,laestrella.com.pa,es,,2026-09-07T22:00:00+00:00,2026-10-06T18:46:40+00:00,,gdelt_doc:economia,titular_metadatos,
N-3452b7b90a42,Selección de Panamá empata 1 - 1 ante Nueva Zelanda y cae en penales en amistoso internacional,https://www.telemetro.com/deportes/seleccion-panama-empata-1-1-nueva-zelanda-y-cae-penales-amistoso-internacional-n6093651,telemetro.com,es,,2026-10-01T15:30:00+00:00,2026-10-06T18:46:40+00:00,,gdelt_doc:panama,titular_metadatos,
N-3477fe00b13e,¡ Atención conductores ! Estas vías tendrán cierres nocturnos por trabajos del Cuarto Puente,https://www.telemetro.com/nacionales/atencion-conductores-estas-vias-tendran-cierres-nocturnos-trabajos-del-cuarto-puente-n6093155,telemetro.com,es,,2026-09-27T15:45:00+00:00,2026-10-06T18:46:40+00:00,,gdelt_doc:logistica,titular_metadatos,
N-349207539384,Desperdicio de alimentos : Panamá aún desconoce la magnitud del problema,https://www.prensa.com/vivir/desperdicio-de-alimentos-panama-aun-desconoce-la-magnitud-del-problema/,prensa.com,es,,2026-09-29T07:30:00+00:00,2026-10-06T18:46:40+00:00,,gdelt_doc:panama,titular_metadatos,
N-349a5470efcb,Sheinbaum recibe al presidente de Panamá para fortalecer cooperación entre ambas naciones,https://www.tabascohoy.com/sheinbaum-recibe-al-presidente-de-panama-para-fortalecer-cooperacion-entre-ambas-naciones/,tabascohoy.com,es,,2026-07-16T02:45:00+00:00,2026-10-06T18:46:40+00:00,,gdelt_doc:economia,titular_metadatos,
N-34ce6e7b805d,Zonas francas generan hasta siete veces valor incentivos otorgados,https://hoy.com.do/economia/zonas-francas-generan-siete-veces-valor-incentivos-otorgados_1094269.html,hoy.com.do,es,,2026-07-10T05:00:00+00:00,2026-10-06T18:46:40+00:00,,gdelt_doc:economia,titular_metadatos,
N-34f06ca44abd,Fallece el maestro Cristóbal Toby Muñoz a los 82 años,https://www.prensa.com/vivir/fallece-el-maestro-cristobal-toby-munoz-a-los-82-anos/,prensa.com,es,,2026-09-30T18:45:00+00:00,2026-10-06T18:46:40+00:00,,gdelt_doc:panama,titular_metadatos,
N-350e87074395,Mercurio : La vida que se apaga en Eyiyoquibo,https://www.opinion.com.bo/pais/vida-que-apaga-eyiyoquibo/20260928120757996787.html,opinion.com.bo,es,,2026-09-28T16:45:00+00:00,2026-10-06T18:46:40+00:00,,gdelt_doc:turismo,titular_metadatos,
N-3519552c519d,Thomas Christiansen reconoce falencias de Panamá y valora a los jóvenes en la gira,https://www.prensa.com/deportes/thomas-christiansen-reconoce-falencias-de-panama-y-valora-a-los-jovenes-en-la-gira/,prensa.com,es,,2026-10-01T23:30:00+00:00,2026-10-06T18:46:40+00:00,,gdelt_doc:panama,titular_metadatos,
N-351a4615829c,Ecuador y Panamá acuerdan bases para negociar acuerdo comercial,https://www.prensalibre.com/ahora/internacional/ecuador-y-panama-acuerdan-bases-para-negociar-acuerdo-comercial/,prensalibre.com,es,,2026-09-04T22:30:00+00:00,2026-10-06T18:46:40+00:00,,gdelt_doc:panama,titular_metadatos,
N-3535a36b22df,This Wimbledon - loved hat is perfect for hot weather,https://www.womanandhome.com/fashion/fashion-news/panama-hat-summer-style/,womanandhome.com,en,,2026-07-13T19:45:00+00:00,2026-10-06T18:46:40+00:00,,gdelt_doc:panama,titular_metadatos,
N-3543eef2f9cd,Panama Canal to Cap Ship Transits Due to El Nino Drought,https://en.tempo.co/read/2118018/panama-canal-to-cap-ship-transits-due-to-el-nino-drought,en.tempo.co,en,,2026-08-21T10:00:00+00:00,2026-10-06T18:46:40+00:00,,gdelt_doc:logistica,titular_metadatos,
N-35734390fedb,¡ Dolorosa mundanza ! Cerrarán 8 cementerios por embalse de Río Indio,https://www.critica.com.pa/nacional/dolorosa-mundanza-cerraran-8-cementerios-por-embalse-de-rio-indio-513266,critica.com.pa,es,,2026-07-22T01:15:00+00:00,2026-10-06T18:46:40+00:00,,gdelt_doc:logistica,titular_metadatos,
N-35c4932efb83,Silvio Rodríguez : « Cuba es una Gaza silenciosa . Hoy más que nunca necesitamos que nos visiten »,https://www.elcorreo.com/culturas/musica/silvio-rodriguez-cuba-gaza-silenciosa-hoy-nunca-20260911004020-nt.html,elcorreo.com,es,,2026-09-11T23:00:00+00:00,2026-10-06T18:46:40+00:00,,gdelt_doc:economia,titular_metadatos,
N-35cb4d77df41,Reformas electorales: Blandón defiende el 3% para nuevos partidos y rechaza aumento del financiamiento privado,https://www.tvn-2.com/nacionales/reformas-electorales-blandon-defiende-3_1_2264565.html,tvn-2.com,es,2026-10-06T13:00:36+00:00,,2026-10-06T18:46:40+00:00,,tvn_rss,titular_metadatos,
N-35ccbb724350,La expansión militar de Donald Trump en Panamá tiene poco sentido | El Comercio : Diario de Asturias,https://www.elcomercio.es/internacional/expansion-militar-donald-trump-panama-poco-sentido-20260828011322-nt.html,elcomercio.es,es,,2026-09-03T02:00:00+00:00,2026-10-06T18:46:40+00:00,,gdelt_doc:logistica,titular_metadatos,
N-35d6efe40eb0,Colineal invierte $ 215 . 000 y abre su segunda tienda en Panamá,https://www.expreso.ec/economia-y-negocios/colineal-invierte-usd-215-000-abre-segunda-tienda-panama-293805.html,expreso.ec,es,,2026-08-28T00:15:00+00:00,2026-10-06T18:46:40+00:00,,gdelt_doc:economia,titular_metadatos,
N-35e08fa9ef6c,Drought Concerns Increase as El Nino Intensifies - The Voice St . Lucia News,https://thevoiceslu.com/2026/08/drought-concerns-increase-as-el-nino-intensifies/,thevoiceslu.com,en,,2026-08-29T16:30:00+00:00,2026-10-06T18:46:40+00:00,,gdelt_doc:turismo,titular_metadatos,
N-35fddfb47ba6,¿ Cómo se fija el precio del combustible en Panamá ? El MEF explica la fórmula quincenal,https://www.panamaamerica.com.pa/sociedad/como-se-fija-el-precio-del-combustible-en-panama-el-mef-explica-la-formula-quincenal,panamaamerica.com.pa,es,,2026-10-02T08:00:00+00:00,2026-10-06T18:46:40+00:00,,gdelt_doc:economia,titular_metadatos,
N-360d28e014a8,Panamá declara estado de emergencia nacional por los efectos de El Niño,https://www.critica.com.pa/nacional/panama-declara-estado-de-emergencia-nacional-por-los-efectos-de-el-nino-515280,critica.com.pa,es,,2026-08-26T04:30:00+00:00,2026-10-06T18:46:40+00:00,,gdelt_doc:logistica,titular_metadatos,
N-36512f09f991,CK Hutchison seeks over US$1 . 5bil from Panama over port takeover,https://www.freemalaysiatoday.com/category/business/2026/08/20/ck-hutchison-seeks-over-us-1-5bil-from-panama-over-port-takeover,freemalaysiatoday.com,en,,2026-08-20T04:30:00+00:00,2026-10-06T18:46:40+00:00,,gdelt_doc:logistica,titular_metadatos,
N-3679abf6ab08,ADB warns Asia faces sustained inflation pressure into 2027,https://www.freemalaysiatoday.com/category/business/2026/09/23/adb-warns-asia-faces-sustained-inflation-pressure-into-2027,freemalaysiatoday.com,en,,2026-09-23T04:00:00+00:00,2026-10-06T18:46:40+00:00,,gdelt_doc:logistica,titular_metadatos,
N-368e8ad2674f,Ecuador entra a la lista de Países Amigos de Panamá : ¿ qué beneficios tendrán los ecuatorianos ?,https://www.teleamazonas.com/actualidad/noticias/politica/ecuador-paises-amigos-panama-beneficios-ecuatorianos-127074/,teleamazonas.com,es,,2026-09-04T00:45:00+00:00,2026-10-06T18:46:40+00:00,,gdelt_doc:panama,titular_metadatos,
N-36a1a89e77dc,Global illegal trade and farming flourish amid tiger conservation efforts,https://india.mongabay.com/2022/06/global-illegal-trade-and-farming-flourish-amid-tiger-conservation-efforts/,india.mongabay.com,en,,2026-08-05T06:15:00+00:00,2026-10-06T18:46:40+00:00,,gdelt_doc:turismo,titular_metadatos,
N-36a9e8fa7766,"Investing in Honduras 2026 : Property , Energy , ICSID",https://www.riotimesonline.com/investing-honduras-foreigners-2026/,riotimesonline.com,en,,2026-09-24T17:00:00+00:00,2026-10-06T18:46:40+00:00,,gdelt_doc:turismo,titular_metadatos,
N-36eba8f2f7df,La Unión Europea planea retirar a Vietnam y Panamá de su lista de paraísos fiscales,https://www.larepublica.co/globoeconomia/la-union-europea-planea-retirar-a-panama-de-lista-de-paraisos-fiscales-4491849,larepublica.co,es,,2026-09-28T19:45:00+00:00,2026-10-06T18:46:40+00:00,,gdelt_doc:economia,titular_metadatos,
N-370cf1f917c0,Gente TVN se sumó a carrera caminata inclusiva de Achilles Panamá en la Cinta Costera,https://www.tvn-2.com/gente-tvn/gente-tvn-sumo-carrera-caminata_1_2264281.html,tvn-2.com,es,2026-10-04T23:47:36+00:00,,2026-10-06T18:46:40+00:00,,tvn_rss,titular_metadatos,
N-371671ff486c,"Teleférico de San Miguelito , solo una empresa presenta propuesta",https://www.laestrella.com.pa/panama/nacional/teleferico-de-san-miguelito-solo-una-empresa-presenta-propuesta-LE25031947,laestrella.com.pa,es,,2026-08-20T08:00:00+00:00,2026-10-06T18:46:40+00:00,,gdelt_doc:economia,titular_metadatos,
N-371b3bfddb8e,"Argentina consolida su recuperación aérea y cierra 2025 con 33 , 3 millones de pasajeros",https://www.laarena.com.ar/el-pais/argentina-consolida-su-recuperacion-aerea-y-cierra-2025-con-33-3-millones-de-pasajeros-20267258230,laarena.com.ar,es,,2026-07-25T12:30:00+00:00,2026-10-06T18:46:40+00:00,,gdelt_doc:turismo,titular_metadatos,
N-372537614c30,Expertos evalúan la Ley de Sustancia Económica de Panamá tras su reglamentación,https://www.laestrella.com.pa/economia/expertos-evaluan-la-ley-de-sustancia-economica-de-panama-tras-su-reglamentacion-AM25388686,laestrella.com.pa,es,,2026-09-03T08:00:00+00:00,2026-10-06T18:46:40+00:00,,gdelt_doc:panama,titular_metadatos,
N-373d22ffe329,¡ Los agarraron ! Operativo contra la presunta pornografía infantil deja cuatro aprehendidos,https://www.midiario.com/policiales/los-agarraron-operativo-contra-la-presunta-pornografia-infantil-deja-cuatro-aprehendidos/,midiario.com,es,,2026-07-15T22:45:00+00:00,2026-10-06T18:46:40+00:00,,gdelt_doc:panama,titular_metadatos,
N-3750d65eb6a6,"Orgánica Store , primera empresa panameña con certificación orgánica",https://www.telemetro.com/nacionales/organica-store-primera-empresa-panamena-certificacion-organica-n6090134,telemetro.com,es,,2026-08-29T03:15:00+00:00,2026-10-06T18:46:40+00:00,,gdelt_doc:panama,titular_metadatos,
N-37645feae507,"Déficit cede en el primer semestre , pero persisten retos por deuda y recaudación",https://www.prensa.com/economia/deficit-cede-en-el-primer-semestre-pero-persisten-retos-por-deuda-y-recaudacion/,prensa.com,es,,2026-08-13T10:00:00+00:00,2026-10-06T18:46:40+00:00,,gdelt_doc:economia,titular_metadatos,
N-376d522eb45d,Carnival Supports America 250th Celebrations with U . S . Embassy - Cruise Industry News,https://cruiseindustrynews.com/cruise-news/2026/07/carnival-supports-americas-250th-celebrations-with-u-s-embassy/,cruiseindustrynews.com,en,,2026-07-25T12:30:00+00:00,2026-10-06T18:46:40+00:00,,gdelt_doc:turismo,titular_metadatos,
N-3770628b12e5,"Panama Canal finds its water solution , but it 5 years away | The Mighty 790 KFGO",https://kfgo.com/2026/09/07/panama-canal-finds-its-water-solution-but-its-5-years-away/,kfgo.com,en,,2026-09-07T16:00:00+00:00,2026-10-06T18:46:40+00:00,,gdelt_doc:logistica,titular_metadatos,
N-3777363b814f,Pacific set to trigger major high - impact El Niño event by end - Aug,https://www.thehindubusinessline.com/news/pacific-to-break-threshold-for-major-high-impact-el-nino-event-by-end-aug/article71232732.ece,thehindubusinessline.com,en,,2026-07-17T06:00:00+00:00,2026-10-06T18:46:40+00:00,,gdelt_doc:eventos_naturales,titular_metadatos,
N-377883715d7a,Entre el endeudamiento y las obras,https://www.panamaamerica.com.pa/opinion/entre-el-endeudamiento-y-las-obras-1264864,panamaamerica.com.pa,es,,2026-08-06T13:45:00+00:00,2026-10-06T18:46:40+00:00,,gdelt_doc:economia,titular_metadatos,
N-37a4aef3ebf2,Una sola empresa compite por construir el teleférico de San Miguelito,https://www.laestrella.com.pa/panama/nacional/una-sola-empresa-compite-por-construir-el-teleferico-de-san-miguelito-HG25016023,laestrella.com.pa,es,,2026-08-19T17:15:00+00:00,2026-10-06T18:46:40+00:00,,gdelt_doc:economia,titular_metadatos,
N-37b3e14782dc,"El Ritual del Origen , la experiencia que bucea en el café panameño",https://efeagro.com/el-ritual-del-origen-cafe-panama/,efeagro.com,es,,2026-08-18T21:00:00+00:00,2026-10-06T18:46:40+00:00,,gdelt_doc:economia,titular_metadatos,
N-37cd206a2e3d,Cobre Panamá - FQM : nuevo acuerdo debe respetar las leyes de Panamá ; empresa espera los próximos pasos del Gobierno,https://www.panamaamerica.com.pa/economia/cobre-panama-fqm-nuevo-acuerdo-debe-respetar-las-leyes-de-panama-empresa-espera-los,panamaamerica.com.pa,es,,2026-09-30T22:30:00+00:00,2026-10-06T18:46:40+00:00,,gdelt_doc:panama,titular_metadatos,
N-37cd608d4228,Abdalá Bucaram anuncia acciones internacionales tras sentencia por pruebas COVID - 19,https://www.expreso.ec/justicia/abdala-bucaram-anuncia-acciones-internacionales-sentencia-pruebas-covid-19-295318.html,expreso.ec,es,,2026-09-10T22:30:00+00:00,2026-10-06T18:46:40+00:00,,gdelt_doc:economia,titular_metadatos,
N-37d5b5ea7c41,XCOM LATAM 2026 reunirá en Panamá a más de 45 medios y líderes de la industria de la comunicación,https://www.telemetro.com/contenido-patrocinado/xcom-latam-2026-reunira-panama-mas-45-medios-y-lideres-la-industria-la-comunicacion-n6092930,telemetro.com,es,,2026-09-25T00:00:00+00:00,2026-10-06T18:46:40+00:00,,gdelt_doc:economia,titular_metadatos,
N-37e80dd7e0c6,Tony Vega celebra en Panamá sus 49+1 años de trayectoria al ritmo de salsa y nostalgia,https://www.midiario.com/farandula/tony-vega-celebra-en-panama-sus-491-anos-de-trayectoria-al-ritmo-de-salsa-y-nostalgia/,midiario.com,es,,2026-08-30T00:30:00+00:00,2026-10-06T18:46:40+00:00,,gdelt_doc:logistica,titular_metadatos,
N-37e8838a08b4,"AMP emitió más de 2 , 300 licencias de marino en el primer semestre de 2026",https://www.telemetro.com/nacionales/amp-emitio-mas-2300-licencias-marino-el-primer-semestre-2026-n6085430,telemetro.com,es,,2026-07-16T23:15:00+00:00,2026-10-06T18:46:40+00:00,,gdelt_doc:economia,titular_metadatos,
N-380fd98d3772,Bertha Bringing Tropical Storm Conditions To Panhandle Overnight | 100 . 7 WFLA,https://wflafm.iheart.com/featured/florida-news/content/2026-07-21-bertha-bringing-tropical-storm-conditions-to-panhandle-overnight/,wflafm.iheart.com,en,,2026-07-22T03:45:00+00:00,2026-10-06T18:46:40+00:00,,gdelt_doc:eventos_naturales,titular_metadatos,
N-38360e4fc25d,Contenido Exclusivo: Turismo en transporte público,https://www.tvn-2.com/contenido-exclusivo/contenido-exclusivo-turismo-transporte-publico_1_2263290.html,tvn-2.com,es,2026-09-29T01:23:06+00:00,,2026-10-06T18:46:40+00:00,,tvn_rss,titular_metadatos,
N-383b6ba5ba63,"El fallo minero se respeta , dice Moltó ; decisión sobre la mina viene",https://www.critica.com.pa/nacional/el-fallo-minero-se-respeta-dice-molto-decision-sobre-la-mina-viene-514746,critica.com.pa,es,,2026-08-17T00:00:00+00:00,2026-10-06T18:46:40+00:00,,gdelt_doc:economia,titular_metadatos,
N-383fef5ade10,Déficit de personal limita la capacidad operativa de los bomberos en el país,https://www.panamaamerica.com.pa/sociedad/deficit-de-personal-limita-la-capacidad-operativa-de-los-bomberos-en-el-pais-1266986,panamaamerica.com.pa,es,,2026-10-02T08:00:00+00:00,2026-10-06T18:46:40+00:00,,gdelt_doc:economia,titular_metadatos,
N-3843f1f4f2f4,Thomas Christiansen aprieta el paso y Panamá ya piensa en el Kirin Cup,https://www.midiario.com/deportivas/thomas-christiansen-aprieta-el-paso-y-panama-ya-piensa-en-el-kirin-cup/,midiario.com,es,,2026-09-27T05:15:00+00:00,2026-10-06T18:46:40+00:00,,gdelt_doc:panama,titular_metadatos,
N-38b3388b31d5,"Mariano Rivera , Delidas y Proluxsa , la fórmula que lleva la salsa picante a Estados Unidos",https://www.prensa.com/economia/mariano-rivera-delidas-y-proluxsa-la-formula-que-lleva-la-salsa-picante-a-estados-unidos/,prensa.com,es,,2026-08-16T08:15:00+00:00,2026-10-06T18:46:40+00:00,,gdelt_doc:economia,titular_metadatos,
N-38cf41b130e8,Shipping Tribune,https://www.shippingtribune.com/index.php/news/shipping/Panama+Canal+Postpones+Neopanamax+Draft+Adjustment,shippingtribune.com,en,,2026-09-07T05:30:00+00:00,2026-10-06T18:46:40+00:00,,gdelt_doc:logistica,titular_metadatos,
N-38ff241a0061,Bertha Bringing Tropical Storm Conditions To Panhandle Overnight | NewsRadio WFLA,https://wflanews.iheart.com/featured/florida-news/content/2026-07-21-bertha-bringing-tropical-storm-conditions-to-panhandle-overnight/,wflanews.iheart.com,en,,2026-07-22T03:30:00+00:00,2026-10-06T18:46:40+00:00,,gdelt_doc:eventos_naturales,titular_metadatos,
N-390cfd032593,Cubadebate,http://www.cubadebate.cu/noticias/2026/08/06/lima-confirma-que-sera-sede-de-los-proximos-juegos-deportivos-panamericanos-y-parapanamericanos/,cubadebate.cu,es,,2026-08-07T03:15:00+00:00,2026-10-06T18:46:40+00:00,,gdelt_doc:economia,titular_metadatos,
N-39171470254c,SRN - US News - Taylorville Daily News,https://taylorvilledailynews.com/local-news/srn-us-news/5aab955287953340e6b4975961bc09e4,taylorvilledailynews.com,en,,2026-07-21T11:45:00+00:00,2026-10-06T18:46:40+00:00,,gdelt_doc:eventos_naturales,titular_metadatos,
N-39206499b570,"¡ En el top 10 ! República Dominicana figura entre los países más seguros de Latinoamérica para viajar , según El Mundo",https://elnacional.com.do/fama-y-vida/tendencias/top-10-republica-dominicana-figura-paises-seguros-latinoamerica-viajar-mundo_579612.html,elnacional.com.do,es,,2026-08-30T16:30:00+00:00,2026-10-06T18:46:40+00:00,,gdelt_doc:economia,titular_metadatos,
N-3921cbddf541,"Trump y Delcy Rodríguez hablaron de la reestructuración de la deuda venezolana , declara Rubio – Periódico Zócalo | Noticias de Saltillo , Torreón , Piedras Negras , Monclova , Acuña",https://www.zocalo.com.mx/trump-y-delcy-rodriguez-hablaron-de-la-reestructuracion-de-la-deuda-venezolana-declara-rubio/,zocalo.com.mx,es,,2026-09-23T19:15:00+00:00,2026-10-06T18:46:40+00:00,,gdelt_doc:economia,titular_metadatos,
N-393d24879fbb,Seis aeropuertos regionales mantienen rutas internacionales ante cierre de Maiquetía,https://noticierodigital.com/2026/07/seis-aeropuertos-regionales-mantienen-rutas-internacionales-ante-cierre-de-maiquetia/,noticierodigital.com,es,,2026-07-13T14:15:00+00:00,2026-10-06T18:46:40+00:00,,gdelt_doc:logistica,titular_metadatos,
N-3953fde12f1c,Panamá descartó restablecer lazos con Delcy Rodríguez hasta nuevas elecciones en Venezuela,https://lapatilla.com/2026/07/21/panama-descarto-restablecer-lazos-con-delcy-rodriguez-hasta-nuevas-elecciones-en-venezuela/,lapatilla.com,es,,2026-07-21T18:00:00+00:00,2026-10-06T18:46:40+00:00,,gdelt_doc:panama,titular_metadatos,
N-396520f350c1,El desastre del Darién y el nuevo intento de Escocia por romper con el Reino Unido,https://www.expreso.ec/opinion/el-desastre-del-darien-y-el-nuevo-intento-de-escocia-por-romper-con-el-reino-unido-296684.html,expreso.ec,es,,2026-09-23T08:30:00+00:00,2026-10-06T18:46:40+00:00,,gdelt_doc:economia,titular_metadatos,
N-39666969ba30,Panama Canal Increases Daily Transits to 33 and Maximum Draft to 49 Feet .,https://newsroompanama.com/2026/09/28/panama-canal-increases-daily-transits-to-33-and-maximum-draft-to-49-feet/,newsroompanama.com,en,,2026-09-28T23:45:00+00:00,2026-10-06T18:46:40+00:00,,gdelt_doc:logistica,titular_metadatos,
N-396a21544dd8,Furor por una joya del Caribe : ¿ a qué nuevo destino volará Aerolíneas Argentinas ?,https://www.cadena3.com/noticia/turismo/furor-por-una-joya-del-caribe-a-que-nuevo-destino-volara-aerolineas-argentinas_593021,cadena3.com,es,,2026-09-10T16:15:00+00:00,2026-10-06T18:46:40+00:00,,gdelt_doc:turismo,titular_metadatos,
N-397d6dd32942,Panamá aún no encuentra la fórmula para recuperar la inversión extranjera,https://www.prensa.com/economia/panama-aun-no-encuentra-la-formula-para-recuperar-la-inversion-extranjera/,prensa.com,es,,2026-07-13T05:30:00+00:00,2026-10-06T18:46:40+00:00,,gdelt_doc:economia,titular_metadatos,
N-39824a22a966,Pensé que iba a morir : Boricuas viven el potente terremoto en Colombia | Actualidad,https://www.elvocero.com/actualidad/pens-que-iba-a-morir-boricuas-viven-el-potente-terremoto-en-colombia/article_1927a79a-437f-41f5-aea2-ef6287010983.html,elvocero.com,es,,2026-08-11T02:15:00+00:00,2026-10-06T18:46:40+00:00,,gdelt_doc:logistica,titular_metadatos,
N-398349ab201a,TTW Releases the Top 50 Beach Travel Destinations in the World for 2026,https://www.prnewswire.com/news-releases/ttw-releases-the-top-50-beach-travel-destinations-in-the-world-for-2026-302834698.html,prnewswire.com,en,,2026-07-25T23:00:00+00:00,2026-10-06T18:46:40+00:00,,gdelt_doc:turismo,titular_metadatos,
N-3989bdc6cd09,Béisbol de Cuba ganó y pasó invicto a Súper Ronda de Santo Domingo,https://www.prensa-latina.cu/2026/08/03/beisbol-de-cuba-gano-y-paso-invicto-a-super-ronda-de-santo-domingo/,prensa-latina.cu,es,,2026-08-03T05:30:00+00:00,2026-10-06T18:46:40+00:00,,gdelt_doc:logistica,titular_metadatos,
N-398deb91df77,Delcy Rodríguez fue recibida por António Guterres previo a su intervención en la ONU,https://confirmado.com.ve/delcy-rodriguez-fue-recibida-por-antonio-guterres-previo-a-su-intervencion-en-la-onu/,confirmado.com.ve,es,,2026-09-22T07:15:00+00:00,2026-10-06T18:46:40+00:00,,gdelt_doc:economia,titular_metadatos,
N-3990cdeb5354,Entre pixbae y café geisha : la noche en que Latinoamérica se sentó en la mesa de Panamá,https://www.prensa.com/vivir/entre-pixbae-y-cafe-geisha-la-noche-en-que-latinoamerica-se-sento-en-la-mesa-de-panama/,prensa.com,es,,2026-09-30T22:45:00+00:00,2026-10-06T18:46:40+00:00,,gdelt_doc:panama,titular_metadatos,
N-39966193232d,Escudo de las Américas : prioriza la lucha contra el narcotráfico y marca a PCC y Comando Vermelho,https://eldeber.com.bo/pais/escudo-americas-declaracion-conjunta-fija-tres-pilares-trabajo-relativos-economia-seguridad-multilateralidad_1790199187,eldeber.com.bo,es,,2026-09-23T23:30:00+00:00,2026-10-06T18:46:40+00:00,,gdelt_doc:economia,titular_metadatos,
N-3998d3ce06b7,La tragedia de los niños panameños que mueren entre los cafetales de Costa Rica,https://www.prensa.com/sociedad/la-tragedia-de-los-ninos-panamenos-que-mueren-entre-los-cafetales-de-costa-rica/,prensa.com,es,,2026-07-19T05:30:00+00:00,2026-10-06T18:46:40+00:00,,gdelt_doc:economia,titular_metadatos,
N-39a920cd4fdc,Hurricane Fausto forms in the eastern Pacific,https://www.wisn.com/article/hurricane-fausto-eastern-pacific/73198209,wisn.com,en,,2026-07-21T08:00:00+00:00,2026-10-06T18:46:40+00:00,,gdelt_doc:eventos_naturales,titular_metadatos,
N-39b6c1cf6e43,La cuenta de ahorros del Canal de Panamá : litros de agua en lagos,https://efe.com/economia/2026-08-23/canal-panama-lagos-artificiales-agua/,efe.com,es,,2026-08-23T14:45:00+00:00,2026-10-06T18:46:40+00:00,,gdelt_doc:logistica,titular_metadatos,
N-39e8ebfc7775,"Caja de Seguro Social : imperfecta , indispensable e irremplazable",https://www.prensa.com/opinion/caja-de-seguro-social-imperfecta-indispensable-e-irremplazable/,prensa.com,es,,2026-08-08T05:15:00+00:00,2026-10-06T18:46:40+00:00,,gdelt_doc:logistica,titular_metadatos,
N-39f410663da4,Trump Greenland Agreement Is the Art of the Deal in Action | The American Spectator,https://spectator.org/trumps-greenland-agreement-is-the-art-of-the-deal-in-action/,spectator.org,en,,2026-09-25T07:45:00+00:00,2026-10-06T18:46:40+00:00,,gdelt_doc:economia,titular_metadatos,
N-3a199b3b0512,Avavit prevé habilitar carpas en Maiquetía para reanudar operaciones comerciales,https://www.globovision.com/economia/59946/avavit-preve-habilitar-carpas-en-maiquetia-para-reanudar-operaciones-comerciales,globovision.com,es,,2026-08-06T21:00:00+00:00,2026-10-06T18:46:40+00:00,,gdelt_doc:turismo,titular_metadatos,
N-3a2eeeb9dc36,"Lindsey Graham Lobbied Trump , Saudis for War , Footage Shows",https://www.newser.com/story/393523/lindsey-graham-lobbied-trump-saudis-for-war-footage-shows.html,newser.com,en,,2026-07-26T17:15:00+00:00,2026-10-06T18:46:40+00:00,,gdelt_doc:logistica,titular_metadatos,
N-3a71068b1ff5,Reportan el ingreso de más de 122 mil turistas entre agosto y septiembre a Margarita,https://www.descifrado.com/2026/09/21/reportan-el-ingreso-de-mas-de-122-mil-turistas-entre-agosto-y-septiembre-a-margarita/,descifrado.com,es,,2026-09-21T18:15:00+00:00,2026-10-06T18:46:40+00:00,,gdelt_doc:turismo,titular_metadatos,
N-3a7dc34e2b75,La Fiscalía de Malta apelará la absolución de un empresario por el asesinato de la periodista Daphne Caruana Galizia,https://www.notimerica.com/politica/noticia-fiscalia-malta-apelara-absolucion-empresario-asesinato-periodista-daphne-caruana-galizia-20260904205917.html,notimerica.com,es,,2026-09-04T19:15:00+00:00,2026-10-06T18:46:40+00:00,,gdelt_doc:turismo,titular_metadatos,
N-3a8cca41196c,Presidente de Panamá y canciller de Japón abordan más financiamiento para ampliar el metro,https://www.diaadia.com.pa/el-pais/presidente-de-panama-y-canciller-de-japon-abordan-mas-financiamiento-para-ampliar-el-metro,diaadia.com.pa,es,,2026-08-06T02:30:00+00:00,2026-10-06T18:46:40+00:00,,gdelt_doc:logistica,titular_metadatos,
N-3a916d04d057,"Las remesas hacia Panamá aumentan , pero el país continúa enviando más dinero al extranjero",https://www.infobae.com/panama/2026/07/15/las-remesas-hacia-panama-aumentan-pero-el-pais-continua-enviando-mas-dinero-al-extranjero/,infobae.com,es,,2026-07-15T17:45:00+00:00,2026-10-06T18:46:40+00:00,,gdelt_doc:panama,titular_metadatos,
N-3a9293f22f74,"You are already a superpower : Panama FM Vasquez seeks strategic partnership , deeper economic cooperation with India",http://www.calcuttanews.net/news/279200073/you-are-already-a-superpower-panama-fm-vasquez-seeks-strategic-partnership-deeper-economic-cooperation-with-india,calcuttanews.net,en,,2026-07-21T05:00:00+00:00,2026-10-06T18:46:40+00:00,,gdelt_doc:economia,titular_metadatos,
N-3a93138067cf,¿ Por qué el Comando Sur entrena en Panamá ? El objetivo detrás de Panamax,https://www.laestrella.com.pa/panama/nacional/por-que-el-comando-sur-entrena-en-panama-el-objetivo-detras-de-panamax-CA24714987,laestrella.com.pa,es,,2026-08-08T06:00:00+00:00,2026-10-06T18:46:40+00:00,,gdelt_doc:logistica,titular_metadatos,
N-3ab54cacad39,Latam confirma : no renovará flota en Perú sin que se resuelva cobro de TUUA de transferencia internacional | ECONOMIA,https://gestion.pe/economia/latam-confirma-no-renovara-flota-en-peru-sin-que-se-resuelva-cobro-de-tuua-de-transferencia-internacional-noticia/,gestion.pe,es,,2026-08-05T03:30:00+00:00,2026-10-06T18:46:40+00:00,,gdelt_doc:economia,titular_metadatos,
N-3ae2f792d0d7,Panamá ante el nuevo mapa del mundo,https://www.prensa.com/opinion/panama-ante-el-nuevo-mapa-del-mundo/,prensa.com,es,,2026-08-26T05:15:00+00:00,2026-10-06T18:46:40+00:00,,gdelt_doc:economia,titular_metadatos,
N-3aea09b3a259,SVIAA insta al sector bancario a abrir el crédito a la agricultura familiar en Venezuela,https://www.descifrado.com/2026/08/06/sviaa-insta-al-sector-bancario-a-abrir-el-credito-a-la-agricultura-familiar-en-venezuela/,descifrado.com,es,,2026-08-06T14:15:00+00:00,2026-10-06T18:46:40+00:00,,gdelt_doc:economia,titular_metadatos,
N-3af42f74837e,Nuevo embajador de China llega a Panamá en medio de tensiones por puertos y buques,https://www.telemetro.com/nacionales/nuevo-embajador-china-llega-panama-medio-tensiones-puertos-y-buques-n6084859,telemetro.com,es,,2026-07-10T22:15:00+00:00,2026-10-06T18:46:40+00:00,,gdelt_doc:logistica,titular_metadatos,
N-3b0b4a2eb2ca,Bolsa Turística del Caribe anuncia la celebración de sus 30 años,https://www.diariolibre.com/revista/sociales/2026/09/09/bolsa-turistica-del-caribe-anuncia-la-celebracion-de-sus-30-anos/3654364,diariolibre.com,es,,2026-09-10T07:00:00+00:00,2026-10-06T18:46:40+00:00,,gdelt_doc:turismo,titular_metadatos,
N-3b103ffa2750,Banco Nacional defiende compra de Petroterminal y aclara tasa de descuento de los Cepanín,https://www.panamaamerica.com.pa/economia/banco-nacional-defiende-compra-de-petroterminal-y-aclara-tasa-de-descuento-de-los-cepanin,panamaamerica.com.pa,es,,2026-07-20T19:30:00+00:00,2026-10-06T18:46:40+00:00,,gdelt_doc:logistica,titular_metadatos,
N-3b135df92600,Ilya Espino de Marotta hace historia al asumir la administración del Canal de Panamá,https://www.panamaamerica.com.pa/economia/ilya-espino-de-marotta-hace-historia-al-asumir-la-administracion-del-canal-de-panama,panamaamerica.com.pa,es,,2026-09-07T16:45:00+00:00,2026-10-06T18:46:40+00:00,,gdelt_doc:logistica,titular_metadatos,
N-3b2107f734d8,Panamá recibirá en unas semanas a más de mil genios matemáticos,https://www.prensa.com/vivir/panama-recibira-en-unas-semanas-a-mas-de-mil-genios-matematicos/,prensa.com,es,,2026-07-16T10:00:00+00:00,2026-10-06T18:46:40+00:00,,gdelt_doc:panama,titular_metadatos,
N-3b3c2798081c,Davivienda Group alcanza $80 mil millones en activos y fortalece a Panamá como eje de su estrategia regional,https://www.prensa.com/economia/davivienda-group-alcanza-80-mil-millones-en-activos-y-fortalece-a-panama-como-eje-de-su-estrategia-regional/,prensa.com,es,,2026-09-06T07:00:00+00:00,2026-10-06T18:46:40+00:00,,gdelt_doc:panama,titular_metadatos,
N-3b41c4e30bd3,Melania Trump sella alianza con gigantes tecnológicos para impulsar el programa « Fostering the Future Together »,https://www.ecoportal.net/tecnologia/melania-trump-sella-alianzas-big-tech/,ecoportal.net,es,,2026-09-28T16:30:00+00:00,2026-10-06T18:46:40+00:00,,gdelt_doc:economia,titular_metadatos,
N-3b4e30e1cea5,Tropical Storm Bertha threatens US Gulf coast,https://www.yahoo.com/news/weather-news/articles/tropical-storm-bertha-threatens-us-024249872.html,yahoo.com,en,,2026-07-21T03:15:00+00:00,2026-10-06T18:46:40+00:00,,gdelt_doc:eventos_naturales,titular_metadatos,
N-3b551550ee88,Panama Canal eyes El Niño risk amid cargo surge,https://www.porttechnology.org/panama-canal-eyes-el-nino-risk-amid-cargo-surge/,porttechnology.org,en,,2026-07-23T09:45:00+00:00,2026-10-06T18:46:40+00:00,,gdelt_doc:logistica,titular_metadatos,
N-3b5bf00b2e11,Gobierno revisa reclasificación salarial de más de 700 paramédicos en la presidencia,https://www.midiario.com/nacionales/gobierno-revisa-reclasificacion-salarial-de-mas-de-700-paramedicos-en-la-presidencia/,midiario.com,es,,2026-08-06T20:15:00+00:00,2026-10-06T18:46:40+00:00,,gdelt_doc:economia,titular_metadatos,
N-3b5e2bd79f22,Panamax 2026 : Panamá y países aliados simulan asaltos aéreo y marítimo para proteger el Canal,https://www.prensa.com/politica/panamax-2026-panama-y-paises-aliados-simulan-asaltos-aereo-y-maritimo-para-proteger-el-canal/,prensa.com,es,,2026-08-10T05:30:00+00:00,2026-10-06T18:46:40+00:00,,gdelt_doc:logistica,titular_metadatos,
N-3b5e5aa400ff,"Panama declares national emergency as El Salvador , Honduras issue red alerts for drought",https://aa.com.tr/en/americas/panama-declares-national-emergency-as-el-salvador-honduras-issue-red-alerts-for-drought/4038366,aa.com.tr,en,,2026-08-26T17:00:00+00:00,2026-10-06T18:46:40+00:00,,gdelt_doc:logistica,titular_metadatos,
N-3b610cc8870a,"Ecuador : estos son los feriados que quedan en octubre , noviembre y diciembre de 2026",https://www.expreso.ec/tramites-y-servicios/ecuador-son-feriados-quedan-octubre-noviembre-diciembre-2026-297688.html,expreso.ec,es,,2026-09-30T22:30:00+00:00,2026-10-06T18:46:40+00:00,,gdelt_doc:economia,titular_metadatos,
N-3b705e1ec603,Shipping Tribune,https://www.shippingtribune.com/index.php/news/shipping/Panama+Canal+introduces+Temporary+Booking+System+Adjustments+to+Increase+Flexibility+and+Equitable+Slot+Access,shippingtribune.com,en,,2026-08-31T07:45:00+00:00,2026-10-06T18:46:40+00:00,,gdelt_doc:logistica,titular_metadatos,
N-3b7d7cbe3208,MEF congela créditos fiscales tras detectar irregularidades en la DGI,https://www.panamaamerica.com.pa/judicial/mef-congela-creditos-fiscales-tras-detectar-irregularidades-en-la-dgi-1264610,panamaamerica.com.pa,es,,2026-07-31T03:45:00+00:00,2026-10-06T18:46:40+00:00,,gdelt_doc:economia,titular_metadatos,
N-3b95ae9925e7,"Purificacion Garcia Town Center Costa del Este , Panamá | La Prensa Panamá",https://www.prensa.com/contenido-de-marcas/purificacion-garcia-town-center-costa-del-este-panama/,prensa.com,es,,2026-09-04T08:00:00+00:00,2026-10-06T18:46:40+00:00,,gdelt_doc:panama,titular_metadatos,
N-3ba31a25c4e5,"El cobre bate récords , pero la gigantesca mina de Panamá sigue cerrada : ¿ por qué ?",https://actualidad.rt.com/actualidad/629007-cobre-bate-records-gigantesca-mina-panama,actualidad.rt.com,es,,2026-09-23T19:45:00+00:00,2026-10-06T18:46:40+00:00,,gdelt_doc:economia,titular_metadatos,
N-3bb01c2ecd8b,First Female Administrator In The Panama Canal History Takes The Helm – The Yeshiva World,https://www.theyeshivaworld.com/news/general/2595110/first-female-administrator-in-the-panama-canals-history-takes-the-helm.html,theyeshivaworld.com,en,,2026-09-07T20:15:00+00:00,2026-10-06T18:46:40+00:00,,gdelt_doc:economia,titular_metadatos,
N-3bd74d434b00,Delcy Rodríguez se reunió con el secretario general de la ONU,https://www.informe21.com/post/delcy-rodr%C3%ADguez-se-reuni%C3%B3-con-el-secretario-general-de-la-onu,informe21.com,es,,2026-09-22T14:45:00+00:00,2026-10-06T18:46:40+00:00,,gdelt_doc:economia,titular_metadatos,
N-3be17f235f3b,Presentan denuncia por irregularidades en manejo de fondos en el Municipio de Arraiján,https://www.telemetro.com/nacionales/presentan-denuncia-irregularidades-manejo-fondos-el-municipio-arraijan-n6093622,telemetro.com,es,,2026-10-01T00:30:00+00:00,2026-10-06T18:46:40+00:00,,gdelt_doc:panama,titular_metadatos,
N-3be8c4eec3cc,Panamá refuerza sus vínculos comerciales y estratégicos con México,https://www.panamaamerica.com.pa/economia/panama-refuerza-sus-vinculos-comerciales-y-estrategicos-con-mexico-1264051,panamaamerica.com.pa,es,,2026-07-16T05:45:00+00:00,2026-10-06T18:46:40+00:00,,gdelt_doc:economia,titular_metadatos,
N-3beeee2f7999,"Presentan presupuesto general del Estado 2027 por B /. 35 , 111 . 7 millones",https://www.diaadia.com.pa/el-pais/presentan-presupuesto-general-del-estado-2027-por-b351117-millones-790948,diaadia.com.pa,es,,2026-07-30T00:30:00+00:00,2026-10-06T18:46:40+00:00,,gdelt_doc:economia,titular_metadatos,
N-3c16ef6b7491,Panama says fewer ships detained in Chinese ports after agreement,https://www.freemalaysiatoday.com/category/business/2026/07/24/panama-says-fewer-ships-detained-in-chinese-ports-after-agreement,freemalaysiatoday.com,en,,2026-07-24T07:45:00+00:00,2026-10-06T18:46:40+00:00,,gdelt_doc:logistica,titular_metadatos,
N-3c555da72a69,CAF coloca $500 millones en Panamá para impulsar el agro y las pymes,https://www.laestrella.com.pa/economia/caf-coloca-500-millones-en-panama-para-impulsar-el-agro-y-las-pymes-EA25617344,laestrella.com.pa,es,,2026-09-12T06:30:00+00:00,2026-10-06T18:46:40+00:00,,gdelt_doc:economia,titular_metadatos,
N-3c8aa8702818,"El fraile , el Canal y los 18 académicos",https://www.prensa.com/opinion/el-fraile-el-canal-y-los-18-academicos/,prensa.com,es,,2026-08-19T07:45:00+00:00,2026-10-06T18:46:40+00:00,,gdelt_doc:economia,titular_metadatos,
N-3c9a086c17ce,Panamá no busca entrar a la OCDE todavía : esta es la hoja de ruta,https://www.prensa.com/economia/panama-no-busca-entrar-a-la-ocde-todavia-esta-es-la-hoja-de-ruta/,prensa.com,es,,2026-09-06T07:00:00+00:00,2026-10-06T18:46:40+00:00,,gdelt_doc:economia,titular_metadatos,
N-3ca0da30c9bc,"República Dominicana sobresale por aporte al producto , empleo y gasto internacional con llegada de cruceros | La Nación Dominicana , Todo tu país , en un solo click ...!",https://lanaciondominicana.com/noticia/republica-dominicana-sobresale-por-aporte-al-producto-empleo-y-gasto-internacional/124513/,lanaciondominicana.com,es,,2026-07-27T23:15:00+00:00,2026-10-06T18:46:40+00:00,,gdelt_doc:turismo,titular_metadatos,
N-3cae34d40358,"Citi rebajó a 2 , 5 % el crecimiento de Colombia y prevé la segunda inflación más alta de la región",https://www.larepublica.co/globoeconomia/citi-redujo-de-2-7-a-2-5-el-pronostico-de-crecimiento-de-colombia-para-2026-4433117,larepublica.co,es,,2026-07-10T07:00:00+00:00,2026-10-06T18:46:40+00:00,,gdelt_doc:economia,titular_metadatos,
N-3cb4b9712ee4,La expansión militar de Donald Trump en Panamá tiene poco sentido,https://www.diariovasco.com/internacional/expansion-militar-donald-trump-panama-poco-sentido-20260828011322-nt.html,diariovasco.com,es,,2026-09-03T00:15:00+00:00,2026-10-06T18:46:40+00:00,,gdelt_doc:logistica,titular_metadatos,
N-3cfee35c1648,"Precios de combustible se estabilizan poco a poco , pero sigue incertidumbre",https://www.panamaamerica.com.pa/sociedad/precios-de-combustible-se-estabilizan-poco-poco-pero-sigue-incertidumbre-1263811,panamaamerica.com.pa,es,,2026-07-10T20:15:00+00:00,2026-10-06T18:46:40+00:00,,gdelt_doc:economia,titular_metadatos,
N-3d0eddfc3ceb,"Many Venezuelan immigrants shun Florida and turn to smaller cities in Utah , elsewhere",https://mymotherlode.com/news/national/11155864/many-venezuelan-immigrants-shun-florida-and-turn-to-smaller-cities-in-utah-elsewhere.html,mymotherlode.com,en,,2026-09-21T06:15:00+00:00,2026-10-06T18:46:40+00:00,,gdelt_doc:economia,titular_metadatos,
N-3d2c29df2574,"Serving the U . S ., Dominican Republic expels Cuban diplomats",https://www.peoplesworld.org/article/serving-the-u-s-dominican-republic-expels-cuban-diplomats/,peoplesworld.org,en,,2026-08-28T18:15:00+00:00,2026-10-06T18:46:40+00:00,,gdelt_doc:turismo,titular_metadatos,
N-3d408e101e75,Quince empresas miran el contrato de $270 millones del teleférico,https://www.laestrella.com.pa/panama/nacional/quince-empresas-miran-el-contrato-de-270-millones-del-teleferico-CL24497072,laestrella.com.pa,es,,2026-07-31T09:00:00+00:00,2026-10-06T18:46:40+00:00,,gdelt_doc:economia,titular_metadatos,
N-3d4592c4f66e,Héctor Lavoe : cuando El cantante dejó de ser una canción y se convirtió en su historia,https://rpp.pe/famosos/celebridades/hector-lavoe-cuando-el-cantante-dejo-de-ser-una-cancion-y-se-convirtio-en-su-historia-noticia-1710067,rpp.pe,es,,2026-09-30T14:00:00+00:00,2026-10-06T18:46:40+00:00,,gdelt_doc:logistica,titular_metadatos,
N-3d4ee6e12af0,"Claudia Sheinbaum y Raúl Mulino abordan agenda económica , cultural y regional",https://www.omnia.com.mx/noticia/434810/claudia-sheinbaum-y-raul-mulino-abordan-agenda-economica-cultural-y-regional,omnia.com.mx,es,,2026-07-16T14:45:00+00:00,2026-10-06T18:46:40+00:00,,gdelt_doc:logistica,titular_metadatos,
N-3d530e64e632,"Tracking Tropical Storm Bertha , Extreme Heat Warning issued for Metro Baton Rouge",https://www.wbrz.com/news/tracking-tropical-storm-bertha-extreme-heat-warning-issued-for-metro-baton-rouge,wbrz.com,en,,2026-07-21T21:15:00+00:00,2026-10-06T18:46:40+00:00,,gdelt_doc:eventos_naturales,titular_metadatos,
N-3d6032e15812,Panamá retira su candidatura para los Juegos Panamericanos Junior 2029,https://www.prensa.com/deportes/panama-retira-su-candidatura-para-los-juegos-panamericanos-junior-2029/,prensa.com,es,,2026-07-23T22:30:00+00:00,2026-10-06T18:46:40+00:00,,gdelt_doc:panama,titular_metadatos,
N-3d678b51c5cb,Aprueban en segundo debate presupuesto del Canal de Panamá,https://www.prensa.com/economia/aprueban-en-segundo-debate-presupuesto-del-canal-de-panama/,prensa.com,es,,2026-09-24T22:00:00+00:00,2026-10-06T18:46:40+00:00,,gdelt_doc:logistica,titular_metadatos,
N-3d6f2a81c01d,"Panamá estrena Anfitrión del mundo , su nueva marca país para proyectarse internacionalmente",https://www.laestrella.com.pa/panama/nacional/panama-estrena-anfitrion-del-mundo-su-nueva-marca-pais-para-proyectarse-internacionalmente-CP25196316,laestrella.com.pa,es,,2026-08-26T22:00:00+00:00,2026-10-06T18:46:40+00:00,,gdelt_doc:turismo,titular_metadatos,
N-3d718bc44119,Serie final béisbol sub - 23 : Panamá Oeste vence 4 - 3 a Chiriquí Occidente,https://www.laestrella.com.pa/deportes/beisbol/serie-final-beisbol-sub-23-panama-oeste-vence-4-3-a-chiriqui-occidente-EM25380730,laestrella.com.pa,es,,2026-09-02T22:15:00+00:00,2026-10-06T18:46:40+00:00,,gdelt_doc:panama,titular_metadatos,
N-3d7f40d854bb,Premios Juventud llega a Europa por primera vez en sus 23 años,https://www.telemetro.com/entretenimiento/premios-juventud-llega-europa-primera-vez-sus-23-anos-n6090678,telemetro.com,es,,2026-09-03T22:15:00+00:00,2026-10-06T18:46:40+00:00,,gdelt_doc:panama,titular_metadatos,
N-3d850dfc6621,No es Carlos Slim : el millonario mexicano nacido en EE . UU . que presentó a Sheinbaum un megaproyecto para competir con el Canal de Panamá,https://www.cronista.com/usa/trending/no-es-carlos-slim-el-millonario-mexicano-nacido-en-eeuu-que-presento-a-sheinbaum-un-megaproyecto-para-competir-con-el-canal-de-panama/,cronista.com,es,,2026-08-27T21:00:00+00:00,2026-10-06T18:46:40+00:00,,gdelt_doc:logistica,titular_metadatos,
N-3d89806bbe85,"Tropical Storm Bertha Strengthens , Top Winds 60",https://thebeatflorida.iheart.com/content/2026-07-21-tropical-storm-bertha-strengthens-top-winds-60/,thebeatflorida.iheart.com,en,,2026-07-21T16:00:00+00:00,2026-10-06T18:46:40+00:00,,gdelt_doc:eventos_naturales,titular_metadatos,
N-3dc7657ad615,El Niño y su Impacto en el Clima Global,https://tctelevision.com/lo-ultimo/el-nino-rompe-el-record-de-temperatura-mas-alto-desde-que-existen-registros-y-todavia-le-falta-fuerza/,tctelevision.com,es,,2026-09-22T18:00:00+00:00,2026-10-06T18:46:40+00:00,,gdelt_doc:logistica,titular_metadatos,
N-3ded7daa8c28,"Un viaje por nuestro Panamá : conoce el Carnaval , la pollera y el Parque Nacional Coiba",https://www.midiario.com/nacionales/un-viaje-por-nuestro-panama-conoce-el-carnaval-la-pollera-y-el-parque-nacional-coiba/,midiario.com,es,,2026-08-23T05:00:00+00:00,2026-10-06T18:46:40+00:00,,gdelt_doc:panama,titular_metadatos,
N-3deda7613297,"Venezuela tendrá elecciones , promete Delcy Rodríguez ante la ONU en pleno diálogo con la oposición",https://larepublica.pe:443/mundo/2026/09/24/venezuela-tendra-elecciones-promete-delcy-rodriguez-ante-la-onu-en-pleno-dialogo-con-la-oposicion-1819176,larepublica.pe,es,,2026-09-24T16:15:00+00:00,2026-10-06T18:46:40+00:00,,gdelt_doc:economia,titular_metadatos,
N-3dfcb67590e3,Primera mujer asume administración del Canal de Panamá - Noticias Prensa Latina,https://www.prensa-latina.cu/2026/09/07/primera-mujer-asume-administracion-del-canal-de-panama/,prensa-latina.cu,es,,2026-09-07T05:15:00+00:00,2026-10-06T18:46:40+00:00,,gdelt_doc:economia,titular_metadatos,
N-3e0e5e0c8377,Suiza se adhiere al Protocolo de Neutralidad del Canal de Panamá,https://www.telemetro.com/nacionales/suiza-se-adhiere-al-protocolo-neutralidad-del-canal-panama-n6085895,telemetro.com,es,,2026-07-21T20:45:00+00:00,2026-10-06T18:46:40+00:00,,gdelt_doc:logistica,titular_metadatos,
N-3e1deffec92a,Crowning Glories | Washington Diplomat,https://washdiplomat.com/crowning-glories/,washdiplomat.com,en,,2026-08-28T18:00:00+00:00,2026-10-06T18:46:40+00:00,,gdelt_doc:turismo,titular_metadatos,
N-3e1ffe1a1d6c,El tirón de orejas de Trump a Delcy : « Al final tiene que haber elecciones »,https://www.eldiariomontanes.es/internacional/tiron-orejas-trump-delcy-final-haber-elecciones-20260924071527-ntrc.html,eldiariomontanes.es,es,,2026-09-24T07:30:00+00:00,2026-10-06T18:46:40+00:00,,gdelt_doc:economia,titular_metadatos,
N-3e2e82495ec5,Costa Coffee se expande a Panamá con dos nuevas tiendas operadas por el socio franquiciado Grupo Maritanos,https://www.tvn-2.com/economia/empresas/publirreportajes/costa-coffee-expande-panama-nuevas_1_2256771.html,tvn-2.com,es,2026-08-21T15:41:33+00:00,,2026-10-06T18:46:40+00:00,,tvn_rss,titular_metadatos,
N-3e3b5e9cbf2f,Andrii Sybiha held a meeting with Minister of Foreign Affairs of the Republic of Panama Javier Martínez - Acha,https://www.globalsecurity.org/wmd/library/news/ukraine/2026/09/ukraine-260921-ukraine-mfa03.htm,globalsecurity.org,en,,2026-09-22T14:45:00+00:00,2026-10-06T18:46:40+00:00,,gdelt_doc:logistica,titular_metadatos,
N-3e4241e7462f,Empresas Preferidas por el Talento en Centroamérica 2026 . Investigación de Estrategia & Negocios .,https://www.revistaeyn.com/empresasymanagement/exclusivo-en-empresas-preferidas-por-el-talento-2026-de-centroamerica-DF31612001,revistaeyn.com,es,,2026-08-05T01:15:00+00:00,2026-10-06T18:46:40+00:00,,gdelt_doc:logistica,titular_metadatos,
N-3e727c9215d5,Clima en Panamá : Pronóstico para este jueves 3 de septiembre,https://www.laestrella.com.pa/panama/informacion-util/clima-en-panama-pronostico-para-este-jueves-3-de-septiembre-KN25393900,laestrella.com.pa,es,,2026-09-03T12:30:00+00:00,2026-10-06T18:46:40+00:00,,gdelt_doc:panama,titular_metadatos,
N-3e8f3ec58597,Panamá realiza cirugía inédita a niño con cáncer de hueso,https://www.critica.com.pa/nacional/panama-realiza-cirugia-inedita-nino-con-cancer-de-hueso-515824,critica.com.pa,es,,2026-09-04T23:00:00+00:00,2026-10-06T18:46:40+00:00,,gdelt_doc:panama,titular_metadatos,
N-3ebd3412d3f0,Inland navigation workers stand with Panama Canal workers after death of tug captain,https://www.itfglobal.org/en/news/inland-navigation-workers-stand-panama-canal-workers-after-death-tug-captain,itfglobal.org,en,,2026-10-01T23:15:00+00:00,2026-10-06T18:46:40+00:00,,gdelt_doc:logistica,titular_metadatos,
N-3ee4356d60eb,Read All The Stories Written by P Vaidyanathan Iyer .,https://indianexpress.com/profile/author/p-vaidyanathan-iyer/,indianexpress.com,en,,2026-07-12T03:00:00+00:00,2026-10-06T18:46:40+00:00,,gdelt_doc:economia,titular_metadatos,
N-3ef9670a5359,TVN Media y ADEN Business School firman acuerdo para acceder a programas de estudio superior,https://www.tvn-2.com/nacionales/tvn-media-aden-business-school_1_2255801.html,tvn-2.com,es,2026-08-14T00:59:23+00:00,,2026-10-06T18:46:40+00:00,,tvn_rss,titular_metadatos,
N-3f0340c6ad5d,¿ Qué busca Francia en Panamá ? El Canal y nuevas oportunidades de inversión,https://www.laestrella.com.pa/economia/que-busca-francia-en-panama-el-canal-y-nuevas-oportunidades-de-inversion-LC25638650,laestrella.com.pa,es,,2026-09-13T05:30:00+00:00,2026-10-06T18:46:40+00:00,,gdelt_doc:economia,titular_metadatos,
N-3f0ea812475e,"Panamá aspira convertirse en una plataforma de Brasil hacia Centroamérica , el Caribe y otros mercados , afirma canciller Martínez - Acha Vásquez – Ministerio de Relaciones exteriores",https://mire.gob.pa/panama-aspira-convertirse-en-una-plataforma-de-brasil-hacia-centroamerica-el-caribe-y-otros-mercados-afirma-canciller-martinez-acha-vasquez/,mire.gob.pa,es,,2026-09-11T23:15:00+00:00,2026-10-06T18:46:40+00:00,,gdelt_doc:economia,titular_metadatos,
N-3f2bdd223af4,The sunhat is everywhere in Athens as crowds grow larger at ancient sites,"http://www.sitkasentinel.com/stories/the-sunhat-is-everywhere-in-athens-as-crowds-grow-larger-at-ancient-sites,165761",sitkasentinel.com,en,,2026-08-23T06:45:00+00:00,2026-10-06T18:46:40+00:00,,gdelt_doc:turismo,titular_metadatos,
N-3f4fafa558b5,"Aprehenden a Enrique Lau, exdirector de la CSS, por supuesto enriquecimiento injustificado",https://www.tvn-2.com/nacionales/judicial/aprehenden-enrique-lau-exdirector-css_1_2264560.html,tvn-2.com,es,2026-10-06T11:50:00+00:00,,2026-10-06T18:46:40+00:00,,tvn_rss,titular_metadatos,
N-3f6ef22dcc08,Mulino nombra a María Eugenia Pérez de Preciado como fiscal electoral ; la Asamblea debe ratificarla,https://www.prensa.com/politica/mulino-nombra-a-maria-eugenia-perez-de-preciado-como-fiscal-electoral-la-asamblea-debe-ratificarla/,prensa.com,es,,2026-08-28T01:15:00+00:00,2026-10-06T18:46:40+00:00,,gdelt_doc:economia,titular_metadatos,
N-3f7139064fbc,Colisión múltiple de seis vehículos paraliza el tránsito en la vía Centenario hacia Panamá Oeste,https://www.prensa.com/sociedad/colision-multiple-de-seis-vehiculos-paraliza-el-transito-en-la-via-centenario-hacia-panama-oeste/,prensa.com,es,,2026-07-15T19:15:00+00:00,2026-10-06T18:46:40+00:00,,gdelt_doc:panama,titular_metadatos,
N-3f7e35ad6f11,Administración Mulino apunta a buscar una salida técnica al tema de la mina de cobre cerrada en 2023,https://www.infobae.com/panama/2026/07/13/administracion-mulino-apunta-a-buscar-una-salida-tecnica-al-tema-de-la-mina-de-cobre-cerrada-en-2023/,infobae.com,es,,2026-07-13T21:45:00+00:00,2026-10-06T18:46:40+00:00,,gdelt_doc:economia,titular_metadatos,
N-3f88947a7bf1,"Top news of the day : August 24 , 2026",https://www.thehindu.com/news/top-news-of-the-day-august-24-2026/article71384553.ece,thehindu.com,en,,2026-08-24T13:15:00+00:00,2026-10-06T18:46:40+00:00,,gdelt_doc:economia,titular_metadatos,
N-3f9fd1aba6f8,En IMÁGENES : concentración en Plaza Venezuela exige que se permita el regreso de María Corina Machado,https://lapatilla.com/2026/09/24/en-imagenes-concentracion-en-plaza-venezuela-exige-que-se-permita-el-regreso-de-maria-corina-machado/,lapatilla.com,es,,2026-09-24T22:00:00+00:00,2026-10-06T18:46:40+00:00,,gdelt_doc:logistica,titular_metadatos,
N-3fa4f80d27b1,El bajo perfil de María Corina Machado en Panamá a la espera de su regreso a Venezuela,https://www.telemundo51.com/noticias/local/el-bajo-perfil-de-maria-corina-machado-en-panama-a-la-espera-de-su-regreso-a-venezuela/2831557/,telemundo51.com,es,,2026-10-01T02:45:00+00:00,2026-10-06T18:46:40+00:00,,gdelt_doc:panama,titular_metadatos,
N-3fba7734998a,Nueva ley busca convertir comunidades panameñas en destinos turísticos certificados,https://www.prensa.com/economia/nueva-ley-busca-convertir-comunidades-panamenas-en-destinos-turisticos-certificados/,prensa.com,es,,2026-07-08T22:15:00+00:00,2026-10-06T18:46:40+00:00,,gdelt_doc:economia,titular_metadatos,
N-3fc7d0299405,Preview - Asamblea de Panamá,https://www.asamblea.gob.pa/Noticias/Actualidad/CONTINUA-MESA-DE-TRABAJO-QUE-ANALIZA-PROYECTOS-PARA-JUBILADOS-Y-PENSIONADOS,asamblea.gob.pa,es,,2026-09-23T02:45:00+00:00,2026-10-06T18:46:40+00:00,,gdelt_doc:economia,titular_metadatos,
N-3fd1517a0fdc,El ciclismo internacional activa la economía de Azuero y proyecta a Panamá rumbo a Los Ángeles 2028,https://www.panamaamerica.com.pa/deportes/el-ciclismo-internacional-activa-la-economia-de-azuero-y-proyecta-panama-rumbo-los-angeles,panamaamerica.com.pa,es,,2026-08-26T21:15:00+00:00,2026-10-06T18:46:40+00:00,,gdelt_doc:economia,titular_metadatos,
N-3fd4bff22d57,Panamá se incorpora a Pax Silica para potenciar la inteligencia artificial y la innovación,https://www.laestrella.com.pa/economia/panama-se-incorpora-a-pax-silica-para-potenciar-la-inteligencia-artificial-y-la-innovacion-PN23598986,laestrella.com.pa,es,,2026-07-30T15:00:00+00:00,2026-10-06T18:46:40+00:00,,gdelt_doc:economia,titular_metadatos,
N-3fdd8fd1a160,Costa Rica Tourism Cautious on Year - End as Dollar Weakens,https://www.riotimesonline.com/costa-rica-tourism-cautious-year-end-strong-colon-2026/,riotimesonline.com,en,,2026-07-29T10:30:00+00:00,2026-10-06T18:46:40+00:00,,gdelt_doc:turismo,titular_metadatos,
N-3feefa5f3b2e,"Desde Panamá , pueblos indígenas de Mesoamérica buscan construir mayor autonomía económica",https://www.infobae.com/panama/2026/08/16/desde-panama-pueblos-indigenas-de-mesoamerica-buscan-construir-mayor-autonomia-economica/,infobae.com,es,,2026-08-16T08:45:00+00:00,2026-10-06T18:46:40+00:00,,gdelt_doc:economia,titular_metadatos,
N-4017a94b6226,MEF estima que la deuda crezca $2 mil millones el próximo año,https://www.panamaamerica.com.pa/nacion/mef-estima-que-la-deuda-crezca-2-mil-millones-el-proximo-ano-1266848,panamaamerica.com.pa,es,,2026-09-29T05:30:00+00:00,2026-10-06T18:46:40+00:00,,gdelt_doc:economia,titular_metadatos,
N-40203cb49b9b,Omar Alfanno se suma al concierto de Farruko en Panamá,https://www.diaadia.com.pa/fama/omar-alfanno-se-suma-al-concierto-de-farruko-en-panama-790747,diaadia.com.pa,es,,2026-07-17T23:15:00+00:00,2026-10-06T18:46:40+00:00,,gdelt_doc:logistica,titular_metadatos,
N-4037b5623dcd,Farruko armó la gozadera en un diablo rojo y con un desfile de estrellas,https://www.critica.com.pa/show/farruko-armo-la-gozadera-en-un-diablo-rojo-y-con-un-desfile-de-estrellas-514756,critica.com.pa,es,,2026-08-17T00:00:00+00:00,2026-10-06T18:46:40+00:00,,gdelt_doc:logistica,titular_metadatos,
N-40386a6adf5f,"Grupo Estrella , dueño de Cemento Bayano , amplía su negocio cementero hacia El Salvador",https://www.prensa.com/economia/grupo-estrella-dueno-de-cemento-bayano-amplia-su-negocio-cementero-hacia-el-salvador/,prensa.com,es,,2026-09-01T02:45:00+00:00,2026-10-06T18:46:40+00:00,,gdelt_doc:panama,titular_metadatos,
N-406b955e2fa8,Sociedad Audubon ha registrado en Panamá aves de Sudamérica por el Fenómeno de El Niño,https://www.telemetro.com/entrevistas/nacionales/sociedad-audubon-ha-registrado-panama-aves-sudamerica-el-fenomeno-el-nino-n6084663,telemetro.com,es,,2026-07-09T16:45:00+00:00,2026-10-06T18:46:40+00:00,,gdelt_doc:panama,titular_metadatos,
N-40a14cefb941,Venezuela main airport partially resumes commercial flights after deadly earthquakes | Business,https://www.dailygazette.com/leader_herald/ap/business/venezuela-s-main-airport-partially-resumes-commercial-flights-after-deadly-earthquakes/article_bd70a29d-8831-58bb-83cc-15833ac4298f.html,dailygazette.com,en,,2026-09-01T22:15:00+00:00,2026-10-06T18:46:40+00:00,,gdelt_doc:turismo,titular_metadatos,
N-40c87e02a8d9,BID advierte sobre el impacto fiscal de El Niño en Panamá,https://www.laestrella.com.pa/economia/bid-advierte-sobre-el-impacto-fiscal-de-el-nino-en-panama-AC25502424,laestrella.com.pa,es,,2026-09-08T07:30:00+00:00,2026-10-06T18:46:40+00:00,,gdelt_doc:economia,titular_metadatos,
N-40ee20cfb352,Monday Is a Risky Day for Thousands of Immigrants,https://www.newser.com/story/393553/monday-is-a-risky-day-for-thousands-of-immigrants.html,newser.com,en,,2026-07-27T12:15:00+00:00,2026-10-06T18:46:40+00:00,,gdelt_doc:logistica,titular_metadatos,
N-411cc1d52f5c,HANSON : The fantasy house of Mark Carney,https://edmontonsun.com/opinion/columnists/hanson-the-fantasy-house-of-mark-carney/wcm/2d2bd292-601c-43e8-bec2-a8ae76b1c7f4,edmontonsun.com,en,,2026-09-21T18:15:00+00:00,2026-10-06T18:46:40+00:00,,gdelt_doc:economia,titular_metadatos,
N-413b05e9507b,Presidente Asfura arriba a Lima para asunción de presidenta electa del Perú,https://proceso.hn/presidente-asfura-arriba-a-lima-para-asuncion-de-presidenta-electa-del-peru/,proceso.hn,es,,2026-07-28T01:15:00+00:00,2026-10-06T18:46:40+00:00,,gdelt_doc:turismo,titular_metadatos,
N-414a0a34f929,"Exportaciones de la Comunidad Andina crecieron 11 , 5 % en 2025 y China fue el principal destino",https://www.expreso.ec/economia-y-negocios/exportaciones-comunidad-andina-crecieron-11-5-2025-china-principal-destino-294701.html,expreso.ec,es,,2026-09-05T19:30:00+00:00,2026-10-06T18:46:40+00:00,,gdelt_doc:economia,titular_metadatos,
N-4159c7cb9875,Canal suspende reducción de calado ante mejora del lago Gatún,https://www.prensa.com/economia/canal-suspende-reduccion-de-calado-ante-mejora-del-lago-gatun/,prensa.com,es,,2026-09-04T22:15:00+00:00,2026-10-06T18:46:40+00:00,,gdelt_doc:economia,titular_metadatos,
N-41793ee3a2b8,Disney Destiny sails out of Port Canaveral beginning in late 2027,https://www.sun-sentinel.com/2026/08/27/disney-destiny-sails-out-of-port-canaveral-beginning-in-late-2027/,sun-sentinel.com,en,,2026-08-27T18:00:00+00:00,2026-10-06T18:46:40+00:00,,gdelt_doc:logistica,titular_metadatos,
N-417f3855a749,Las claves del mensaje de Mulino ante la Asamblea General de la ONU,https://www.laestrella.com.pa/mundo/america/las-claves-del-mensaje-de-mulino-ante-la-asamblea-general-de-la-onu-CM25925315,laestrella.com.pa,es,,2026-09-23T23:45:00+00:00,2026-10-06T18:46:40+00:00,,gdelt_doc:logistica,titular_metadatos,
N-4188de4db06c,El costo del dinero sube : consumidores enfrentarán mayores tasas de interés para préstamos y tarjetas,https://www.prensa.com/economia/el-costo-del-dinero-sube-consumidores-enfrentaran-mayores-tasas-de-interes-para-prestamos-y-tarjetas/,prensa.com,es,,2026-09-04T08:00:00+00:00,2026-10-06T18:46:40+00:00,,gdelt_doc:economia,titular_metadatos,
N-41e05ac62e3b,Canal de Panamá espera cambios en presupuesto por El Niño y menor calado,https://www.larepublica.co/globoeconomia/el-canal-de-panama-proyecta-que-el-impacto-de-el-nino-afectara-el-presupuesto-de-2027-4434213,larepublica.co,es,,2026-07-10T23:15:00+00:00,2026-10-06T18:46:40+00:00,,gdelt_doc:logistica,titular_metadatos,
N-41ec473a4b0e,Thomas Christiansen es ratificado como timonel de Panamá tras eliminación,https://www.razon.com.mx/deportes/2026/07/14/thomas-christiansen-es-ratificado-como-timonel-de-panama-tras-eliminacion/,razon.com.mx,es,,2026-07-14T09:45:00+00:00,2026-10-06T18:46:40+00:00,,gdelt_doc:panama,titular_metadatos,
N-421029c05172,Panama Canal Draft Cut Again as El Niño Threatens Water,https://www.riotimesonline.com/panama-canal-draft-cut-el-nino-2026/,riotimesonline.com,en,,2026-07-31T12:00:00+00:00,2026-10-06T18:46:40+00:00,,gdelt_doc:logistica,titular_metadatos,
N-423c50b199d6,"Heineken recorta más de 3 , 000 empleos a nivel global : ¿ qué pasa con Panamá ?",https://www.prensa.com/economia/heineken-recorta-mas-de-3000-empleos-a-nivel-global-que-pasa-con-panama/,prensa.com,es,,2026-08-06T19:45:00+00:00,2026-10-06T18:46:40+00:00,,gdelt_doc:economia,titular_metadatos,
N-4241cec1e286,Across the Pacific : A Pulpy Adventure at Sea,https://www.theepochtimes.com/bright/across-the-pacific-a-pulpy-adventure-at-sea-6090735,theepochtimes.com,en,,2026-09-22T02:15:00+00:00,2026-10-06T18:46:40+00:00,,gdelt_doc:logistica,titular_metadatos,
N-424ee6a132dc,Colombia movilizó más de 28 millones de pasajeros en el primer semestre : el nivel más alto desde 2014,https://www.eltiempo.com/economia/colombia-movilizo-mas-de-28-millones-de-pasajeros-en-el-primer-semestre-el-nivel-mas-alto-desde-3584174,eltiempo.com,es,,2026-09-07T21:15:00+00:00,2026-10-06T18:46:40+00:00,,gdelt_doc:economia,titular_metadatos,
N-424f40f9e3eb,Panama to provide free insurance for travellers,https://www.travelextra.ie/panama-to-provide-free-insurance-for-travellers/,travelextra.ie,en,,2026-09-23T06:15:00+00:00,2026-10-06T18:46:40+00:00,,gdelt_doc:turismo,titular_metadatos,
N-4258dc9c608c,Todo lo que la autoridad considere pertinente,https://www.prensa.com/opinion/todo-lo-que-la-autoridad-considere-pertinente/,prensa.com,es,,2026-07-10T06:15:00+00:00,2026-10-06T18:46:40+00:00,,gdelt_doc:economia,titular_metadatos,
N-425a7be0ba3d,Panamá incorporó oficialmente a Ecuador a su lista de países amigos,https://www.eluniverso.com/noticias/economia/panama-incorporo-oficialmente-a-ecuador-a-su-lista-de-paises-amigos-nota/,eluniverso.com,es,,2026-09-01T22:15:00+00:00,2026-10-06T18:46:40+00:00,,gdelt_doc:panama,titular_metadatos,
N-4267e0114ac9,Panamá se prepara para El Niño : Gobierno activa comisión por posible sequía,https://www.telemetro.com/nacionales/panama-se-prepara-el-nino-gobierno-activa-comision-posible-sequia-n6085668,telemetro.com,es,,2026-07-19T22:30:00+00:00,2026-10-06T18:46:40+00:00,,gdelt_doc:economia,titular_metadatos,
N-426ebfda16ab,Todas las rutas de vuelos directos entre Europa y América Central y del Sur,https://es.euronews.com/viajes/2026/09/20/todas-las-rutas-de-vuelos-directos-entre-europa-y-america-central-y-del-sur,es.euronews.com,es,,2026-09-20T06:30:00+00:00,2026-10-06T18:46:40+00:00,,gdelt_doc:turismo,titular_metadatos,
N-428e3f37a15d,PERU : Líderes llegan para asistir a investidura de Keiko Fujimori,https://almomento.net/peru-lideres-llegan-para-asistir-a-investidura-de-keiko-fujimori/,almomento.net,es,,2026-07-28T09:30:00+00:00,2026-10-06T18:46:40+00:00,,gdelt_doc:turismo,titular_metadatos,
N-42936d12401d,"El sargazo , de plaga que lastra el turismo a prometedora arma contra la malaria más letal - Ciencia",https://www.abc.com.py/ciencia/2026/09/04/el-sargazo-de-plaga-que-lastra-el-turismo-a-prometedora-arma-contra-la-malaria-mas-letal/,abc.com.py,es,,2026-09-04T19:15:00+00:00,2026-10-06T18:46:40+00:00,,gdelt_doc:turismo,titular_metadatos,
N-42a100bcb861,UBS proyecta recuperación de producción minera en 2028,https://www.panamaamerica.com.pa/economia/ubs-proyecta-recuperacion-de-produccion-minera-en-2028-1264161,panamaamerica.com.pa,es,,2026-07-20T07:45:00+00:00,2026-10-06T18:46:40+00:00,,gdelt_doc:economia,titular_metadatos,
N-42a12f8585af,"Les basta un gol , no la victoria",https://www.prensa.com/opinion/les-basta-un-gol-no-la-victoria/,prensa.com,es,,2026-07-16T19:15:00+00:00,2026-10-06T18:46:40+00:00,,gdelt_doc:logistica,titular_metadatos,
N-42cc872111c8,Proyecto global impulsará la trazabilidad del marisco panameño en mercados extranjeros,https://www.laestrella.com.pa/economia/proyecto-global-impulsara-la-trazabilidad-del-marisco-panameno-en-mercados-extranjeros-LB24341785,laestrella.com.pa,es,,2026-07-24T19:15:00+00:00,2026-10-06T18:46:40+00:00,,gdelt_doc:economia,titular_metadatos,
N-42d2f8da8e00,Panama Canal Cuts Drafts for Largest Ships as El Niño Intensifies,https://maritime-executive.com/article/panama-canal-cuts-drafts-for-largest-ships-as-el-nino-intensifies,maritime-executive.com,en,,2026-08-06T20:15:00+00:00,2026-10-06T18:46:40+00:00,,gdelt_doc:logistica,titular_metadatos,
N-42d841ba097d,Shakira y Piqué vuelven a los tribunales por el régimen de visitas de sus hijos,https://www.tvn-2.com/entretenimiento/shakira-pique-vuelven-tribunales-regimen-visitas-sasha-milan_1_2264591.html,tvn-2.com,es,2026-10-06T16:00:19+00:00,,2026-10-06T18:46:40+00:00,,tvn_rss,titular_metadatos,
N-42ffb0a1e320,Miss Universe 2026 : Meet the Latinas competing in Puerto Rico,https://www.hola.com/us/entertainment/20260907922133/miss-universe-2026-meet-the-latinas-competing-puerto-rico/,hola.com,en,,2026-09-08T00:30:00+00:00,2026-10-06T18:46:40+00:00,,gdelt_doc:turismo,titular_metadatos,
N-4314c68a9fe1,Canal de Panamá aplica primera restricción de tránsitos por sequía,https://www.eluniversal.com.mx/mundo/canal-de-panama-aplica-primera-restriccion-de-transitos-por-sequia-busca-ahorrar-agua-por-fenomeno-el-nino/,eluniversal.com.mx,es,,2026-09-03T15:00:00+00:00,2026-10-06T18:46:40+00:00,,gdelt_doc:logistica,titular_metadatos,
N-4348a6d2ed09,Noboa y Mulino se reúnen en Guayaquil ¿ qué temas abordaron ?,https://www.teleamazonas.com/actualidad/noticias/politica/noboa-mulino-reunen-guayaquil-temas-abordaron-127156/,teleamazonas.com,es,,2026-09-04T22:30:00+00:00,2026-10-06T18:46:40+00:00,,gdelt_doc:panama,titular_metadatos,
N-4362bc84a279,Acuerdo Panamá - Ecuador : Venta de Energía Explicada,https://www.eldiario.ec/ecuador/panama-podria-vender-energia-a-ecuador-asi-funcionaria-el-acuerdo-04092026/,eldiario.ec,es,,2026-09-04T20:00:00+00:00,2026-10-06T18:46:40+00:00,,gdelt_doc:turismo,titular_metadatos,
N-4368d03ab33b,Panama Canal El Niño Concerns Prompt Carrier Surcharges,https://wwd.com/sourcing-journal/logistics/panama-canal-el-nino-carrier-msc-cma-cgm-hapag-surcharges-draft-restrictions-1239079523/,wwd.com,en,,2026-07-23T00:15:00+00:00,2026-10-06T18:46:40+00:00,,gdelt_doc:logistica,titular_metadatos,
N-4370f1553a66,"Canal de Panamá manejará presupuesto de B /. 5 , 555 millones para 2027",https://www.critica.com.pa/nacional/canal-de-panama-manejara-presupuesto-de-b5555-millones-para-2027-517398,critica.com.pa,es,,2026-10-02T03:45:00+00:00,2026-10-06T18:46:40+00:00,,gdelt_doc:logistica,titular_metadatos,
N-4384698be177,COEL pide acelerar estrategia logística ante congestión portuaria y retos de conectividad,https://www.prensa.com/economia/coel-pide-acelerar-estrategia-logistica-ante-congestion-portuaria-y-retos-de-conectividad/,prensa.com,es,,2026-07-09T16:45:00+00:00,2026-10-06T18:46:40+00:00,,gdelt_doc:economia,titular_metadatos,
N-439816812cac,Dollarization Latin America grows as Ecuador locks dollar,https://www.riotimesonline.com/latin-america-dollarization-2026/,riotimesonline.com,en,,2026-09-07T16:45:00+00:00,2026-10-06T18:46:40+00:00,,gdelt_doc:economia,titular_metadatos,
N-4398b7416a40,2 Chinese sailors rescued from sunken ship off Odisha Paradip port : Indian Coast Guard,https://www.hindustantimes.com/india-news/china-ship-odisha-paradip-ship-sink-survivors-panama-101787815368322.html,hindustantimes.com,en,,2026-08-27T07:45:00+00:00,2026-10-06T18:46:40+00:00,,gdelt_doc:economia,titular_metadatos,
N-43bb76bf338f,La Roja ya tiene nuevo preparador físico : Sergio Pardo Carrillo se incorpora al equipo,https://www.prensa.com/deportes/la-seleccion-de-panama-ya-cuenta-con-su-preparador-fisico/,prensa.com,es,,2026-09-22T23:30:00+00:00,2026-10-06T18:46:40+00:00,,gdelt_doc:panama,titular_metadatos,
N-43c1e4be250e,Dole ( DOLE ) Q2 2026 Earnings Call Transcript,https://www.fool.com/earnings/call-transcripts/2026/08/17/dole-dole-q2-2026-earnings-call-transcript/?source=iedfolrf0000001,fool.com,en,,2026-08-17T20:15:00+00:00,2026-10-06T18:46:40+00:00,,gdelt_doc:eventos_naturales,titular_metadatos,
N-4408a7911ba3,Torres y Sastre recibieron al Embajador de Panamá y destacaron el potencial exportador de la pesca,https://www.elchubut.com.ar/puerto-madryn/2026-8-5-16-39-0-puerto-madryn-torres-y-sastre-recibieron-al-embajador-de-panama-y-destacaron-el-potencial-exportador-de-la-pesca,elchubut.com.ar,es,,2026-08-05T22:00:00+00:00,2026-10-06T18:46:40+00:00,,gdelt_doc:economia,titular_metadatos,
N-44219a95de2e,The sunhat is everywhere in Athens as crowds grow larger at ancient sites,https://www.stcatharinesstandard.ca/life/the-sunhat-is-everywhere-in-athens-as-crowds-grow-larger-at-ancient-sites/article_14e7a8e7-25e0-5b7e-9122-d7d645c19402.html,stcatharinesstandard.ca,en,,2026-08-23T07:15:00+00:00,2026-10-06T18:46:40+00:00,,gdelt_doc:turismo,titular_metadatos,
N-4455eda2056e,Detenidos 26 trabajadores de un puerto en Panamá acusados de traficar cocaína hacia Europa - Mundo,https://www.abc.com.py/internacionales/2026/07/09/detenidos-26-trabajadores-de-un-puerto-en-panama-acusados-de-traficar-cocaina-hacia-europa/,abc.com.py,es,,2026-07-09T06:45:00+00:00,2026-10-06T18:46:40+00:00,,gdelt_doc:logistica,titular_metadatos,
N-446625bf36bb,Panamá evalúa posible continuidad de seleccionador Thomas Christiansen tras participación en Mundial,https://www.latimes.com/espanol/deportes/articulo/2026-07-13/panama-evalua-posible-continuidad-de-seleccionador-thomas-christiansen-tras-participacion-en-mundial,latimes.com,es,,2026-07-14T08:30:00+00:00,2026-10-06T18:46:40+00:00,,gdelt_doc:panama,titular_metadatos,
N-447f3e6ea9cf,"Análisis sobre la crisis del agua , política , femicidios y descuentos a jubilados",https://www.telemetro.com/cara-cara/analisis-la-crisis-del-agua-politica-femicidios-y-descuentos-jubilados-n6090228,telemetro.com,es,,2026-08-30T21:15:00+00:00,2026-10-06T18:46:40+00:00,,gdelt_doc:logistica,titular_metadatos,
N-447fa9770504,María Corina Machado ha intentado regresar siete veces a Venezuela sin conseguirlo,https://www.abc.es/internacional/maria-corina-machado-intentado-regresar-siete-veces-20260923031343-nt.html,abc.es,es,,2026-09-23T02:00:00+00:00,2026-10-06T18:46:40+00:00,,gdelt_doc:logistica,titular_metadatos,
N-44918addcbc5,¿ Por qué cada vez más extranjeros viviendo en Medellín ?,https://www.elcolombiano.com/tendencias/por-que-hay-tantos-extranjeros-viviendo-en-medellin-EG40207322,elcolombiano.com,es,,2026-08-23T09:30:00+00:00,2026-10-06T18:46:40+00:00,,gdelt_doc:turismo,titular_metadatos,
N-44d547abf2ab,S & P ratifica el grado de inversión de Panamá en BBB - y mantiene perspectiva estable,https://www.prensa.com/economia/sp-ratifica-el-grado-de-inversion-de-panama-en-bbb-y-mantiene-perspectiva-estable/,prensa.com,es,,2026-09-23T07:45:00+00:00,2026-10-06T18:46:40+00:00,,gdelt_doc:economia,titular_metadatos,
N-4501b2602901,Rubio afirma que EEUU trabaja con la Asamblea venezolana opositora de 2015 para celebrar elecciones lo antes posible,https://www.europapress.es/internacional/noticia-rubio-afirma-eeuu-trabaja-asamblea-venezolana-opositora-2015-celebrar-elecciones-antes-posible-20260929045024.html,europapress.es,es,,2026-09-29T03:30:00+00:00,2026-10-06T18:46:40+00:00,,gdelt_doc:economia,titular_metadatos,
N-451c892c7cae,Puente Quimís en Manabí y el progreso en la región,https://tctelevision.com/lo-ultimo/presidente-noboa-entrega-el-puente-quimis-en-manabi/,tctelevision.com,es,,2026-07-30T20:30:00+00:00,2026-10-06T18:46:40+00:00,,gdelt_doc:turismo,titular_metadatos,
N-451f8c89c869,Hoy Tamaulipas - Tamaulipas Erasmo Gonzalez Robledo rinde su Segundo Informe de Gobierno,https://hoytamaulipas.net/notas/626948/Erasmo-Gonzalez-Robledo-rinde-su-Segundo-Informe-de-Gobierno.html,hoytamaulipas.net,es,,2026-09-12T04:30:00+00:00,2026-10-06T18:46:40+00:00,,gdelt_doc:turismo,titular_metadatos,
N-4550bdb509f3,Police Seek Leads After 300kg Cocaine Found in Tractor,https://www.miragenews.com/police-seek-leads-after-300kg-cocaine-found-in-1727677/,miragenews.com,en,,2026-08-15T00:30:00+00:00,2026-10-06T18:46:40+00:00,,gdelt_doc:eventos_naturales,titular_metadatos,
N-45522a411311,Carlos Slim recibe al presidente Mulino en su residencia,https://www.diaadia.com.pa/el-pais/carlos-slim-recibe-al-presidente-mulino-en-su-residencia-790725,diaadia.com.pa,es,,2026-07-16T02:30:00+00:00,2026-10-06T18:46:40+00:00,,gdelt_doc:logistica,titular_metadatos,
N-456470db9925,"Cierre de la mina le cuesta $6 , 300 millones a Panamá , asegura Chapman",https://www.panamaamerica.com.pa/economia/cierre-de-la-mina-le-cuesta-6300-millones-panama-asegura-chapman-1263934,panamaamerica.com.pa,es,,2026-07-14T00:00:00+00:00,2026-10-06T18:46:40+00:00,,gdelt_doc:economia,titular_metadatos,
N-457e8f8adae5,"Christopher Burgess | Jamaica no - competition , no - growth economy | Commentary",https://jamaica-gleaner.com/article/commentary/20260713/christopher-burgess-jamaicas-no-competition-no-growth-economy,jamaica-gleaner.com,en,,2026-07-13T12:45:00+00:00,2026-10-06T18:46:40+00:00,,gdelt_doc:economia,titular_metadatos,
N-459a75a76a4a,Centroamérica destaca en la décima edición ﻿del Sustainable & Social Tourism Summit,https://www.periodistadigital.com/magazine/viajes/20260902/centroamerica-destaca-decima-edicion-sustainable-social-tourism-summit-noticia-689405242943/,periodistadigital.com,es,,2026-09-02T04:00:00+00:00,2026-10-06T18:46:40+00:00,,gdelt_doc:turismo,titular_metadatos,
N-45a9dd9dc585,US Flip Flops on Hormuz Tariff Plans as Criticism Rolls In,https://shipandbunker.com/news/emea/931740-us-flip-flops-on-hormuz-tariff-plans-as-criticism-rolls-in,shipandbunker.com,en,,2026-07-15T08:15:00+00:00,2026-10-06T18:46:40+00:00,,gdelt_doc:logistica,titular_metadatos,
N-45e13df10479,"Comisión recomienda cierre ordenado de mina de cobre de Donoso , en Panamá",https://www.telesurtv.net/comision-ministerial-cierre-mina-cobre-panama/,telesurtv.net,es,,2026-09-30T22:45:00+00:00,2026-10-06T18:46:40+00:00,,gdelt_doc:economia,titular_metadatos,
N-45e2792aa33b,Sheinbaum reitera apoyo a la neutralidad del Canal de Panamá tras reunión bilateral con José Raúl Mulino,https://wradio.com.mx/2026/07/15/sheinbaum-reitera-apoyo-a-la-neutralidad-del-canal-de-panama-tras-reunion-bilateral-con-jose-raul-mulino/,wradio.com.mx,es,,2026-07-15T23:30:00+00:00,2026-10-06T18:46:40+00:00,,gdelt_doc:economia,titular_metadatos,
N-45e6813097fd,Chahla firmó la adjudicación del proyecto del Sistema de Desagües Noreste,https://www.lv12.com.ar/rossana-chahla/chahla-firmo-la-adjudicacion-del-proyecto-del-sistema-desagues-noreste-n202325,lv12.com.ar,es,,2026-08-20T06:30:00+00:00,2026-10-06T18:46:40+00:00,,gdelt_doc:eventos_naturales,titular_metadatos,
N-46027ec37d30,El Sur Global o una nueva geografía del poder,https://www.prensa.com/opinion/el-sur-global-o-una-nueva-geografia-del-poder/,prensa.com,es,,2026-09-11T19:30:00+00:00,2026-10-06T18:46:40+00:00,,gdelt_doc:economia,titular_metadatos,
N-4613af82f810,Metro de Panamá y Doppelmayr firman contrato para construir el Teleférico de Panamá y San Miguelito,https://www.laestrella.com.pa/panama/nacional/metro-de-panama-y-doppelmayr-firman-contrato-para-construir-el-teleferico-de-panama-y-san-miguelito-JB26057781,laestrella.com.pa,es,,2026-09-28T23:30:00+00:00,2026-10-06T18:46:40+00:00,,gdelt_doc:panama,titular_metadatos,
N-462e60da1511,"Meet Tania Aebi , the 18 - year - old who sailed solo around the world in a 26 - foot boat , covering 27 , 000 miles across 23 countries",https://timesofindia.indiatimes.com/world/rest-of-world/meet-tania-aebi-the-18-year-old-who-sailed-solo-around-the-world-in-a-26-foot-boat-covering-27000-miles-across-23-countries/articleshow/132512758.cms,timesofindia.indiatimes.com,en,,2026-07-21T09:30:00+00:00,2026-10-06T18:46:40+00:00,,gdelt_doc:logistica,titular_metadatos,
N-462fb47e4911,"PedidosYa tiene nuevo dueño : Delivery Hero vende por $14 , 800 millones la empresa a Uber",https://www.prensa.com/economia/pedidosya-tiene-nuevo-dueno-delivery-hero-vende-por-14800-millones-la-empresa-a-uber/,prensa.com,es,,2026-07-16T19:15:00+00:00,2026-10-06T18:46:40+00:00,,gdelt_doc:economia,titular_metadatos,
N-4661e18e75b7,Hacerle cosas malas a la gente mala,https://www.elimparcial.com/columnas/2026/08/15/hacerle-cosas-malas-a-la-gente-mala/,elimparcial.com,es,,2026-08-15T17:30:00+00:00,2026-10-06T18:46:40+00:00,,gdelt_doc:eventos_naturales,titular_metadatos,
N-468d603ebc24,México y Japón refuerzan la colaboración en economía digital e inteligencia artificial,https://www.cadena3.com/noticia/mundo/mexico-y-japon-refuerzan-la-colaboracion-en-economia-digital-e-inteligencia-artificial_580030,cadena3.com,es,,2026-08-04T03:15:00+00:00,2026-10-06T18:46:40+00:00,,gdelt_doc:economia,titular_metadatos,
N-469be963472a,Energy Corridor Prequalification Process Advances with Submission of Company Documents,https://www.hellenicshippingnews.com/energy-corridor-prequalification-process-advances-with-submission-of-company-documents/,hellenicshippingnews.com,en,,2026-07-27T13:30:00+00:00,2026-10-06T18:46:40+00:00,,gdelt_doc:logistica,titular_metadatos,
N-469e62fcce3d,FMC Chair Concerned China is Weaponizing Inspections of Panama - Flag Ships,https://maritime-executive.com/article/fmc-chair-concerned-china-is-weaponizing-inspections-of-panama-flag-ships,maritime-executive.com,en,,2026-07-08T21:30:00+00:00,2026-10-06T18:46:40+00:00,,gdelt_doc:logistica,titular_metadatos,
N-46ac32aad08d,Panamá fortalece lazos con el Sudeste Asiático : Canciller Martínez - Acha se reúne con embajadores de ASEAN – Ministerio de Relaciones exteriores,https://mire.gob.pa/panama-fortalece-lazos-con-el-sudeste-asiatico-canciller-martinez-acha-se-reune-con-embajadores-de-asean/,mire.gob.pa,es,,2026-07-17T22:30:00+00:00,2026-10-06T18:46:40+00:00,,gdelt_doc:logistica,titular_metadatos,
N-46b212a9e7fe,"Panamá , obligada a ganar ante Bahamas en los clasificatorios al Mundial de Baloncesto Catar 2027",https://www.panamaamerica.com.pa/deportes/panama-obligada-ganar-ante-bahamas-en-los-clasificatorios-al-mundial-de-baloncesto-catar,panamaamerica.com.pa,es,,2026-08-31T08:00:00+00:00,2026-10-06T18:46:40+00:00,,gdelt_doc:logistica,titular_metadatos,
N-46c53165ee8e,China defiende inspecciones a buques panameños en sus puertos,https://www.diaadia.com.pa/el-pais/china-defiende-inspecciones-buques-panamenos-en-sus-puertos-790671,diaadia.com.pa,es,,2026-07-13T17:30:00+00:00,2026-10-06T18:46:40+00:00,,gdelt_doc:panama,titular_metadatos,
N-46ef2bf61f7b,Museo del Canal abre sus puertas gratis por los 112 años del Canal de Panamá,https://www.critica.com.pa/nacional/museo-del-canal-abre-sus-puertas-gratis-por-los-112-anos-del-canal-de-panama-514640,critica.com.pa,es,,2026-08-14T17:15:00+00:00,2026-10-06T18:46:40+00:00,,gdelt_doc:logistica,titular_metadatos,
N-46f5d3b622a6,Decomisan un arma a estudiante del Instituto José Dolores Moscote y suspenden las clases,https://www.laestrella.com.pa/panama/nacional/decomisan-un-arma-a-estudiante-del-instituto-jose-dolores-moscote-y-suspenden-las-clases-HH24673466,laestrella.com.pa,es,,2026-08-06T20:15:00+00:00,2026-10-06T18:46:40+00:00,,gdelt_doc:turismo,titular_metadatos,
N-470f28dbb768,Panamá : la imagen de ciudad global,https://www.laestrella.com.pa/panama/nacional/panama-la-imagen-de-ciudad-global-ga25253027,laestrella.com.pa,es,,2026-08-29T06:45:00+00:00,2026-10-06T18:46:40+00:00,,gdelt_doc:economia,titular_metadatos,
N-471f0eb82c21,Panama Now Has 22 Defendants Charged in the Tax Credit Fraud Case at the DGI ( General Directorate of Taxation ) as Part of the Pandora Case .,https://newsroompanama.com/2026/09/12/panama-now-has-22-defendants-charged-in-the-tax-credit-fraud-case-at-the-dgi-general-directorate-of-taxation-as-part-of-the-pandora-case/,newsroompanama.com,en,,2026-09-12T14:15:00+00:00,2026-10-06T18:46:40+00:00,,gdelt_doc:economia,titular_metadatos,
N-474329d20c25,Migración impide ingreso a Panamá de extranjero con antecedentes por delitos contra una menor,https://www.telemetro.com/nacionales/migracion-impide-ingreso-panama-extranjero-antecedentes-delitos-contra-una-menor-n6093176,telemetro.com,es,,2026-09-27T20:15:00+00:00,2026-10-06T18:46:40+00:00,,gdelt_doc:panama,titular_metadatos,
N-475312509c0a,Primera lista de principales temas del día de Prensa Latina,https://www.prensa-latina.cu/2026/08/25/primera-lista-de-principales-temas-del-dia-de-prensa-latina-213/,prensa-latina.cu,es,,2026-08-25T09:30:00+00:00,2026-10-06T18:46:40+00:00,,gdelt_doc:economia,titular_metadatos,
N-47590ba689c4,"Petróleo caro golpeará a Centroamérica y el Caribe , dice la CEPAL",https://www.elcaribe.com.do/panorama/dinero/petroleo-caro-golpeara-centroamerica-y-el-caribe-cepal/,elcaribe.com.do,es,,2026-07-27T19:45:00+00:00,2026-10-06T18:46:40+00:00,,gdelt_doc:turismo,titular_metadatos,
N-47f933475409,MEF recortó $47 millones al presupuesto del Órgano Judicial,https://www.laestrella.com.pa/panama/nacional/mef-recorto-47-millones-al-presupuesto-del-organo-judicial-KH25005539,laestrella.com.pa,es,,2026-08-19T12:15:00+00:00,2026-10-06T18:46:40+00:00,,gdelt_doc:economia,titular_metadatos,
N-4853737a840c,Dominican Today,https://dominicantoday.com/dominican-republic-reports-one-of-the-lowest-dengue-rates-in-the-americas/,dominicantoday.com,en,,2026-10-01T19:45:00+00:00,2026-10-06T18:46:40+00:00,,gdelt_doc:logistica,titular_metadatos,
N-4857bcd730b5,La energía decidirá el futuro de Urabá,https://www.lasillavacia.com/red-de-expertos/red-verde/la-energia-decidira-el-futuro-de-uraba/,lasillavacia.com,es,,2026-08-02T03:30:00+00:00,2026-10-06T18:46:40+00:00,,gdelt_doc:economia,titular_metadatos,
N-4868ab6d6486,Gobierno destaca condiciones competitivas de nuestro país,https://www.elcaribe.com.do/panorama/dinero/gobierno-destaca-condiciones-competitivas-de-nuestro-pais/,elcaribe.com.do,es,,2026-08-14T05:00:00+00:00,2026-10-06T18:46:40+00:00,,gdelt_doc:economia,titular_metadatos,
N-4870b79a786a,México vence a Panamá en dramático final de baloncesto,https://www.telesurtv.net/mexico-vence-panama-final-baloncesto/,telesurtv.net,es,,2026-07-27T16:15:00+00:00,2026-10-06T18:46:40+00:00,,gdelt_doc:logistica,titular_metadatos,
N-489988eff564,Fujimori jura como presidenta de Perú : promete Fuerzas Armadas en seguridad y un plan de contingencia frente a El Niño,http://cnnespanol.cnn.com/2026/07/28/latinoamerica/peru-keiko-fujimori-jura-presidenta-orix,cnnespanol.cnn.com,es,,2026-07-28T22:30:00+00:00,2026-10-06T18:46:40+00:00,,gdelt_doc:eventos_naturales,titular_metadatos,
N-48baf16378b1,Panamá presenta su marca país : Anfitrión del mundo,https://www.midiario.com/nacionales/panama-presenta-su-marca-pais-anfitrion-del-mundo/,midiario.com,es,,2026-08-27T12:00:00+00:00,2026-10-06T18:46:40+00:00,,gdelt_doc:panama,titular_metadatos,
N-48c7437a172b,Gabriela Lineth González del Valle se coronó como Miss Universe Panamá 2026,https://www.prensa.com/vivir/gabriela-lineth-gonzalez-del-valle-se-corona-como-miss-universe-panama-2026/,prensa.com,es,,2026-09-06T16:15:00+00:00,2026-10-06T18:46:40+00:00,,gdelt_doc:panama,titular_metadatos,
N-48d088e3f290,¡ Recibió su rica invitación ! Aztinay dijo presente en el Grand Kadooment de Barbados,https://www.diaadia.com.pa/fama/recibio-su-rica-invitacion-aztinay-dijo-presente-en-el-grand-kadooment-de-barbados-791012,diaadia.com.pa,es,,2026-08-04T03:15:00+00:00,2026-10-06T18:46:40+00:00,,gdelt_doc:turismo,titular_metadatos,
N-48eed9e972f5,First female administrator in the Panama Canal history takes the helm,https://www.klkntv.com/i/first-female-administrator-in-the-panama-canals-history-takes-the-helm/,klkntv.com,en,,2026-09-07T18:45:00+00:00,2026-10-06T18:46:40+00:00,,gdelt_doc:economia,titular_metadatos,
N-49068eaa76c9,Médicos italianos llegan a Panamá para operar a niño de 8 con cáncer de hueso,https://www.midiario.com/nacionales/medicos-italianos-llegan-a-panama-para-operar-a-nino-de-8-con-cancer-de-hueso/,midiario.com,es,,2026-09-04T19:15:00+00:00,2026-10-06T18:46:40+00:00,,gdelt_doc:panama,titular_metadatos,
N-491cb9a6c8f9,"S & P ratifica grado de inversión de Panamá en BBB - y mantiene perspectiva estable , dice el MEF",https://www.laestrella.com.pa/economia/sp-ratifica-grado-de-inversion-de-panama-en-bbb-y-mantiene-perspectiva-estable-dice-el-mef-AO25907968,laestrella.com.pa,es,,2026-09-23T04:45:00+00:00,2026-10-06T18:46:40+00:00,,gdelt_doc:economia,titular_metadatos,
N-492a5eebc65a,Pelenchinada políticas | La Prensa Panamá,https://www.prensa.com/opinion/pelenchinadas-politicas/,prensa.com,es,,2026-09-24T03:30:00+00:00,2026-10-06T18:46:40+00:00,,gdelt_doc:panama,titular_metadatos,
N-493d7a7ddb5e,S & P ratifica a Panamá el grado de inversión BBB - con perspectiva estable,https://www.revistaeyn.com/centroamericaymundo/sp-ratifica-a-panama-el-grado-de-inversion-bbb-con-perspectiva-estable-BB32118977,revistaeyn.com,es,,2026-09-23T20:00:00+00:00,2026-10-06T18:46:40+00:00,,gdelt_doc:economia,titular_metadatos,
N-496518f2aaaf,"Nuevo rector de la Universidad de Panamá prioriza infraestructura , inteligencia artificial y mayor presupuesto",https://www.prensa.com/sociedad/nuevo-rector-de-la-universidad-de-panama-prioriza-infraestructura-inteligencia-artificial-y-mayor-presupuesto/,prensa.com,es,,2026-07-19T05:30:00+00:00,2026-10-06T18:46:40+00:00,,gdelt_doc:economia,titular_metadatos,
N-496b035d8217,Panamá vs . India : la Selección ya tiene fecha para su primer amistoso tras el Mundial 2026,https://www.telemetro.com/deportes/panama-vs-india-la-seleccion-ya-tiene-fecha-su-primer-amistoso-el-mundial-2026-n6089643,telemetro.com,es,,2026-08-25T16:15:00+00:00,2026-10-06T18:46:40+00:00,,gdelt_doc:panama,titular_metadatos,
N-496c07767d77,Verano 2027 : los cinco destinos fuera de radar que ganan terreno entre los argentinos,https://www.contextotucuman.com/nota/420114/verano-2027-los-cinco-destinos-yquot,contextotucuman.com,es,,2026-09-20T14:45:00+00:00,2026-10-06T18:46:40+00:00,,gdelt_doc:turismo,titular_metadatos,
N-497836487d6c,Clima en Panamá : Pronóstico para este lunes 28 de septiembre,https://www.laestrella.com.pa/panama/informacion-util/clima-en-panama-pronostico-para-este-lunes-28-de-septiembre-HH26039097,laestrella.com.pa,es,,2026-09-28T12:15:00+00:00,2026-10-06T18:46:40+00:00,,gdelt_doc:panama,titular_metadatos,
N-49a564228501,La nueva ley de incentivos turísticos en Panamá no incluirá créditos fiscales,https://www.larepublica.co/globoeconomia/la-nueva-ley-de-incentivos-turisticos-en-panama-no-incluira-creditos-fiscales-4447258,larepublica.co,es,,2026-07-30T15:00:00+00:00,2026-10-06T18:46:40+00:00,,gdelt_doc:turismo,titular_metadatos,
N-49b6fbc5decb,Farruko regresa a Panamá con Manda La Plena MOH : el concierto será en Plaza Figali el 15 de agosto,https://www.telemetro.com/entretenimiento/farruko-regresa-panama-manda-la-plena-moh-el-concierto-sera-plaza-figali-el-15-agosto-n6086032,telemetro.com,es,,2026-07-22T21:15:00+00:00,2026-10-06T18:46:40+00:00,,gdelt_doc:panama,titular_metadatos,
N-49ce60763f84,Mulino y Macron destacan relación entre Panamá y Francia en Nueva York,https://www.laestrella.com.pa/mundo/america/mulino-y-macron-destacan-relacion-entre-panama-y-francia-en-nueva-york-IG25895863,laestrella.com.pa,es,,2026-09-22T19:45:00+00:00,2026-10-06T18:46:40+00:00,,gdelt_doc:panama,titular_metadatos,
N-49d6f641f1b1,Educación financiera que permanece : BAC fortalece emprendimientos en seis comarcas y territorios | La Prensa Panamá,https://www.prensa.com/contenido-de-marcas/educacion-financiera-que-permanece-bac-fortalece-emprendimientos-en-seis-comarcas-y-territorios/,prensa.com,es,,2026-10-01T06:00:00+00:00,2026-10-06T18:46:40+00:00,,gdelt_doc:panama,titular_metadatos,
N-49e7122f79d3,"¡ Tres de un golpe ! Andrade , Córdoba y Vergara se pierden la gira asiática de Panamá",https://www.midiario.com/deportivas/tres-de-un-golpe-andrade-cordoba-y-vergara-se-pierden-la-gira-asiatica-de-panama/,midiario.com,es,,2026-09-23T02:15:00+00:00,2026-10-06T18:46:40+00:00,,gdelt_doc:panama,titular_metadatos,
N-4a068bce2df6,Cuba Responds To Trump Takeover Map - Grenada Chronicle – Daily Grenada And Caribbean News,https://grenadachronicle.com/cuba-responds-to-trumps-takeover-map/,grenadachronicle.com,en,,2026-09-10T17:45:00+00:00,2026-10-06T18:46:40+00:00,,gdelt_doc:economia,titular_metadatos,
N-4a365ee6482c,"Los tránsitos por el Canal de Panamá crecen 5 , 2 % y los ingresos 17 % en nueve meses",https://www.diaadia.com.pa/el-pais/los-transitos-por-el-canal-de-panama-crecen-52-y-los-ingresos-17-en-nueve-meses-790847,diaadia.com.pa,es,,2026-07-23T01:30:00+00:00,2026-10-06T18:46:40+00:00,,gdelt_doc:logistica,titular_metadatos,
N-4a3decc91f2c,"Muere príncipe de Ghana , Anthony Bart - Appiah , esposo de la exdiputada Kayra Harding",https://www.midiario.com/nacionales/muere-principe-de-ghana-esposo-de-la-exdiputada-kayra-harding/,midiario.com,es,,2026-07-28T19:30:00+00:00,2026-10-06T18:46:40+00:00,,gdelt_doc:turismo,titular_metadatos,
N-4a73859dd2fd,De Panamá al mundo : los hechos que fueron noticia este jueves 6 de agosto,https://www.laestrella.com.pa/panama/nacional/de-panama-al-mundo-los-hechos-que-fueron-noticia-este-jueves-6-de-agosto-DI24686885,laestrella.com.pa,es,,2026-08-07T01:00:00+00:00,2026-10-06T18:46:40+00:00,,gdelt_doc:economia,titular_metadatos,
N-4a757f919508,¡ La noche no despega ! Urgen orden y seguridad para el turismo nocturno,https://www.critica.com.pa/nacional/la-noche-no-despega-urgen-orden-y-seguridad-para-el-turismo-nocturno-513298,critica.com.pa,es,,2026-07-22T15:45:00+00:00,2026-10-06T18:46:40+00:00,,gdelt_doc:economia,titular_metadatos,
N-4a8249260e03,"Daniel Noboa y José Mulino se reunieron en Guayaquil : comercio , inversión y seguridad marcaron la agenda",https://www.eluniverso.com/noticias/politica/daniel-noboa-y-jose-mulino-se-reunieron-en-guayaquil-comercio-inversion-y-seguridad-marcaron-la-agenda-nota/,eluniverso.com,es,,2026-09-04T20:30:00+00:00,2026-10-06T18:46:40+00:00,,gdelt_doc:economia,titular_metadatos,
N-4a82db1773f0,Fuertes lluvias y tormentas eléctricas : SINAPROC activa aviso de prevención en Panamá,https://www.telemetro.com/nacionales/fuertes-lluvias-y-tormentas-electricas-sinaproc-activa-aviso-prevencion-panama-n6092514,telemetro.com,es,,2026-09-21T22:45:00+00:00,2026-10-06T18:46:40+00:00,,gdelt_doc:panama,titular_metadatos,
N-4a8aeaf3219c,Tropical Storm Bertha moving north toward Florida and Alabama,https://www.wokv.com/news/national/tropical-storm/TZECRJARJM7ADLSHS65T4LVBIU/,wokv.com,en,,2026-07-21T10:00:00+00:00,2026-10-06T18:46:40+00:00,,gdelt_doc:eventos_naturales,titular_metadatos,
N-4ab2112b2da6,Ustedes producen y nosotros distribuimo : Panamá a IP mexicana • Negocios • Forbes México,https://forbes.com.mx/ustedes-producen-y-nosotros-distribuimos-panama-a-ip-mexicana/,forbes.com.mx,es,,2026-07-16T05:15:00+00:00,2026-10-06T18:46:40+00:00,,gdelt_doc:logistica,titular_metadatos,
N-4af302c65110,Panama declares state of emergency over El Nino climate threats,https://news.az/news/panama-declares-state-of-emergency-over-el-nino-climate-threats,news.az,en,,2026-08-26T07:30:00+00:00,2026-10-06T18:46:40+00:00,,gdelt_doc:logistica,titular_metadatos,
N-4b00d27d77dc,Perú vive su noveno cambio de presidente en diez años con la investidura de Keiko Fujimori,https://eldeber.com.bo/mundo/peru-vive-noveno-cambio-presidente-diez-anos-investidura-keiko-fujimori_1785247041,eldeber.com.bo,es,,2026-07-28T18:30:00+00:00,2026-10-06T18:46:40+00:00,,gdelt_doc:economia,titular_metadatos,
N-4b13a38fda93,Cómo funciona el Canal de Panamá y por qué el potente fenómeno de El Niño afecta tanto su operación,https://www.mdzol.com/mundo/como-funciona-el-canal-panama-y-que-el-potente-fenomeno-el-nino-afecta-tanto-su-operacion-n1599013,mdzol.com,es,,2026-09-03T14:00:00+00:00,2026-10-06T18:46:40+00:00,,gdelt_doc:economia,titular_metadatos,
N-4b1ab23fb1f9,Concierto de Tony Vega en Panamá cambia de escenario,https://www.critica.com.pa/show/concierto-de-tony-vega-en-panama-cambia-de-escenario-513577,critica.com.pa,es,,2026-07-27T22:15:00+00:00,2026-10-06T18:46:40+00:00,,gdelt_doc:logistica,titular_metadatos,
N-4b2f7e9ffaae,Detención de dominicanos acusados de trata en Panamá,https://www.diariolibre.com/usa/actualidad/2026/09/29/detencion-de-dominicanos-acusados-de-trata-en-panama/3673428,diariolibre.com,es,,2026-09-29T18:30:00+00:00,2026-10-06T18:46:40+00:00,,gdelt_doc:panama,titular_metadatos,
N-4b568e4e8edf,Proponen declarar patrimonio al reggae en español panameño,https://www.laestrella.com.pa/panama/nacional/proponen-declarar-patrimonio-al-reggae-en-espanol-panameno-FH24545624,laestrella.com.pa,es,,2026-08-02T07:45:00+00:00,2026-10-06T18:46:40+00:00,,gdelt_doc:logistica,titular_metadatos,
N-4b5f4dbfca5e,Forbes : Los empresarios inmigrantes latinoamericanos que destacan entre los más ricos de EE . UU .,https://eldiariony.com/2026/07/18/forbes-destaca-a-empresarios-latinos-entre-los-inmigrantes-mas-ricos-de-estados-unidos/,eldiariony.com,es,,2026-07-18T09:00:00+00:00,2026-10-06T18:46:40+00:00,,gdelt_doc:economia,titular_metadatos,
N-4b78b3836893,Puerto Rico pierde ante Nicaragua en la súper ronda de Santo Domingo 2026,https://www.metro.pr/deportes/2026/08/06/puerto-rico-pierde-ante-nicaragua-en-la-super-ronda-de-santo-domingo-2026/,metro.pr,es,,2026-08-06T04:15:00+00:00,2026-10-06T18:46:40+00:00,,gdelt_doc:logistica,titular_metadatos,
N-4b7ae5bc01ec,Adiós al ITBI : especialistas ven alivio para familias y proyectos de vivienda,https://www.laestrella.com.pa/economia/adios-al-itbi-especialistas-ven-alivio-para-familias-y-proyectos-de-vivienda-CM24394666,laestrella.com.pa,es,,2026-07-27T13:15:00+00:00,2026-10-06T18:46:40+00:00,,gdelt_doc:economia,titular_metadatos,
N-4b9976c6dd4e,Panamá no restablecerá relaciones con Venezuela gobernada por Rodríguez,https://www.critica.com.pa/nacional/panama-no-restablecera-relaciones-con-venezuela-gobernada-por-rodriguez-513235,critica.com.pa,es,,2026-07-21T20:00:00+00:00,2026-10-06T18:46:40+00:00,,gdelt_doc:panama,titular_metadatos,
N-4bb888ba2219,Ciclismo internacional mueve la economía y el turismo de Panamá,https://www.critica.com.pa/nacional/ciclismo-internacional-mueve-la-economia-y-el-turismo-de-panama-515316,critica.com.pa,es,,2026-08-26T23:15:00+00:00,2026-10-06T18:46:40+00:00,,gdelt_doc:economia,titular_metadatos,
N-4bb95533872e,Gabinete dota de $22 . 1 millones adicionales al IMA para reforzar ferias y tiendas comunitarias con alimentos baratos,https://www.panamaamerica.com.pa/sociedad/gabinete-dota-de-221-millones-adicionales-al-ima-para-reforzar-ferias-y-tiendas,panamaamerica.com.pa,es,,2026-08-05T01:45:00+00:00,2026-10-06T18:46:40+00:00,,gdelt_doc:economia,titular_metadatos,
N-4bf765016b60,4 claves que están cambiando la forma de planificar un viaje,https://jcmagazine.com/4-claves-que-estan-cambiando-la-forma-de-planificar-un-viaje/,jcmagazine.com,es,,2026-09-23T22:00:00+00:00,2026-10-06T18:46:40+00:00,,gdelt_doc:turismo,titular_metadatos,
N-4c057ef261a0,Panamá es sede de encuentro sobre la acuicultura sostenible de Centroamérica y el Caribe,https://www.prensa.com/economia/panama-es-sede-de-encuentro-sobre-la-acuicultura-sostenible-de-centroamerica-y-el-caribe/,prensa.com,es,,2026-08-26T00:30:00+00:00,2026-10-06T18:46:40+00:00,,gdelt_doc:economia,titular_metadatos,
N-4c093cf1c5e8,Panamá Conecta : chatbot de IA permitirá hacer reportes al 311,https://www.telemetro.com/nacionales/panama-conecta-chatbot-ia-permitira-hacer-reportes-al-311-n6090700,telemetro.com,es,,2026-09-03T22:15:00+00:00,2026-10-06T18:46:40+00:00,,gdelt_doc:panama,titular_metadatos,
N-4c0b0c952409,Panamá apuesta por 102 lotes para defender el trono del café más exclusivo del mundo,https://www.infobae.com/panama/2026/07/15/panama-apuesta-por-102-lotes-para-defender-el-trono-del-cafe-mas-exclusivo-del-mundo/,infobae.com,es,,2026-07-15T17:45:00+00:00,2026-10-06T18:46:40+00:00,,gdelt_doc:panama,titular_metadatos,
N-4c1b7a4e8596,Panamá pide apoyo a la ONU para construir un embalse que garantice la operación del Canal,https://www.hsbnoticias.com/panama-pide-apoyo-a-la-onu-para-construir-un-embalse-que-garantice-la-operacion-del-canal/,hsbnoticias.com,es,,2026-09-24T01:45:00+00:00,2026-10-06T18:46:40+00:00,,gdelt_doc:logistica,titular_metadatos,
N-4c1ee3f778dc,"Panama Canal finds its water solution , but it 5 years away | WABX 107 . 5 | Evansville Classic Rock Station",https://wabx.net/2026/09/07/panama-canal-finds-its-water-solution-but-its-5-years-away/,wabx.net,en,,2026-09-07T18:30:00+00:00,2026-10-06T18:46:40+00:00,,gdelt_doc:logistica,titular_metadatos,
N-4c2cfc89ac9b,Restauración de la iglesia cambia la logística de la festividad del Cristo Negro de Portobelo,https://www.diaadia.com.pa/el-pais/restauracion-de-la-iglesia-cambia-la-logistica-de-la-festividad-del-cristo-negro-de,diaadia.com.pa,es,,2026-09-20T00:30:00+00:00,2026-10-06T18:46:40+00:00,,gdelt_doc:turismo,titular_metadatos,
N-4c44a787dc6d,Panamá fortalece su visión sostenible con la bioeconomía,https://www.panamaamerica.com.pa/sociedad/panama-fortalece-su-vision-sostenible-con-la-bioeconomia-1264567,panamaamerica.com.pa,es,,2026-07-29T23:00:00+00:00,2026-10-06T18:46:40+00:00,,gdelt_doc:economia,titular_metadatos,
N-4c48f81bda00,Combustible en Panamá : aprueban B /. 26 . 3 millones para estabilizar parcialmente su precio,https://www.telemetro.com/nacionales/combustible-panama-aprueban-b263-millones-estabilizar-parcialmente-su-precio-n6090712,telemetro.com,es,,2026-09-03T22:15:00+00:00,2026-10-06T18:46:40+00:00,,gdelt_doc:economia,titular_metadatos,
N-4c5e4645b39d,Empleos en el Canal de Panamá : ACP abre oportunidades laborales en agosto,https://www.telemetro.com/nacionales/empleos-el-canal-panama-acp-abre-oportunidades-laborales-agosto-n6089924,telemetro.com,es,,2026-08-27T16:45:00+00:00,2026-10-06T18:46:40+00:00,,gdelt_doc:logistica,titular_metadatos,
N-4c721076046a,Bertha Bringing Tropical Storm Conditions To Panhandle Overnight,https://xl1067.iheart.com/content/2026-07-21-bertha-bringing-tropical-storm-conditions-to-panhandle-overnight/,xl1067.iheart.com,en,,2026-07-22T01:30:00+00:00,2026-10-06T18:46:40+00:00,,gdelt_doc:eventos_naturales,titular_metadatos,
N-4c736c5b6c3d,"Mulino defiende en Ecuador sus viajes : Creen que uno viene aquí de paseo , hacer shopping y turismo",https://www.laestrella.com.pa/panama/nacional/mulino-defiende-en-ecuador-sus-viajes-creen-que-uno-viene-aqui-de-paseo-hacer-shopping-y-turismo-HE25470043,laestrella.com.pa,es,,2026-09-06T22:15:00+00:00,2026-10-06T18:46:40+00:00,,gdelt_doc:logistica,titular_metadatos,
N-4c74d3eb0efa,Panamá declara estado de emergencia nacional por efectos de El Niño,https://www.teleamazonas.com/actualidad/noticias/internacional/panama-declara-emergencia-nacional-efectos-nino-126290/,teleamazonas.com,es,,2026-08-26T06:00:00+00:00,2026-10-06T18:46:40+00:00,,gdelt_doc:logistica,titular_metadatos,
N-4c81e25837bb,Sheinbaum y Mulino hablarán de economía y respaldo a neutralidad de Canal de Panamá,https://www.diaadia.com.pa/el-pais/sheinbaum-y-mulino-hablaran-de-economia-y-respaldo-neutralidad-de-canal-de-panama-790706,diaadia.com.pa,es,,2026-07-15T17:00:00+00:00,2026-10-06T18:46:40+00:00,,gdelt_doc:economia,titular_metadatos,
N-4c9dc91664fd,El Canal de Panamá está cobrando cada vez más importancia,https://www.diariosur.es/internacional/canal-panama-cobrando-vez-importancia-20260728001517-nt.html,diariosur.es,es,,2026-07-26T22:45:00+00:00,2026-10-06T18:46:40+00:00,,gdelt_doc:logistica,titular_metadatos,
N-4ce905274ad0,Panamá reforzará su presencia marítima en Vietnam con nueva oficina de servicio técnico de la AMP en Ho Chi Minh,https://www.tvn-2.com/nacionales/panama-reforzara-presencia-maritima-vietnam-autoridad-maritima-de-panama-registro-de-buques_1_2264552.html,tvn-2.com,es,2026-10-06T11:57:42+00:00,,2026-10-06T18:46:40+00:00,,tvn_rss,titular_metadatos,
N-4cf098f0260b,Panama Dark Beach Guards Four Turtle Species Against a Rapidly Brightening Coastline,https://latinamericanpost.com/life/panamas-dark-beach-guards-four-turtle-species-against-a-rapidly-brightening-coastline/,latinamericanpost.com,en,,2026-09-06T18:15:00+00:00,2026-10-06T18:46:40+00:00,,gdelt_doc:turismo,titular_metadatos,
N-4cfc772a5634,"¿ Estamos de nuevo en la antesala de la I Guerra Mundial ?, por Shlomo Ben Ami",https://www.lavanguardia.com/internacional/20260913/11633320/nuevo-antesala-i-guerra-mundial.html,lavanguardia.com,es,,2026-09-13T06:45:00+00:00,2026-10-06T18:46:40+00:00,,gdelt_doc:economia,titular_metadatos,
N-4d10dce4db9e,Canal Panamá : México respalda el protocolo de neutralidad,https://www.am.com.mx/mundo/2026/07/15/sheinbaum-y-mulino-acuerdan-proteger-el-canal-de-panama-y-elevar-comercio-1820092.html,am.com.mx,es,,2026-07-16T06:30:00+00:00,2026-10-06T18:46:40+00:00,,gdelt_doc:logistica,titular_metadatos,
N-4d250c06759b,El sector privado sumó 63 mil empleos mientras cayó levemente el trabajo por cuenta propia,https://www.prensa.com/economia/el-sector-privado-sumo-63-mil-empleos-mientras-cayo-levemente-el-trabajo-por-cuenta-propia/,prensa.com,es,,2026-07-24T08:15:00+00:00,2026-10-06T18:46:40+00:00,,gdelt_doc:economia,titular_metadatos,
N-4d49ce30dda8,Del recorte drástico a la doctrina del poder : Así sacudió Trump los cimientos de la ONU,https://hoy.com.do/el-mundo/estados-unidos/america-first-onu-trump-presume-giro-radical-politica-exterior_1103351.html,hoy.com.do,es,,2026-09-23T19:45:00+00:00,2026-10-06T18:46:40+00:00,,gdelt_doc:economia,titular_metadatos,
N-4d79043b9aaa,"Megaproyectos , deuda y financiamiento por $3 , 000 millones : la agenda de Mulino en Nueva York",https://www.prensa.com/economia/megaproyectos-deuda-y-financiamiento-por-3000-millones-la-agenda-de-mulino-en-nueva-york/,prensa.com,es,,2026-09-24T22:00:00+00:00,2026-10-06T18:46:40+00:00,,gdelt_doc:logistica,titular_metadatos,
N-4d8afe6a07ea,Cuarto Puente : reanudan trabajos tras subsanar hallazgos de seguridad laboral,https://www.telemetro.com/nacionales/cuarto-puente-reanudan-trabajos-subsanar-hallazgos-seguridad-laboral-n6093360,telemetro.com,es,,2026-09-29T14:45:00+00:00,2026-10-06T18:46:40+00:00,,gdelt_doc:logistica,titular_metadatos,
N-4d8d0924e17f,Puerto Armuelles será por primera vez sede de un torneo nacional infantil y juvenil de surf,https://www.prensa.com/deportes/puerto-armuelles-sera-por-primera-vez-sede-de-un-torneo-nacional-infantil-y-juvenil-de-surf/,prensa.com,es,,2026-07-31T01:30:00+00:00,2026-10-06T18:46:40+00:00,,gdelt_doc:turismo,titular_metadatos,
N-4d9bac3fa754,"Visita a Ecuador del secretario de Estado de EE . UU ., Marco Rubio , aspira a consolidar una seguridad verdadera y facilitar el crecimiento económico | Política | Noticias",https://www.eluniverso.com/noticias/politica/visitas-oficiales-marco-rubio-estados-unidos-daniel-noboa-relaciones-bilaterales-nota/,eluniverso.com,es,,2026-09-08T19:45:00+00:00,2026-10-06T18:46:40+00:00,,gdelt_doc:economia,titular_metadatos,
N-4da1aabd1315,Bertha Update 4pm CT : Tropical Storm Winds Spread Over Florida Panhandle,https://wmmbam.iheart.com/content/2026-07-21-bertha-update-tropical-storm-winds-spread-over-florida-panhandle/,wmmbam.iheart.com,en,,2026-07-21T23:00:00+00:00,2026-10-06T18:46:40+00:00,,gdelt_doc:eventos_naturales,titular_metadatos,
N-4da9ca114483,Google resalta el impacto que tendrán para RD las nuevas rutas de cables submarinos Ensegundos República Dominicana,https://ensegundos.do/2026/08/18/google-resalta-el-impacto-que-tendran-para-rd-las-nuevas-rutas-de-cables-submarinos/,ensegundos.do,es,,2026-08-18T13:30:00+00:00,2026-10-06T18:46:40+00:00,,gdelt_doc:economia,titular_metadatos,
N-4daa75fa4ffb,EL DÍA - Noticias de Bolivia para el mundo,https://www.eldia.com.bo/2026-09-22/internacional/el-nino-podria-restar-cerca-del-1-del-pib-en-america-latina.html,eldia.com.bo,es,,2026-09-23T02:15:00+00:00,2026-10-06T18:46:40+00:00,,gdelt_doc:economia,titular_metadatos,
N-4daf6d98c03e,Economía local podría tambalear tras reducción de tránsitos por el Canal,https://www.panamaamerica.com.pa/economia/economia-local-podria-tambalear-tras-reduccion-de-transitos-por-el-canal-1265485,panamaamerica.com.pa,es,,2026-08-24T06:15:00+00:00,2026-10-06T18:46:40+00:00,,gdelt_doc:economia,titular_metadatos,
N-4e14958a4994,10 engineering marvels you must see in your lifetime,https://www.aol.com/articles/10-engineering-marvels-must-see-120000000.html,aol.com,en,,2026-09-27T15:15:00+00:00,2026-10-06T18:46:40+00:00,,gdelt_doc:logistica,titular_metadatos,
N-4e6fd40e654c,Tucumán amplía su oferta internacional : vuelven los vuelos directos a Florianópolis,https://www.primerafuente.com.ar/noticias/131944/tucuman-amplia-oferta-internacional-vuelven-vuelos-directos-florianopolis,primerafuente.com.ar,es,,2026-08-27T18:45:00+00:00,2026-10-06T18:46:40+00:00,,gdelt_doc:turismo,titular_metadatos,
N-4e86136467f8,"Disney Cruise Line 2027 - 28 Itineraries Revealed , Returns to New York City",https://www.laughingplace.com/disney-parks/dcl-itineraries-2027-28/,laughingplace.com,en,,2026-08-25T17:00:00+00:00,2026-10-06T18:46:40+00:00,,gdelt_doc:logistica,titular_metadatos,
N-4e97d61b4eb3,Santa Rosa : El Musical : Panamá llevará al mundo la vida del Caballero de la Salsa,https://www.laestrella.com.pa/vida-y-cultura/cultura/santa-rosa-el-musical-panama-llevara-al-mundo-la-vida-del-caballero-de-la-salsa-GH25118068,laestrella.com.pa,es,,2026-08-24T09:00:00+00:00,2026-10-06T18:46:40+00:00,,gdelt_doc:logistica,titular_metadatos,
N-4eec096a6189,Panamá sigue moviendo sus fichas para atraer inversiones y fortalecer sus relaciones con Emiratos Árabes Unidos,https://www.diaadia.com.pa/el-pais/panama-sigue-moviendo-sus-fichas-para-atraer-inversiones-y-fortalecer-sus-relaciones-con,diaadia.com.pa,es,,2026-09-28T15:45:00+00:00,2026-10-06T18:46:40+00:00,,gdelt_doc:logistica,titular_metadatos,
N-4f076a5a796f,Señor de Girón : la tradición de más de 300 años que mueve a miles de peregrinos en Loja,https://www.extra.ec/noticia/buena-vida/senor-giron-tradicion-300-anos-mueve-miles-peregrinos-loja-161465.html,extra.ec,es,,2026-08-28T21:15:00+00:00,2026-10-06T18:46:40+00:00,,gdelt_doc:turismo,titular_metadatos,
N-4f0b06e73f7b,Pacífica Salud reafirma su compromiso con la calidad y seguridad del paciente con nuevas acreditaciones de Joint Commission International,https://www.tvn-2.com/economia/empresas/publirreportajes/pacifica-salud-reafirma-compromiso-calidad_1_2256763.html,tvn-2.com,es,2026-08-21T15:00:37+00:00,,2026-10-06T18:46:40+00:00,,tvn_rss,titular_metadatos,
N-4f1cbc5fe498,"Asia to face sustained inflation pressure into 2027 , ADB warns",https://www.moneycontrol.com/news/business/asia-to-face-sustained-inflation-pressure-into-2027-adb-warns-14035871.html,moneycontrol.com,en,,2026-09-23T03:15:00+00:00,2026-10-06T18:46:40+00:00,,gdelt_doc:logistica,titular_metadatos,
N-4f3ab9244b36,"1 pm CT : Bertha Begins Turn To The West , Wind Pushing Rain Offshore | NewsRadio WIOD",https://wiod.iheart.com/featured/florida-news/content/2026-07-21-1-pm-ct-bertha-begins-turn-to-the-west-wind-pushing-rain-offshore/,wiod.iheart.com,en,,2026-07-21T21:45:00+00:00,2026-10-06T18:46:40+00:00,,gdelt_doc:eventos_naturales,titular_metadatos,
N-4f4cdbfb0f29,"Tropical Storm Bertha Strengthens , Top Winds 60",https://925wpap.iheart.com/content/2026-07-21-tropical-storm-bertha-strengthens-top-winds-60/,925wpap.iheart.com,en,,2026-07-21T19:30:00+00:00,2026-10-06T18:46:40+00:00,,gdelt_doc:eventos_naturales,titular_metadatos,
N-4f4eb4f3ac68,Abelardo De la Espriella asumió en Colombia y prometió una transformación profunda para construir la Patria Milagro,https://www.ambito.com/mundo/abelardo-la-espriella-asumio-colombia-y-prometio-una-transformacion-profunda-construir-la-patria-milagro-n6308474,ambito.com,es,,2026-08-08T00:30:00+00:00,2026-10-06T18:46:40+00:00,,gdelt_doc:turismo,titular_metadatos,
N-4f508dc9f08a,Mulino anuncia que hará cambios al interés preferencial y al ITBI de viviendas,https://www.prensa.com/economia/mulino-anuncia-que-hara-cambios-al-interes-preferencial-y-al-itbi-de-viviendas/,prensa.com,es,,2026-07-24T03:15:00+00:00,2026-10-06T18:46:40+00:00,,gdelt_doc:economia,titular_metadatos,
N-4f654082ae04,Campesinos llevan pelea a Corte por embalse del Canal y cierre de cementerios,https://www.critica.com.pa/nacional/campesinos-llevan-pelea-corte-por-embalse-del-canal-y-cierre-de-cementerios-513988,critica.com.pa,es,,2026-08-04T04:15:00+00:00,2026-10-06T18:46:40+00:00,,gdelt_doc:eventos_naturales,titular_metadatos,
N-4f7e3ef5c650,Latin America China Ties Survived the Right Turn,https://www.riotimesonline.com/latin-america-china-right-turn-2026/,riotimesonline.com,en,,2026-09-08T19:30:00+00:00,2026-10-06T18:46:40+00:00,,gdelt_doc:economia,titular_metadatos,
N-4fcbda0da5c3,Fabricantes de medicamentos se preparan para siguiente fase de fármacos espaciales ante retirada de la EEI,https://forbes.com.mx/fabricantes-de-medicamentos-se-preparan-para-siguiente-fase-de-farmacos-espaciales-ante-retirada-de-la-eei/,forbes.com.mx,es,,2026-09-20T20:45:00+00:00,2026-10-06T18:46:40+00:00,,gdelt_doc:economia,titular_metadatos,
N-4fdd836dc8be,Nigeria must institutionalise SBCC to sustain social gains,https://thenationonlineng.net/nigeria-must-institutionalise-sbcc-to-sustain-social-gains/,thenationonlineng.net,en,,2026-09-02T08:45:00+00:00,2026-10-06T18:46:40+00:00,,gdelt_doc:economia,titular_metadatos,
N-4fe95b8908a2,Selección de fútbol de Panamá entrena en Bangalore y apunta al amistoso ante India,https://www.prensa.com/deportes/panama-entrena-en-bangalore-y-apunta-al-amistoso-ante-india/,prensa.com,es,,2026-09-23T19:45:00+00:00,2026-10-06T18:46:40+00:00,,gdelt_doc:panama,titular_metadatos,
N-4ff460cdeaa0,Building Bridges : Cooperative contributions for a peaceful world,https://www.thenews.coop/building-bridges-cooperative-contributions-for-a-peaceful-world/,thenews.coop,en,,2026-10-01T17:00:00+00:00,2026-10-06T18:46:40+00:00,,gdelt_doc:economia,titular_metadatos,
N-5013377930a6,Nombran Little Panama Way a varias calles de Brooklyn en homenaje a Panamá,https://www.panamaamerica.com.pa/sociedad/nombran-little-panama-way-varias-calles-de-brooklyn-en-homenaje-panama-1266692,panamaamerica.com.pa,es,,2026-09-24T22:00:00+00:00,2026-10-06T18:46:40+00:00,,gdelt_doc:panama,titular_metadatos,
N-5027d86a1ca3,10 años del Canal Ampliado : El gigante que construimos los panameños,https://www.telemetro.com/nacionales/10-anos-del-canal-ampliado-el-gigante-que-construimos-los-panamenos-n6086183,telemetro.com,es,,2026-07-24T03:00:00+00:00,2026-10-06T18:46:40+00:00,,gdelt_doc:logistica,titular_metadatos,
N-502eff7c72a1,How the Panama Canal became a 50 - mile waterway with a $5 million ticket price,https://www.livemint.com/global/how-the-panama-canal-became-a-50-mile-waterway-with-a-5-million-ticket-price-11790211061962.html,livemint.com,en,,2026-09-24T03:30:00+00:00,2026-10-06T18:46:40+00:00,,gdelt_doc:logistica,titular_metadatos,
N-50305319569d,"Panamá tendrá un sábado con lluvias y tormentas durante la tarde , según el Impha",https://www.laestrella.com.pa/panama/informacion-util/panama-tendra-un-sabado-con-lluvias-y-tormentas-durante-la-tarde-segun-el-impha-OH25447382,laestrella.com.pa,es,,2026-09-05T16:00:00+00:00,2026-10-06T18:46:40+00:00,,gdelt_doc:panama,titular_metadatos,
N-503b90f7e174,The sunhat is everywhere in Athens as crowds grow larger at ancient sites,https://santamariatimes.com/ap/international/the-sunhat-is-everywhere-in-athens-as-crowds-grow-larger-at-ancient-sites/article_4172c89c-3625-5300-971c-90997eb64c51.html,santamariatimes.com,en,,2026-08-23T11:45:00+00:00,2026-10-06T18:46:40+00:00,,gdelt_doc:turismo,titular_metadatos,
N-5055b79e0750,Feria de empleo organizada por la Alcaldía de Panamá será el 14 y 15 de septiembre,https://www.telemetro.com/nacionales/feria-empleo-organizada-la-alcaldia-panama-sera-el-14-y-15-septiembre-n6090177,telemetro.com,es,,2026-08-29T21:45:00+00:00,2026-10-06T18:46:40+00:00,,gdelt_doc:panama,titular_metadatos,
N-506c679a6ba2,Taxes in Nicaragua for Expats 2026 Rates and Residence | The Rio Times,https://www.riotimesonline.com/taxes-nicaragua-expats-2026/,riotimesonline.com,en,,2026-09-23T12:30:00+00:00,2026-10-06T18:46:40+00:00,,gdelt_doc:turismo,titular_metadatos,
N-507b6bb03e77,Cepanim : MEF convocará a herederos de beneficiarios fallecidos entre octubre y noviembre,https://www.laestrella.com.pa/panama/nacional/cepanim-mef-convocara-a-herederos-de-beneficiarios-fallecidos-entre-octubre-y-noviembre-OB25351249,laestrella.com.pa,es,,2026-09-01T22:45:00+00:00,2026-10-06T18:46:40+00:00,,gdelt_doc:economia,titular_metadatos,
N-5086e3bc3df7,Disney Cruise Line unveils 2027 - 2028 itineraries with New York return,https://www.travelextra.ie/disney-cruise-line-unveils-2027-2028-itineraries-with-new-york-return/,travelextra.ie,en,,2026-08-26T09:00:00+00:00,2026-10-06T18:46:40+00:00,,gdelt_doc:logistica,titular_metadatos,
N-508b3e7010c3,El dilema de Malaca : el temor que aceleró la revolución energética de China | Internacional,https://www.biobiochile.cl/noticias/internacional/asia/2026/09/12/el-dilema-de-malaca-el-temor-que-acelero-la-revolucion-energetica-de-china.shtml,biobiochile.cl,es,,2026-09-12T13:15:00+00:00,2026-10-06T18:46:40+00:00,,gdelt_doc:economia,titular_metadatos,
N-508fd7afea1c,¿ Cómo se fija el precio del combustible en Panamá ? El MEF explica la fórmula quincenal tras aprobarse nuevo subsidio,https://www.panamaamerica.com.pa/sociedad/como-se-fija-el-precio-del-combustible-en-panama-el-mef-explica-la-formula-quincenal-tras,panamaamerica.com.pa,es,,2026-10-01T23:30:00+00:00,2026-10-06T18:46:40+00:00,,gdelt_doc:economia,titular_metadatos,
N-50bbcab0a721,Selección Mayor de Panamá suma amistoso en gira por Asia,https://www.critica.com.pa/deportes/seleccion-mayor-de-panama-suma-amistoso-en-gira-por-asia-515278,critica.com.pa,es,,2026-08-26T08:45:00+00:00,2026-10-06T18:46:40+00:00,,gdelt_doc:panama,titular_metadatos,
N-50c4aa0770ee,Video : ¡ Golpe al crimen en Lima Norte ! Caen Los R7 de Canta Callao Aliados por la seguridad EN VIVO por Radio Nacional,https://www.deperu.com/tv/wBZmL6Gj8oA.golpe-al-crimen-en-lima-norte-caen-los-r7-de-canta-callao-aliados-por-la-seguridad-en-vivo.UCVW7J-lF26d3G3X8i2zmKow.html,deperu.com,es,,2026-07-28T04:00:00+00:00,2026-10-06T18:46:40+00:00,,gdelt_doc:economia,titular_metadatos,
N-50d671672537,Donald Trump pledges unmatched military might against drug cartels,http://www.jpost.com/international/article-909361,jpost.com,en,,2026-09-23T01:45:00+00:00,2026-10-06T18:46:40+00:00,,gdelt_doc:logistica,titular_metadatos,
N-50f34995b25d,Working people have no interest in backing their ruler trade wars – The Militant,https://themilitant.com/2026/09/11/working-people-have-no-interest-in-backing-their-rulers-trade-wars/,themilitant.com,en,,2026-09-11T19:00:00+00:00,2026-10-06T18:46:40+00:00,,gdelt_doc:economia,titular_metadatos,
N-5112921f1a48,Pax Silica Foundry School to Train Tomorrow Entrepreneurs,https://townhall.com/columnists/dugganflanakin/2026/09/07/pax-silicas-foundry-school-to-train-tomorrows-entrepreneurs-n2682558,townhall.com,en,,2026-09-07T06:30:00+00:00,2026-10-06T18:46:40+00:00,,gdelt_doc:economia,titular_metadatos,
N-513635bf0578,Jefe de inteligencia del Pentágono visitó Caracas el fin de semana en gira regional de seguridad,https://bitlysdowssl-aws.com/2026/09/jefe-de-inteligencia-del-pentagono-visito-caracas-el-fin-de-semana-en-gira-regional-de-seguridad/,bitlysdowssl-aws.com,es,,2026-09-22T22:00:00+00:00,2026-10-06T18:46:40+00:00,,gdelt_doc:logistica,titular_metadatos,
N-513ee0156830,Canal de Panamá flexibiliza restricciones tras aumento de lluvias,https://www.nacion.com/economia/canal-de-panama-flexibiliza-restricciones-tras/T5PAZJYD4JFULOMOYZEQFZFXBE/story/,nacion.com,es,,2026-09-28T23:30:00+00:00,2026-10-06T18:46:40+00:00,,gdelt_doc:logistica,titular_metadatos,
N-518511f04abc,Panamá plantea una relación CELAC - UE basada en resultados concretos y cooperación,https://www.panamaamerica.com.pa/politica/panama-plantea-una-relacion-celac-ue-basada-en-resultados-concretos-y-cooperacion-1266651,panamaamerica.com.pa,es,,2026-09-23T18:15:00+00:00,2026-10-06T18:46:40+00:00,,gdelt_doc:logistica,titular_metadatos,
N-519947b58171,¡ Se fue a la guerra y nunca más llamó ! ExSPI panameño desaparece en Rusia,https://www.critica.com.pa/sucesos/se-fue-la-guerra-y-nunca-mas-llamo-exspi-panameno-desaparece-en-rusia-513410,critica.com.pa,es,,2026-07-24T05:30:00+00:00,2026-10-06T18:46:40+00:00,,gdelt_doc:panama,titular_metadatos,
N-51a4da4b83ce,La ciudad del Caribe colombiano que estrena nueva ruta aérea internacional,https://www.semana.com/turismo/articulo/la-ciudad-del-caribe-colombiano-que-estrena-ruta-aerea-internacional/202630/,semana.com,es,,2026-10-01T01:00:00+00:00,2026-10-06T18:46:40+00:00,,gdelt_doc:panama,titular_metadatos,
N-51a860d65a12,Los proyectos estratégicos para el país requieren decisiones judiciales oportunas dentro del plazo razonable | La Prensa Panamá,https://www.prensa.com/comunicados/los-proyectos-estrategicos-para-el-pais-requieren-decisiones-judiciales-oportunas-dentro-del-plazo-razonable/,prensa.com,es,,2026-08-26T05:15:00+00:00,2026-10-06T18:46:40+00:00,,gdelt_doc:turismo,titular_metadatos,
N-51b624d49b02,"La desconfianza institucional baja , pero sigue siendo mayoritaria",https://www.laestrella.com.pa/panama/nacional/la-desconfianza-institucional-baja-pero-sigue-siendo-mayoritaria-OE24317494,laestrella.com.pa,es,,2026-07-24T06:45:00+00:00,2026-10-06T18:46:40+00:00,,gdelt_doc:logistica,titular_metadatos,
N-51ba44bd7cf5,"Órgano Judicial solicita $47 millones adicionales para 2027 , pero es rechazado por el MEF",https://www.laestrella.com.pa/panama/nacional/organo-judicial-solicita-47-millones-adicionales-para-2027-pero-es-rechazado-por-el-mef-OH25003863,laestrella.com.pa,es,,2026-08-19T02:45:00+00:00,2026-10-06T18:46:40+00:00,,gdelt_doc:economia,titular_metadatos,
N-51bfa99acacf,"You are already a superpower : Panama FM Vasquez seeks strategic partnership , deeper economic cooperation with India",http://www.indiagazette.com/news/279200073/you-are-already-a-superpower-panama-fm-vasquez-seeks-strategic-partnership-deeper-economic-cooperation-with-india,indiagazette.com,en,,2026-07-21T06:30:00+00:00,2026-10-06T18:46:40+00:00,,gdelt_doc:economia,titular_metadatos,
N-51e65293fce0,Panama Canal adjusts Neopanamax booking system,https://www.freshplaza.com/north-america/article/9867771/panama-canal-adjusts-neopanamax-booking-system/,freshplaza.com,en,,2026-08-31T15:45:00+00:00,2026-10-06T18:46:40+00:00,,gdelt_doc:logistica,titular_metadatos,
N-51e727f4c724,¿ Cómo está el empleo en Panamá ? Presidente afirma que el desempleo baja y sector privado gana terreno,https://www.telemetro.com/nacionales/como-esta-el-empleo-panama-presidente-afirma-que-el-desempleo-baja-y-sector-privado-gana-terreno-n6093508,telemetro.com,es,,2026-09-30T13:45:00+00:00,2026-10-06T18:46:40+00:00,,gdelt_doc:economia,titular_metadatos,
N-5214f85b1cef,Acciones de First Quantum Minerals registran fuerte volatilidad tras informe que recomienda cierre ordenado de la mina de Donoso,https://www.prensa.com/economia/first-quantum-dispuesta-a-negociar-con-el-gobierno-sobre-el-futuro-de-la-mina/,prensa.com,es,,2026-09-30T22:45:00+00:00,2026-10-06T18:46:40+00:00,,gdelt_doc:economia,titular_metadatos,
N-52249637639c,Diputados aprueban en segundo debate el presupuesto del Canal de Panamá,https://www.laestrella.com.pa/panama/politica/diputados-aprueban-en-segundo-debate-el-presupuesto-del-canal-de-panama-BI25964225,laestrella.com.pa,es,,2026-09-24T23:00:00+00:00,2026-10-06T18:46:40+00:00,,gdelt_doc:logistica,titular_metadatos,
N-5224aac47a7a,"INADEH , ITSE crearán cursos y técnicos para fortalecer el sector logístico",https://www.telemetro.com/nacionales/inadeh-itse-crearan-cursos-y-tecnicos-fortalecer-el-sector-logistico-n6086148,telemetro.com,es,,2026-07-23T20:30:00+00:00,2026-10-06T18:46:40+00:00,,gdelt_doc:economia,titular_metadatos,
N-52832f3d7857,Katherine Jenkins to perform on 73 - night Saga Cruise,https://www.dailyecho.co.uk/news/26475882.katherine-jenkins-perform-73-night-saga-cruise/,dailyecho.co.uk,en,,2026-08-21T19:30:00+00:00,2026-10-06T18:46:40+00:00,,gdelt_doc:logistica,titular_metadatos,
N-528830c99c7c,Meduca avanza con el megaproyecto educativo Hacienda Santa Cecilia en Panamá Este,https://www.panamaamerica.com.pa/sociedad/meduca-avanza-con-el-megaproyecto-educativo-hacienda-santa-cecilia-en-panama-este-1265691,panamaamerica.com.pa,es,,2026-08-28T17:00:00+00:00,2026-10-06T18:46:40+00:00,,gdelt_doc:turismo,titular_metadatos,
N-52979f4d7094,¿ Tregua entre Panamá y China ? Ambos países renovarán acuerdo marítimo,https://lopezdoriga.com/internacional/tregua-entre-panama-y-china-ambos-paises-renovaran-acuerdo-maritimo/,lopezdoriga.com,es,,2026-07-21T06:30:00+00:00,2026-10-06T18:46:40+00:00,,gdelt_doc:logistica,titular_metadatos,
N-52a70cf4d1b5,Huila busca ampliar presencia en los mercados internacionales,https://diariodelhuila.com/huila-busca-ampliar-presencia-en-los-mercados-internacionales/,diariodelhuila.com,es,,2026-09-03T09:15:00+00:00,2026-10-06T18:46:40+00:00,,gdelt_doc:turismo,titular_metadatos,
N-52b4b55defdd,"Yandel Sinfónico : una mezcla de elegancia , instrumentos y reguetón",https://www.critica.com.pa/show/yandel-sinfonico-una-mezcla-de-elegancia-instrumentos-y-regueton-515428,critica.com.pa,es,,2026-08-28T19:30:00+00:00,2026-10-06T18:46:40+00:00,,gdelt_doc:logistica,titular_metadatos,
N-52f09edc1452,Cancillería detalla que 17 panameños vinculados a la guerra entre Rusia y Ucrania han retornado a Panamá,https://www.laestrella.com.pa/panama/nacional/cancilleria-detalla-que-17-panamenos-vinculados-a-la-guerra-entre-rusia-y-ucrania-han-retornado-a-panama-DE25215969,laestrella.com.pa,es,,2026-08-27T21:45:00+00:00,2026-10-06T18:46:40+00:00,,gdelt_doc:panama,titular_metadatos,
N-52f7e7b0577c,La ONU alerta de que El Niño podría ser el más potente en 40 años y alcanzará su punto máximo a finales de año,https://larepublica.pe:443/mundo/2026/09/03/la-onu-alerta-de-que-el-nino-podria-ser-el-mas-potente-en-40-anos-y-alcanzara-su-punto-maximo-a-finales-de-ano-60399,larepublica.pe,es,,2026-09-03T23:45:00+00:00,2026-10-06T18:46:40+00:00,,gdelt_doc:logistica,titular_metadatos,
N-52fcde5e5b7c,Argentina abrió la exportación de cítricos a Panamá,https://www.clarin.com/rural/argentina-abrio-exportacion-citricos-panama_0_NzG9DdE0QM.html,clarin.com,es,,2026-08-15T00:30:00+00:00,2026-10-06T18:46:40+00:00,,gdelt_doc:economia,titular_metadatos,
N-5311a7919931,Índice de Confianza del Consumidor retrocede 17 puntos en el segundo trimestre del 2026,https://www.telemetro.com/nacionales/indice-confianza-del-consumidor-retrocede-17-puntos-el-segundo-trimestre-del-2026-n6085891,telemetro.com,es,,2026-07-21T20:45:00+00:00,2026-10-06T18:46:40+00:00,,gdelt_doc:economia,titular_metadatos,
N-531844f1701d,Canal de Panamá pospone restricciones de calado gracias a las lluvias,https://www.panamaamerica.com.pa/canal-de-panama-pospone-restricciones-de-calado-gracias-las-lluvias-1266715,panamaamerica.com.pa,es,,2026-09-25T01:00:00+00:00,2026-10-06T18:46:40+00:00,,gdelt_doc:logistica,titular_metadatos,
N-533436519cdc,Narcotráfico y multilateralismo : claves para la UE y CELAC,https://www.dw.com/es/consenso-de-m%C3%ADnimos-entre-la-ue-y-la-celac-multilateralismo-y-cooperaci%C3%B3n-contra-el-narcotr%C3%A1fico/a-79419927,dw.com,es,,2026-09-24T23:00:00+00:00,2026-10-06T18:46:40+00:00,,gdelt_doc:logistica,titular_metadatos,
N-535055a38e67,El fenómeno que no depende de las matemáticas y amenaza a las economías de Latinoamérica,https://eju.tv/2026/07/el-fenomeno-que-no-depende-de-las-matematicas-y-amenaza-a-las-economias-de-latinoamerica/,eju.tv,es,,2026-07-15T06:45:00+00:00,2026-10-06T18:46:40+00:00,,gdelt_doc:economia,titular_metadatos,
N-536e141aee20,Telca apertura en Panamá Oeste y continúa desarrollando su red de fibra óptica en el país • Periódico Digital Centroamericano y del Caribe,https://newsinamerica.com/pdcc/boletin/2026/telca-apertura-en-panama-oeste-y-continua-desarrollando-su-red-de-fibra-optica-en-el-pais/,newsinamerica.com,es,,2026-08-12T04:45:00+00:00,2026-10-06T18:46:40+00:00,,gdelt_doc:economia,titular_metadatos,
N-537c64f146ab,"Panamá muestra señales de recuperación laboral , aunque enfrenta informalidad y fragilidad",https://www.laestrella.com.pa/economia/panama-muestra-senales-de-recuperacion-laboral-aunque-enfrenta-informalidad-y-fragilidad-GK24952325,laestrella.com.pa,es,,2026-08-17T13:45:00+00:00,2026-10-06T18:46:40+00:00,,gdelt_doc:economia,titular_metadatos,
N-538b753523e6,Panamá brilló en penúltima jornada de los Centroamericanos y del Caribe,https://www.critica.com.pa/deportes/panama-brillo-en-penultima-jornada-de-los-centroamericanos-y-del-caribe-514250,critica.com.pa,es,,2026-08-08T06:00:00+00:00,2026-10-06T18:46:40+00:00,,gdelt_doc:logistica,titular_metadatos,
N-539419575041,Miguel Bosé ( 70 años ): No he hecho la mili porque tengo pasaporte de Panamá y nací allí . No tengo la nacionalidad española,https://www.vozpopuli.com/dolcevita/miguel-bose-70-anos-no-he-hecho-la-mili-porque-tengo-pasaporte-de-panama-y-naci-alli-no-tengo-la-nacionalidad-espanola.html,vozpopuli.com,es,,2026-10-02T05:30:00+00:00,2026-10-06T18:46:40+00:00,,gdelt_doc:panama,titular_metadatos,
N-53c4c9c15a09,Pedro Heilbron revela la fórmula de Copa Airlines para crecer en la región y descarta fusiones con otras empresas,https://www.prensa.com/economia/pedro-heilbron-revela-la-formula-de-copa-airlines-para-crecer-en-la-region-y-descarta-fusiones-con-otras-empresas/,prensa.com,es,,2026-09-11T00:45:00+00:00,2026-10-06T18:46:40+00:00,,gdelt_doc:economia,titular_metadatos,
N-53cbd66399ec,Tropical Storm Bertha speeds up as it heads for 2nd landfall along Texas coast,https://www.republicanherald.com/2026/07/23/tropical-storm-bertha-texas-florida-louisiana/,republicanherald.com,en,,2026-07-23T15:30:00+00:00,2026-10-06T18:46:40+00:00,,gdelt_doc:eventos_naturales,titular_metadatos,
N-53d175fd57db,Pymes podrán simplificar sus pagos con nueva solución,https://www.panamaamerica.com.pa/sociedad/pymes-podran-simplificar-sus-pagos-con-nueva-solucion-1265897,panamaamerica.com.pa,es,,2026-09-03T08:00:00+00:00,2026-10-06T18:46:40+00:00,,gdelt_doc:economia,titular_metadatos,
N-53e0c0f41434,The sunhat is everywhere in Athens as crowds grow larger at ancient sites,https://www.clickondetroit.com/news/2026/08/23/the-sunhat-is-everywhere-in-athens-as-crowds-grow-larger-at-ancient-sites/,clickondetroit.com,en,,2026-08-23T13:15:00+00:00,2026-10-06T18:46:40+00:00,,gdelt_doc:turismo,titular_metadatos,
N-53e91c3c5fca,Delcy Rodríguez agradece a Trump su papel en Venezuela y anuncia que habrá elecciones sin concretar la fecha,https://elpais.com/america/2026-09-23/delcy-rodriguez-agradece-a-trump-su-cooperacion-con-venezuela-y-anuncia-que-habra-elecciones-sin-concretar-la-fecha.html,elpais.com,es,,2026-09-24T01:00:00+00:00,2026-10-06T18:46:40+00:00,,gdelt_doc:economia,titular_metadatos,
N-53ec96b3d525,Precio de la gasolina en Panamá : ¿ hasta cuándo estarán vigentes las tarifas actuales ?,https://www.telemetro.com/nacionales/precio-la-gasolina-panama-hasta-cuando-estaran-vigentes-las-tarifas-actuales-n6093225,telemetro.com,es,,2026-09-28T16:15:00+00:00,2026-10-06T18:46:40+00:00,,gdelt_doc:panama,titular_metadatos,
N-53f7a54606a9,Jonathan Miniel y Orlando Viru Mosquera suben hoy a la báscula,https://www.critica.com.pa/deportes/jonathan-miniel-y-orlando-virus-mosquera-suben-hoy-la-bascula-515778,critica.com.pa,es,,2026-09-04T08:00:00+00:00,2026-10-06T18:46:40+00:00,,gdelt_doc:panama,titular_metadatos,
N-5416312b5744,Tropical Storm Bertha in the Gulf of Mexico moving toward Florida Panhandle and Alabama,https://www.clickorlando.com/news/national/2026/07/21/tropical-storm-bertha-in-the-gulf-of-mexico-moving-toward-florida-panhandle-and-alabama/,clickorlando.com,en,,2026-07-21T10:00:00+00:00,2026-10-06T18:46:40+00:00,,gdelt_doc:eventos_naturales,titular_metadatos,
N-54214b10d906,The sunhat is everywhere in Athens as crowds grow larger at ancient sites,https://economictimes.indiatimes.com/news/international/global-trends/the-sunhat-is-everywhere-in-athens-as-crowds-grow-larger-at-ancient-sites/articleshow/133434912.cms,economictimes.indiatimes.com,en,,2026-08-23T06:30:00+00:00,2026-10-06T18:46:40+00:00,,gdelt_doc:turismo,titular_metadatos,
N-5421b0a1ba90,El Nino ties record intensity : What 3 . 07°C Pacific warming means for weather from Central America to Indonesia,https://www.livemint.com/news/world/el-nino-ties-record-intensity-what-3-07-c-pacific-warming-means-for-weather-from-central-america-to-indonesia-11790019836871.html,livemint.com,en,,2026-09-21T22:15:00+00:00,2026-10-06T18:46:40+00:00,,gdelt_doc:logistica,titular_metadatos,
N-5437aab8ef13,MEF reemplazará el sistema e - Tax tras detectar millonario esquema de fraude en la DGI,https://www.telemetro.com/nacionales/mef-reemplazara-el-sistema-e-tax-detectar-millonario-esquema-fraude-la-dgi-n6087181,telemetro.com,es,,2026-08-03T13:15:00+00:00,2026-10-06T18:46:40+00:00,,gdelt_doc:economia,titular_metadatos,
N-544cac9eea5f,Embajador de Portugal visitó Misiones y destacó su potencial turístico y económico – Radio Cataratas,https://radiocataratas.com/2026/09/02/embajador-de-portugal-visito-misiones-y-destaco-el-potencial-turistico-y-economico-de-la-tierra-colorada/,radiocataratas.com,es,,2026-09-02T23:30:00+00:00,2026-10-06T18:46:40+00:00,,gdelt_doc:turismo,titular_metadatos,
N-547a0fe9e3ac,Tropical Storm Bertha drifts toward land in the Gulf of Mexico,https://www.nbcmiami.com/weather/hurricane-season/tropical-storm-bertha-forms-south-of-the-florida-panhandle/3836210/,nbcmiami.com,en,,2026-07-21T04:45:00+00:00,2026-10-06T18:46:40+00:00,,gdelt_doc:eventos_naturales,titular_metadatos,
N-54b8763be47d,"PANAMAX 2026 : Más de 1 , 700 agentes realizan simulaciones en defensa del Canal de Panamá",https://www.laestrella.com.pa/panama/nacional/panamax-2026-mas-de-1700-agentes-realizan-simulaciones-en-defensa-del-canal-de-panama-EE24751731,laestrella.com.pa,es,,2026-08-09T19:45:00+00:00,2026-10-06T18:46:40+00:00,,gdelt_doc:logistica,titular_metadatos,
N-54e2ed8451d4,WISS LATAM reúne a mujeres líderes y empresarias para impulsar la innovación y el liderazgo femenino,https://www.tvn-2.com/nacionales/wiss-latam-reune-mujeres-lideres_1_2257812.html,tvn-2.com,es,2026-08-27T01:21:28+00:00,,2026-10-06T18:46:40+00:00,,tvn_rss,titular_metadatos,
N-550a7133bde1,Panama Canal Congestion Drives Gas Tankers To Unusual Routes,https://gcaptain.com/panama-canal-congestion-drives-gas-tankers-to-unusual-routes/,gcaptain.com,en,,2026-08-29T16:30:00+00:00,2026-10-06T18:46:40+00:00,,gdelt_doc:logistica,titular_metadatos,
N-550dea2ea07e,APEDE pide pasar de la alerta a la acción ante El Niño,https://www.critica.com.pa/nacional/apede-pide-pasar-de-la-alerta-la-accion-ante-el-nino-515878,critica.com.pa,es,,2026-09-06T15:30:00+00:00,2026-10-06T18:46:40+00:00,,gdelt_doc:economia,titular_metadatos,
N-5510d961446a,Preview - Asamblea de Panamá,https://www.asamblea.gob.pa/Noticias/Noticias/PROHIJAN-ANTEPROYECTO-DE-LEY-QUE-INSTITUYE-FERIA-Y-PATRONATO-DE-PANAMA-ESTE,asamblea.gob.pa,es,,2026-08-13T00:00:00+00:00,2026-10-06T18:46:40+00:00,,gdelt_doc:economia,titular_metadatos,
N-551b02b5afe6,Panamá recibió más de 1 . 7 millones de visitantes en el primer semestre del 2026,https://www.telemetro.com/entrevistas/nacionales/panama-recibio-mas-17-millones-visitantes-el-primer-semestre-del-2026-n6086818,telemetro.com,es,,2026-07-30T16:30:00+00:00,2026-10-06T18:46:40+00:00,,gdelt_doc:turismo,titular_metadatos,
N-5522edc4efb6,Urrutia plantea adaptar la administración tributaria al ritmo de la economía digital,https://acento.com.do/economia/urrutia-plantea-adaptar-la-administracion-tributaria-al-ritmo-de-la-economia-digital-9760620.html,acento.com.do,es,,2026-09-29T04:15:00+00:00,2026-10-06T18:46:40+00:00,,gdelt_doc:economia,titular_metadatos,
N-5531a10751bd,Minsa : crónica de lo absurdo,https://www.prensa.com/unidad-investigativa/minsa-cronica-de-lo-absurdo/,prensa.com,es,,2026-09-07T07:15:00+00:00,2026-10-06T18:46:40+00:00,,gdelt_doc:economia,titular_metadatos,
N-55525897604c,How Panama Small Businesses Are Riding the Creator Economy Wave,https://newsroompanama.com/2026/08/06/how-panamas-small-businesses-are-riding-the-creator-economy-wave/,newsroompanama.com,en,,2026-08-06T23:15:00+00:00,2026-10-06T18:46:40+00:00,,gdelt_doc:economia,titular_metadatos,
N-555dac794c9e,Compra de petroterminal elevará el potencial del país,https://www.panamaamerica.com.pa/economia/compra-de-petroterminal-elevara-el-potencial-del-pais-1264321,panamaamerica.com.pa,es,,2026-07-23T07:15:00+00:00,2026-10-06T18:46:40+00:00,,gdelt_doc:logistica,titular_metadatos,
N-556604541d1f,La ultraderechista Le Pen promete recortes drásticos para evitar el 'impago' de Francia,https://www.tvn-2.com/mundo/europa/ultraderechista-le-pen-promete-recortes_1_2264559.html,tvn-2.com,es,2026-10-06T12:10:30+00:00,,2026-10-06T18:46:40+00:00,,tvn_rss,titular_metadatos,
N-55703104bce9,Nathalee Aranda conquista el primer oro de Panamá en Santa Fe 2026,https://www.prensa.com/deportes/nathalee-aranda-conquista-el-primer-oro-de-panama-en-santa-fe-2026/,prensa.com,es,,2026-09-23T03:30:00+00:00,2026-10-06T18:46:40+00:00,,gdelt_doc:logistica,titular_metadatos,
N-55868993e5c4,Panama Canal Growth Faces El Niño Shipping Risks,https://www.rfdtv.com/panama-canal-growth-faces-el-nino-shipping-risks,rfdtv.com,en,,2026-07-28T16:00:00+00:00,2026-10-06T18:46:40+00:00,,gdelt_doc:logistica,titular_metadatos,
N-5593e98d452b,"On Solo Sail Across the Pacific , Everything Went Wrong",https://www.newser.com/story/393549/on-solo-sail-across-the-pacific-everything-went-wrong.html,newser.com,en,,2026-07-27T12:15:00+00:00,2026-10-06T18:46:40+00:00,,gdelt_doc:logistica,titular_metadatos,
N-559cedefb0ed,¿ Debe reabrir Cobre Panamá ? Cámara Minera fija su posición sobre el futuro de la mina,https://www.telemetro.com/nacionales/debe-reabrir-cobre-panama-camara-minera-fija-su-posicion-el-futuro-la-mina-n6093233,telemetro.com,es,,2026-09-28T16:15:00+00:00,2026-10-06T18:46:40+00:00,,gdelt_doc:panama,titular_metadatos,
N-559feb082d40,Mulino pone la Constituyente en el centro del debate político,https://www.laestrella.com.pa/panama/politica/mulino-pone-la-constituyente-en-el-centro-del-debate-politico-AA24356402,laestrella.com.pa,es,,2026-07-25T06:15:00+00:00,2026-10-06T18:46:40+00:00,,gdelt_doc:economia,titular_metadatos,
N-55a454f10731,Tocumen supera los 15 . 8 millones de pasajeros en agosto y crece un 15 %,https://www.panamaamerica.com.pa/economia/tocumen-supera-los-158-millones-de-pasajeros-en-agosto-y-crece-un-15-1266695,panamaamerica.com.pa,es,,2026-09-25T06:15:00+00:00,2026-10-06T18:46:40+00:00,,gdelt_doc:economia,titular_metadatos,
N-55b7222c74b9,"El BID moviliza proyectos por US$84 . 000 millones desde Miami : Quiero cerrar acuerdos que beneficien a América Latina , dice su nuevo director",https://www.elobservador.com.uy/estados-unidos/economia/el-bid-moviliza-proyectos-us84000-millones-miami-quiero-cerrar-acuerdos-que-beneficien-america-latina-dice-su-nuevo-director-n6059098,elobservador.com.uy,es,,2026-10-02T03:15:00+00:00,2026-10-06T18:46:40+00:00,,gdelt_doc:economia,titular_metadatos,
N-55bb683ebc6e,El tirón de orejas de Trump a Delcy : « Al final tiene que haber elecciones »,https://www.abc.es/internacional/tiron-orejas-trump-delcy-final-haber-elecciones-20260924030933-nt.html,abc.es,es,,2026-09-24T01:45:00+00:00,2026-10-06T18:46:40+00:00,,gdelt_doc:economia,titular_metadatos,
N-55c7f61b5471,Diputado AN 2015 respalda diálogo y reestructuración de poderes,https://elsiglo.com.ve/diputado-an-2015-respalda-dialogo-y-reestructuracion-de-poderes-publicos/,elsiglo.com.ve,es,,2026-08-26T00:30:00+00:00,2026-10-06T18:46:40+00:00,,gdelt_doc:economia,titular_metadatos,
N-55ebc9daee88,Pandeportes ejecutará 43 proyectos deportivos en el país en el 2027,https://www.laestrella.com.pa/deportes/mas-deportes/pandeportes-ejecutara-43-proyectos-deportivos-en-el-pais-en-el-2027-LC25414816,laestrella.com.pa,es,,2026-09-04T07:00:00+00:00,2026-10-06T18:46:40+00:00,,gdelt_doc:economia,titular_metadatos,
N-55f55f81914d,Panama City Beach landmark Jaws Souvenirs shop destroyed by early morning fire,https://www.fox5atlanta.com/news/panama-city-beach-landmark-jaws-souvenirs-destroyed-early-morning-fire,fox5atlanta.com,en,,2026-08-23T16:45:00+00:00,2026-10-06T18:46:40+00:00,,gdelt_doc:panama,titular_metadatos,
N-55fcc32922a3,Verano 2027 : los 5 destinos fuera de radar que están en la mira de los argentinos para estas vacaciones,https://www.clarin.com/sociedad/verano-2027-5-destinos-radar-mira-argentinos-vacaciones_0_HnKN9Bjs1C.html,clarin.com,es,,2026-09-20T11:00:00+00:00,2026-10-06T18:46:40+00:00,,gdelt_doc:turismo,titular_metadatos,
N-560d2d221243,"Tropical Storm Bertha strengthens , moves toward Florida Panhandle and Alabama",https://www.wdbj7.com/2026/07/21/tropical-storm-bertha-strengthens-moves-toward-florida-panhandle-alabama/,wdbj7.com,en,,2026-07-21T16:30:00+00:00,2026-10-06T18:46:40+00:00,,gdelt_doc:eventos_naturales,titular_metadatos,
N-56307e6f1ed1,Sydney Harbour to Antarctica : 10 ultimate cruise moments | Glen Innes Examiner,https://www.gleninnesexaminer.com.au/story/9349631/sydney-harbour-to-antarctica-10-ultimate-cruise-moments/,gleninnesexaminer.com.au,en,,2026-09-28T01:00:00+00:00,2026-10-06T18:46:40+00:00,,gdelt_doc:logistica,titular_metadatos,
N-563142c3c2a9,Habrá expositores de Venezuela : La industria mundial del café se reunirá en una cita inédita en Panamá – bancaynegocios . com – EntornoInteligente . com,https://www.entornointeligente.com/habra-expositores-de-venezuela-la-industria-mundial-del-cafe-se-reunira-en-una-cita-inedita-en-panama-bancaynegocios-com/,entornointeligente.com,es,,2026-08-02T20:15:00+00:00,2026-10-06T18:46:40+00:00,,gdelt_doc:economia,titular_metadatos,
N-56542fed889c,The world best countries for expats in 2026,https://www.bbc.com/travel/article/20260814-the-worlds-best-countries-for-expats-in-2026,bbc.com,en,,2026-08-15T14:45:00+00:00,2026-10-06T18:46:40+00:00,,gdelt_doc:economia,titular_metadatos,
N-5686ba9f0125,Tropical Storm Bertha in the Gulf of Mexico is moving toward the Florida Panhandle and Alabama,http://www.rockymounttelegram.com/news/national/tropical-storm-bertha-in-the-gulf-of-mexico-is-moving-toward-the-florida-panhandle-and/article_a56b4d8a-7bd2-5a85-a662-0f00059bdc46.html,rockymounttelegram.com,en,,2026-07-21T16:00:00+00:00,2026-10-06T18:46:40+00:00,,gdelt_doc:eventos_naturales,titular_metadatos,
N-568e288231f1,"Panama is not only the beginning : Foreign Minister pitches nation as India premier manufacturing , trade launchpad in Latin America",http://www.floridastatesman.com/news/279199252/panama-is-not-only-the-beginning-foreign-minister-pitches-nation-as-india-premier-manufacturing-trade-launchpad-in-latin-america,floridastatesman.com,en,,2026-07-20T17:15:00+00:00,2026-10-06T18:46:40+00:00,,gdelt_doc:economia,titular_metadatos,
N-569863d75c65,Panamá invita a Mongolia y Japón a adherirse a tratado canalero,https://www.prensa-latina.cu/2026/08/26/panama-invita-a-mongolia-y-japon-a-adherirse-a-tratado-canalero/,prensa-latina.cu,es,,2026-08-26T10:30:00+00:00,2026-10-06T18:46:40+00:00,,gdelt_doc:economia,titular_metadatos,
N-56b62c94eb90,¡ Canal blindado ! Secretario de Guerra de EE . UU . supervisa maniobras,https://www.critica.com.pa/nacional/canal-blindado-secretario-de-guerra-de-eeuu-supervisa-maniobras-514596,critica.com.pa,es,,2026-08-13T23:30:00+00:00,2026-10-06T18:46:40+00:00,,gdelt_doc:logistica,titular_metadatos,
N-56dcfcef80d5,El mensaje del Gobierno luego de que la Justicia procesara a ocho altos mandos iraníes y libaneses por el atentado a la AMIA,https://tn.com.ar/politica/2026/09/21/el-mensaje-del-gobierno-luego-de-que-la-justicia-procesara-a-ocho-altos-mandos-iranies-y-libaneses-por-el-atentado-a-la-amia/,tn.com.ar,es,,2026-09-21T20:00:00+00:00,2026-10-06T18:46:40+00:00,,gdelt_doc:logistica,titular_metadatos,
N-56e1e436c47b,Cepal ratifica Latinoamérica crecería 2 . 2 % en 2026 y esto es lo que proyecta para RD,https://elnacional.com.do/economia/cepal-ratifica-latinoamerica-creceria-2-2-2026-esto-proyecta-rd_578930.html,elnacional.com.do,es,,2026-08-21T22:30:00+00:00,2026-10-06T18:46:40+00:00,,gdelt_doc:economia,titular_metadatos,
N-572220f4d692,¿ Por qué el empleo no crece al mismo ritmo que la economía del país ?,https://www.panamaamerica.com.pa/sociedad/por-que-el-empleo-no-crece-al-mismo-ritmo-que-la-economia-del-pais-1266167,panamaamerica.com.pa,es,,2026-09-10T07:00:00+00:00,2026-10-06T18:46:40+00:00,,gdelt_doc:economia,titular_metadatos,
N-572c397cffff,Cost of Living in Barbados 2026 : What Expats Pay,https://www.riotimesonline.com/cost-of-living-barbados-expats-2026/,riotimesonline.com,en,,2026-09-24T17:00:00+00:00,2026-10-06T18:46:40+00:00,,gdelt_doc:turismo,titular_metadatos,
N-573c3b5ee25a,Panama cuts movements through canal due to El Niño - linked water shortage,https://www.upi.com/Top_News/World-News/2026/08/21/Panama-water-shortage-hits-canal-traffic-flows/6241787312374/,upi.com,en,,2026-08-21T15:45:00+00:00,2026-10-06T18:46:40+00:00,,gdelt_doc:logistica,titular_metadatos,
N-5760082c63c4,Japón reafirma respaldo al Canal de Panamá y ampliará cooperación tecnológica con la vía interoceánica,https://www.laestrella.com.pa/panama/nacional/japon-reafirma-respaldo-al-canal-de-panama-y-ampliara-cooperacion-tecnologica-con-la-via-interoceanica-EE24646200,laestrella.com.pa,es,,2026-08-06T00:45:00+00:00,2026-10-06T18:46:40+00:00,,gdelt_doc:logistica,titular_metadatos,
N-5769373809dc,Países del Escudo de Las Américas acuerdan sanciones conjuntas contra 24 bandas narcoterroristas,https://www.martinoticias.com/a/pa%C3%ADses-del-escudo-de-las-am%C3%A9ricas-acuerdan-sanciones-conjuntas-contra-24-bandas-narcoterroristas/480392.html,martinoticias.com,es,,2026-09-22T22:45:00+00:00,2026-10-06T18:46:40+00:00,,gdelt_doc:economia,titular_metadatos,
N-5779460218fd,Patricio Ramírez denuncia golpiza de militares estadounidenses en Panamá ; Comando Sur investiga,https://www.sdpnoticias.com/internacional/patricio-ramirez-denuncia-golpiza-de-militares-estadounidenses-en-panama-comando-sur-investiga/,sdpnoticias.com,es,,2026-08-29T19:45:00+00:00,2026-10-06T18:46:40+00:00,,gdelt_doc:panama,titular_metadatos,
N-578a0360a73c,La inversión extranjera diversifica sus sectores y sus países de origen,https://www.elcaribe.com.do/panorama/dinero/la-inversion-extranjera-diversifica-sus-sectores-y-sus-paises-de-origen/,elcaribe.com.do,es,,2026-07-28T05:00:00+00:00,2026-10-06T18:46:40+00:00,,gdelt_doc:turismo,titular_metadatos,
N-57bba381f803,La expansión militar de Donald Trump en Panamá tiene poco sentido,https://www.ideal.es/internacional/expansion-militar-donald-trump-panama-poco-sentido-20260828011322-nt.html,ideal.es,es,,2026-09-03T02:15:00+00:00,2026-10-06T18:46:40+00:00,,gdelt_doc:logistica,titular_metadatos,
N-57c096dc104a,Hoy por hoy : panameños en una guerra ajena,https://www.prensa.com/opinion/hoy-por-hoy-panamenos-en-una-guerra-ajena/,prensa.com,es,,2026-07-24T08:15:00+00:00,2026-10-06T18:46:40+00:00,,gdelt_doc:panama,titular_metadatos,
N-57e47f3f0138,$33 mil millones en reclamos de arbitrajes enfrenta Panamá ; equivale casi al Presupuesto General del Estado,https://www.panamaamerica.com.pa/economia/33-mil-millones-en-reclamos-de-arbitrajes-enfrenta-panama-equivale-casi-al-presupuesto,panamaamerica.com.pa,es,,2026-08-28T18:45:00+00:00,2026-10-06T18:46:40+00:00,,gdelt_doc:economia,titular_metadatos,
N-5814ffd1c1cb,Canal de Panamá tiene nueva administradora Ilya Espino de Marotta,https://www.diariolibre.com/mundo/america-latina/2026/09/07/canal-de-panama-tiene-nueva-administradora-ilya-espino-de-marotta/3651914,diariolibre.com,es,,2026-09-07T22:00:00+00:00,2026-10-06T18:46:40+00:00,,gdelt_doc:economia,titular_metadatos,
N-581dd979ca69,Gustavo Sáenz y Carlos Sadir cruzaron al Gobierno por una medida que expone a la producción bananera a desastres sanitarios,https://www.ambito.com/ambito-nacional/gustavo-saenz-y-carlos-sadir-cruzaron-al-gobierno-una-medida-que-expone-la-produccion-bananera-desastres-sanitarios-n6304163,ambito.com,es,,2026-07-28T00:15:00+00:00,2026-10-06T18:46:40+00:00,,gdelt_doc:economia,titular_metadatos,
N-582011488de1,Un mundialista regresa a Chile : Estoy muy contento de estar de vuelta,https://www.adnradio.cl/2026/07/13/un-mundialista-regresa-a-chile-estoy-muy-contento-de-estar-de-vuelta/,adnradio.cl,es,,2026-07-14T02:00:00+00:00,2026-10-06T18:46:40+00:00,,gdelt_doc:logistica,titular_metadatos,
N-58344eb30fd4,Panama Aims to Exit EU Tax List by Early 2027,https://www.riotimesonline.com/panama-eu-list-exit-roadmap-2026/,riotimesonline.com,en,,2026-08-06T23:45:00+00:00,2026-10-06T18:46:40+00:00,,gdelt_doc:economia,titular_metadatos,
N-58394c88d010,Venezuela main airport partially resumes commercial flights after deadly earthquakes,https://www.wsls.com/news/world/2026/09/01/venezuelas-main-airport-partially-resumes-commercial-flights-after-deadly-earthquakes/,wsls.com,en,,2026-09-02T00:15:00+00:00,2026-10-06T18:46:40+00:00,,gdelt_doc:turismo,titular_metadatos,
N-58574a40772f,"INFORME ESTRATÉGICO : Panamá 2030 , de hub de conectividad a plataforma digital regional",https://www.telesemana.com/blog/2026/08/25/informe-estrategico-panama-2030-de-hub-de-conectividad-a-plataforma-digital-regional/,telesemana.com,es,,2026-08-25T23:30:00+00:00,2026-10-06T18:46:40+00:00,,gdelt_doc:economia,titular_metadatos,
N-5859b1ce4547,Uber acuerda compra de Delivery Hero y pasaría a controlar la compaa de delivery y reparto a domicilio PedidosYa en Perú | ECONOMIA,https://gestion.pe/economia/empresas/uber-acuerda-compra-de-delivery-hero-y-pasaria-a-controlar-la-compania-de-delivery-y-reparto-a-domicilio-pedidosya-en-peru-noticia/,gestion.pe,es,,2026-07-17T03:15:00+00:00,2026-10-06T18:46:40+00:00,,gdelt_doc:economia,titular_metadatos,
N-589d2aa31593,Copa Airlines abre un vuelo directo a la venezolana isla Margarita a partir de noviembre - Mundo,https://www.abc.com.py/internacionales/2026/08/04/copa-airlines-abre-un-vuelo-directo-a-la-venezolana-isla-margarita-a-partir-de-noviembre/,abc.com.py,es,,2026-08-04T16:15:00+00:00,2026-10-06T18:46:40+00:00,,gdelt_doc:turismo,titular_metadatos,
N-58a6e9edd8fe,Panama Canal begins reducing crossings due to El Nino | The Peninsula Qatar,http://thepeninsulaqatar.com/article/05/09/2026/panama-canal-begins-reducing-crossings-due-to-el-nino,thepeninsulaqatar.com,en,,2026-09-05T09:00:00+00:00,2026-10-06T18:46:40+00:00,,gdelt_doc:logistica,titular_metadatos,
N-5900a507937f,APEDE apuesta por fortalecer la institucionalidad y la justicia en Panamá,https://www.critica.com.pa/nacional/apede-apuesta-por-fortalecer-la-institucionalidad-y-la-justicia-en-panama-514281,critica.com.pa,es,,2026-08-09T18:00:00+00:00,2026-10-06T18:46:40+00:00,,gdelt_doc:economia,titular_metadatos,
N-590a83cf755c,Bab El - Mandeb : When a Small Island Can Move World Trade,http://www.bignewsnetwork.com/news/279303609/bab-el-mandeb-when-a-small-island-can-move-world-trade,bignewsnetwork.com,en,,2026-09-13T01:15:00+00:00,2026-10-06T18:46:40+00:00,,gdelt_doc:economia,titular_metadatos,
N-59173d350213,Universidad de Panamá destaca avances científicos y académicos al cierre de gestión de Flores,https://www.panamaamerica.com.pa/sociedad/universidad-de-panama-destaca-avances-cientificos-y-academicos-al-cierre-de-gestion-de,panamaamerica.com.pa,es,,2026-09-28T17:45:00+00:00,2026-10-06T18:46:40+00:00,,gdelt_doc:economia,titular_metadatos,
N-5917a68b6620,"Urge auditar edificaciones construidas antes de 1984 ante riesgo sísmico en Panamá , exigen expertos",https://www.prensa.com/economia/urge-auditar-edificaciones-construidas-antes-de-1984-ante-riesgo-sismico-en-panama-exigen-expertos/,prensa.com,es,,2026-07-11T19:15:00+00:00,2026-10-06T18:46:40+00:00,,gdelt_doc:panama,titular_metadatos,
N-591cfab5d4e9,Panamá Sub - 20 empata contra Pachuca en su preparación para el torneo Concacaf,https://www.prensa.com/deportes/panama-sub-20-empata-contra-pachuca-en-su-preparacion-para-el-torneo-concacaf/,prensa.com,es,,2026-07-17T00:15:00+00:00,2026-10-06T18:46:40+00:00,,gdelt_doc:panama,titular_metadatos,
N-593890280888,Panama Canal again tightens draft limits as water levels under pressure,https://kelo.com/2026/08/05/panama-canal-again-tightens-draft-limits-as-water-levels-under-pressure/,kelo.com,en,,2026-08-06T02:45:00+00:00,2026-10-06T18:46:40+00:00,,gdelt_doc:logistica,titular_metadatos,
N-5939015395e4,"Banco Nacional destinará $1 , 703 millones en préstamos dentro de su inversión 2027",https://www.laestrella.com.pa/economia/banco-nacional-destinara-1703-millones-en-prestamos-dentro-de-su-inversion-2027-AG26027272,laestrella.com.pa,es,,2026-09-28T07:30:00+00:00,2026-10-06T18:46:40+00:00,,gdelt_doc:economia,titular_metadatos,
N-59486a75e446,"Oil prices rise , stocks mixed ahead of crucial US inflation data",https://www.channelnewsasia.com/asia/asian-stocks-oil-prices-us-inflation-data-6313676,channelnewsasia.com,en,,2026-08-12T05:15:00+00:00,2026-10-06T18:46:40+00:00,,gdelt_doc:economia,titular_metadatos,
N-59800b410b76,Kany García se tatuó a Juanpis González y le hizo una promesa,https://www.eluniversal.com.co/farandula/2026/07/27/kany-garcia-se-tatuo-a-juanpis-gonzalez-y-le-hizo-una-promesa/,eluniversal.com.co,es,,2026-07-28T00:30:00+00:00,2026-10-06T18:46:40+00:00,,gdelt_doc:logistica,titular_metadatos,
N-59a7c164cc93,Aduanas aplaza hasta el 22 de septiembre obligatoriedad de declaración de reexportación en la Zona Libre de Colón,https://www.prensa.com/economia/aduanas-aplaza-hasta-el-22-de-septiembre-obligatoriedad-de-declaracion-de-reexportacion-en-la-zona-libre-de-colon/,prensa.com,es,,2026-08-09T19:30:00+00:00,2026-10-06T18:46:40+00:00,,gdelt_doc:economia,titular_metadatos,
N-59aaaa126e9e,Mexico Interoceanic Corridor : Panama Canal Alternative,https://www.riotimesonline.com/mexico-interoceanic-corridor-panama-canal-alternative-explained/,riotimesonline.com,en,,2026-07-14T13:15:00+00:00,2026-10-06T18:46:40+00:00,,gdelt_doc:logistica,titular_metadatos,
N-59def81e8b3f,Mulino a empresarios mexicanos : El momento de invertir en Panamá es ahora,https://www.critica.com.pa/nacional/mulino-empresarios-mexicanos-el-momento-de-invertir-en-panama-es-ahora-512937,critica.com.pa,es,,2026-07-16T04:45:00+00:00,2026-10-06T18:46:40+00:00,,gdelt_doc:panama,titular_metadatos,
N-59f38f42ad14,Trump new Iran play could blow up in his face and torch the global economy : experts,https://www.rawstory.com/donald-trump-iran-2677220417/,rawstory.com,en,,2026-07-14T13:45:00+00:00,2026-10-06T18:46:40+00:00,,gdelt_doc:logistica,titular_metadatos,
N-5a1db0728fe1,Tropical Storm Bertha in the Gulf of Mexico is moving toward the Florida Panhandle and Alabama - Las Vegas Sun News,https://lasvegassun.com/news/2026/jul/21/tropical-storm-bertha-in-the-gulf-of-mexico-is-mov/,lasvegassun.com,en,,2026-07-21T16:30:00+00:00,2026-10-06T18:46:40+00:00,,gdelt_doc:eventos_naturales,titular_metadatos,
N-5a346f2df9a3,Venezuela main airport partially resumes commercial flights after deadly earthquakes,https://www.capitalgazette.com/2026/09/01/venezuela-earthquakes-airport/,capitalgazette.com,en,,2026-09-01T23:15:00+00:00,2026-10-06T18:46:40+00:00,,gdelt_doc:turismo,titular_metadatos,
N-5a859350288b,Millones de litros de agua por barco : el sistema de esclusas que permite operar el Canal de Panamá y que El Niño amenaza,https://acento.com.do/bbc-news-mundo/millones-de-litros-de-agua-por-barco-el-sistema-de-esclusas-que-permite-operar-el-canal-de-panama-y-que-el-nino-amenaza-9747213.html,acento.com.do,es,,2026-09-03T15:30:00+00:00,2026-10-06T18:46:40+00:00,,gdelt_doc:economia,titular_metadatos,
N-5a8d849d0069,Forbidden Stories : La investigación sobre la red mundial tejida por EE . UU . para organizar expulsiones masivas,https://www.latercera.com/mundo/noticia/forbidden-stories-la-investigacion-sobre-la-red-mundial-tejida-por-eeuu-para-organizar-expulsiones-masivas/,latercera.com,es,,2026-09-22T19:45:00+00:00,2026-10-06T18:46:40+00:00,,gdelt_doc:economia,titular_metadatos,
N-5a94cd8be635,Ecuador y Panamá firman los términos para negociar un acuerdo comercial de alcance parcial,https://www.expreso.ec/economia-y-negocios/ecuador-panama-firman-terminos-negociar-acuerdo-comercial-alcance-parcial-294647.html,expreso.ec,es,,2026-09-04T23:15:00+00:00,2026-10-06T18:46:40+00:00,,gdelt_doc:economia,titular_metadatos,
N-5a989ebb244a,Puerto Rico suma cinco medallas en los Juegos Centroamericanos y del Caribe 2026,https://www.metro.pr/deportes/2026/07/28/puerto-rico-suma-cinco-medallas-en-los-juegos-centroamericanos-y-del-caribe-2026/,metro.pr,es,,2026-07-28T12:30:00+00:00,2026-10-06T18:46:40+00:00,,gdelt_doc:logistica,titular_metadatos,
N-5ab5b7ef54b1,El índice de confianza de los consumidores cae 17 puntos en seis meses,https://www.panamaamerica.com.pa/economia/el-indice-de-confianza-de-los-consumidores-cae-17-puntos-en-seis-meses-1264267,panamaamerica.com.pa,es,,2026-07-22T05:30:00+00:00,2026-10-06T18:46:40+00:00,,gdelt_doc:economia,titular_metadatos,
N-5adeb2df595f,Navy destroyer named for late Sen . Ted Stevens will be commissioned in Whittier on Saturday,https://www.adn.com/alaska-news/military/2026/10/01/navy-destroyer-named-for-late-sen-ted-stevens-will-be-commissioned-in-whittier-on-saturday/,adn.com,en,,2026-10-02T03:00:00+00:00,2026-10-06T18:46:40+00:00,,gdelt_doc:logistica,titular_metadatos,
N-5ae16f7d7426,¿ Qué le falta a la calle Panamá de Guayaquil para convertirse en un polo turístico ?,https://www.extra.ec/noticia/guayaquil/le-falta-calle-panama-guayaquil-convertirse-polo-turistico-161286.html,extra.ec,es,,2026-08-25T12:45:00+00:00,2026-10-06T18:46:40+00:00,,gdelt_doc:turismo,titular_metadatos,
N-5b2b55041528,"Gobierno apuesta por conectividad , logística e integración comercial para elevar la competitividad de RD",https://acento.com.do/economia/gobierno-apuesta-por-conectividad-logistica-e-integracion-comercial-para-elevar-la-competitividad-de-rd-9736250.html,acento.com.do,es,,2026-08-13T19:15:00+00:00,2026-10-06T18:46:40+00:00,,gdelt_doc:economia,titular_metadatos,
N-5b3b2630d726,Employment - Mining - Economic Growth in Panama . Stanley Motta Message .,https://newsroompanama.com/2026/09/11/employment-mining-economic-growth-in-panama-stanley-mottas-message/,newsroompanama.com,en,,2026-09-12T00:15:00+00:00,2026-10-06T18:46:40+00:00,,gdelt_doc:economia,titular_metadatos,
N-5b49f2c8f8d6,Panama Canal Announces New Draft Adjustments for Neopanamax Locks | Hellenic Shipping News Worldwide,https://www.hellenicshippingnews.com/panama-canal-announces-new-draft-adjustments-for-neopanamax-locks/,hellenicshippingnews.com,en,,2026-08-07T00:00:00+00:00,2026-10-06T18:46:40+00:00,,gdelt_doc:logistica,titular_metadatos,
N-5b4bdee3ff25,El secretario de Defensa de EE . UU . resalta en Panamá la cooperación en la lucha antidrogas,https://www.cadena3.com/noticia/mundo/el-secretario-de-defensa-de-eeuu-resalta-en-panama-la-cooperacion-en-la-lucha-antidrogas_583608,cadena3.com,es,,2026-08-14T00:15:00+00:00,2026-10-06T18:46:40+00:00,,gdelt_doc:economia,titular_metadatos,
N-5b6e2ef4ab1d,Inicia la vigésima segunda edición de la FIL Panamá,https://www.panamaamerica.com.pa/variedades/inicia-la-vigesima-segunda-edicion-de-la-fil-panama-1265555,panamaamerica.com.pa,es,,2026-08-25T16:15:00+00:00,2026-10-06T18:46:40+00:00,,gdelt_doc:logistica,titular_metadatos,
N-5b7014a0ed02,Panama Canal Pushes Back Planned Draft Cut for Big Ships,https://maritime-executive.com/article/panama-canal-pushes-back-planned-draft-cut-for-big-ships,maritime-executive.com,en,,2026-09-05T18:45:00+00:00,2026-10-06T18:46:40+00:00,,gdelt_doc:logistica,titular_metadatos,
N-5b9fac66e729,De Ormuz a Gibraltar,https://www.eldiario.es/opinion/ormuz-gibraltar_129_13488108.html,eldiario.es,es,,2026-09-05T04:45:00+00:00,2026-10-06T18:46:40+00:00,,gdelt_doc:economia,titular_metadatos,
N-5ba2e84440f9,Abelardo De la Espriella ya es presidente de Colombia,https://www.ellitoral.com/internacionales/abelardodelaespriella-presidentecolombia-usc-donaldtrump-gustavopetro-ivancepeda_0_iJf1evDz2b.html,ellitoral.com,es,,2026-08-07T23:45:00+00:00,2026-10-06T18:46:40+00:00,,gdelt_doc:economia,titular_metadatos,
N-5ba731b69097,Habilitan cinco aeropuertos para garantizar conectividad internacional ante emergencia,https://avn.info.ve/habilitan-cinco-aeropuertos-para-garantizar-conectividad-internacional-ante-emergencia/,avn.info.ve,es,,2026-07-10T16:30:00+00:00,2026-10-06T18:46:40+00:00,,gdelt_doc:logistica,titular_metadatos,
N-5badb4f4ce11,"Panamá , entre las tres ciudades candidatas a los Panamericanos Junior 2029",https://www.prensa.com/deportes/panama-entre-las-tres-ciudades-candidatas-a-los-panamericanos-junior-2029/,prensa.com,es,,2026-07-13T19:45:00+00:00,2026-10-06T18:46:40+00:00,,gdelt_doc:panama,titular_metadatos,
N-5bb27a264b07,El camino que abrió el café geisha a Panamá,https://www.prensa.com/economia/el-camino-que-abrio-el-cafe-geisha-a-panama/,prensa.com,es,,2026-08-10T05:30:00+00:00,2026-10-06T18:46:40+00:00,,gdelt_doc:economia,titular_metadatos,
N-5bc17d70b3a3,Panamá promueve ley para regular publicidad de influencers,https://www.teletica.com/internacional/panama-promueve-ley-para-regular-publicidad-de-influencers_413691,teletica.com,es,,2026-07-17T22:30:00+00:00,2026-10-06T18:46:40+00:00,,gdelt_doc:panama,titular_metadatos,
N-5bd9814e5131,Mulino pide una ONU que funcione mejor y reclama mayor peso para América Latina,https://www.midiario.com/nacionales/mulino-pide-una-onu-que-funcione-mejor-y-reclama-mayor-peso-para-america-latina/,midiario.com,es,,2026-09-23T21:15:00+00:00,2026-10-06T18:46:40+00:00,,gdelt_doc:logistica,titular_metadatos,
N-5bed4040499c,Fondo de Ahorro de Panamá gana $109 . 9 millones y reduce su exposición a bonos de la República,https://www.prensa.com/economia/fondo-de-ahorro-de-panama-gana-1099-millones-y-reduce-su-exposicion-a-bonos-de-la-republica/,prensa.com,es,,2026-08-16T13:15:00+00:00,2026-10-06T18:46:40+00:00,,gdelt_doc:economia,titular_metadatos,
N-5bfed57f86f4,"FIFA World Cup 2026 Generated $3 . 5 Billion for New York - New Jersey Region , Exceeding Projections",https://magic983.com/2026/08/31/fifa-world-cup-2026-generated-3-5-billion-for-new-york-new-jersey-region-exceeding-projections/,magic983.com,en,,2026-08-31T18:15:00+00:00,2026-10-06T18:46:40+00:00,,gdelt_doc:turismo,titular_metadatos,
N-5c24992ba846,Naviera surcoreana paga $5 . 3 millones en subasta para cruzar el Canal de Panamá,https://www.prensa.com/economia/naviera-surcoreana-paga-53-millones-en-subasta-para-cruzar-el-canal-de-panama/,prensa.com,es,,2026-08-26T00:30:00+00:00,2026-10-06T18:46:40+00:00,,gdelt_doc:economia,titular_metadatos,
N-5c4e52062126,Panamá y México fortalecen su alianza comercial en encuentro presidencial,https://www.panamaamerica.com.pa/mundo/panama-y-mexico-fortalecen-su-alianza-comercial-en-encuentro-presidencial-1264013,panamaamerica.com.pa,es,,2026-07-15T13:00:00+00:00,2026-10-06T18:46:40+00:00,,gdelt_doc:panama,titular_metadatos,
N-5c5a089df2a1,Panamá descarta restablecer relaciones con Venezuela hasta que haya nuevas elecciones,https://talcualdigital.com/panama-descarta-restablecer-relaciones-con-venezuela-hasta-que-haya-nuevas-elecciones/,talcualdigital.com,es,,2026-07-21T16:45:00+00:00,2026-10-06T18:46:40+00:00,,gdelt_doc:panama,titular_metadatos,
N-5c5b47739a5c,Sudamérica recibe una buena noticia : Perú y Colombia firman acuerdos clave para vuelos directos a Barbados y reducir las escalas | pasajes baratos en LATAM | vuelos directos peru caribe | vuelos directos colombia caribe | Mundo,https://larepublica.pe/mundo/2026/07/31/sudamerica-recibe-una-buena-noticia-peru-y-colombia-firman-acuerdos-clave-para-vuelos-directos-a-barbados-y-reducir-las-escalas-1852529,larepublica.pe,es,,2026-07-31T17:45:00+00:00,2026-10-06T18:46:40+00:00,,gdelt_doc:turismo,titular_metadatos,
N-5c5b59bda3c2,Es hora de sacar a Panamá de la lista fiscal de la Unión Europea,https://www.laestrella.com.pa/panama/nacional/pellentesque-convallis-placerat-OC26063049,laestrella.com.pa,es,,2026-09-29T07:30:00+00:00,2026-10-06T18:46:40+00:00,,gdelt_doc:panama,titular_metadatos,
N-5c7265d307af,La evolución del fútbol panameño : de sobrevivir a competir con identidad propia,https://www.midiario.com/deportivas/panama-dejo-de-sobrevivir-y-construyo-una-identidad-propia/,midiario.com,es,,2026-07-15T22:45:00+00:00,2026-10-06T18:46:40+00:00,,gdelt_doc:panama,titular_metadatos,
N-5c83ee48f58a,Canciller Martínez - Acha se reúne con su par emiratí para impulsar acuerdos comerciales e infraestructura,https://www.panamaamerica.com.pa/economia/canciller-martinez-acha-se-reune-con-su-par-emirati-para-impulsar-acuerdos-comerciales-e,panamaamerica.com.pa,es,,2026-09-28T07:45:00+00:00,2026-10-06T18:46:40+00:00,,gdelt_doc:panama,titular_metadatos,
N-5c8d1d63cbde,"El Niño amenaza con encarecer alimentos , energía y logística en Centroamérica y República Dominicana durante 2027",https://www.infobae.com/el-salvador/2026/09/12/el-nino-amenaza-con-encarecer-alimentos-energia-y-logistica-en-centroamerica-y-republica-dominicana-durante-2027/,infobae.com,es,,2026-09-12T14:30:00+00:00,2026-10-06T18:46:40+00:00,,gdelt_doc:economia,titular_metadatos,
N-5c8d305d1f74,En Capira se oponen a traslado de cementerios,https://www.diaadia.com.pa/fama/en-capira-se-oponen-traslado-de-cementerios-790991,diaadia.com.pa,es,,2026-08-02T22:45:00+00:00,2026-10-06T18:46:40+00:00,,gdelt_doc:logistica,titular_metadatos,
N-5c94a6849eb3,"Mulino y Noboa acuerdan alianzas en comercio , inversión , seguridad y energía",https://www.laestrella.com.pa/mundo/america/mulino-y-noboa-acuerdan-alianzas-en-comercio-inversion-seguridad-y-energia-JA25430999,laestrella.com.pa,es,,2026-09-04T21:15:00+00:00,2026-10-06T18:46:40+00:00,,gdelt_doc:logistica,titular_metadatos,
N-5c9aa45ff7b9,Finlandia frena la construcción de dos centros de datos de Google por su impacto ambiental,https://www.tvn-2.com/mundo/finlandia-frena-construccion-centros-datos-google-impacto-ambiental_1_2264594.html,tvn-2.com,es,2026-10-06T16:17:17+00:00,,2026-10-06T18:46:40+00:00,,tvn_rss,titular_metadatos,
N-5ca9e89fb86c,"Más de 12 , 400 extranjeros solicitaron permiso para trabajar en Panamá",https://www.infobae.com/panama/2026/07/28/mas-de-12400-extranjeros-solicitaron-permiso-para-trabajar-en-panama/,infobae.com,es,,2026-07-28T22:30:00+00:00,2026-10-06T18:46:40+00:00,,gdelt_doc:economia,titular_metadatos,
N-5caad0d145a8,The sunhat is everywhere in Athens as crowds grow larger at ancient Greek sites,http://www.rockymounttelegram.com/news/world/the-sunhat-is-everywhere-in-athens-as-crowds-grow-larger-at-ancient-greek-sites/article_4037de22-8e18-597d-9e6f-af6ff0c8f70f.html,rockymounttelegram.com,en,,2026-08-24T03:30:00+00:00,2026-10-06T18:46:40+00:00,,gdelt_doc:turismo,titular_metadatos,
N-5cb802dd6a66,Ofrecen detalles de la Feria Internacional del Libro de Panamá 2026,https://www.telemetro.com/entrevistas/nacionales/ofrecen-detalles-la-feria-internacional-del-libro-panama-2026-n6088363,telemetro.com,es,,2026-08-13T16:15:00+00:00,2026-10-06T18:46:40+00:00,,gdelt_doc:logistica,titular_metadatos,
N-5cd6f90a3c16,Lonis sobre venta de Tomás Rodríguez : Todas las partes quedaron contentas,https://www.teletica.com/deportivo-saprissa/lonis-sobre-venta-de-tomas-rodriguez-todas-las-partes-quedaron-contentas_413248,teletica.com,es,,2026-07-10T17:30:00+00:00,2026-10-06T18:46:40+00:00,,gdelt_doc:logistica,titular_metadatos,
N-5cdb7f967196,El giro por Malvinas . Entre la oportunidad y la ilusión de una intervención trumpista,https://www.lanacion.com.ar/politica/el-giro-por-malvinas-entre-la-oportunidad-y-la-ilusion-de-una-intervencion-trumpista-nid05092026/,lanacion.com.ar,es,,2026-09-06T06:45:00+00:00,2026-10-06T18:46:40+00:00,,gdelt_doc:turismo,titular_metadatos,
N-5cf1fc6afa72,Chinese goods transshipment haunts Trump - Xi meeting : nine Latin American countries flagged,https://www.euronews.com/2026/09/24/chinese-goods-transshipment-haunts-trump-xi-meeting-nine-latin-american-countries-flagged,euronews.com,en,,2026-09-24T07:45:00+00:00,2026-10-06T18:46:40+00:00,,gdelt_doc:logistica,titular_metadatos,
N-5d0af7c35381,Newton Williams se roba el show para Saprissa y hasta celebró como Cristiano Ronaldo : Siuuuuuu,https://www.nacion.com/puro-deporte/futbol/newton-williams-se-roba-el-show-para-saprissa-y/KRWQHNBAGBHNFGSKK67DHRCB6U/story/,nacion.com,es,,2026-08-03T01:30:00+00:00,2026-10-06T18:46:40+00:00,,gdelt_doc:logistica,titular_metadatos,
N-5d0c500bcaae,How a powerful El Niño will affect people around the world,https://www.theweathernetwork.com/en/news/weather/severe/how-a-powerful-el-nino-will-affect-people-around-the-world,theweathernetwork.com,en,,2026-09-04T02:15:00+00:00,2026-10-06T18:46:40+00:00,,gdelt_doc:economia,titular_metadatos,
N-5d0d5a5e3ac2,RD sigue baja en indicadores salud y aportes al PIB,https://eldia.com.do/rd-sigue-baja-en-indicadores-salud-y-aportes-al-pib/,eldia.com.do,es,,2026-09-09T14:30:00+00:00,2026-10-06T18:46:40+00:00,,gdelt_doc:economia,titular_metadatos,
N-5d29bae6ecb2,Preview - Asamblea de Panamá,https://www.asamblea.gob.pa/Noticias/Noticias/COMISION-DE-PRESUPUESTO-AVALA-TRASLADOS-DE-PARTIDAS-,asamblea.gob.pa,es,,2026-10-01T23:30:00+00:00,2026-10-06T18:46:40+00:00,,gdelt_doc:turismo,titular_metadatos,
N-5d3722766275,Curaçao se está convirtiendo en el destino favorito de los peruanos,https://jcmagazine.com/curacao-se-esta-convirtiendo-en-el-destino-favorito-de-los-peruanos/,jcmagazine.com,es,,2026-08-03T23:15:00+00:00,2026-10-06T18:46:40+00:00,,gdelt_doc:turismo,titular_metadatos,
N-5d38a03bf9ee,Guayaquil tiene muchísimo más : la oferta turística en la ciudad está atravesada por la inseguridad,https://www.expreso.ec/guayaquil/guayaquil-muchisimo-oferta-turistica-ciudad-atravesado-inseguridad-296999.html,expreso.ec,es,,2026-09-27T12:45:00+00:00,2026-10-06T18:46:40+00:00,,gdelt_doc:turismo,titular_metadatos,
N-5d4128626a03,China US LPG buying is back on a better duty strategy | Hellenic Shipping News Worldwide,https://www.hellenicshippingnews.com/chinas-us-lpg-buying-is-back-on-a-better-duty-strategy/,hellenicshippingnews.com,en,,2026-09-24T11:30:00+00:00,2026-10-06T18:46:40+00:00,,gdelt_doc:logistica,titular_metadatos,
N-5d443dc216e0,"Panamá declara emergencia para enfrentar sequía y lluvias intensas por El Niño – Periódico Zócalo | Noticias de Saltillo , Torreón , Piedras Negras , Monclova , Acuña",https://www.zocalo.com.mx/panama-declara-emergencia-para-enfrentar-sequia-y-lluvias-intensas-por-el-nino-2/,zocalo.com.mx,es,,2026-08-26T05:00:00+00:00,2026-10-06T18:46:40+00:00,,gdelt_doc:logistica,titular_metadatos,
N-5d65161b672c,Más de 22 toneladas de ayuda humanitaria arriban a La Guaira procedentes de Panamá,https://www.globovision.com/nacional/59017/mas-de-22-toneladas-de-ayuda-humanitaria-arriban-a-la-guaira-procedentes-de-panama,globovision.com,es,,2026-07-19T01:30:00+00:00,2026-10-06T18:46:40+00:00,,gdelt_doc:panama,titular_metadatos,
N-5d8ed8a375d7,Bertha Update 4pm CT : Tropical Storm Winds Spread Over Florida Panhandle,https://945rocks.iheart.com/content/2026-07-21-bertha-update-tropical-storm-winds-spread-over-florida-panhandle/,945rocks.iheart.com,en,,2026-07-21T22:15:00+00:00,2026-10-06T18:46:40+00:00,,gdelt_doc:eventos_naturales,titular_metadatos,
N-5dbaab44ef52,De China a España e India : estos son los 10 embajadores recibidos por Mulino,https://www.telemetro.com/nacionales/de-china-espana-e-india-estos-son-los-10-embajadores-recibidos-mulino-n6093433,telemetro.com,es,,2026-09-29T22:00:00+00:00,2026-10-06T18:46:40+00:00,,gdelt_doc:panama,titular_metadatos,
N-5df42d1b50f8,The Panama Canal Board of Directors Appoints Rubén Pérez Pinzón as Temporary Deputy Administrator of the Canal .,https://newsroompanama.com/2026/09/04/the-panama-canal-board-of-directors-appoints-ruben-perez-pinzon-as-temporary-deputy-administrator-of-the-canal/,newsroompanama.com,en,,2026-09-04T20:15:00+00:00,2026-10-06T18:46:40+00:00,,gdelt_doc:logistica,titular_metadatos,
N-5df72262e827,First Quantum Minerals Ltd .: First Quantum Provides Update on Cobre Panamá,https://www.finanznachrichten.de/nachrichten-2026-09/69722159-first-quantum-minerals-ltd-first-quantum-provides-update-on-cobre-panama-399.htm,finanznachrichten.de,en,,2026-09-30T18:30:00+00:00,2026-10-06T18:46:40+00:00,,gdelt_doc:panama,titular_metadatos,
N-5e1bc49202ad,Santa Marta sale a recuperar los turistas que espantó el paro armado : la estrategia para limpiar su imagen dentro y fuera del país,https://www.eltiempo.com/colombia/otras-ciudades/santa-marta-sale-a-recuperar-los-turistas-que-espanto-el-paro-armado-la-estrategia-para-limpiar-su-imagen-dentro-y-fuera-del-pais-3590064,eltiempo.com,es,,2026-09-30T13:45:00+00:00,2026-10-06T18:46:40+00:00,,gdelt_doc:turismo,titular_metadatos,
N-5e2ace4713b6,"Presidente Mulino y Asociación de Navieros de Japón , dispuestos a colaborar en temas marítimos – Ministerio de Relaciones exteriores",https://mire.gob.pa/presidente-mulino-y-asociacion-de-navieros-de-japon-dispuestos-a-colaborar-en-temas-maritimos/,mire.gob.pa,es,,2026-07-14T02:15:00+00:00,2026-10-06T18:46:40+00:00,,gdelt_doc:economia,titular_metadatos,
N-5e32dbb4924a,Andalucía saca a subasta solares e inmuebles sin uso para favorecer la construcción de casi 300 viviendas,https://www.europapress.es/esandalucia/sevilla/noticia-andalucia-saca-subasta-solares-inmuebles-uso-favorecer-construccion-casi-300-viviendas-20260929154431.html,europapress.es,es,,2026-09-29T16:15:00+00:00,2026-10-06T18:46:40+00:00,,gdelt_doc:economia,titular_metadatos,
N-5e40aebe75cc,Tarifa de luz en Panamá : Gobierno aprueba fondos para evitar aumento en las facturas,https://www.telemetro.com/nacionales/tarifa-luz-panama-gobierno-aprueba-fondos-evitar-aumento-las-facturas-n6089757,telemetro.com,es,,2026-08-26T13:15:00+00:00,2026-10-06T18:46:40+00:00,,gdelt_doc:economia,titular_metadatos,
N-5e41e9b82b15,La Fiesta del Poncho vuelve a competir por el premio internacional Pasaporte Abierto,https://www.elancasti.com.ar/cultura/la-fiesta-del-poncho-vuelve-competir-el-premio-internacional-pasaporte-abierto-n620022,elancasti.com.ar,es,,2026-08-24T16:15:00+00:00,2026-10-06T18:46:40+00:00,,gdelt_doc:turismo,titular_metadatos,
N-5e5bda73c20e,Tratados Torrijos - Carter : entresijos de la historia,https://www.prensa.com/opinion/tratados-torrijos-carter-entresijos-de-la-historia/,prensa.com,es,,2026-10-01T02:15:00+00:00,2026-10-06T18:46:40+00:00,,gdelt_doc:logistica,titular_metadatos,
N-5e795135fc05,"Panama is not only the beginning : Foreign Minister pitches nation as India premier manufacturing , trade launchpad in Latin America",http://www.trinidadtimes.com/news/279199252/panama-is-not-only-the-beginning-foreign-minister-pitches-nation-as-india-premier-manufacturing-trade-launchpad-in-latin-america,trinidadtimes.com,en,,2026-07-20T20:15:00+00:00,2026-10-06T18:46:40+00:00,,gdelt_doc:economia,titular_metadatos,
N-5e7c87fd5b12,Demandarán a exfiscales del caso Panama Papers,https://www.panamaamerica.com.pa/judicial/demandaran-exfiscales-del-caso-panama-papers-1266224,panamaamerica.com.pa,es,,2026-09-11T05:45:00+00:00,2026-10-06T18:46:40+00:00,,gdelt_doc:economia,titular_metadatos,
N-5e8016f8d04c,Growth Forecasts for Panama are Raised to More than 5 % in 2026 from UBS .,https://newsroompanama.com/2026/09/05/growth-forecasts-for-panama-are-raised-to-more-than-5-in-2026-from-ubs/,newsroompanama.com,en,,2026-09-06T00:30:00+00:00,2026-10-06T18:46:40+00:00,,gdelt_doc:economia,titular_metadatos,
N-5e88779bc4a3,Golpiza a influencer mexicano en Panamá no se apaga : medios internacionales retoman el caso y Comando Sur investiga,https://www.midiario.com/farandula/golpiza-a-influencer-mexicano-en-panama-no-se-apaga-medios-internacionales-retoman-el-caso-y-comando-sur-investiga/,midiario.com,es,,2026-09-04T19:15:00+00:00,2026-10-06T18:46:40+00:00,,gdelt_doc:panama,titular_metadatos,
N-5e8d8214bda8,¡ Ojo con el tranque ! Cierran Panamá Pacífico por obras del Metro,https://www.critica.com.pa/nacional/ojo-con-el-tranque-cierran-panama-pacifico-por-obras-del-metro-512766,critica.com.pa,es,,2026-07-13T19:15:00+00:00,2026-10-06T18:46:40+00:00,,gdelt_doc:panama,titular_metadatos,
N-5e9db800e15d,Mulino visitará Ecuador el viernes para hablar sobre economía y seguridad,https://www.panamaamerica.com.pa/politica/mulino-visitara-ecuador-el-viernes-para-hablar-sobre-economia-y-seguridad-1265822,panamaamerica.com.pa,es,,2026-09-01T17:00:00+00:00,2026-10-06T18:46:40+00:00,,gdelt_doc:economia,titular_metadatos,
N-5ea0c450f7f3,"Tropical Storm Bertha Strengthens , Top Winds 60",https://us1035.iheart.com/content/2026-07-21-tropical-storm-bertha-strengthens-top-winds-60/,us1035.iheart.com,en,,2026-07-21T19:15:00+00:00,2026-10-06T18:46:40+00:00,,gdelt_doc:eventos_naturales,titular_metadatos,
N-5eac58b5a9a6,"Liberia , U . S . Hold High - Level Maritime Security Talks Amid Push for Economic Cooperation",https://frontpageafricaonline.com/liberia-u-s-hold-high-level-maritime-security-talks-amid-push-for-economic-cooperation/,frontpageafricaonline.com,en,,2026-09-24T08:45:00+00:00,2026-10-06T18:46:40+00:00,,gdelt_doc:economia,titular_metadatos,
N-5ed0590f51f2,MEF anuncia nueva subasta de vehículos reparables : fecha e inscripciones,https://www.telemetro.com/nacionales/mef-anuncia-nueva-subasta-vehiculos-reparables-fecha-e-inscripciones-n6084864,telemetro.com,es,,2026-07-11T02:15:00+00:00,2026-10-06T18:46:40+00:00,,gdelt_doc:economia,titular_metadatos,
N-5edc7619d0f6,BREAKING : House fire damages two homes on Atkins Road in Panama City ; no injuries reported,https://www.wjhg.com/2026/09/28/breaking-house-fire-damages-two-homes-atkins-road-panama-city-no-injuries-reported/,wjhg.com,en,,2026-09-29T01:00:00+00:00,2026-10-06T18:46:40+00:00,,gdelt_doc:panama,titular_metadatos,
N-5eedcd18e0de,Hurricane Fausto forms in the eastern Pacific,https://www.wmur.com/article/hurricane-fausto-eastern-pacific/73198209,wmur.com,en,,2026-07-21T07:00:00+00:00,2026-10-06T18:46:40+00:00,,gdelt_doc:eventos_naturales,titular_metadatos,
N-5efd6fc3dcc9,Ingresos del Canal de Panamá crecen un 17 %,https://www.critica.com.pa/nacional/ingresos-del-canal-de-panama-crecen-un-17-513347,critica.com.pa,es,,2026-07-23T03:45:00+00:00,2026-10-06T18:46:40+00:00,,gdelt_doc:logistica,titular_metadatos,
N-5f0d2ab678fb,"Trump Sparks Firestorm With Map Depicting US Expansion Into Canada , Greenland and Venezuela",https://www.ibtimes.co.uk/trump-map-territorial-ambitions-1808858,ibtimes.co.uk,en,,2026-07-15T16:45:00+00:00,2026-10-06T18:46:40+00:00,,gdelt_doc:logistica,titular_metadatos,
N-5f20fb84ffe6,La renta canalera y el círculo que pagamos todos,https://www.prensa.com/opinion/la-renta-canalera-y-el-circulo-que-pagamos-todos/,prensa.com,es,,2026-09-07T02:15:00+00:00,2026-10-06T18:46:40+00:00,,gdelt_doc:economia,titular_metadatos,
N-5f2b95dcdd69,Más allá del 7 de septiembre : 74 años de construcción de soberanía sobre el Canal,https://www.prensa.com/opinion/mas-alla-del-7-de-septiembre-74-anos-de-construccion-de-soberania-sobre-el-canal/,prensa.com,es,,2026-09-07T02:15:00+00:00,2026-10-06T18:46:40+00:00,,gdelt_doc:logistica,titular_metadatos,
N-5f3565d3b412,100 % of the Shares of Petroterminal were Acquired by Panama .,https://newsroompanama.com/2026/09/02/100-of-the-shares-of-petroterminal-were-acquired-by-panama/,newsroompanama.com,en,,2026-09-03T05:45:00+00:00,2026-10-06T18:46:40+00:00,,gdelt_doc:economia,titular_metadatos,
N-5f3a4c11d011,Google anunció un nuevo cable submarino y el Gobierno chileno destacó su impacto económico,http://www.tiempodesanjuan.com/chile/google-anuncio-un-nuevo-cable-submarino-y-el-gobierno-chileno-destaco-su-impacto-economico_1786458589,tiempodesanjuan.com,es,,2026-08-11T17:30:00+00:00,2026-10-06T18:46:40+00:00,,gdelt_doc:economia,titular_metadatos,
N-5f3bdd3be017,Chiriquí Occidente y Panamá Oeste disputarán título de Nacional U - 23,https://www.critica.com.pa/deportes/chiriqui-occidente-y-panama-oeste-disputaran-titulo-de-nacional-u-23-515531,critica.com.pa,es,,2026-08-31T07:15:00+00:00,2026-10-06T18:46:40+00:00,,gdelt_doc:panama,titular_metadatos,
N-5f5bf1071f76,Estabilidad para seguir gastando,https://www.prensa.com/opinion/estabilidad-para-seguir-gastando/,prensa.com,es,,2026-10-01T06:00:00+00:00,2026-10-06T18:46:40+00:00,,gdelt_doc:logistica,titular_metadatos,
N-5f656f78fad3,Fitch Raitings : Economía panameña podría sumar hasta un 2 % al crecimiento del PIB con la reapertura de Cobre Panamá,https://www.telemetro.com/economia/fitch-raitings-economia-panamena-podria-sumar-un-2-al-crecimiento-del-pib-la-reapertura-cobre-panama-n6085907,telemetro.com,es,,2026-07-21T20:45:00+00:00,2026-10-06T18:46:40+00:00,,gdelt_doc:economia,titular_metadatos,
N-5f70bdce20dc,Kayra Harding comentó en 30 días despedirán el cuerpo del príncipe Anthony Bart - Appiah,https://www.panamaamerica.com.pa/variedades/kayra-harding-comento-en-30-dias-despediran-el-cuerpo-del-principe-anthony-bart-appiah,panamaamerica.com.pa,es,,2026-08-26T23:00:00+00:00,2026-10-06T18:46:40+00:00,,gdelt_doc:turismo,titular_metadatos,
N-5f7132340160,Se escucha por ahí,https://www.critica.com.pa/escucha/se-escucha-por-ahi-513998,critica.com.pa,es,,2026-08-04T08:00:00+00:00,2026-10-06T18:46:40+00:00,,gdelt_doc:economia,titular_metadatos,
N-5f8a4f368aa2,"Due To Austerity Measures , the IMA Suspends Purchase of Electric Vehicles .",https://newsroompanama.com/2026/09/19/due-to-austerity-measures-the-ima-suspends-purchase-of-electric-vehicles/,newsroompanama.com,en,,2026-09-20T04:45:00+00:00,2026-10-06T18:46:40+00:00,,gdelt_doc:economia,titular_metadatos,
N-5f965fe5bff2,Power costs biggest threat to hotels – Panama Hotel CEO,https://punchng.com/power-costs-biggest-threat-to-hotel-businesses-panama-hotel-ceo/,punchng.com,en,,2026-09-13T01:15:00+00:00,2026-10-06T18:46:40+00:00,,gdelt_doc:economia,titular_metadatos,
N-5fdb685d3fc6,Conozca cuáles son los países de la región que están dolarizados y tienen cuentas en dólares,https://www.larepublica.co/finanzas-personales/conozca-cuales-son-los-paises-de-la-region-que-estan-dolarizados-y-tienen-cuentas-en-dolares-4448067,larepublica.co,es,,2026-07-31T05:30:00+00:00,2026-10-06T18:46:40+00:00,,gdelt_doc:economia,titular_metadatos,
N-5ff7c4ccac0c,"El í de De la Espriella impulsa la interconexión eléctrica entre Panamá , Colombia y Ecuador",https://www.laestrella.com.pa/mundo/america/el-si-de-de-la-espriella-impulsa-la-interconexion-electrica-entre-panama-colombia-y-ecuador-GA25439843,laestrella.com.pa,es,,2026-09-05T01:45:00+00:00,2026-10-06T18:46:40+00:00,,gdelt_doc:panama,titular_metadatos,
N-6000c2154e11,John John Florence Surfs One Perfect Little Right,https://www.theinertia.com/surf/john-john-florence-surfs-one-perfect-little-right/,theinertia.com,en,,2026-09-22T22:45:00+00:00,2026-10-06T18:46:40+00:00,,gdelt_doc:logistica,titular_metadatos,
N-6004003a731a,Pago del bono permanente a jubilados y pensionados CSS : ¿ cuándo depositan los B /. 50 en agosto de 2026 ?,https://www.telemetro.com/nacionales/pago-del-bono-permanente-jubilados-y-pensionados-css-cuando-depositan-los-b50-agosto-2026-n6086212,telemetro.com,es,,2026-07-24T15:45:00+00:00,2026-10-06T18:46:40+00:00,,gdelt_doc:economia,titular_metadatos,
N-6008b38357dd,"Fallo de la Corte mantiene el flujo de fondos hacia la Amupa , pese a cuestionamientos",https://www.prensa.com/politica/fallo-de-la-corte-mantiene-el-flujo-de-fondos-hacia-la-amupa-pese-a-cuestionamientos/,prensa.com,es,,2026-08-16T08:15:00+00:00,2026-10-06T18:46:40+00:00,,gdelt_doc:economia,titular_metadatos,
N-600ed37d0d65,México y Japón estrechan cooperación en economía digital e inteligencia artificial,https://www.proceso.com.mx/economia/2026/8/4/mexico-y-japon-estrechan-cooperacion-en-economia-digital-e-inteligencia-artificial-377381.html,proceso.com.mx,es,,2026-08-04T17:00:00+00:00,2026-10-06T18:46:40+00:00,,gdelt_doc:economia,titular_metadatos,
N-602d24764d39,Abelardo de la Espriella anuncia decisiones contra migración ilegal en Colombia,https://www.pulzo.com/nacion/abelardo-espriella-anuncia-decisiones-contra-migracion-ilegal-colombia-PP5282861,pulzo.com,es,,2026-08-24T17:45:00+00:00,2026-10-06T18:46:40+00:00,,gdelt_doc:turismo,titular_metadatos,
N-60369143b89d,.: El Sol de Margarita :.,https://elsoldemargarita.com.ve/posts/post/id:258622/Fedec%C3%A1maras,elsoldemargarita.com.ve,es,,2026-08-20T04:45:00+00:00,2026-10-06T18:46:40+00:00,,gdelt_doc:economia,titular_metadatos,
N-6042a28a9c97,Cundinamarca busca hacer una radiografía de su biodiversidad,https://www.elnuevosiglo.com.co/bienestar/cundinamarca-busca-hacer-una-radiografia-de-su-biodiversidad,elnuevosiglo.com.co,es,,2026-09-10T01:00:00+00:00,2026-10-06T18:46:40+00:00,,gdelt_doc:turismo,titular_metadatos,
N-60506da5aec7,"¡ Jefa , jefa , jefa !: quién es Ilya Espino de Marotta , la ingeniera de casco rosa que al frente del Canal de Panamá supervisa parte del comercio mundial",https://www.prensalibre.com/internacional/bbc-news-mundo-internacional/jefa-jefa-jefa-quien-es-ilya-espino-de-marotta-la-ingeniera-de-casco-rosa-que-al-frente-del-canal-de-panama-supervisa-parte-del-comercio-mundial-2/,prensalibre.com,es,,2026-09-12T20:15:00+00:00,2026-10-06T18:46:40+00:00,,gdelt_doc:economia,titular_metadatos,
N-60829ab683b5,Asdrúbal Oliveros planteó libertad monetaria como alternativa a la dolarización,https://noticierodigital.com/2026/08/asdrubal-oliveros-la-confianza-monetaria-no-deberia-imponerse-deberia-ganarse/,noticierodigital.com,es,,2026-08-31T22:00:00+00:00,2026-10-06T18:46:40+00:00,,gdelt_doc:economia,titular_metadatos,
N-608dba9e1070,"Tropical Storm Bertha strengthens as warnings extend along Gulf Coast , NHC says",https://www.delcotimes.com/2026/07/21/tropial-storm-bertha-strengthens-near-gulf-coast/,delcotimes.com,en,,2026-07-21T16:45:00+00:00,2026-10-06T18:46:40+00:00,,gdelt_doc:eventos_naturales,titular_metadatos,
N-609526fa7205,"Si uno hace fríamente los números , no conviene seguir : la historia de un productor que resume la crisis de la naranja y la mandarina",https://www.clarin.com/rural/hace-friamente-numeros-conviene-seguir-historia-productor-resume-crisis-naranja-mandarina_0_T5Kag7F4pf.html,clarin.com,es,,2026-09-11T12:15:00+00:00,2026-10-06T18:46:40+00:00,,gdelt_doc:economia,titular_metadatos,
N-60a94233af46,Productores de arroz en Panamá exigen proyectos de riego y semillas resistentes,https://www.panamaamerica.com.pa/sociedad/productores-de-arroz-en-panama-exigen-proyectos-de-riego-y-semillas-resistentes-1266942,panamaamerica.com.pa,es,,2026-10-01T03:00:00+00:00,2026-10-06T18:46:40+00:00,,gdelt_doc:economia,titular_metadatos,
N-60af023f8d31,La historia de exilio que marcó a Rubén Blades | Escenario,https://www.elvocero.com/escenario/por-qu-rub-n-blades-tuvo-que-abandonar-panam-tras-la-acusaci-n-contra-su/article_b9088f5d-b7ea-47da-9e12-7085fbef7a57.html,elvocero.com,es,,2026-07-17T19:15:00+00:00,2026-10-06T18:46:40+00:00,,gdelt_doc:logistica,titular_metadatos,
N-60bc3397ee60,Exclusivo : Federico Gutiérrez le solicitará a la justicia de Estados Unidos que estudie pedir en extradición a Daniel Quintero y sus aliados,https://www.semana.com/politica/articulo/exclusivo-federico-gutierrez-le-solicitara-a-la-justicia-de-estados-unidos-que-estudie-pedir-en-extradicion-a-daniel-quintero-y-sus-aliados/202653/,semana.com,es,,2026-08-29T06:45:00+00:00,2026-10-06T18:46:40+00:00,,gdelt_doc:turismo,titular_metadatos,
N-60ca7e82b0ad,Margaritaville developers make renewed case for Texas City project,https://www.galvnews.com/news/margaritaville-developers-make-renewed-case-for-texas-city-project/article_9308897b-011e-4f8f-b9e7-d523522c8916.html,galvnews.com,en,,2026-08-13T00:30:00+00:00,2026-10-06T18:46:40+00:00,,gdelt_doc:eventos_naturales,titular_metadatos,
N-60cbfd8d9d7f,Sudamérica recibe una buena noticia : Perú y Colombia firman acuerdos clave para vuelos directos a Barbados y reducir las escalas | pasajes baratos en LATAM | vuelos directos peru caribe | vuelos directos colombia caribe | Mundo,https://larepublica.pe:443/mundo/2026/07/31/sudamerica-recibe-una-buena-noticia-peru-y-colombia-firman-acuerdos-clave-para-vuelos-directos-a-barbados-y-reducir-las-escalas-1852529,larepublica.pe,es,,2026-07-31T19:30:00+00:00,2026-10-06T18:46:40+00:00,,gdelt_doc:turismo,titular_metadatos,
N-60f94eaada2b,Más de 1 . 700 militares participan en Panamax 2026 para proteger el Canal de Panamá,https://www.panamaamerica.com.pa/sociedad/mas-de-1700-militares-participan-en-panamax-2026-para-proteger-el-canal-de-panama-1264743,panamaamerica.com.pa,es,,2026-08-03T22:15:00+00:00,2026-10-06T18:46:40+00:00,,gdelt_doc:logistica,titular_metadatos,
N-60fa9123cf7e,Alcaldía de Panamá reabre Centro de Atención al Contribuyente : horario y trámites disponibles,https://www.telemetro.com/nacionales/alcaldia-panama-reabre-centro-atencion-al-contribuyente-horario-y-tramites-disponibles-n6093692,telemetro.com,es,,2026-10-01T17:30:00+00:00,2026-10-06T18:46:40+00:00,,gdelt_doc:panama,titular_metadatos,
N-611388b95149,Presidente Mulino y la primera dama participan en la inauguración de la Asamblea de la ONU,https://www.diaadia.com.pa/el-pais/presidente-mulino-y-la-primera-dama-participan-en-la-inauguracion-de-la-asamblea-de-la-onu,diaadia.com.pa,es,,2026-09-22T18:00:00+00:00,2026-10-06T18:46:40+00:00,,gdelt_doc:economia,titular_metadatos,
N-6126924c29b3,¿ Cómo el complejo militar - industrial de EEUU engendró sistemáticamente el terrorismo después del 11 - S ?,https://www.hispantv.com/noticias/opinion/660273/farsa-guerra-contra-terrorismo-complejo-militar-industrial-eeuu-atentados-11-s,hispantv.com,es,,2026-09-12T08:15:00+00:00,2026-10-06T18:46:40+00:00,,gdelt_doc:economia,titular_metadatos,
N-6133a7ea77bd,We Love Our Sea Turtles in Panama : MiAMBIENTE Establishes the National Committee for their Protection and Conservation,https://newsroompanama.com/2026/08/07/we-love-our-sea-turtles-in-panama-miambiente-establishes-the-national-committee-for-their-protection-and-conservation/,newsroompanama.com,en,,2026-08-07T23:45:00+00:00,2026-10-06T18:46:40+00:00,,gdelt_doc:turismo,titular_metadatos,
N-614ab723243d,"Inversiones : En España , hay mucho interés por Panamá , asegura Moltó",https://www.laestrella.com.pa/economia/inversiones-en-espana-hay-mucho-interes-por-panama-asegura-molto-BI25873323,laestrella.com.pa,es,,2026-09-22T00:30:00+00:00,2026-10-06T18:46:40+00:00,,gdelt_doc:economia,titular_metadatos,
N-6159317bc009,Google anuncia un nuevo cable submarino que conectará Chile con Panamá y República Dominicana,https://www.latercera.com/pulso/noticia/google-anuncia-un-nuevo-cable-submarino-que-conectara-a-chile-con-panama/,latercera.com,es,,2026-08-11T14:00:00+00:00,2026-10-06T18:46:40+00:00,,gdelt_doc:economia,titular_metadatos,
N-616c940ef1cd,Ednita Nazario celebra nueva etapa con álbum FuegoAlmaVida,https://www.diariolasamericas.com/cultura/ednita-nazario-celebra-nueva-etapa-album-fuegoalmavida-n5399086,diariolasamericas.com,es,,2026-07-19T19:45:00+00:00,2026-10-06T18:46:40+00:00,,gdelt_doc:logistica,titular_metadatos,
N-6182e9096635,Panamá fija plazo de 12 meses para concretar alianza económica con la India,https://www.panamaamerica.com.pa/economia/panama-fija-plazo-de-12-meses-para-concretar-alianza-economica-con-la-india-1264236,panamaamerica.com.pa,es,,2026-07-21T15:15:00+00:00,2026-10-06T18:46:40+00:00,,gdelt_doc:logistica,titular_metadatos,
N-6195b45dd97e,Sánchez anuncia la candidatura de Yolanda Díaz para dirigir la OIT pese a que incumple el diálogo social en España,https://www.larazon.es/economia/sanchez-anuncia-candidatura-yolanda-diaz-dirigir-oit-pese-que-incumple-dialogo-social-espana_202607236a61c2a74687a22bdec8fe48.html,larazon.es,es,,2026-07-23T07:45:00+00:00,2026-10-06T18:46:40+00:00,,gdelt_doc:economia,titular_metadatos,
N-619b5cb9578e,María Corina Machado ha intentado regresar siete veces a Venezuela sin conseguirlo,https://www.diariosur.es/internacional/maria-corina-machado-intentado-regresar-siete-veces-20260922065955-ntrc.html,diariosur.es,es,,2026-09-23T06:00:00+00:00,2026-10-06T18:46:40+00:00,,gdelt_doc:logistica,titular_metadatos,
N-61f32cbf37ae,"Panamá busca nueva alianza con India basada en tecnología , comercio y Canal",https://www.critica.com.pa/nacional/panama-busca-nueva-alianza-con-india-basada-en-tecnologia-comercio-y-canal-513101,critica.com.pa,es,,2026-07-19T17:30:00+00:00,2026-10-06T18:46:40+00:00,,gdelt_doc:economia,titular_metadatos,
N-6205ebf62235,"Surinam pone la mira en Panamá para impulsar energía , comercio e inversiones",https://www.critica.com.pa/nacional/surinam-pone-la-mira-en-panama-para-impulsar-energia-comercio-e-inversiones-516984,critica.com.pa,es,,2026-09-25T05:15:00+00:00,2026-10-06T18:46:40+00:00,,gdelt_doc:logistica,titular_metadatos,
N-620906e7a30f,César Caicedo ahora está recluido en el Hospital Santo Tomás; había sido trasladado a Coiba,https://www.tvn-2.com/nacionales/judicial/cesar-caicedo-ahora-recluido-hospital-santotomas_1_2264431.html,tvn-2.com,es,2026-10-05T19:03:37+00:00,,2026-10-06T18:46:40+00:00,,tvn_rss,titular_metadatos,
N-620feced56b4,Las 5 noticias más importantes de Panamá y el mundo este 30 de septiembre,https://www.laestrella.com.pa/panama/nacional/las-5-noticias-mas-importantes-de-panama-y-el-mundo-este-30-de-septiembre-AH26121155,laestrella.com.pa,es,,2026-10-01T02:15:00+00:00,2026-10-06T18:46:40+00:00,,gdelt_doc:panama,titular_metadatos,
N-62103302acc4,Preview - Asamblea de Panamá,https://www.asamblea.gob.pa/Noticias/Noticias/MEDUCA-SUSTENTA-3757-MILLONES-DE-PRESUPUESTO-PARA-LA-VIGENCIA-FISCAL-2027--,asamblea.gob.pa,es,,2026-09-03T04:00:00+00:00,2026-10-06T18:46:40+00:00,,gdelt_doc:economia,titular_metadatos,
N-621fa4875573,Foro de Columbia University resalta la visión de Mulino y la competitividad logística de Panamá,https://www.panamaamerica.com.pa/sociedad/foro-de-columbia-university-resalta-la-vision-de-mulino-y-la-competitividad-logistica-de,panamaamerica.com.pa,es,,2026-09-23T01:15:00+00:00,2026-10-06T18:46:40+00:00,,gdelt_doc:economia,titular_metadatos,
N-623cd89d2c72,Global trade : After Hormuz ... El Niño – Record $5 . 3m for Panama Canal transit,https://www.bankingnews.gr/diethni/articles/896148/global-trade-after-hormuz-el-nino-record-5-3m-for-panama-canal-transit,bankingnews.gr,en,,2026-08-28T11:15:00+00:00,2026-10-06T18:46:40+00:00,,gdelt_doc:logistica,titular_metadatos,
N-626508f8ca6b,Panama Canal increases daily transit slots to 33,https://www.freshplaza.com/north-america/article/9877740/panama-canal-increases-daily-transit-slots-to-33/,freshplaza.com,en,,2026-09-29T16:45:00+00:00,2026-10-06T18:46:40+00:00,,gdelt_doc:logistica,titular_metadatos,
N-626f673e6f29,Allanis Navas y María González revalidan oro en voleibol playa,https://www.telesurtv.net/navas-gonzalez-revalidan-oro-voleibol-playa/,telesurtv.net,es,,2026-08-01T20:30:00+00:00,2026-10-06T18:46:40+00:00,,gdelt_doc:logistica,titular_metadatos,
N-62708b6b7807,¿ Por qué está cayendo la Bolsa ?,https://www.eleconomista.com.mx/opinion/cayendo-bolsa-20261002-836482.html,eleconomista.com.mx,es,,2026-10-02T07:30:00+00:00,2026-10-06T18:46:40+00:00,,gdelt_doc:economia,titular_metadatos,
N-627fd78f6e18,La nueva autopista de internet de Google irá bajo el océano : tres cables submarinos conectarán América y Europa,https://www.20minutos.es/tecnologia/actualidad/nueva-autopista-internet-google-ira-bajo-oceano-tres-cables-submarinos-conectaran-america-europa_7025005_0.html,20minutos.es,es,,2026-08-13T07:30:00+00:00,2026-10-06T18:46:40+00:00,,gdelt_doc:economia,titular_metadatos,
N-6283aaf8032f,"Busiest US seaport set new three - month volume record after early holiday import rush to avoid new tariffs , higher fuel costs",https://www.933thedrive.com/2026/09/09/busiest-us-seaport-set-new-three-month-volume-record-after-early-holiday-import-rush-to-avoid-new-tariffs-higher-fuel-costs/,933thedrive.com,en,,2026-09-09T21:00:00+00:00,2026-10-06T18:46:40+00:00,,gdelt_doc:economia,titular_metadatos,
N-62c22f908d67,Operación contra pornografía infantil deja cuatro aprehendidos en Panamá,https://www.critica.com.pa/sucesos/operacion-contra-pornografia-infantil-deja-cuatro-aprehendidos-en-panama-512895,critica.com.pa,es,,2026-07-15T16:45:00+00:00,2026-10-06T18:46:40+00:00,,gdelt_doc:panama,titular_metadatos,
N-62ca04b7293c,¿ Nos reemplazará la inteligencia artificial o nos obligará a cambiar ?,https://www.prensa.com/opinion/nos-reemplazara-la-inteligencia-artificial-o-nos-obligara-a-cambiar/,prensa.com,es,,2026-09-21T05:45:00+00:00,2026-10-06T18:46:40+00:00,,gdelt_doc:economia,titular_metadatos,
N-62e426fa4cea,"BVI seeks stronger financial , investment ties with India : Premier Wheatley",https://aninews.in/news/business/bvi-seeks-stronger-financial-investment-ties-with-india-premier-wheatley20260825190902/,aninews.in,en,,2026-08-25T16:45:00+00:00,2026-10-06T18:46:40+00:00,,gdelt_doc:economia,titular_metadatos,
N-62f4309b075c,Nuevo comando unifica seguridad en áreas estratégicas del Canal,https://www.laestrella.com.pa/panama/nacional/nuevo-comando-unifica-seguridad-en-areas-estrategicas-del-canal-CF24657476,laestrella.com.pa,es,,2026-08-06T15:15:00+00:00,2026-10-06T18:46:40+00:00,,gdelt_doc:logistica,titular_metadatos,
N-63027079e108,"Operación de petroterminal continuará de manera ininterrumpida , asegura Ejecutivo",https://www.panamaamerica.com.pa/economia/operacion-de-petroterminal-continuara-de-manera-ininterrumpida-asegura-ejecutivo-1265906,panamaamerica.com.pa,es,,2026-09-03T08:00:00+00:00,2026-10-06T18:46:40+00:00,,gdelt_doc:economia,titular_metadatos,
N-631a43ca154f,"Panama is not only the beginning : Foreign Minister pitches nation as India premier manufacturing , trade launchpad in Latin America",http://www.nigeriasun.com/news/279199252/panama-is-not-only-the-beginning-foreign-minister-pitches-nation-as-india-premier-manufacturing-trade-launchpad-in-latin-america,nigeriasun.com,en,,2026-07-20T19:30:00+00:00,2026-10-06T18:46:40+00:00,,gdelt_doc:economia,titular_metadatos,
N-632769a45907,"Jorge Messi , el cerebro detrás de la carrera futbolística y las finanzas de su hijo Lionel",https://proceso.hn/jorge-messi-el-cerebro-detras-de-la-carrera-futbolistica-y-las-finanzas-de-su-hijo-lionel/,proceso.hn,es,,2026-08-08T17:45:00+00:00,2026-10-06T18:46:40+00:00,,gdelt_doc:turismo,titular_metadatos,
N-6329f70fe25b,"Tropical Storm Bertha strengthens , moves toward Florida Panhandle and Alabama",https://www.wibw.com/2026/07/21/tropical-storm-bertha-strengthens-moves-toward-florida-panhandle-alabama/,wibw.com,en,,2026-07-21T15:00:00+00:00,2026-10-06T18:46:40+00:00,,gdelt_doc:eventos_naturales,titular_metadatos,
N-637a35a2c6d6,Más trabajadores panameños con ingresos inferiores al salario mínimo,https://www.prensa-latina.cu/2026/10/01/mas-trabajadores-panamenos-con-ingresos-inferiores-al-salario-minimo/,prensa-latina.cu,es,,2026-10-01T11:00:00+00:00,2026-10-06T18:46:40+00:00,,gdelt_doc:economia,titular_metadatos,
N-63805d135fb2,Panamá anima a las empresas españolas a reforzar su inversión en el país,https://www.muypymes.com/2026/09/24/panama-anima-empresas-espanolas-reforzar-inversion-pais,muypymes.com,es,,2026-09-24T16:00:00+00:00,2026-10-06T18:46:40+00:00,,gdelt_doc:economia,titular_metadatos,
N-638cd2f3f63a,El exministro del PP José Manuel Soria enfila los 5 millones facturados con su consultora de empresas,https://www.eldiario.es/economia/exministro-pp-jose-manuel-soria-enfila-5-millones-facturados-consultora-empresas_1_13420609.html,eldiario.es,es,,2026-08-06T07:00:00+00:00,2026-10-06T18:46:40+00:00,,gdelt_doc:turismo,titular_metadatos,
N-63a9b77a5e01,"Conciliaciones entre consumidores y comercios superan los $12.5 millones hasta agosto, según Acodeco",https://www.tvn-2.com/nacionales/conciliaciones-consumidores-comercios-superan-12-millones-informe-acodeco_1_2264595.html,tvn-2.com,es,2026-10-06T18:26:32+00:00,,2026-10-06T18:46:40+00:00,,tvn_rss,titular_metadatos,
N-63c25dbd1870,"Menos pobreza multidimensional , pero las carencias revelan las brechas de Panamá",https://www.laestrella.com.pa/economia/menos-pobreza-multidimensional-pero-las-carencias-revelan-las-brechas-de-panama-OH25005964,laestrella.com.pa,es,,2026-08-19T07:30:00+00:00,2026-10-06T18:46:40+00:00,,gdelt_doc:economia,titular_metadatos,
N-63c54521df47,¡ Se movió Panamá ! Sismo de 4 . 6 sacudió la noche y tuvo su epicentro cerca de San Miguel +VIDEO,https://www.midiario.com/nacionales/se-movio-panama-sismo-de-46-sacudio-la-noche-y-tuvo-su-epicentro-cerca-de-san-miguel/,midiario.com,es,,2026-08-29T19:45:00+00:00,2026-10-06T18:46:40+00:00,,gdelt_doc:panama,titular_metadatos,
N-63ec620eec97,Motta Orillac Advisors y OneSource se unen para impulsar la competitividad de las empresas panameñas | La Prensa Panamá,https://www.prensa.com/contenido-de-marcas/motta-orillac-advisors-y-onesource-se-unen-para-impulsar-la-competitividad-de-las-empresas-panamenas/,prensa.com,es,,2026-09-07T07:15:00+00:00,2026-10-06T18:46:40+00:00,,gdelt_doc:panama,titular_metadatos,
N-63ec77441b99,Ciudad de la Salud realiza cirugías urológicas reconstructivas con asistencia robótica,https://www.panamaamerica.com.pa/sociedad/ciudad-de-la-salud-realiza-cirugias-urologicas-reconstructivas-con-asistencia-robotica,panamaamerica.com.pa,es,,2026-09-06T17:00:00+00:00,2026-10-06T18:46:40+00:00,,gdelt_doc:logistica,titular_metadatos,
N-63fcafcd9392,"Indian Ambassador Sumit Seth bids farewell to Panama President Jose Raul Mulino , discusses scholarships , development projects and bilateral ties",http://www.calcuttanews.net/news/279225392/indian-ambassador-sumit-seth-bids-farewell-to-panama-president-jose-raul-mulino-discusses-scholarships-development-projects-and-bilateral-ties,calcuttanews.net,en,,2026-08-06T20:15:00+00:00,2026-10-06T18:46:40+00:00,,gdelt_doc:economia,titular_metadatos,
N-640bd69d017f,Podrían dar tres meses de alivio financiero a desempleados en Panamá mediante proyecto de ley,https://www.telemetro.com/nacionales/podrian-dar-tres-meses-alivio-financiero-desempleados-panama-proyecto-ley-n6085191,telemetro.com,es,,2026-07-14T23:00:00+00:00,2026-10-06T18:46:40+00:00,,gdelt_doc:economia,titular_metadatos,
N-6416ffc71d50,Bertha Bringing Tropical Storm Conditions To Panhandle Overnight,https://wccfradio.iheart.com/content/2026-07-21-bertha-bringing-tropical-storm-conditions-to-panhandle-overnight/,wccfradio.iheart.com,en,,2026-07-22T01:30:00+00:00,2026-10-06T18:46:40+00:00,,gdelt_doc:eventos_naturales,titular_metadatos,
N-6429abb2edcc,Panama Canal to cut number of ships transiting due to El Nino,https://morningstaronline.co.uk/article/panama-canal-cut-number-ships-transiting-due-el-nino,morningstaronline.co.uk,en,,2026-08-21T19:15:00+00:00,2026-10-06T18:46:40+00:00,,gdelt_doc:logistica,titular_metadatos,
N-643394d62f4f,La actividad económica de Panamá acelera su ritmo : registra crecimiento del 5 . 19 % interanual en mayo,https://www.panamaamerica.com.pa/economia/la-actividad-economica-de-panama-acelera-su-ritmo-registra-crecimiento-del-519-interanual,panamaamerica.com.pa,es,,2026-07-16T22:45:00+00:00,2026-10-06T18:46:40+00:00,,gdelt_doc:economia,titular_metadatos,
N-643af4e44ff3,The sunhat is everywhere in Athens as crowds grow larger at ancient sites,http://www.thegazette.com/news/world/the-sunhat-is-everywhere-in-athens-as-crowds-grow-larger-at-ancient-sites/article_133eee42-930d-57ec-bca8-07a3c56c4aa5.html,thegazette.com,en,,2026-08-23T08:30:00+00:00,2026-10-06T18:46:40+00:00,,gdelt_doc:turismo,titular_metadatos,
N-643c398bc882,"Cuando Colón avanza , Panamá crece",https://www.prensa.com/opinion/cuando-colon-avanza-panama-crece/,prensa.com,es,,2026-07-25T08:15:00+00:00,2026-10-06T18:46:40+00:00,,gdelt_doc:economia,titular_metadatos,
N-643cac4ea6d4,Estado panameño asume el 100 % de las acciones de Petroterminal de Panamá por $191 . 7 millones,https://www.panamaamerica.com.pa/economia/estado-panameno-asume-el-100-de-las-acciones-de-petroterminal-de-panama-por-1917-millones,panamaamerica.com.pa,es,,2026-09-02T22:30:00+00:00,2026-10-06T18:46:40+00:00,,gdelt_doc:economia,titular_metadatos,
N-646b1e068a6e,Alcaldesa Stefany Peñalba: residentes protestan frente al Municipio de Arraiján y exigen auditorías contra su gestión,https://www.tvn-2.com/nacionales/provincias/stefany-penalba-residentes-protesta-frente-municipio-de-arraijan-piden-auditoria_1_2264603.html,tvn-2.com,es,2026-10-06T18:24:07+00:00,,2026-10-06T18:46:40+00:00,,tvn_rss,titular_metadatos,
N-6470c9beebb4,Mulino viajará a Asia : suscribirá convenios bilaterales con Singapur y Vietnam,https://www.laestrella.com.pa/panama/politica/mulino-viajara-a-asia-suscribira-convenios-bilaterales-con-singapur-y-vietnam-HH26129842,laestrella.com.pa,es,,2026-10-01T16:30:00+00:00,2026-10-06T18:46:40+00:00,,gdelt_doc:logistica,titular_metadatos,
N-647b7ab446af,La Nación / Proyectan cerrar el año con más viajeros y demanda creciente en nuevas experiencias,https://www.lanacion.com.py/negocios/2026/08/02/proyectan-cerrar-el-ano-con-mas-viajeros-y-demanda-creciente-en-nuevas-experiencias/,lanacion.com.py,es,,2026-08-02T15:45:00+00:00,2026-10-06T18:46:40+00:00,,gdelt_doc:turismo,titular_metadatos,
N-64a5e1ec1fd6,"Darién , una tierra de oportunidades por descubrir",https://www.prensa.com/opinion/darien-una-tierra-de-oportunidades-por-descubrir/,prensa.com,es,,2026-09-06T07:00:00+00:00,2026-10-06T18:46:40+00:00,,gdelt_doc:economia,titular_metadatos,
N-650d7092179a,Cali en los ojos del planeta : el histórico despliegue que transforma a la ciudad en el epicentro de la democracia,https://www.eltiempo.com/colombia/cali/cali-en-los-ojos-del-planeta-el-historico-despliegue-que-transforma-a-la-ciudad-en-el-epicentro-de-la-democracia-3576859,eltiempo.com,es,,2026-08-07T19:30:00+00:00,2026-10-06T18:46:40+00:00,,gdelt_doc:turismo,titular_metadatos,
N-653baf9fa6ac,CEPANIM : MEF anuncia cuándo atenderá a cónyuges de beneficiarios fallecidos,https://www.telemetro.com/nacionales/cepanim-mef-anuncia-cuando-atendera-conyuges-beneficiarios-fallecidos-n6092886,telemetro.com,es,,2026-09-24T19:30:00+00:00,2026-10-06T18:46:40+00:00,,gdelt_doc:economia,titular_metadatos,
N-6563ebafa024,Álvaro Alvarado pide empatía tras muerte de Marie Claire González : No juzguemos una historia que no conocemos,https://www.midiario.com/farandula/alvaro-alvarado-pide-empatia-tras-muerte-de-marie-claire-gonzalez-no-juzguemos-una-historia-que-no-conocemos/,midiario.com,es,,2026-07-13T22:45:00+00:00,2026-10-06T18:46:40+00:00,,gdelt_doc:economia,titular_metadatos,
N-65883f733b14,"Apademar alerta de crisi en el registro de buques de Panamá , tras pérdida de liderazgo en tonelaje",https://www.laestrella.com.pa/economia/apademar-alerta-de-crisis-en-el-registro-de-buques-de-panama-tras-perdida-de-liderazgo-en-tonelaje-CL25952716,laestrella.com.pa,es,,2026-09-24T19:30:00+00:00,2026-10-06T18:46:40+00:00,,gdelt_doc:panama,titular_metadatos,
N-658c288523a9,Canal de Panamá - Noticias de San Luis Potosí,https://sanluispotosi.quadratin.com.mx/principal/reducira-el-canal-de-panama-el-transito-de-buques-por-efectos-de-el-nino/,sanluispotosi.quadratin.com.mx,es,,2026-08-22T05:15:00+00:00,2026-10-06T18:46:40+00:00,,gdelt_doc:logistica,titular_metadatos,
N-65a4460c4155,Dr Zahid inaugurates construction of four - lane road at Hili land port,https://www.bssnews.net/news/413183,bssnews.net,en,,2026-08-09T20:45:00+00:00,2026-10-06T18:46:40+00:00,,gdelt_doc:economia,titular_metadatos,
N-65a64a7e67af,Actividad nocturna aporta 1 . 28 % al PIB,https://www.panamaamerica.com.pa/nacion/actividad-nocturna-aporta-128-al-pib-1264278,panamaamerica.com.pa,es,,2026-07-22T06:00:00+00:00,2026-10-06T18:46:40+00:00,,gdelt_doc:economia,titular_metadatos,
N-65a975a6b87e,Decisiones dolorosas en Aurora Valle contra la delincuencia,https://www.eldiario.ec/manabi/aurora-valle-las-decisiones-que-se-estan-tomando-ahorita-duelen-pero-es-una-guerra-contra-la-delincuencia-organizada-23092026/,eldiario.ec,es,,2026-09-24T01:15:00+00:00,2026-10-06T18:46:40+00:00,,gdelt_doc:turismo,titular_metadatos,
N-65bd43f41503,Puerto Rico Film Festival anuncia edición con agenda internacional y homenajes al cine,https://www.metro.pr/entretenimiento/2026/08/06/puerto-rico-film-festival-anuncia-edicion-con-agenda-internacional-y-homenajes-al-cine/,metro.pr,es,,2026-08-06T23:30:00+00:00,2026-10-06T18:46:40+00:00,,gdelt_doc:logistica,titular_metadatos,
N-65c2f5ca82cc,Personal de los Juegos Panamericanos Lima 2027 trabaja sin ordenes de servicios,https://larepublica.pe/deportes/2026/09/02/personal-de-los-juegos-panamericanos-lima-2027-trabaja-sin-ordenes-de-servicios-88722,larepublica.pe,es,,2026-09-02T21:30:00+00:00,2026-10-06T18:46:40+00:00,,gdelt_doc:economia,titular_metadatos,
N-65d1ace56a06,"Refugiados ambientales , ¿ protegidos o invisibles ?",https://www.prensa.com/opinion/refugiados-ambientales-protegidos-o-invisibles/,prensa.com,es,,2026-09-07T21:30:00+00:00,2026-10-06T18:46:40+00:00,,gdelt_doc:economia,titular_metadatos,
N-65e8b6bb8b0f,Lluvias y tormentas marcarán el clima este lunes 13 de julio en Panamá : estas son las áreas bajo pronóstico,https://www.telemetro.com/nacionales/lluvias-y-tormentas-marcaran-el-clima-este-lunes-13-julio-panama-estas-son-las-areas-pronostico-n6085002,telemetro.com,es,,2026-07-13T15:30:00+00:00,2026-10-06T18:46:40+00:00,,gdelt_doc:panama,titular_metadatos,
N-65f7ad608381,De la Espriella y Rubio fortalecen lazos bilaterales con eje en la reconstrucción del país,https://www.panamaamerica.com.pa/mundo/de-la-espriella-y-rubio-fortalecen-lazos-bilaterales-con-eje-en-la-reconstruccion-del-pais,panamaamerica.com.pa,es,,2026-09-09T02:45:00+00:00,2026-10-06T18:46:40+00:00,,gdelt_doc:economia,titular_metadatos,
N-66073d17da0e,CK Hutchison seeks $1 . 5 billion from Panama in treaty dispute arbitration,https://finance.yahoo.com/economy/policy/articles/ck-hutchison-seeks-1-5-004802795.html,finance.yahoo.com,en,,2026-08-20T01:15:00+00:00,2026-10-06T18:46:40+00:00,,gdelt_doc:logistica,titular_metadatos,
N-662f7e233837,Embajador de Portugal visitó Misiones y destacó el potencial turístico y económico de la tierra colorada,https://www.noticiasdelacalle.com.ar/noticias/2026/09/03/192134-embajador-de-portugal-visito-misiones-y-destaco-el-potencial-turistico-y-economico-de-la-tierra-colorada,noticiasdelacalle.com.ar,es,,2026-09-03T12:45:00+00:00,2026-10-06T18:46:40+00:00,,gdelt_doc:turismo,titular_metadatos,
N-6636f43d433a,"Alex Zurdo llega a Panamá este 29 de agosto junto a Funky , Jay Kalyl y Gabriel EMC",https://www.telemetro.com/entretenimiento/alex-zurdo-llega-panama-este-29-agosto-junto-funky-jay-kalyl-y-gabriel-emc-n6089772,telemetro.com,es,,2026-08-26T15:15:00+00:00,2026-10-06T18:46:40+00:00,,gdelt_doc:logistica,titular_metadatos,
N-663e7b53081d,¿ Sabías que María Ossa de Amador protestó ante militares de EE . UU .? La historia detrás de la Calzada de Amador,https://www.midiario.com/nacionales/sabias-que-maria-ossa-de-amador-protesto-ante-militares-de-eeuu-la-historia-detras-de-la-calzada-de-amador/,midiario.com,es,,2026-09-01T13:15:00+00:00,2026-10-06T18:46:40+00:00,,gdelt_doc:panama,titular_metadatos,
N-667bb75435d6,"Cepal prevé crecimiento económico para Venezuela de 6 , 5 % este 2026",https://talcualdigital.com/cepal-preve-crecimiento-economico-para-venezuela-de-65-este-2026/,talcualdigital.com,es,,2026-08-21T02:00:00+00:00,2026-10-06T18:46:40+00:00,,gdelt_doc:economia,titular_metadatos,
N-669cfe880d53,Proyecto de ley que dicta el presupuesto del Canal de Panamá pasa a tercer debate,https://www.telemetro.com/nacionales/proyecto-ley-que-dicta-el-presupuesto-del-canal-panama-pasa-tercer-debate-n6092955,telemetro.com,es,,2026-09-25T07:15:00+00:00,2026-10-06T18:46:40+00:00,,gdelt_doc:logistica,titular_metadatos,
N-669f5a4ae388,"Casco Antiguo estrena cinco buses 100 % eléctricos : tienen WiFi , cámaras y accesibilidad",https://www.telemetro.com/nacionales/casco-antiguo-estrena-cinco-buses-100-electricos-tienen-wifi-camaras-y-accesibilidad-n6087515,telemetro.com,es,,2026-08-05T20:15:00+00:00,2026-10-06T18:46:40+00:00,,gdelt_doc:turismo,titular_metadatos,
N-66aeb421e313,Mulino lanza advertencia desde Darién y refuerza a Senafront con equipos por B /. 785 mil,https://www.telemetro.com/nacionales/mulino-lanza-advertencia-darien-y-refuerza-senafront-equipos-b785-mil-n6089988,telemetro.com,es,,2026-08-27T21:45:00+00:00,2026-10-06T18:46:40+00:00,,gdelt_doc:panama,titular_metadatos,
N-66b11654bee6,Diecinueve aerolíneas operan en terminales temporales del mayor aeropuerto de Venezuela,https://www.el-carabobeno.com/diecinueve-aerolineas-operan-en-terminales-temporales-del-mayor-aeropuerto-de-venezuela/,el-carabobeno.com,es,,2026-09-10T00:30:00+00:00,2026-10-06T18:46:40+00:00,,gdelt_doc:turismo,titular_metadatos,
N-66d9da95e5b8,Delcy Rodríguez llega en un jet privado a EE . UU . para la Asamblea General de la ONU,https://www.eluniverso.com/noticias/internacional/delcy-rodriguez-llega-en-un-jet-privado-a-ee-uu-para-la-asamblea-general-de-la-onu-nota/,eluniverso.com,es,,2026-09-21T18:15:00+00:00,2026-10-06T18:46:40+00:00,,gdelt_doc:economia,titular_metadatos,
N-672345ec2132,¿ Cómo debería ser Papagayo dentro de 25 años ? Paralización de obras reabre debate sobre modelo de desarrollo,https://www.elfinancierocr.com/negocios/como-deberia-ser-papagayo-dentro-de-25-anos/UGZZ2Q5HRBBCZGZFPTGMXMOP4Q/story/,elfinancierocr.com,es,,2026-07-27T14:45:00+00:00,2026-10-06T18:46:40+00:00,,gdelt_doc:turismo,titular_metadatos,
N-672959cc4a1e,Panamá enfrenta reto de agilizar movimiento de carga frente a sus competidores,https://www.panamaamerica.com.pa/economia/panama-enfrenta-reto-de-agilizar-movimiento-de-carga-frente-sus-competidores-1266840,panamaamerica.com.pa,es,,2026-09-29T05:30:00+00:00,2026-10-06T18:46:40+00:00,,gdelt_doc:logistica,titular_metadatos,
N-672b83400aca,Aumenta la demanda de técnicos aeronáticos en Panamá ¿ dónde estudiar ?,https://www.prensa.com/economia/aumenta-la-demanda-de-tecnicos-aeronaticos-en-panama-donde-estudiar/,prensa.com,es,,2026-09-03T13:00:00+00:00,2026-10-06T18:46:40+00:00,,gdelt_doc:economia,titular_metadatos,
N-672f72eab110,"México vs Panamá : Horario y canales para ver EN VIVO a la Selección Mexicana , HOY , miércoles 5 de agosto",https://www.eluniversal.com.mx/deportes/mexico-vs-panama-horario-y-canales-para-ver-en-vivo-a-la-seleccion-mexicana-hoy-miercoles-5-de-agosto/,eluniversal.com.mx,es,,2026-08-05T18:00:00+00:00,2026-10-06T18:46:40+00:00,,gdelt_doc:logistica,titular_metadatos,
N-67694a63f5d5,Caída del pago del impuesto de la planilla a junio pone en duda recuperación del empleo,https://www.laestrella.com.pa/panama/nacional/caida-del-pago-del-impuesto-de-la-planilla-a-junio-pone-en-duda-recuperacion-del-empleo-EB25172251,laestrella.com.pa,es,,2026-08-26T08:15:00+00:00,2026-10-06T18:46:40+00:00,,gdelt_doc:economia,titular_metadatos,
N-6774fe4740bb,Venezuela main airport partially resumes commercial flights after deadly earthquakes,https://www.newsday.com/news/nation/venezuela-airport-simon-bolivar-flights-resume-earthquakes-s93754,newsday.com,en,,2026-09-02T00:15:00+00:00,2026-10-06T18:46:40+00:00,,gdelt_doc:turismo,titular_metadatos,
N-677a6329e830,"Claudia Sheinbaum recibió en Palacio Nacional a José Raúl Mulino , presidente de Panamá",https://www.sdpnoticias.com/internacional/claudia-sheinbaum-recibio-en-palacio-nacional-a-jose-raul-mulino-presidente-de-panama/,sdpnoticias.com,es,,2026-07-15T21:15:00+00:00,2026-10-06T18:46:40+00:00,,gdelt_doc:economia,titular_metadatos,
N-679f66afa232,Del crecimiento al empleo,https://www.prensa.com/opinion/del-crecimiento-al-empleo/,prensa.com,es,,2026-09-23T03:30:00+00:00,2026-10-06T18:46:40+00:00,,gdelt_doc:economia,titular_metadatos,
N-67c6b7e6552f,HANSON : The fantasy house of Mark Carney,https://torontosun.com/opinion/columnists/hanson-the-fantasy-house-of-mark-carney,torontosun.com,en,,2026-09-20T22:30:00+00:00,2026-10-06T18:46:40+00:00,,gdelt_doc:economia,titular_metadatos,
N-67d2770baf13,"El destino no surge solo , se construye : La apuesta de Panamá para llevar el boom turístico al interior del país",https://www.panamaamerica.com.pa/sociedad/el-destino-no-surge-solo-se-construye-la-apuesta-de-panama-para-llevar-el-boom-turistico-al,panamaamerica.com.pa,es,,2026-07-30T22:45:00+00:00,2026-10-06T18:46:40+00:00,,gdelt_doc:economia,titular_metadatos,
N-67da908d08e7,Movimiento de TEU en puertos de Panamá : MIT y Colón crecen ; Balboa y Cristóbal caen,https://www.laestrella.com.pa/economia/movimiento-de-teu-en-puertos-de-panama-mit-y-colon-crecen-balboa-y-cristobal-caen-KL25593966,laestrella.com.pa,es,,2026-09-11T06:15:00+00:00,2026-10-06T18:46:40+00:00,,gdelt_doc:economia,titular_metadatos,
N-680ba7f0e2c8,Gobierno federal destinará 2 mil millones de pesos para reforzar combate al sargazo en Quintana Roo,https://www.termometroenlinea.com.mx/vernoticiasN.php?artid=132387&cat=254,termometroenlinea.com.mx,es,,2026-07-30T20:45:00+00:00,2026-10-06T18:46:40+00:00,,gdelt_doc:turismo,titular_metadatos,
N-682b8486a265,Promueven en Panamá el turismo y la cultura a través del café de especialidad • Periódico Digital Centroamericano y del Caribe,https://newsinamerica.com/pdcc/turismo/2026/promueven-en-panama-el-turismo-y-la-cultura-a-traves-del-cafe-de-especialidad/,newsinamerica.com,es,,2026-07-26T15:45:00+00:00,2026-10-06T18:46:40+00:00,,gdelt_doc:turismo,titular_metadatos,
N-684d92425edf,Hong Kong conglomerate seeks $1 . 5 billion in damages from Panama for takeover of canal ports – Winnipeg Free Press,https://www.winnipegfreepress.com/business/2026/08/19/hong-kong-conglomerate-seeks-1-5-billion-in-damages-from-panama-for-takeover-of-canal-ports,winnipegfreepress.com,en,,2026-08-20T04:15:00+00:00,2026-10-06T18:46:40+00:00,,gdelt_doc:logistica,titular_metadatos,
N-68776757703d,Gobierno asegura que el desempleo en Panamá ya no es de dos dígitos,https://www.infobae.com/panama/2026/07/30/gobierno-asegura-que-el-desempleo-en-panama-ya-no-es-de-dos-digitos/,infobae.com,es,,2026-07-30T19:30:00+00:00,2026-10-06T18:46:40+00:00,,gdelt_doc:economia,titular_metadatos,
N-687e12a71d1f,"LankaWeb – Outside Force & Up High : Voodoo Economics , Yaka Economics & the Charade of Economists in Sri Lanka",https://www.lankaweb.com/news/items/2026/07/29/outside-forces-up-high-voodoo-economics-yaka-economics-the-charade-of-economists-in-sri-lanka/,lankaweb.com,en,,2026-07-30T01:30:00+00:00,2026-10-06T18:46:40+00:00,,gdelt_doc:eventos_naturales,titular_metadatos,
N-689fd2724ce1,¡ Defensa sagrada ! Campesinos en Colón rechazan exhumaciones por Río Indio,https://www.critica.com.pa/nacional/defensa-sagrada-campesinos-en-colon-rechazan-exhumaciones-por-rio-indio-513470,critica.com.pa,es,,2026-07-25T23:00:00+00:00,2026-10-06T18:46:40+00:00,,gdelt_doc:logistica,titular_metadatos,
N-68acb3769acf,Telecable abre sucursal en Panamá y amplía su operación fuera de Costa Rica,https://www.nacion.com/economia/telecable-abre-sucursal-en-panama-y-amplia-su/66CS62UZURAE7PGW4H2E6KPB4I/story/,nacion.com,es,,2026-07-13T21:00:00+00:00,2026-10-06T18:46:40+00:00,,gdelt_doc:panama,titular_metadatos,
N-68b7b5c070fa,Puerto Rico vence a Panamá en fogueo previo al debut en Santo Domingo 2026,https://www.metro.pr/deportes/2026/07/30/puerto-rico-vence-a-panama-en-fogueo-previo-al-debut-en-santo-domingo-2026/,metro.pr,es,,2026-07-30T07:00:00+00:00,2026-10-06T18:46:40+00:00,,gdelt_doc:logistica,titular_metadatos,
N-68cfecb09112,Venezuela main airport partially resumes commercial flights after deadly earthquakes,https://www.mcall.com/2026/09/01/venezuela-earthquakes-airport/,mcall.com,en,,2026-09-02T04:15:00+00:00,2026-10-06T18:46:40+00:00,,gdelt_doc:turismo,titular_metadatos,
N-690914cb70a0,Panamá : La crisis permanente,https://www.prensa.com/opinion/panama-la-crisis-permanente/,prensa.com,es,,2026-09-06T07:00:00+00:00,2026-10-06T18:46:40+00:00,,gdelt_doc:economia,titular_metadatos,
N-690f594c2e1f,Panamá pierde ante Nueva Zelanda en la tanda de penales,https://www.critica.com.pa/deportes/panama-pierde-ante-nueva-zelanda-en-la-tanda-de-penales-517332,critica.com.pa,es,,2026-10-01T12:00:00+00:00,2026-10-06T18:46:40+00:00,,gdelt_doc:panama,titular_metadatos,
N-69154e3c0419,"Panamá registra cerca de 2 , 500 ataques cibernéticos por semana",https://www.telemetro.com/nacionales/panama-registra-cerca-2500-ataques-ciberneticos-semana-n6092823,telemetro.com,es,,2026-09-24T03:15:00+00:00,2026-10-06T18:46:40+00:00,,gdelt_doc:panama,titular_metadatos,
N-6916e6a4ba26,Panamá comparte experiencia del Metro con Guatemala,https://www.laestrella.com.pa/economia/panama-comparte-experiencia-del-metro-con-guatemala-BF25207688,laestrella.com.pa,es,,2026-08-27T17:00:00+00:00,2026-10-06T18:46:40+00:00,,gdelt_doc:economia,titular_metadatos,
N-6919a6c09f9b,Look forward to closer ties with Panama : EAM Jaishankar during bilateral meeting with FM Vasquez,http://www.indiagazette.com/news/279199535/look-forward-to-closer-ties-with-panama-eam-jaishankar-during-bilateral-meeting-with-fm-vasquez,indiagazette.com,en,,2026-07-20T23:15:00+00:00,2026-10-06T18:46:40+00:00,,gdelt_doc:logistica,titular_metadatos,
N-6945b54e38bd,A Talented Entrepreneur from Chiriquí Province Panama is Javier Alvarado .,https://newsroompanama.com/2026/08/31/a-talented-entrepreneur-from-chiriqui-province-panama-is-javier-alvarado/,newsroompanama.com,en,,2026-08-31T20:45:00+00:00,2026-10-06T18:46:40+00:00,,gdelt_doc:turismo,titular_metadatos,
N-694df5671988,Cuba Unbeaten Streak Ends in Santo Domingo 2026 Baseball,https://www.cubaheadlines.com/articles/337049,cubaheadlines.com,en,,2026-08-05T02:15:00+00:00,2026-10-06T18:46:40+00:00,,gdelt_doc:logistica,titular_metadatos,
N-695ba31393fe,Look forward to closer ties with Panama : EAM Jaishankar during bilateral meeting with FM Vasquez,http://www.calcuttanews.net/news/279199535/look-forward-to-closer-ties-with-panama-eam-jaishankar-during-bilateral-meeting-with-fm-vasquez,calcuttanews.net,en,,2026-07-20T20:45:00+00:00,2026-10-06T18:46:40+00:00,,gdelt_doc:logistica,titular_metadatos,
N-69782b03b83d,Not a Washout of a Weekend,https://www.wjhg.com/2026/08/01/not-washout-weekend/,wjhg.com,en,,2026-08-01T03:45:00+00:00,2026-10-06T18:46:40+00:00,,gdelt_doc:eventos_naturales,titular_metadatos,
N-697a9ea48ad0,Café con La Prensa : Innovación y conectividad aérea marcan el debate sobre el futuro del turismo,https://www.prensa.com/economia/innovacion-y-conectividad-aerea-marcan-el-debate-sobre-el-futuro-del-turismo-en-panama/,prensa.com,es,,2026-07-28T15:15:00+00:00,2026-10-06T18:46:40+00:00,,gdelt_doc:economia,titular_metadatos,
N-698d580e9e19,"Arriba a México Presidente de Panamá , se reunirá con Sheinbaum – Periódico Zócalo | Noticias de Saltillo , Torreón , Piedras Negras , Monclova , Acuña",https://www.zocalo.com.mx/arriba-a-mexico-presidente-de-panama-se-reunira-con-sheinbaum/,zocalo.com.mx,es,,2026-07-14T23:45:00+00:00,2026-10-06T18:46:40+00:00,,gdelt_doc:panama,titular_metadatos,
N-699b9d337e15,Florida Panhandle counties prepare flood - prone areas as Tropical Storm Bertha threat grows,https://www.fox35orlando.com/news/floridas-panhandle-counties-prepare-flood-prone-areas-tropical-storm-bertha-threat-grows,fox35orlando.com,en,,2026-07-20T23:30:00+00:00,2026-10-06T18:46:40+00:00,,gdelt_doc:eventos_naturales,titular_metadatos,
N-69af719e4ac1,Chapman descarta renta sustitutiva por cambios al ITBI ; economistas difieren sobre impacto fiscal,https://www.laestrella.com.pa/economia/chapman-descarta-renta-sustitutiva-por-cambios-al-itbi-economistas-difieren-sobre-impacto-fiscal-JC25414904,laestrella.com.pa,es,,2026-09-04T07:00:00+00:00,2026-10-06T18:46:40+00:00,,gdelt_doc:economia,titular_metadatos,
N-69b2305e34af,"Tropical Storm Bertha strengthens as warnings extend along Gulf Coast , NHC says",https://www.eptrail.com/2026/07/21/tropial-storm-bertha-strengthens-near-gulf-coast/,eptrail.com,en,,2026-07-21T19:15:00+00:00,2026-10-06T18:46:40+00:00,,gdelt_doc:eventos_naturales,titular_metadatos,
N-69c0555b5e31,Panamá busca convertirse en el Canal Digital de la inteligencia artificial en América Latina,https://www.laestrella.com.pa/vida-y-cultura/cultura/panama-busca-convertirse-en-el-canal-digital-de-la-inteligencia-artificial-en-america-latina-EK24952305,laestrella.com.pa,es,,2026-08-17T06:30:00+00:00,2026-10-06T18:46:40+00:00,,gdelt_doc:economia,titular_metadatos,
N-69c0a4f5f469,"Seguridad y comercio , entre los temas que Mulino abordará en su viaje a Ecuador este viernes",https://www.prensa.com/politica/seguridad-y-comercio-entre-los-temas-que-mulino-abordara-en-su-viaje-a-ecuador-este-viernes/,prensa.com,es,,2026-09-03T03:30:00+00:00,2026-10-06T18:46:40+00:00,,gdelt_doc:logistica,titular_metadatos,
N-69f5d5bc3a62,Panama Canal Restrictions Renew Grain Shipping Concerns,https://www.rfdtv.com/panama-canal-restrictions-renew-grain-shipping-concerns,rfdtv.com,en,,2026-07-13T20:45:00+00:00,2026-10-06T18:46:40+00:00,,gdelt_doc:logistica,titular_metadatos,
N-6a10dd854d5d,Ian Romero conquista el bronce y entrega a Panamá su tercera medalla en Santo Domingo 2026,https://www.prensa.com/deportes/ian-romero-conquista-el-bronce-y-entrega-a-panama-su-tercera-medalla-en-santo-domingo-2026/,prensa.com,es,,2026-07-28T01:00:00+00:00,2026-10-06T18:46:40+00:00,,gdelt_doc:logistica,titular_metadatos,
N-6a437d941005,Narcobuque con 290 paquetes de droga es detectado en Bahía de Panamá,https://www.critica.com.pa/sucesos/narcobuque-con-290-paquetes-de-droga-es-detectado-en-bahia-de-panama-515695,critica.com.pa,es,,2026-09-02T22:15:00+00:00,2026-10-06T18:46:40+00:00,,gdelt_doc:panama,titular_metadatos,
N-6a651fb5444a,Experto analiza proyecto que busca regular el servicio de electricidad en Panamá,https://www.telemetro.com/entrevistas/nacionales/experto-analiza-proyecto-que-busca-regular-el-servicio-electricidad-panama-n6093659,telemetro.com,es,,2026-10-01T17:30:00+00:00,2026-10-06T18:46:40+00:00,,gdelt_doc:panama,titular_metadatos,
N-6a7d6b64b3b7,Ocú celebra la 53 . ª edición del Festival Nacional del Manito,https://www.diaadia.com.pa/el-pais/ocu-celebra-la-53a-edicion-del-festival-nacional-del-manito-791174,diaadia.com.pa,es,,2026-08-14T05:15:00+00:00,2026-10-06T18:46:40+00:00,,gdelt_doc:economia,titular_metadatos,
N-6a888d716639,Banco Manabí y CEPAN presentan EXPOCONECTA para fortalecer los negocios entre Ecuador y Panamá,https://www.expreso.ec/economia-y-negocios/banco-manabi-cepan-presentan-expoconecta-fortalecer-negocios-ecuador-panama-291646.html,expreso.ec,es,,2026-08-07T00:00:00+00:00,2026-10-06T18:46:40+00:00,,gdelt_doc:economia,titular_metadatos,
N-6a9bcc469221,¿ Dónde está el Estrecho de Magallanes y por qué sigue siendo estratégico para la navegación ?,https://www.ellitoral.com/informacion-general/estrechodemagallanes-fernandodemagallanes-tierra-fuego-patagonia-antartida-canaldepanama-puntaarenas-navegacion-punta-arenas-conexionbioceanica-armada-chile-chile-rutasmaritimas_0_l3XpGlyx8F.html,ellitoral.com,es,,2026-08-26T12:15:00+00:00,2026-10-06T18:46:40+00:00,,gdelt_doc:turismo,titular_metadatos,
N-6b3edbe3029f,Aeronave se sale de pista durante despegue en la isla de San Miguel,https://www.prensa.com/judiciales/aeronave-se-sale-de-pista-durante-despegue-en-la-isla-de-san-miguel/,prensa.com,es,,2026-08-21T21:15:00+00:00,2026-10-06T18:46:40+00:00,,gdelt_doc:economia,titular_metadatos,
N-6b4f5b169750,Radiografía a la aplicación de los estados de excepción en América Latina,https://www.latercera.com/mundo/noticia/radiografia-a-la-aplicacion-de-los-estados-de-excepcion-en-america-latina/,latercera.com,es,,2026-09-27T10:30:00+00:00,2026-10-06T18:46:40+00:00,,gdelt_doc:logistica,titular_metadatos,
N-6b6d2785c5d4,José Emilio Moreno recibe credencial como rector electo de la Universidad de Panamá,https://www.prensa.com/sociedad/jose-emilio-moreno-recibe-credencial-como-rector-electo-de-la-universidad-de-panama/,prensa.com,es,,2026-07-21T00:00:00+00:00,2026-10-06T18:46:40+00:00,,gdelt_doc:panama,titular_metadatos,
N-6b7ccc9ed5a5,El gigante de los mares llega a Guayaquil : el B . A . P . Unión abrirá sus puertas al público con Casa Perú,https://confirmado.net/el-gigante-de-los-mares-llega-a-guayaquil-el-b-a-p-union-abrira-sus-puertas-al-publico-con-casa-peru/,confirmado.net,es,,2026-08-27T05:00:00+00:00,2026-10-06T18:46:40+00:00,,gdelt_doc:turismo,titular_metadatos,
N-6b83b2b45ca2,"1 pm CT : Bertha Begins Turn To The West , Wind Pushing Rain Offshore | 1290 WJNO",https://wjno.iheart.com/featured/florida-news/content/2026-07-21-1-pm-ct-bertha-begins-turn-to-the-west-wind-pushing-rain-offshore/,wjno.iheart.com,en,,2026-07-21T20:30:00+00:00,2026-10-06T18:46:40+00:00,,gdelt_doc:eventos_naturales,titular_metadatos,
N-6b8ff312e9be,"Want all countries to respect international maritime law : Panama FM Vasquez voices concern over Hormuz , backs freedom of navigation",http://www.asiabulletin.com/news/279199273/want-all-countries-to-respect-international-maritime-law-panama-fm-vasquez-voices-concern-over-hormuz-backs-freedom-of-navigation,asiabulletin.com,en,,2026-07-20T20:45:00+00:00,2026-10-06T18:46:40+00:00,,gdelt_doc:logistica,titular_metadatos,
N-6b94b9660990,Superintendencia limita las comisiones bancarias : qué servicios ya no podrán cobrar los bancos,https://www.prensa.com/economia/superintendencia-limita-las-comisiones-bancarias-que-servicios-ya-no-podran-cobrar-los-bancos/,prensa.com,es,,2026-09-09T02:00:00+00:00,2026-10-06T18:46:40+00:00,,gdelt_doc:economia,titular_metadatos,
N-6b9cde87edd1,El clima y la guerra desafían al comercio mundial mientras Paraguay conecta una nueva ruta,https://foco.lanacion.com.py/destacado-foco/2026/07/16/el-clima-y-la-guerra-desafian-al-comercio-mundial-mientras-paraguay-conecta-una-nueva-ruta/,foco.lanacion.com.py,es,,2026-07-16T12:00:00+00:00,2026-10-06T18:46:40+00:00,,gdelt_doc:economia,titular_metadatos,
N-6bbc3324ceb4,Indiana Trejos : la técnica de Comex que asume la Cancillería tras la salida de Manuel Tovar,https://www.elfinancierocr.com/economia-y-politica/indiana-trejos-la-tecnica-de-comex-que-asume-la/XGIOAIYSSFANHEGL4YKZQYIWDQ/story/,elfinancierocr.com,es,,2026-09-24T20:00:00+00:00,2026-10-06T18:46:40+00:00,,gdelt_doc:economia,titular_metadatos,
N-6bc7d191d0bc,Arab News | Deputy minister of economy and planning meets with UN official in Riyadh,https://www.arabnews.com/saudi-arabia/saudfi-deputy-minister-of-economy-and-planning-meets-with-un-official-in-riyadh-3002553,arabnews.com,en,,2026-09-22T05:30:00+00:00,2026-10-06T18:46:40+00:00,,gdelt_doc:economia,titular_metadatos,
N-6bc8aaca50a2,Fragmentación de la gestión pública de la seguridad,https://www.prensa.com/opinion/fragmentacion-de-la-gestion-publica-de-la-seguridad/,prensa.com,es,,2026-08-01T05:15:00+00:00,2026-10-06T18:46:40+00:00,,gdelt_doc:logistica,titular_metadatos,
N-6bd11ea6f2f1,PCB Tourism has grown nearly 7 % from 2025,https://www.wjhg.com/2026/10/02/pcb-tourism-has-grown-nearly-7-2025/,wjhg.com,en,,2026-10-02T05:45:00+00:00,2026-10-06T18:46:40+00:00,,gdelt_doc:panama,titular_metadatos,
N-6bf4f629ee83,Panamá descarta retomar relaciones diplomáticas en el corto plazo con Venezuela,https://noticierodigital.com/2026/07/panama-descarta-retomar-relaciones-diplomaticas-en-el-corto-plazo-con-venezuela/,noticierodigital.com,es,,2026-07-21T16:45:00+00:00,2026-10-06T18:46:40+00:00,,gdelt_doc:panama,titular_metadatos,
N-6bff189886c4,Ship pays US$4 million to skip line to cross Panama Canal,https://www.businesstimes.com.sg/international/ship-pays-near-record-us4-million-skip-panama-canal-queue-hormuz-blockage-fuels-congestion,businesstimes.com.sg,en,,2026-08-12T01:15:00+00:00,2026-10-06T18:46:40+00:00,,gdelt_doc:logistica,titular_metadatos,
N-6c4c4a7d2f50,Santiago : Fedecámaras reúne a las MIPYMES para impulsar la economía,https://www.critica.com.pa/nacional/santiago-fedecamaras-reune-las-mipymes-para-impulsar-la-economia-514910,critica.com.pa,es,,2026-08-19T21:30:00+00:00,2026-10-06T18:46:40+00:00,,gdelt_doc:economia,titular_metadatos,
N-6c52766550eb,Canal de Panamá reduce a 34 los cupos diarios de tránsito por déficit de lluvias asociado a El Niño,https://www.prensa.com/economia/canal-de-panama-reduce-a-34-los-cupos-diarios-de-transito-por-deficit-de-lluvias-asociado-a-el-nino/,prensa.com,es,,2026-08-20T22:00:00+00:00,2026-10-06T18:46:40+00:00,,gdelt_doc:economia,titular_metadatos,
N-6c6af5105ece,Panamá pide a Rusia y Ucrania facilitar el regreso de panameños de la guerra,https://www.critica.com.pa/nacional/panama-pide-rusia-y-ucrania-facilitar-el-regreso-de-panamenos-de-la-guerra-516904,critica.com.pa,es,,2026-09-24T03:45:00+00:00,2026-10-06T18:46:40+00:00,,gdelt_doc:panama,titular_metadatos,
N-6ca78b5c1579,"Latin American governments prepare for El Nino as drought , floods and heat loom",https://www.ksat.com/news/world/2026/07/17/latin-american-governments-prepare-for-el-nino-as-drought-floods-and-heat-loom/,ksat.com,en,,2026-07-17T16:45:00+00:00,2026-10-06T18:46:40+00:00,,gdelt_doc:eventos_naturales,titular_metadatos,
N-6cb4a9f9a0a8,Sitúan a León como único destino español entre los mejores del mundo para viajar en 2027,https://www.leonoticias.com/leon/situan-leon-unico-destino-espanol-mejores-mundo-20260923154315-nt.html,leonoticias.com,es,,2026-09-23T15:30:00+00:00,2026-10-06T18:46:40+00:00,,gdelt_doc:turismo,titular_metadatos,
N-6cd75fc00a95,¿ Sin planes de vacaciones para fin de año ? Estos son algunos de los precios de los boletos para volar fuera de Costa Rica,https://www.elfinancierocr.com/turismo/sin-planes-de-vacaciones-para-fin-de-ano-estos-son/MHUYVRFPKBGUTM5QQTPGP4JW4Y/story/,elfinancierocr.com,es,,2026-09-12T17:00:00+00:00,2026-10-06T18:46:40+00:00,,gdelt_doc:turismo,titular_metadatos,
N-6cf94581db92,"El puente del fosfato : anatomía de una infiltración , ¿ con Chile como laboratorio ?",https://piensachile.com/2026/08/29/el-puente-del-fosfato-anatomia-de-una-infiltracion-con-chile-como-laboratorio/,piensachile.com,es,,2026-08-29T22:15:00+00:00,2026-10-06T18:46:40+00:00,,gdelt_doc:turismo,titular_metadatos,
N-6d0ec26f2c44,S & P Global ratifica grado de inversión de Panamá,https://www.panamaamerica.com.pa/nacion/sp-global-ratifica-grado-de-inversion-de-panama-1266643,panamaamerica.com.pa,es,,2026-09-23T05:45:00+00:00,2026-10-06T18:46:40+00:00,,gdelt_doc:economia,titular_metadatos,
N-6d1ae379297c,"Geopolítica , declaraciones , construcción de percepciones y de conciencia ( I )",https://www.diarioelcentro.cl/2026/09/11/geopolitica-declaraciones-construccion-de-percepciones-y-de-conciencia-i/,diarioelcentro.cl,es,,2026-09-12T02:00:00+00:00,2026-10-06T18:46:40+00:00,,gdelt_doc:turismo,titular_metadatos,
N-6d38e00d9f28,Anthropic $2 trillion IPO S - 1 prospectus has leaked and it shows steep losses,https://fortune.com/2026/09/29/anthropic-ipo-s-1-prospectus-income-statement/,fortune.com,en,,2026-09-29T11:45:00+00:00,2026-10-06T18:46:40+00:00,,gdelt_doc:economia,titular_metadatos,
N-6dbebefc4a66,"Tropical Storm Bertha Strengthens , Top Winds 60",https://969thegame.iheart.com/content/2026-07-21-tropical-storm-bertha-strengthens-top-winds-60/,969thegame.iheart.com,en,,2026-07-21T16:00:00+00:00,2026-10-06T18:46:40+00:00,,gdelt_doc:eventos_naturales,titular_metadatos,
N-6ddb4f674a71,Anuncian preselección de 24 jugadores para la próxima ventana clasificatoria al Mundial 2027,https://www.metro.pr/deportes/2026/08/12/anuncian-preseleccion-de-24-jugadores-para-la-proxima-ventana-clasificatoria-al-mundial-2027/,metro.pr,es,,2026-08-12T21:45:00+00:00,2026-10-06T18:46:40+00:00,,gdelt_doc:logistica,titular_metadatos,
N-6ddcd2e41176,Canal de Panamá reducirá tránsitos diarios de buques a partir de septiembre,https://www.telemetro.com/nacionales/canal-panama-reducira-transitos-diarios-buques-partir-septiembre-n6089217,telemetro.com,es,,2026-08-20T23:15:00+00:00,2026-10-06T18:46:40+00:00,,gdelt_doc:logistica,titular_metadatos,
N-6e121301a05e,Panamá cae al puesto 44 del Ranking FIFA tras el Mundial 2026,https://www.laestrella.com.pa/deportes/futbol/panama-cae-al-puesto-44-del-ranking-fifa-tras-el-mundial-2026-AA24249009,laestrella.com.pa,es,,2026-07-21T01:00:00+00:00,2026-10-06T18:46:40+00:00,,gdelt_doc:panama,titular_metadatos,
N-6e403a6ca4d6,¡ Maniobras de alto impacto ! Así culmina PANAMAX para proteger el Canal de Panamá + VIDEOS,https://www.midiario.com/nacionales/maniobras-de-alto-impacto-asi-culmina-panamax-para-proteger-el-canal-de-panama/,midiario.com,es,,2026-08-13T22:00:00+00:00,2026-10-06T18:46:40+00:00,,gdelt_doc:logistica,titular_metadatos,
N-6e4062b2467f,RD y Emiratos Árabes Unidos consolidan alianza estratégica : Cap Cana será sede de la Cumbre Mundial de Gobiernos en 2026,https://acento.com.do/politica/rd-y-emiratos-arabes-unidos-consolidan-alianza-estrategica-cap-cana-sera-sede-de-la-cumbre-mundial-de-gobiernos-en-2026-9735164.html,acento.com.do,es,,2026-08-11T22:15:00+00:00,2026-10-06T18:46:40+00:00,,gdelt_doc:economia,titular_metadatos,
N-6e59181505a5,Panama in state of emergency over El Niño and drought,https://www.theweathernetwork.com/en/news/weather/severe/panama-declares-a-state-of-emergency-over-el-nino-rising-heat-and-drought,theweathernetwork.com,en,,2026-08-26T20:00:00+00:00,2026-10-06T18:46:40+00:00,,gdelt_doc:logistica,titular_metadatos,
N-6e5b01f2530c,Los reclutaban para ir a Rusia : cae presunta red que captaba panameños,https://www.midiario.com/policiales/los-reclutaban-para-ir-a-rusia-cae-presunta-red-que-captaba-panamenos/,midiario.com,es,,2026-09-24T20:30:00+00:00,2026-10-06T18:46:40+00:00,,gdelt_doc:panama,titular_metadatos,
N-6e8b3200af6e,CEPANIM : MEF revela cuántos beneficiarios han sido atendidos y el monto entregado,https://www.telemetro.com/nacionales/cepanim-mef-revela-cuantos-beneficiarios-han-sido-atendidos-y-el-monto-entregado-n6093288,telemetro.com,es,,2026-09-28T21:15:00+00:00,2026-10-06T18:46:40+00:00,,gdelt_doc:economia,titular_metadatos,
N-6ea3e1231896,"Yin Carrizo fallece a los 87 años , el maestro del acordeón que marcó la música panameña",https://www.diaadia.com.pa/fama/yin-carrizo-fallece-los-87-anos-el-maestro-del-acordeon-que-marco-la-musica-panamena-791490,diaadia.com.pa,es,,2026-09-07T18:45:00+00:00,2026-10-06T18:46:40+00:00,,gdelt_doc:panama,titular_metadatos,
N-6ec693f8ea16,"Empresas Bern , el gigante inmobiliario que conecta a Panamá con Colombia . Ya suma más de 160 proyectos",https://www.semana.com/hablan-las-marcas/articulo/empresas-bern-el-gigante-inmobiliario-que-conecta-a-panama-con-colombia-ya-suma-mas-de-160-proyectos/202639/,semana.com,es,,2026-09-24T15:45:00+00:00,2026-10-06T18:46:40+00:00,,gdelt_doc:economia,titular_metadatos,
N-6ecba2cfedad,Nuevos incentivos fiscales buscan potenciar el turismo en el país,https://www.critica.com.pa/nacional/nuevos-incentivos-fiscales-buscan-potenciar-el-turismo-en-el-pais-515288,critica.com.pa,es,,2026-08-26T06:30:00+00:00,2026-10-06T18:46:40+00:00,,gdelt_doc:turismo,titular_metadatos,
N-6efeaf413fa9,Canal de Panamá mantiene tránsitos y aplica ajustes de calado por El Niño,https://www.telemetro.com/nacionales/canal-panama-mantiene-transitos-y-aplica-ajustes-calado-el-nino-n6085500,telemetro.com,es,,2026-07-17T18:00:00+00:00,2026-10-06T18:46:40+00:00,,gdelt_doc:logistica,titular_metadatos,
N-6f052bf0f874,US War Secretary hails Jamaica role in fight against narco - terrorism | News,https://jamaica-gleaner.com/article/news/20260814/us-war-secretary-hails-jamaicas-role-fight-against-narco-terrorism,jamaica-gleaner.com,en,,2026-08-14T00:45:00+00:00,2026-10-06T18:46:40+00:00,,gdelt_doc:logistica,titular_metadatos,
N-6f2a49b7920f,Panamá lanza su nueva marca país Somos anfitrión del mundo,https://www.revistaeyn.com/centroamericaymundo/panama-lanza-su-nueva-marca-pais-somos-anfitrion-del-mundo-HO31843444,revistaeyn.com,es,,2026-08-27T18:45:00+00:00,2026-10-06T18:46:40+00:00,,gdelt_doc:economia,titular_metadatos,
N-6f2de644bc49,Anticorrupción reclama al Gobierno todos los documentos sobre el rescate de Plus Ultra que siguen ocultos,https://www.eldiariomontanes.es/nacional/anticorrupcion-reclama-gobierno-documentos-sobre-rescate-plus-20260921100109-ntrc.html,eldiariomontanes.es,es,,2026-09-22T08:45:00+00:00,2026-10-06T18:46:40+00:00,,gdelt_doc:turismo,titular_metadatos,
N-6f32d6946af8,Bertha Update 4pm CT : Tropical Storm Winds Spread Over Florida Panhandle | 1290 WJNO,https://wjno.iheart.com/featured/florida-news/content/2026-07-21-bertha-update-tropical-storm-winds-spread-over-florida-panhandle/,wjno.iheart.com,en,,2026-07-22T01:15:00+00:00,2026-10-06T18:46:40+00:00,,gdelt_doc:eventos_naturales,titular_metadatos,
N-6f3f551d820f,Muere Cristóbal Toby Muñoz,https://www.midiario.com/farandula/muere-cristobal-toby-munoz/,midiario.com,es,,2026-09-30T19:00:00+00:00,2026-10-06T18:46:40+00:00,,gdelt_doc:panama,titular_metadatos,
N-6f7aabc269c3,Rodrigo Paz ante la ONU : El socialismo no da de comer,https://actualidad.rt.com/actualidad/629268-rodrigo-paz-onu-socialismo-no-comer,actualidad.rt.com,es,,2026-09-24T17:30:00+00:00,2026-10-06T18:46:40+00:00,,gdelt_doc:economia,titular_metadatos,
N-6f8745c5add2,PANAM adquiere Cementos Fortaleza en El Salvador,https://www.elcaribe.com.do/panorama/dinero/panam-adquiere-cementos-fortaleza-en-el-salvador-2/,elcaribe.com.do,es,,2026-09-01T15:00:00+00:00,2026-10-06T18:46:40+00:00,,gdelt_doc:panama,titular_metadatos,
N-6f95be3566cb,Muere una de las grandes figuras de la TV y la radio en América Central,https://www.nacion.com/viva/muere-una-de-las-grandes-figuras-de-la-tv-y-la/A6ZMO7TYMFG5DDRNBKTDIQB3CQ/story/,nacion.com,es,,2026-07-26T22:00:00+00:00,2026-10-06T18:46:40+00:00,,gdelt_doc:logistica,titular_metadatos,
N-6f979956b5ba,Disney Cruise Line Returns to New York City in 2027,https://www.travelmarketreport.com/cruises/articles/disney-cruise-line-returns-to-new-york-city-in-2027,travelmarketreport.com,en,,2026-08-25T23:15:00+00:00,2026-10-06T18:46:40+00:00,,gdelt_doc:logistica,titular_metadatos,
N-6fc00acab4d5,El abrir para cerrar de la mina de cobre genera dudas y cuestionamientos en el frente ambiental y financiero,https://www.prensa.com/economia/cobre-panama-el-abrir-para-cerrar-genera-dudas-y-cuestionamientos-en-el-frente-ambiental-y-financiero/,prensa.com,es,,2026-10-02T03:45:00+00:00,2026-10-06T18:46:40+00:00,,gdelt_doc:economia,titular_metadatos,
N-6fc421bcffbb,La Asociación China aclara el origen de su monumento en Panamá,https://www.laestrella.com.pa/panama/nacional/la-asociacion-china-aclara-el-origen-de-su-monumento-en-panama-PE25471824,laestrella.com.pa,es,,2026-09-06T22:15:00+00:00,2026-10-06T18:46:40+00:00,,gdelt_doc:panama,titular_metadatos,
N-6fcc2efeb977,CAF concede préstamo de 500 millones de dólares a banco de Panamá para el sector agrícola,https://www.diaadia.com.pa/el-pais/caf-concede-prestamo-de-500-millones-de-dolares-banco-de-panama-para-el-sector-agricola,diaadia.com.pa,es,,2026-09-11T22:45:00+00:00,2026-10-06T18:46:40+00:00,,gdelt_doc:economia,titular_metadatos,
N-6fe960af0c53,Cuba impone ritmo en estreno del judo centroamericano - Noticias Prensa Latina,https://www.prensa-latina.cu/2026/07/25/cuba-impone-ritmo-en-estreno-del-judo-centroamericano/,prensa-latina.cu,es,,2026-07-25T23:30:00+00:00,2026-10-06T18:46:40+00:00,,gdelt_doc:logistica,titular_metadatos,
N-6fecaa7cf10c,Hong Kong conglomerate seeks $1 . 5 billion in damages from Panama for takeover of canal ports,https://finance.yahoo.com/economy/policy/articles/hong-kong-conglomerate-seeks-1-034820896.html,finance.yahoo.com,en,,2026-08-20T04:30:00+00:00,2026-10-06T18:46:40+00:00,,gdelt_doc:logistica,titular_metadatos,
N-7006c149155c,Colombia declares state of emergency after deadly earthquakes,https://tribuneonlineng.com/colombia-declares-state-of-emergency-after-deadly-earthquakes/,tribuneonlineng.com,en,,2026-08-11T11:30:00+00:00,2026-10-06T18:46:40+00:00,,gdelt_doc:economia,titular_metadatos,
N-7029785be5df,"El paso bioceánico clave ante la crisis del Canal de Panamá que tensiona a Chile y Argentina : ¿ a quién pertenece el estrecho de Magallanes , conocido como el Ormuz de América Latina ? | Mundo",https://larepublica.pe/mundo/2026/08/29/el-paso-bioceanico-clave-ante-la-crisis-del-canal-de-panama-que-tensiona-a-chile-y-argentina-a-quien-pertenece-el-estrecho-de-magallanes-1006184,larepublica.pe,es,,2026-08-29T18:15:00+00:00,2026-10-06T18:46:40+00:00,,gdelt_doc:logistica,titular_metadatos,
N-705b84a15028,CK Hutchison seeks US$1 . 5 billion from Panama in treaty dispute arbitration,https://www.channelnewsasia.com/business/ck-hutchison-seeks-us15-billion-panama-in-treaty-dispute-arbitration-6329856,channelnewsasia.com,en,,2026-08-20T05:15:00+00:00,2026-10-06T18:46:40+00:00,,gdelt_doc:economia,titular_metadatos,
N-7065597c3b62,"Créditos fiscales , un instrumento para invertir en el futuro turístico",https://www.prensa.com/opinion/creditos-fiscales-un-instrumento-para-invertir-en-el-futuro-turistico/,prensa.com,es,,2026-07-21T04:45:00+00:00,2026-10-06T18:46:40+00:00,,gdelt_doc:economia,titular_metadatos,
N-7069e3b1bf5e,Dan a conocer a los ganadores de la cocina local con el Distintivo Orgullo Gastronómico Mi Gusto Es,https://lineadirectaportal.com/sinaloa/dan-a-conocer-a-los-ganadores-de-la-cocina-local-con-el-distintivo-orgullo-gastronomico-mi-gusto-es-2026-09-23__1707370,lineadirectaportal.com,es,,2026-09-23T22:30:00+00:00,2026-10-06T18:46:40+00:00,,gdelt_doc:turismo,titular_metadatos,
N-70790c1d163a,Cooperativas del mundo ponen sus ojos en Panamá,https://www.critica.com.pa/nacional/cooperativas-del-mundo-ponen-sus-ojos-en-panama-517274,critica.com.pa,es,,2026-09-30T18:00:00+00:00,2026-10-06T18:46:40+00:00,,gdelt_doc:panama,titular_metadatos,
N-708c579de5ec,Repairs to The Bridge of Americas will have to Wait for the Fourth Bridge .,https://newsroompanama.com/2026/09/26/its-complete-repair-will-have-to-wait-for-the-fourth-bridge-the-bridge-of-the-americas-needs-work/,newsroompanama.com,en,,2026-09-27T00:15:00+00:00,2026-10-06T18:46:40+00:00,,gdelt_doc:logistica,titular_metadatos,
N-709255bf20ef,"El Salvador , Panama sound alarm on El Nino - fueled drought",https://www.thehindu.com/news/international/el-salvador-panama-sound-alarm-on-el-nino-fueled-drought/article71391259.ece,thehindu.com,en,,2026-08-26T02:45:00+00:00,2026-10-06T18:46:40+00:00,,gdelt_doc:logistica,titular_metadatos,
N-7095421a7230,Heidys Danlys presenta las tradiciones de Panamá en el Festival Latino de Kentucky,https://www.diaadia.com.pa/el-pais/heidys-danlys-presenta-las-tradiciones-de-panama-en-el-festival-latino-de-kentucky-791701,diaadia.com.pa,es,,2026-09-23T18:00:00+00:00,2026-10-06T18:46:40+00:00,,gdelt_doc:panama,titular_metadatos,
N-70a0f14e16f3,Destaca condiciones de la RD para impulsar competitividad,https://almomento.net/gobierno-destaca-condiciones-estrategicas-de-rd-para-impulsar-competitividad-regional/,almomento.net,es,,2026-08-13T18:30:00+00:00,2026-10-06T18:46:40+00:00,,gdelt_doc:economia,titular_metadatos,
N-70c3816a8764,La Jornada : Sheinbaum respalda neutralidad permanente del Canal de Panamá,https://www.jornada.com.mx/2026/07/16/politica/011n1pol,jornada.com.mx,es,,2026-07-16T12:30:00+00:00,2026-10-06T18:46:40+00:00,,gdelt_doc:logistica,titular_metadatos,
N-70e3063d9ae3,La Fiesta del Poncho vuelve a competir por el premio internacional Pasaporte Abierto,https://www.elesquiu.com/cultura-y-espectaculos/2026/8/25/la-fiesta-del-poncho-vuelve-a-competir-por-el-premio-internacional-pasaporte-abierto-594046.html,elesquiu.com,es,,2026-08-25T05:00:00+00:00,2026-10-06T18:46:40+00:00,,gdelt_doc:turismo,titular_metadatos,
N-7115aa03a34b,"La paradoja de Panamá : la economía crece en el papel , pero la crisis laboral y la venta de viviendas se estancan",https://www.panamaamerica.com.pa/economia/la-paradoja-de-panama-la-economia-crece-en-el-papel-pero-la-crisis-laboral-y-la-venta-de,panamaamerica.com.pa,es,,2026-07-16T03:00:00+00:00,2026-10-06T18:46:40+00:00,,gdelt_doc:economia,titular_metadatos,
N-711dd98cc684,Combustibles más caros y cautela económica hunden la confianza de los consumidores,https://www.laestrella.com.pa/economia/combustibles-mas-caros-y-cautela-economica-hunden-la-confianza-de-los-consumidores-GD24276275,laestrella.com.pa,es,,2026-07-22T06:00:00+00:00,2026-10-06T18:46:40+00:00,,gdelt_doc:economia,titular_metadatos,
N-7120b11645e6,Panamá y China renovarán acuerdo marítimo tras tensión por conflicto portuario,https://www.panamaamerica.com.pa/sociedad/panama-y-china-renovaran-acuerdo-maritimo-tras-tension-por-conflicto-portuario-1264233,panamaamerica.com.pa,es,,2026-07-21T02:30:00+00:00,2026-10-06T18:46:40+00:00,,gdelt_doc:logistica,titular_metadatos,
N-7152262b782c,Maiquetía alista terminales temporales para reanudar vuelos,https://laverdad.com/maiquetia-alista-terminales-temporales-para-reanudar-vuelos/,laverdad.com,es,,2026-08-06T22:30:00+00:00,2026-10-06T18:46:40+00:00,,gdelt_doc:turismo,titular_metadatos,
N-71563fc3e1f7,Reapertura frontera Estados Unidos para ganado mexicano,http://www.elmanana.com/noticias/nacional/reapertura-frontera-estados-unidos-para-ganado-mexicano/6165457,elmanana.com,es,,2026-07-26T17:00:00+00:00,2026-10-06T18:46:40+00:00,,gdelt_doc:economia,titular_metadatos,
N-7168ccf7baf9,Costa Rica depende cada vez más de migrantes para recolección de café,https://www.teletica.com/nacional/costa-rica-depende-cada-vez-mas-de-migrantes-para-recoleccion-de-cafe_418332,teletica.com,es,,2026-10-01T15:15:00+00:00,2026-10-06T18:46:40+00:00,,gdelt_doc:economia,titular_metadatos,
N-716acec50fbf,"¡ Atención , herederos del CEPANIM ! MEF anuncia cuándo atenderá los casos de beneficiarios fallecidos",https://www.telemetro.com/nacionales/atencion-herederos-del-cepanim-mef-anuncia-cuando-atendera-los-casos-beneficiarios-fallecidos-n6090580,telemetro.com,es,,2026-09-02T22:30:00+00:00,2026-10-06T18:46:40+00:00,,gdelt_doc:economia,titular_metadatos,
N-71b7e877fd0e,"Netanyahu ofrece a Mulino cooperación en IA , seguridad y comercio",https://www.critica.com.pa/nacional/netanyahu-ofrece-mulino-cooperacion-en-ia-seguridad-y-comercio-516964,critica.com.pa,es,,2026-09-25T00:45:00+00:00,2026-10-06T18:46:40+00:00,,gdelt_doc:panama,titular_metadatos,
N-71b95bc7ceed,Cape Town Exhibition Celebrates Women with Disabilities,https://www.maravipost.com/cape-town-exhibition-celebrates-women-with-disabilities/,maravipost.com,en,,2026-08-07T18:45:00+00:00,2026-10-06T18:46:40+00:00,,gdelt_doc:turismo,titular_metadatos,
N-71da79016e78,Robles wins Santo Domingo 2026 Central American and Caribbean Games with Puerto Rican U20 squad,https://goutsa.com/news/2026/08/4/robles-wins-santo-domingo-2026-central-american-and-caribbean-games-with-puerto-rican-u20-squad,goutsa.com,en,,2026-08-05T02:15:00+00:00,2026-10-06T18:46:40+00:00,,gdelt_doc:logistica,titular_metadatos,
N-7208ad47bfa6,Panamá retira dos protectores solares Nivea por contener un ingrediente prohibido y pide revisar etiquetas antes de usarlos,https://www.elimparcial.com/mundo/2026/07/22/panama-retira-dos-protectores-solares-nivea-por-contener-un-ingrediente-prohibido-y-pide-revisar-etiquetas-antes-de-usarlos/,elimparcial.com,es,,2026-07-22T23:15:00+00:00,2026-10-06T18:46:40+00:00,,gdelt_doc:panama,titular_metadatos,
N-72157a157888,República Dominicana supera 7 . 7 mm visitantes en 7 meses,https://almomento.net/republica-dominicana-supera-los-7-7-millones-de-visitantes/,almomento.net,es,,2026-08-04T23:45:00+00:00,2026-10-06T18:46:40+00:00,,gdelt_doc:turismo,titular_metadatos,
N-7224f31225a2,Diputado propone crear una autoridad del agua e incluirla en la Ley de la APP,https://www.laestrella.com.pa/panama/nacional/diputado-propone-crear-una-autoridad-del-agua-e-incluirla-en-la-ley-de-la-app-KF24566963,laestrella.com.pa,es,,2026-08-03T07:15:00+00:00,2026-10-06T18:46:40+00:00,,gdelt_doc:logistica,titular_metadatos,
N-723dcb11d059,"Tropical Storm Bertha Strengthens , Top Winds 60",https://tampabaysmix.iheart.com/content/2026-07-21-tropical-storm-bertha-strengthens-top-winds-60/,tampabaysmix.iheart.com,en,,2026-07-21T16:15:00+00:00,2026-10-06T18:46:40+00:00,,gdelt_doc:eventos_naturales,titular_metadatos,
N-7265129e5c8d,Jackeline Muñoz States that Unemployment in Panama is Slowing Down and is Around 9 . 1 %,https://newsroompanama.com/2026/08/02/jackeline-munoz-states-that-unemployment-in-panama-is-slowing-down-and-is-around-9-1/,newsroompanama.com,en,,2026-08-03T00:00:00+00:00,2026-10-06T18:46:40+00:00,,gdelt_doc:turismo,titular_metadatos,
N-72801ced8a07,Panamá apuesta por Puerto Armuelles como el nuevo hub pesquero de atún en el Pacífico Oriental,https://www.panamaamerica.com.pa/economia/panama-apuesta-por-puerto-armuelles-como-el-nuevo-hub-pesquero-de-atun-en-el-pacifico,panamaamerica.com.pa,es,,2026-07-12T01:45:00+00:00,2026-10-06T18:46:40+00:00,,gdelt_doc:economia,titular_metadatos,
N-72a3006724b2,Tropical Storm Bertha in the Gulf moving toward Florida Panhandle and Alabama,https://www.news4jax.com/news/national/2026/07/21/tropical-storm-bertha-in-the-gulf-of-mexico-moving-toward-florida-panhandle-and-alabama/,news4jax.com,en,,2026-07-21T12:15:00+00:00,2026-10-06T18:46:40+00:00,,gdelt_doc:eventos_naturales,titular_metadatos,
N-72c2a6b7c37b,Clima en Panamá : Pronóstico para este martes 1 de septiembre,https://www.laestrella.com.pa/panama/informacion-util/clima-en-panama-pronostico-para-este-martes-1-de-septiembre-AH25336372,laestrella.com.pa,es,,2026-09-01T13:00:00+00:00,2026-10-06T18:46:40+00:00,,gdelt_doc:panama,titular_metadatos,
N-72c6d2336078,Panamá recibió 1 . 75 millones de visitantes y creció 17 . 4 % en el primer semestre,https://www.prensa.com/economia/panama-recibe-175-millones-de-visitantes-y-crece-174-en-primer-semestre/,prensa.com,es,,2026-07-30T00:00:00+00:00,2026-10-06T18:46:40+00:00,,gdelt_doc:economia,titular_metadatos,
N-72c8a5612a18,Chapman : Sector privado es el principal motor del crecimiento económico,https://www.panamaamerica.com.pa/economia/chapman-sector-privado-es-el-principal-motor-del-crecimiento-economico-1266265,panamaamerica.com.pa,es,,2026-09-12T20:00:00+00:00,2026-10-06T18:46:40+00:00,,gdelt_doc:economia,titular_metadatos,
N-72cc846e8999,The New Americas Sanctuary : Why High - Net - Worth Investors Are Choosing Panama,https://newsroompanama.com/2026/09/23/the-new-americas-sanctuary-why-high-net-worth-investors-are-choosing-panama/,newsroompanama.com,en,,2026-09-24T01:00:00+00:00,2026-10-06T18:46:40+00:00,,gdelt_doc:economia,titular_metadatos,
N-72ce81297971,"Dominican Republic growth 4 . 0 % in 2026 , ECLAC says",https://www.riotimesonline.com/dominican-republic-growth-eclac-forecast-2026/,riotimesonline.com,en,,2026-08-25T12:00:00+00:00,2026-10-06T18:46:40+00:00,,gdelt_doc:turismo,titular_metadatos,
N-72e5580bbefa,La ola brasileña : marcas de Brasil invaden el comercio panameño,https://www.laestrella.com.pa/economia/la-ola-brasilena-marcas-de-brasil-invaden-el-comercio-panameno-GH24459483,laestrella.com.pa,es,,2026-07-29T19:45:00+00:00,2026-10-06T18:46:40+00:00,,gdelt_doc:turismo,titular_metadatos,
N-72f5c1256048,Metro de Panamá informó que fue atacado por ciberpiratas,https://www.revistaeyn.com/centroamericaymundo/metro-de-panama-informo-que-fue-atacado-por-ciberpiratas-GO31590420,revistaeyn.com,es,,2026-08-03T16:15:00+00:00,2026-10-06T18:46:40+00:00,,gdelt_doc:economia,titular_metadatos,
N-72ff50686114,"Maratón Medellín 2026 reunirá a 30 . 000 corredores : horarios , cierres y recorridos – Publimetro Colombia",https://www.publimetro.co/medellin/2026/09/02/medellin-se-pone-las-zapatillas-30000-corredores-tomaran-las-calles-este-fin-de-semana/,publimetro.co,es,,2026-09-02T22:15:00+00:00,2026-10-06T18:46:40+00:00,,gdelt_doc:turismo,titular_metadatos,
N-730750d55efe,Vásquez pide a trabajadores del Canal defender la institucionalidad,https://www.critica.com.pa/nacional/vasquez-pide-trabajadores-del-canal-defender-la-institucionalidad-515713,critica.com.pa,es,,2026-09-02T22:15:00+00:00,2026-10-06T18:46:40+00:00,,gdelt_doc:logistica,titular_metadatos,
N-7341f5982104,"Toma de mando de Keiko Fujimori : cuándo es , qué jefes de Estado asisten y la agenda oficial",https://elpais.com/america/2026-07-28/toma-de-mando-de-keiko-fujimori-cuando-es-que-jefes-de-estado-asisten-y-la-agenda-oficial.html,elpais.com,es,,2026-07-28T06:30:00+00:00,2026-10-06T18:46:40+00:00,,gdelt_doc:economia,titular_metadatos,
N-734ba545879e,Fitch & Ratings prevé que el Gobierno cumpla el déficit fiscal previsto,https://www.panamaamerica.com.pa/nacion/fitch-ratings-preve-que-el-gobierno-cumpla-el-deficit-fiscal-previsto-1264220,panamaamerica.com.pa,es,,2026-07-21T05:30:00+00:00,2026-10-06T18:46:40+00:00,,gdelt_doc:economia,titular_metadatos,
N-735aab0f7df5,Río Hato recibe el primer vuelo directo desde Quito y fortalece el turismo en Panamá,https://www.telemetro.com/nacionales/rio-hato-recibe-el-primer-vuelo-directo-quito-y-fortalece-el-turismo-panama-n6086344,telemetro.com,es,,2026-07-26T19:45:00+00:00,2026-10-06T18:46:40+00:00,,gdelt_doc:turismo,titular_metadatos,
N-73ba59f79f4b,"Pobreza multidimensional en Panamá baja a 12 . 4 %, pero las brechas persisten",https://www.laestrella.com.pa/economia/pobreza-multidimensional-en-panama-baja-a-124-pero-las-brechas-persisten-IG24996952,laestrella.com.pa,es,,2026-08-18T22:15:00+00:00,2026-10-06T18:46:40+00:00,,gdelt_doc:economia,titular_metadatos,
N-73cb342ca184,Jinete panameño iguala récord en el Forego Stakes y suma más de 9 millones en premios esta temporada,https://www.midiario.com/deportivas/jinete-panameno-iguala-record-en-el-forego-stakes-y-suma-mas-de-9-millones-en-premios-esta-temporada/,midiario.com,es,,2026-09-03T02:00:00+00:00,2026-10-06T18:46:40+00:00,,gdelt_doc:logistica,titular_metadatos,
N-73cf64653aba,"In Panama , MEF Will Replace the E - Tax System After Tax Credit Fraud Detected in Operation Pandora",https://newsroompanama.com/2026/08/03/in-panama-mef-will-replace-the-e-tax-system-after-tax-credit-fraud-detected-in-operation-pandora/,newsroompanama.com,en,,2026-08-03T23:45:00+00:00,2026-10-06T18:46:40+00:00,,gdelt_doc:economia,titular_metadatos,
N-73d788b56fa9,"La IA podría aportar $4 , 200 millones a Panamá hacia 2030",https://www.prensa.com/economia/la-ia-podria-aportar-4200-millones-a-panama-hacia-2030/,prensa.com,es,,2026-07-09T16:45:00+00:00,2026-10-06T18:46:40+00:00,,gdelt_doc:economia,titular_metadatos,
N-73dfdd91f59d,Viajar a Europa desde Colombia en 2026 : cuánto cuesta un tour y qué incluye,https://www.semana.com/turismo/articulo/viajar-a-europa-desde-colombia-en-2026-cuanto-cuesta-un-tour-y-que-incluye/202619/,semana.com,es,,2026-07-30T21:45:00+00:00,2026-10-06T18:46:40+00:00,,gdelt_doc:turismo,titular_metadatos,
N-73f85dac3264,Comando Sur despliega al comandante Donovan al Canal de Panamá : ¿ Cuál es el motivo ?,https://www.laestrella.com.pa/panama/nacional/comando-sur-despliega-al-comandante-donovan-al-canal-de-panama-cual-es-el-motivo-JJ24786096,laestrella.com.pa,es,,2026-08-11T02:15:00+00:00,2026-10-06T18:46:40+00:00,,gdelt_doc:logistica,titular_metadatos,
N-7400d5069cd1,"Tropical Storm Bertha strengthens , moves toward Florida Panhandle and Alabama",https://www.knoe.com/2026/07/21/tropical-storm-bertha-strengthens-moves-toward-florida-panhandle-alabama/,knoe.com,en,,2026-07-21T11:30:00+00:00,2026-10-06T18:46:40+00:00,,gdelt_doc:eventos_naturales,titular_metadatos,
N-74049e6fa3b5,"MEF recula con ITBMS a la economía digital , mientras avanza exoneración al ITBI",https://www.laestrella.com.pa/panama/nacional/mef-recula-con-itbms-a-la-economia-digital-mientras-avanza-exoneracion-al-itbi-LC25146638,laestrella.com.pa,es,,2026-08-25T08:00:00+00:00,2026-10-06T18:46:40+00:00,,gdelt_doc:economia,titular_metadatos,
N-74427a3a322c,The Boost that Seeks to Revive Mortgages is a $3000 Non - Refundable Subsidy to Buy a House .,https://newsroompanama.com/2026/09/19/the-boost-that-seeks-to-revive-mortgages-is-a-3000-non-refundable-subsidy-to-buy-a-house/,newsroompanama.com,en,,2026-09-20T00:00:00+00:00,2026-10-06T18:46:40+00:00,,gdelt_doc:economia,titular_metadatos,
N-7445e58da425,"Sembrando oportunidades , estudiantes aprenden modelo de producción sostenible",https://www.telemetro.com/nacionales/sembrando-oportunidades-estudiantes-aprenden-modelo-produccion-sostenible-n6089882,telemetro.com,es,,2026-08-27T02:45:00+00:00,2026-10-06T18:46:40+00:00,,gdelt_doc:panama,titular_metadatos,
N-744f71c0acbf,Mulino viajará a Colombia para la toma de posesión de Abelardo de la Espriella,https://www.critica.com.pa/nacional/mulino-viajara-colombia-para-la-toma-de-posesion-de-abelardo-de-la-espriella-514162,critica.com.pa,es,,2026-08-06T23:15:00+00:00,2026-10-06T18:46:40+00:00,,gdelt_doc:turismo,titular_metadatos,
N-745e863c7eef,Carnival Destiny unveiled as cruise line largest ship yet,https://www.orlandosentinel.com/2026/07/16/carnival-destiny-unveiled-as-cruise-lines-largest-ship-yet/,orlandosentinel.com,en,,2026-07-16T20:15:00+00:00,2026-10-06T18:46:40+00:00,,gdelt_doc:logistica,titular_metadatos,
N-74790c85a89d,Congestión en los puertos Asia y restricciones en el Canal de Panamá ejercen presión sobre las tarifas,https://www.mundomaritimo.cl/noticias/restricciones-en-el-canal-de-panama-y-congestion-en-los-puertos-asia-presionan-a-las-tarifas-spot,mundomaritimo.cl,es,,2026-09-04T07:45:00+00:00,2026-10-06T18:46:40+00:00,,gdelt_doc:logistica,titular_metadatos,
N-7496c7f7dcb9,Panamá y China acuerdan renovar un acuerdo marítimo en medio de una desescalada de tensión,https://www.diaadia.com.pa/el-pais/panama-y-china-acuerdan-renovar-un-acuerdo-maritimo-en-medio-de-una-desescalada-de-tension,diaadia.com.pa,es,,2026-07-21T04:00:00+00:00,2026-10-06T18:46:40+00:00,,gdelt_doc:logistica,titular_metadatos,
N-74a69fb6943c,Los cuatro pasos marítimos que tienen al mundo en vilo,https://elpais.com/internacional/2026-09-27/los-cuatro-pasos-maritimos-que-tienen-al-mundo-en-vilo.html,elpais.com,es,,2026-09-27T05:00:00+00:00,2026-10-06T18:46:40+00:00,,gdelt_doc:economia,titular_metadatos,
N-74a8945463ce,La banca panameña desafía el tamaño de su economía con utilidades récord en la región,https://www.prensa.com/economia/la-banca-panamena-desafia-el-tamano-de-su-economia-con-utilidades-record-en-la-region/,prensa.com,es,,2026-07-30T00:00:00+00:00,2026-10-06T18:46:40+00:00,,gdelt_doc:economia,titular_metadatos,
N-74aeff60cafe,Puerto Rico se lleva oro ante Dominicana en el basket masculino,https://listindiario.com/el-deporte/baloncesto/20260803/puerto-rico-lleva-oro-dominicana-basket-masculino_916651.html,listindiario.com,es,,2026-08-04T08:00:00+00:00,2026-10-06T18:46:40+00:00,,gdelt_doc:logistica,titular_metadatos,
N-74b70e659c3a,La Navidad 2026 llegará con luces a los 26 corregimientos,https://www.midiario.com/nacionales/la-navidad-2026-llegara-con-luces-a-los-26-corregimientos/,midiario.com,es,,2026-08-03T22:45:00+00:00,2026-10-06T18:46:40+00:00,,gdelt_doc:economia,titular_metadatos,
N-74cc6cb8fa41,"Ilya Espino presenta presupuesto del Canal con aportes de $3 , 607 . 8 millones al Estado",https://www.prensa.com/economia/canal-estima-aportar-3608-millones-al-estado-en-el-ano-fiscal-2027/,prensa.com,es,,2026-09-02T02:00:00+00:00,2026-10-06T18:46:40+00:00,,gdelt_doc:economia,titular_metadatos,
N-74d717affef8,"Panama Railway Plan , Court Rulings and Tocumen Growth",https://www.riotimesonline.com/panama-railway-court-rulings-tocumen-2026/,riotimesonline.com,en,,2026-08-18T11:15:00+00:00,2026-10-06T18:46:40+00:00,,gdelt_doc:economia,titular_metadatos,
N-74d90099ac95,Buena Vista alista su Festival del Café con más de 250 productores,https://eldeber.com.bo/santa-cruz/buena-vista-alista-festival-cafe-250-productores_1788878107,eldeber.com.bo,es,,2026-09-08T18:45:00+00:00,2026-10-06T18:46:40+00:00,,gdelt_doc:economia,titular_metadatos,
N-74fba2478471,"Descentralización explica qué incluye el proyecto de $293,715 para 15 juntas comunales",https://www.tvn-2.com/nacionales/autoridad-nacional-descentralizacion-explica-incluye-proyecto-junta-comunales_1_2264582.html,tvn-2.com,es,2026-10-06T14:51:46+00:00,,2026-10-06T18:46:40+00:00,,tvn_rss,titular_metadatos,
N-750714c629b3,CNN Fact - Checker Hits Trump With a Brutal Reality Check,https://www.thedailybeast.com/cnn-fact-checker-hits-trump-with-a-brutal-reality-check-over-his-wind-power-story/,thedailybeast.com,en,,2026-07-27T12:45:00+00:00,2026-10-06T18:46:40+00:00,,gdelt_doc:logistica,titular_metadatos,
N-7509735adf19,"Panama is not only the beginning : Foreign Minister pitches nation as India premier manufacturing , trade launchpad in Latin America",http://www.haitisun.com/news/279199252/panama-is-not-only-the-beginning-foreign-minister-pitches-nation-as-india-premier-manufacturing-trade-launchpad-in-latin-america,haitisun.com,en,,2026-07-20T19:15:00+00:00,2026-10-06T18:46:40+00:00,,gdelt_doc:economia,titular_metadatos,
N-751c0addf6d7,Traslado de cementerios por embalse de Río Indio genera rechazo,https://www.critica.com.pa/nacional/traslado-de-cementerios-por-embalse-de-rio-indio-genera-rechazo-513879,critica.com.pa,es,,2026-08-02T20:45:00+00:00,2026-10-06T18:46:40+00:00,,gdelt_doc:eventos_naturales,titular_metadatos,
N-75249aa6f523,Delcy Rodríguez llega a EEUU para reunirse con Trump | Noticias Diario de Burgos,https://www.diariodeburgos.es/noticia/zfac021cd-52fa-4240-a664272083047391/202609/delcy-rodriguez-llega-a-eeuu-para-reunirse-con-trump,diariodeburgos.es,es,,2026-09-22T00:30:00+00:00,2026-10-06T18:46:40+00:00,,gdelt_doc:economia,titular_metadatos,
N-755fb45cf87e,"Encapuchados asaltan el minisúper Nuevo Pilón y se llevan $1 , 600",https://www.critica.com.pa/sucesos/encapuchados-asaltan-el-minisuper-nuevo-pilon-y-se-llevan-1600-517268,critica.com.pa,es,,2026-09-30T17:30:00+00:00,2026-10-06T18:46:40+00:00,,gdelt_doc:logistica,titular_metadatos,
N-7566c6ceed61,Atlapa recibirá la sexta edición del festival gastronómico asiático en septiembre,https://www.laestrella.com.pa/vida-y-cultura/gastronomia/atlapa-recibira-la-sexta-edicion-del-festival-gastronomico-asiatico-en-septiembre-KG25320596,laestrella.com.pa,es,,2026-08-31T22:30:00+00:00,2026-10-06T18:46:40+00:00,,gdelt_doc:turismo,titular_metadatos,
N-756f637adcf4,Waved lleva su modelo educativo Ready For Life a El Salvador,https://www.critica.com.pa/deportes/waved-lleva-su-modelo-educativo-ready-life-el-salvador-515772,critica.com.pa,es,,2026-09-04T08:00:00+00:00,2026-10-06T18:46:40+00:00,,gdelt_doc:turismo,titular_metadatos,
N-756ff5885105,.: El Sol de Margarita :.,https://elsoldemargarita.com.ve/posts/post/id:258857/Margarita-en-Argentina,elsoldemargarita.com.ve,es,,2026-09-23T07:00:00+00:00,2026-10-06T18:46:40+00:00,,gdelt_doc:turismo,titular_metadatos,
N-7596f945a342,Gobierno aprueba licencias para dos nuevas zonas francas en Panamá Oeste y Colón,https://www.panamaamerica.com.pa/sociedad/gobierno-aprueba-licencias-para-dos-nuevas-zonas-francas-en-panama-oeste-y-colon-1266129,panamaamerica.com.pa,es,,2026-09-09T02:00:00+00:00,2026-10-06T18:46:40+00:00,,gdelt_doc:economia,titular_metadatos,
N-75a47331093d,Alejandro Pérez cuestiona independencia de Rubén Blades y pide a Blandón no meterse en los asuntos de RM,https://www.panamaamerica.com.pa/politica/alejandro-perez-cuestiona-independencia-de-ruben-blades-y-pide-blandon-no-meterse-en-los,panamaamerica.com.pa,es,,2026-09-27T00:30:00+00:00,2026-10-06T18:46:40+00:00,,gdelt_doc:turismo,titular_metadatos,
N-75b7ed3987e7,MEF presenta proyecto para exonerar del ITBI a nuevas viviendas,https://www.panamaamerica.com.pa/economia/mef-presenta-proyecto-para-exonerar-del-itbi-nuevas-viviendas-1265182,panamaamerica.com.pa,es,,2026-08-14T05:45:00+00:00,2026-10-06T18:46:40+00:00,,gdelt_doc:economia,titular_metadatos,
N-75f4e54c5b1b,Canal aumenta tránsito y se prepara para el Fenómeno del Niño,https://www.critica.com.pa/nacional/canal-aumenta-transito-y-se-prepara-para-el-fenomeno-del-nino-513353,critica.com.pa,es,,2026-07-23T16:00:00+00:00,2026-10-06T18:46:40+00:00,,gdelt_doc:logistica,titular_metadatos,
N-7622577d9a72,Night Wildlife Tours Reveal a Different Panama,https://newsroompanama.com/2026/09/10/panamas-forests-tell-another-story-after-dark/,newsroompanama.com,en,,2026-09-11T01:00:00+00:00,2026-10-06T18:46:40+00:00,,gdelt_doc:turismo,titular_metadatos,
N-762be6a0631f,Cubadebate,http://www.cubadebate.cu/especiales/2026/09/30/perez-oliva-eeuu-busca-crear-una-dependencia-economica-de-cuba-en-base-a-la-amenaza-y-el-chantaje-a-companias-extranjeras/,cubadebate.cu,es,,2026-09-30T14:45:00+00:00,2026-10-06T18:46:40+00:00,,gdelt_doc:turismo,titular_metadatos,
N-7647222dddfd,La Justicia procesó a ocho altos mandos iraníes y libaneses por el atentado a la AMIA,http://www.lanueva.com/nota/2026-9-21-14-3-0-la-justicia-proceso-a-ocho-altos-mandos-iranies-y-libaneses-por-el-atentado-a-la-amia,lanueva.com,es,,2026-09-21T21:00:00+00:00,2026-10-06T18:46:40+00:00,,gdelt_doc:logistica,titular_metadatos,
N-765a0dcc67c2,"Gulf Shores , Orange Beach , Foley respond to Flock new accountability rules as pushback continues","http://www.gulfcoastmedia.com/stories/gulf-shores-orange-beach-foley-respond-to-flocks-new-accountability-rules-as-pushback-continues,347264",gulfcoastmedia.com,en,,2026-09-09T04:30:00+00:00,2026-10-06T18:46:40+00:00,,gdelt_doc:turismo,titular_metadatos,
N-766341b4edba,Cinco medallas en jornada del lunes para delegación de PR en los Centroamericanos - NotiCel - La verdad como es - Noticias de Puerto Rico,https://noticel.com/ultima-hora/20260728/cinco-medallas-en-jornada-del-lunes-para-delegacion-de-pr-en-los-centroamericanos/,noticel.com,es,,2026-07-28T12:30:00+00:00,2026-10-06T18:46:40+00:00,,gdelt_doc:logistica,titular_metadatos,
N-766e35a17ea3,Mulino viajará a Ecuador para hablar con Noboa sobre Comercio y Seguridad,https://www.critica.com.pa/nacional/mulino-viajara-ecuador-para-hablar-con-noboa-sobre-comercio-y-seguridad-515723,critica.com.pa,es,,2026-09-03T02:15:00+00:00,2026-10-06T18:46:40+00:00,,gdelt_doc:logistica,titular_metadatos,
N-76a25666f215,Panama foreign minister arrives in India on five - day official visit,https://aninews.in/news/world/asia/panama-foreign-minister-arrives-in-india-on-five-day-official-visit20260719085012/,aninews.in,en,,2026-07-19T05:15:00+00:00,2026-10-06T18:46:40+00:00,,gdelt_doc:panama,titular_metadatos,
N-76cf5f20a3da,Venezuela main airport partially resumes commercial flights after deadly earthquakes,https://www.bostonherald.com/2026/09/01/venezuela-earthquakes-airport/,bostonherald.com,en,,2026-09-01T23:15:00+00:00,2026-10-06T18:46:40+00:00,,gdelt_doc:turismo,titular_metadatos,
N-76de39b11b0b,Pensacola Beach weighs stricter vacation rental registry over noise and trash,https://www.foxnews.com/travel/popular-beach-town-rejects-noise-trash-traffic-weighs-stricter-vacation-rental-rules,foxnews.com,en,,2026-08-28T14:00:00+00:00,2026-10-06T18:46:40+00:00,,gdelt_doc:turismo,titular_metadatos,
N-76e553adb1f7,El Canal de Panamá está cobrando cada vez más importancia,https://www.abc.es/internacional/canal-panama-cobrando-vez-importancia-20260728001517-nt.html,abc.es,es,,2026-07-26T22:45:00+00:00,2026-10-06T18:46:40+00:00,,gdelt_doc:logistica,titular_metadatos,
N-76f4fee03c31,Cinco grandes bancos e inversionistas muestran apetito por Panamá,https://www.laestrella.com.pa/economia/cinco-grandes-bancos-e-inversionistas-muestran-apetito-por-panama-NC26061639,laestrella.com.pa,es,,2026-09-29T07:30:00+00:00,2026-10-06T18:46:40+00:00,,gdelt_doc:economia,titular_metadatos,
N-77205224cb6c,Cobre Panamá volvería a producir : lo que falta definir es bajo qué modelo,https://www.infobae.com/panama/2026/10/01/cobre-panama-volveria-a-producir-lo-que-falta-definir-es-bajo-que-modelo/,infobae.com,es,,2026-10-02T00:00:00+00:00,2026-10-06T18:46:40+00:00,,gdelt_doc:economia,titular_metadatos,
N-7726fe143993,Recibe Sheinbaum en Palacio Nacional al presidente de Panamá,https://www.tiempo.com.mx/local/recibe-sheinbaum-en-palacio-nacional-al-presidente-de-panama/,tiempo.com.mx,es,,2026-07-15T17:00:00+00:00,2026-10-06T18:46:40+00:00,,gdelt_doc:panama,titular_metadatos,
N-77479ef8d0ac,Reconocen a promotores de turismo ; gobernadora entrega premio Orgullo Sinaloense 2026,https://lineadirectaportal.com/sinaloa/reconocen-a-promotores-de-turismo-gobernadora-entrega-premio-orgullo-sinaloense-2026-2026-10-01__1712680,lineadirectaportal.com,es,,2026-10-02T02:45:00+00:00,2026-10-06T18:46:40+00:00,,gdelt_doc:turismo,titular_metadatos,
N-775de90c3e75,"La deuda pública llegará a $64 , 000 millones en 2027 ; crecerá a un ritmo más lento",https://www.prensa.com/economia/la-deuda-publica-llegara-a-64000-millones-en-2027-crecera-a-un-ritmo-mas-lento/,prensa.com,es,,2026-09-28T23:30:00+00:00,2026-10-06T18:46:40+00:00,,gdelt_doc:economia,titular_metadatos,
N-776ec9e250fc,"Colombia apunta a un PIB de US$632 . 000 millones en 2030 , según proyecciones del FMI",https://www.larepublica.co/globoeconomia/colombia-apunta-a-un-pib-de-us-632-000-millones-en-2030-segun-proyecciones-del-fmi-4473159,larepublica.co,es,,2026-09-03T05:30:00+00:00,2026-10-06T18:46:40+00:00,,gdelt_doc:economia,titular_metadatos,
N-77766b4fa48d,Copa Airlines anunció vuelos directos a la venezolana Isla Margarita a partir de noviembre – EntornoInteligente . com,https://www.entornointeligente.com/copa-airlines-anuncio-vuelos-directos-a-la-venezolana-isla-margarita-a-partir-de-noviembre/,entornointeligente.com,es,,2026-08-05T23:00:00+00:00,2026-10-06T18:46:40+00:00,,gdelt_doc:turismo,titular_metadatos,
N-7792e78a03eb,Sin decisión sobre Cobre Panamá : Gobierno daría una recomendación antes de terminar 2026,https://www.prensa.com/economia/en-directo-comision-ministerial-presenta-avances-de-la-auditoria-integral-a-la-mina-cobre-panama/,prensa.com,es,,2026-07-13T19:45:00+00:00,2026-10-06T18:46:40+00:00,,gdelt_doc:economia,titular_metadatos,
N-77995cfee146,El Canal de Panamá mejora sus resultados mientras diseña su defensa contra El Niño,https://www.infobae.com/panama/2026/07/23/el-canal-de-panama-mejora-sus-resultados-mientras-disena-su-defensa-contra-el-nino/,infobae.com,es,,2026-07-23T22:00:00+00:00,2026-10-06T18:46:40+00:00,,gdelt_doc:logistica,titular_metadatos,
N-77a2f5dcd582,¿ Qué se celebra hoy en el mundo ? Efemérides del 5 de septiembre hechos y conmemoraciones de esta fecha,https://acento.com.do/actualidad/que-se-celebra-hoy-en-el-mundo-efemerides-del-5-de-septiembre-hechos-y-conmemoraciones-de-esta-fecha-9747461.html,acento.com.do,es,,2026-09-05T07:15:00+00:00,2026-10-06T18:46:40+00:00,,gdelt_doc:turismo,titular_metadatos,
N-77cf4e2bd585,¿ Qué es la competitividad ?,https://www.panamaamerica.com.pa/opinion/que-es-la-competitividad-1266782,panamaamerica.com.pa,es,,2026-09-27T15:00:00+00:00,2026-10-06T18:46:40+00:00,,gdelt_doc:economia,titular_metadatos,
N-77db4f4496f4,El Niño weather pattern enters record territory scientist,https://www.philstar.com/headlines/climate-and-environment/2026/09/22/2558059/el-nio-weather-pattern-enters-record-territory-scientist,philstar.com,en,,2026-09-22T02:15:00+00:00,2026-10-06T18:46:40+00:00,,gdelt_doc:logistica,titular_metadatos,
N-77fd34427b74,"TODO TURISMO | ENTRE EUROPA , EU Y MÉXICO : Cancún mantiene 307 operaciones aéreas programadas",https://noticaribe.com.mx/2026/09/08/todo-turismo-entre-europa-eu-y-mexico-cancun-mantiene-307-operaciones-aereas-programadas/,noticaribe.com.mx,es,,2026-09-08T23:00:00+00:00,2026-10-06T18:46:40+00:00,,gdelt_doc:turismo,titular_metadatos,
N-77fe60b7a4fa,Precios de fletes marítimos suben por tercera semana consecutiva y se anticipa impacto relevante para Chile,https://www.latercera.com/pulso/noticia/precios-de-fletes-maritimos-suben-por-tercera-semana-consecutiva-y-se-anticipa-impacto-relevante-para-chile/,latercera.com,es,,2026-08-25T02:00:00+00:00,2026-10-06T18:46:40+00:00,,gdelt_doc:logistica,titular_metadatos,
N-7803876efb15,Empleo en Panamá : Cámara de Comercio y MITRADEL anuncian las ofertas de esta semana,https://www.telemetro.com/nacionales/empleo-panama-camara-comercio-y-mitradel-anuncian-las-ofertas-esta-semana-n6086709,telemetro.com,es,,2026-07-29T17:30:00+00:00,2026-10-06T18:46:40+00:00,,gdelt_doc:economia,titular_metadatos,
N-780a899a6b70,Gabinete aprueba eliminar el ITBI para viviendas de hasta 120 mil dólares,https://www.laestrella.com.pa/economia/gabinete-aprueba-eliminar-el-itbi-para-viviendas-de-hasta-120-mil-dolares-PF24473286,laestrella.com.pa,es,,2026-07-30T00:45:00+00:00,2026-10-06T18:46:40+00:00,,gdelt_doc:economia,titular_metadatos,
N-780ec8dd7e0d,"Indian Ambassador Sumit Seth bids farewell to Panama President Jose Raul Mulino , discusses scholarships , development projects and bilateral ties",http://www.cambodiantimes.com/news/279225392/indian-ambassador-sumit-seth-bids-farewell-to-panama-president-jose-raul-mulino-discusses-scholarships-development-projects-and-bilateral-ties,cambodiantimes.com,en,,2026-08-06T21:00:00+00:00,2026-10-06T18:46:40+00:00,,gdelt_doc:economia,titular_metadatos,
N-78183fe6c616,Productor de Tortí logra cosecha de 30 quintales de ají trompito con apoyo del MIDA,https://www.midiario.com/nacionales/productor-de-torti-logra-cosecha-de-30-quintales-de-aji-trompito-con-apoyo-del-mida/,midiario.com,es,,2026-09-21T22:15:00+00:00,2026-10-06T18:46:40+00:00,,gdelt_doc:economia,titular_metadatos,
N-78231290d236,RD impulsó la resiliencia fiscal de la región desde Cosefin,https://hoy.com.do/economia/rd-impulso-resiliencia-fiscal-region-cosefin_1094706.html,hoy.com.do,es,,2026-07-14T05:45:00+00:00,2026-10-06T18:46:40+00:00,,gdelt_doc:economia,titular_metadatos,
N-784ed84cb565,Panamá es la primera final de la Selección Mexicana Sub 20,https://www.eluniversal.com.mx/deportes/panama-es-la-primera-final-de-la-seleccion-mexicana-sub-20/,eluniversal.com.mx,es,,2026-08-05T13:45:00+00:00,2026-10-06T18:46:40+00:00,,gdelt_doc:logistica,titular_metadatos,
N-78a50d1d8849,First female administrator in the Panama Canal history takes the helm,https://www.clickondetroit.com/business/2026/09/07/first-female-administrator-in-the-panama-canals-history-takes-the-helm/,clickondetroit.com,en,,2026-09-07T16:15:00+00:00,2026-10-06T18:46:40+00:00,,gdelt_doc:economia,titular_metadatos,
N-78ab95b8db40,"El Caribe , el nuevo Dorado",https://elpais.com/america-colombia/2026-08-02/el-caribe-el-nuevo-dorado.html,elpais.com,es,,2026-08-02T05:00:00+00:00,2026-10-06T18:46:40+00:00,,gdelt_doc:logistica,titular_metadatos,
N-79037c1ff657,El Niño pone a Panamá en alerta : Gobierno declara estado de emergencia nacional hasta junio de 2027,https://www.telemetro.com/nacionales/el-nino-pone-panama-alerta-gobierno-declara-estado-emergencia-nacional-junio-2027-n6089758,telemetro.com,es,,2026-08-26T13:15:00+00:00,2026-10-06T18:46:40+00:00,,gdelt_doc:economia,titular_metadatos,
N-79073a8bd500,"Rubio y de la Espriella , una gran oportunidad",https://www.semana.com/opinion/articulo/rubio-y-de-la-espriella-una-gran-oportunidad/202651/,semana.com,es,,2026-09-12T06:00:00+00:00,2026-10-06T18:46:40+00:00,,gdelt_doc:economia,titular_metadatos,
N-7933dba82bc7,Panama Rejects Smuggling Claims on Colon Free Zone,https://www.riotimesonline.com/panama-colon-free-zone-tracit-illicit-trade-2026/,riotimesonline.com,en,,2026-07-12T16:45:00+00:00,2026-10-06T18:46:40+00:00,,gdelt_doc:economia,titular_metadatos,
N-794ea6386972,"En medio de la tensión con Reino Unido , Javier Milei volvió a reclamar las Malvinas : Cuanto antes nos las devuelvan , mejor",https://tn.com.ar/politica/2026/09/21/en-medio-de-la-tension-con-reino-unido-javier-milei-volvio-a-reclamar-las-malvinas-cuanto-antes-nos-las-devuelvan-mejor/,tn.com.ar,es,,2026-09-22T01:15:00+00:00,2026-10-06T18:46:40+00:00,,gdelt_doc:economia,titular_metadatos,
N-795737439e18,Maria Corina Machado Attempts to Return to Venezuela,https://havanatimes.org/features/maria-corina-machados-attempts-to-return-to-venezuela/,havanatimes.org,en,,2026-09-25T04:45:00+00:00,2026-10-06T18:46:40+00:00,,gdelt_doc:logistica,titular_metadatos,
N-7964653005dc,¡ Arranca la cuenta regresiva ! Miss Universe Panamá 2026 ya tiene fecha para elegir la nueva reina,https://www.diaadia.com.pa/fama/arranca-la-cuenta-regresiva-miss-universe-panama-2026-ya-tiene-fecha-para-elegir-la-nueva,diaadia.com.pa,es,,2026-07-25T01:00:00+00:00,2026-10-06T18:46:40+00:00,,gdelt_doc:turismo,titular_metadatos,
N-7967d8020684,"Tras la firma del TLC con Canadá , Ecuador apunta a 8 nuevos mercados",https://www.expreso.ec/economia-y-negocios/firma-tlc-canada-ecuador-apunta-8-nuevos-mercados-290684.html,expreso.ec,es,,2026-07-28T19:00:00+00:00,2026-10-06T18:46:40+00:00,,gdelt_doc:economia,titular_metadatos,
N-79752fa59567,Canal de Panamá restricciones aumentan costos de tránsito,http://www.elmanana.com/noticias/internacional/canal-de-panama-restricciones-aumentan-costos-de-transito/6178739,elmanana.com,es,,2026-08-27T20:45:00+00:00,2026-10-06T18:46:40+00:00,,gdelt_doc:logistica,titular_metadatos,
N-79894f096bdd,Mexicana Escalera mandó en gimnasia ( all - around ) de Santo Domingo,https://www.prensa-latina.cu/2026/08/04/mexicana-escalera-mando-en-gimnasia-all-around-de-santo-domingo/,prensa-latina.cu,es,,2026-08-05T02:30:00+00:00,2026-10-06T18:46:40+00:00,,gdelt_doc:logistica,titular_metadatos,
N-7998db780bc0,Venezuela y República Dominicana van invictos en Panam,https://eldia.com.do/venezuela-y-republica-dominicana-van-invictos-en-panam/,eldia.com.do,es,,2026-08-24T05:30:00+00:00,2026-10-06T18:46:40+00:00,,gdelt_doc:panama,titular_metadatos,
N-79c10dbecbcf,Técnico rival de Saprissa en Copa Centroamericana lanza frase que dolerá en Alajuelense,https://www.nacion.com/puro-deporte/tecnico-rival-de-saprissa-en-copa-centroamericana/V3IAQ4PT7RF27P7GNPYGG6VPEA/story/,nacion.com,es,,2026-07-28T23:45:00+00:00,2026-10-06T18:46:40+00:00,,gdelt_doc:logistica,titular_metadatos,
N-79db77f304b9,Switzerland Joins Panama Canal Neutrality Protocol,https://www.miragenews.com/switzerland-joins-panama-canal-neutrality-1713947/,miragenews.com,en,,2026-07-21T22:15:00+00:00,2026-10-06T18:46:40+00:00,,gdelt_doc:economia,titular_metadatos,
N-79e6ace0c87f,El Canal de Panamá reducirá el tránsito de buques por los efectos de El Niño,https://eldeber.com.bo/bbc/el-canal-de-panama-reducira-el-transito-de-buques-por-los-efectos-de-el-nino-2026821143234,eldeber.com.bo,es,,2026-08-21T20:30:00+00:00,2026-10-06T18:46:40+00:00,,gdelt_doc:economia,titular_metadatos,
N-79f31cc808c3,"¡ Jefa , jefa , jefa !: quién es Ilya Espino de Marotta , la ingeniera de casco rosa que al frente del Canal de Panamá supervisa parte del comercio mundial",https://www.prensalibre.com/internacional/bbc-news-mundo-internacional/jefa-jefa-jefa-quien-es-ilya-espino-de-marotta-la-ingeniera-de-casco-rosa-que-al-frente-del-canal-de-panama-supervisa-parte-del-comercio-mundial-3/,prensalibre.com,es,,2026-09-12T20:15:00+00:00,2026-10-06T18:46:40+00:00,,gdelt_doc:economia,titular_metadatos,
N-79f6bb0c6ef2,"Panama is not only the beginning : Foreign Minister pitches nation as India premier manufacturing , trade launchpad in Latin America",http://www.asiabulletin.com/news/279199252/panama-is-not-only-the-beginning-foreign-minister-pitches-nation-as-india-premier-manufacturing-trade-launchpad-in-latin-america,asiabulletin.com,en,,2026-07-20T20:45:00+00:00,2026-10-06T18:46:40+00:00,,gdelt_doc:economia,titular_metadatos,
N-7a0aeb26bfd8,¿ Reclutaron a panameños para la guerra entre Rusia y Ucrania ? El gobierno inicia investigación,https://www.nacion.com/el-mundo/reclutaron-a-panamenos-para-la-guerra-entre-rusia/WI4AKVCSNVDCTOG7I3G2L4FUTI/story/,nacion.com,es,,2026-07-24T04:45:00+00:00,2026-10-06T18:46:40+00:00,,gdelt_doc:panama,titular_metadatos,
N-7a0e3316e887,Valladolid congregará a 250 líderes empresariales de 43 países | Noticias El Día de Valladolid,https://www.eldiadevalladolid.com/noticia/z66bfa05d-d43e-483d-a32361e04ab1fe76/202609/valladolid-congregara-a-250-lideres-empresariales-de-43-paises,eldiadevalladolid.com,es,,2026-09-30T14:45:00+00:00,2026-10-06T18:46:40+00:00,,gdelt_doc:turismo,titular_metadatos,
N-7a10859adf79,"¡ Jefa , jefa , jefa !: quién es Ilya Espino de Marotta , la ingeniera de casco rosa que al frente del Canal de Panamá supervisa parte del comercio mundial | Sociedad | La Revista",https://www.eluniverso.com/larevista/sociedad/jefa-jefa-jefa-quien-es-ilya-espino-de-marotta-la-ingeniera-de-casco-rosa-que-al-frente-del-canal-de-panama-supervisa-parte-del-comercio-mundial-nota/,eluniverso.com,es,,2026-09-12T02:00:00+00:00,2026-10-06T18:46:40+00:00,,gdelt_doc:economia,titular_metadatos,
N-7a14a5a3a9f0,Kayra Harding revela que su príncipe no despertó más y la conversación que tuvieron antes de que él muriera : Te amo bebé voy a dormir,https://www.midiario.com/farandula/kayra-harding-revela-que-su-principe-no-desperto-mas-y-la-conversacion-que-tuvieron-antes-de-que-el-muriera-te-amo-bebe-voy-a-dormir/,midiario.com,es,,2026-07-28T19:30:00+00:00,2026-10-06T18:46:40+00:00,,gdelt_doc:turismo,titular_metadatos,
N-7a14d09087ed,Diana Uribe presentará ´La historia del café como nunca te la han contado´ en Panamá,https://www.prensa.com/vivir/diana-uribe-presentara-la-historia-del-cafe-como-nunca-te-la-han-contado-en-panama/,prensa.com,es,,2026-08-03T21:30:00+00:00,2026-10-06T18:46:40+00:00,,gdelt_doc:economia,titular_metadatos,
N-7a1f2c4b0d26,Panamá impulsa tecnología satelital y nuevos acuerdos contra el crimen,https://www.critica.com.pa/nacional/panama-impulsa-tecnologia-satelital-y-nuevos-acuerdos-contra-el-crimen-517316,critica.com.pa,es,,2026-10-01T06:00:00+00:00,2026-10-06T18:46:40+00:00,,gdelt_doc:panama,titular_metadatos,
N-7a493b13b973,FIL Panamá 2026 : así arrancó la fiesta literaria en Atlapa,https://www.laestrella.com.pa/vida-y-cultura/cultura/fil-panama-2026-asi-arranco-la-fiesta-literaria-en-atlapa-KA25168637,laestrella.com.pa,es,,2026-08-25T23:30:00+00:00,2026-10-06T18:46:40+00:00,,gdelt_doc:logistica,titular_metadatos,
N-7aa5cea763d1,"Panamá fortalece cooperación con Ghana , Trinidad y Tobago y Ucrania",https://www.telemetro.com/nacionales/panama-fortalece-cooperacion-ghana-trinidad-y-tobago-y-ucrania-n6092789,telemetro.com,es,,2026-09-23T22:00:00+00:00,2026-10-06T18:46:40+00:00,,gdelt_doc:logistica,titular_metadatos,
N-7aa77c26f313,Michael Amir Murillo y Jorge Gutiérrez anticipan un duelo más exigente ante Nueva Zelanda,https://www.prensa.com/deportes/michael-amir-murillo-y-jorge-gutierrez-anticipan-un-duelo-mas-exigente-ante-nueva-zelanda/,prensa.com,es,,2026-09-30T18:45:00+00:00,2026-10-06T18:46:40+00:00,,gdelt_doc:panama,titular_metadatos,
N-7aaeadad6227,Un tribunal absuelve a un empresario por el asesinato de la periodista Daphne Caruana Galizia en 2017,https://www.diariosigloxxi.com/texto-ep/mostrar/20260902224140/tribunal-absuelve-empresario-asesinato-periodista-daphne-caruana-galizia-2017,diariosigloxxi.com,es,,2026-09-02T23:30:00+00:00,2026-10-06T18:46:40+00:00,,gdelt_doc:turismo,titular_metadatos,
N-7ac66c03e773,"Muere Cristóbal Toby Muñoz , figura de la música panameña",https://www.panamaamerica.com.pa/variedades/muere-cristobal-toby-munoz-figura-de-la-musica-panamena-1266920,panamaamerica.com.pa,es,,2026-09-30T22:30:00+00:00,2026-10-06T18:46:40+00:00,,gdelt_doc:panama,titular_metadatos,
N-7ac67f5ee31d,"Ángel Expósito : Los dos besitos de Pedro Sánchez a Delcy Rodríguez definen perfectamente nuestra política exterior , al igual que lo vivido en la ONU , el cinismo y la verdad sobre Trump",https://www.cope.es/programas/la-linterna/audios/angel-exposito-dos-besitos-pedro-sanchez-delcy-rodriguez-definen-perfectamente-nuestra-politica-exterior-igual-vivido-onu-cinismo-verdad-sobre-trump-20260923_3442529.html,cope.es,es,,2026-09-23T19:45:00+00:00,2026-10-06T18:46:40+00:00,,gdelt_doc:logistica,titular_metadatos,
N-7adbc6453b0e,"NOAA Warns El Niño Could Rank Among Strongest on Record , Raising Shipping Concerns",https://gcaptain.com/noaa-warns-el-nino-could-rank-among-strongest-on-record-raising-shipping-concerns/,gcaptain.com,en,,2026-07-13T17:30:00+00:00,2026-10-06T18:46:40+00:00,,gdelt_doc:logistica,titular_metadatos,
N-7af7515a578e,CNBC Names PayJoy one of the World Top FinTech Companies of 2026,http://www.prnewswire.com/news-releases/cnbc-names-payjoy-one-of-the-worlds-top-fintech-companies-of-2026-302833730.html,prnewswire.com,en,,2026-07-23T22:00:00+00:00,2026-10-06T18:46:40+00:00,,gdelt_doc:economia,titular_metadatos,
N-7b062982bbdb,Rusia niega haber ordenado restricciones por un supuesto caso de peste neumónica,https://www.tvn-2.com/mundo/rusia-niega-haber-ordenado-restricciones-supuesto-caso-peste-neumonica_1_2264573.html,tvn-2.com,es,2026-10-06T14:02:14+00:00,,2026-10-06T18:46:40+00:00,,tvn_rss,titular_metadatos,
N-7b0e394bdc72,"Personal de la planilla 2020 lleva dos meses sin cobrar , mientras que ingresaron 456 funcionarios al Legislativo",https://www.laestrella.com.pa/panama/politica/personal-de-la-planilla-2020-lleva-dos-meses-sin-cobrar-mientras-que-ingresaron-456-funcionarios-al-legislativo-EH25333430,laestrella.com.pa,es,,2026-09-01T08:15:00+00:00,2026-10-06T18:46:40+00:00,,gdelt_doc:economia,titular_metadatos,
N-7b10723f2c7f,Strikes Again Are Paused as Trump Gives Talks Space,https://www.newser.com/story/393530/us-iran-again-pause-strikes-while-talks-continue.html,newser.com,en,,2026-07-26T22:45:00+00:00,2026-10-06T18:46:40+00:00,,gdelt_doc:logistica,titular_metadatos,
N-7b1cee8e568d,Preview - Asamblea de Panamá,https://www.asamblea.gob.pa/Noticias/Noticias/APRUEBAN-EN-PRIMER-DEBATE-USO-DEL-CEPANIM-EN-EL-COMERCIO--Y-EN-EL-PAGO-DE-IMPUESTO,asamblea.gob.pa,es,,2026-09-03T04:00:00+00:00,2026-10-06T18:46:40+00:00,,gdelt_doc:economia,titular_metadatos,
N-7b1d12b930be,Cuba : la esperanza movilizada en la Isla de la Libertad,https://pacocol.org/cuba-la-esperanza-movilizada-en-la-isla-de-la-libertad/,pacocol.org,es,,2026-08-23T14:45:00+00:00,2026-10-06T18:46:40+00:00,,gdelt_doc:turismo,titular_metadatos,
N-7b3eea17ad36,C3S ISSUE BRIEF 41 / 26 - Geopolitical Disruptions and India Connectivity Strategy : Accelerating Alternative Corridors Beyond Belt and Road Initiative .,https://www.c3sindia.org/post/c3s-issue-brief-41-26-geopolitical-disruptions-and-india-s-connectivity-strategy-accelerating-al,c3sindia.org,en,,2026-09-23T21:15:00+00:00,2026-10-06T18:46:40+00:00,,gdelt_doc:turismo,titular_metadatos,
N-7b51ecf5d490,Outgoing UN chief says polluters have treated atmosphere like an open sewer,https://www.aol.co.uk/articles/outgoing-un-chief-says-polluters-211945000.html,aol.co.uk,en,,2026-09-22T22:00:00+00:00,2026-10-06T18:46:40+00:00,,gdelt_doc:economia,titular_metadatos,
N-7b55733256a5,Canal de Panamá : tarifas de flete logran récord por sequía de El Niño y guerra en Irán,https://rpp.pe/mundo/actualidad/canal-de-panama-tarifas-de-flete-logran-record-por-sequia-de-el-nino-y-guerra-en-iran-noticia-1701092,rpp.pe,es,,2026-08-12T04:00:00+00:00,2026-10-06T18:46:40+00:00,,gdelt_doc:logistica,titular_metadatos,
N-7b993b628499,Los 21 países que buscan hacer negocios en El Salvador,https://www.elsalvador.com/dinero-y-negocios/entorno-economico/negocios-inversion-el-salvador/1296343/2026/,elsalvador.com,es,,2026-10-01T21:00:00+00:00,2026-10-06T18:46:40+00:00,,gdelt_doc:economia,titular_metadatos,
N-7bb5210cf3c0,Proponen Ventanilla Única y curador urbano para agilizar permisos de construcción,https://www.prensa.com/sociedad/proponen-ventanilla-unica-y-curador-urbano-para-agilizar-permisos-de-construccion/,prensa.com,es,,2026-07-18T09:45:00+00:00,2026-10-06T18:46:40+00:00,,gdelt_doc:economia,titular_metadatos,
N-7bbac069ff2a,Más de 5 mil personas celebraron los 507 años de Panamá La Vieja,https://www.laestrella.com.pa/panama/nacional/mas-de-5-mil-personas-celebraron-los-507-anos-de-panama-la-vieja-JM25290292,laestrella.com.pa,es,,2026-08-31T03:00:00+00:00,2026-10-06T18:46:40+00:00,,gdelt_doc:panama,titular_metadatos,
N-7c505395a141,"Ejecutivo sanciona la Ley 552 del Presupuesto del Canal de Panamá por $5 , 555 millones",https://www.panamaamerica.com.pa/economia/ejecutivo-sanciona-la-ley-552-del-presupuesto-del-canal-de-panama-por-5555-millones-1266965,panamaamerica.com.pa,es,,2026-10-01T22:30:00+00:00,2026-10-06T18:46:40+00:00,,gdelt_doc:logistica,titular_metadatos,
N-7c7f5a0cc965,Crisis en Coclé deja locales vacíos y ventas por el piso,https://www.critica.com.pa/nacional/crisis-en-cocle-deja-locales-vacios-y-ventas-por-el-piso-514256,critica.com.pa,es,,2026-08-08T16:30:00+00:00,2026-10-06T18:46:40+00:00,,gdelt_doc:economia,titular_metadatos,
N-7c811577ad49,México tiene rival por el boleto al Mundial Sub 20 - Puebla La Jornada de Oriente,https://www.lajornadadeoriente.com.mx/puebla/mexico-vs-panama-sub20-boleto-mundial-2027/,lajornadadeoriente.com.mx,es,,2026-08-02T17:45:00+00:00,2026-10-06T18:46:40+00:00,,gdelt_doc:logistica,titular_metadatos,
N-7c94be327e1c,Canal de Panamá baja tránsitos diarios ante sequía provocada por El Niño,https://www.critica.com.pa/nacional/canal-de-panama-baja-transitos-diarios-ante-sequia-provocada-por-el-nino-514993,critica.com.pa,es,,2026-08-21T01:15:00+00:00,2026-10-06T18:46:40+00:00,,gdelt_doc:logistica,titular_metadatos,
N-7c9e54d70812,Más de 120 mil turistas recibió Margarita entre agosto y septiembre,https://noticierodigital.com/2026/09/mas-de-120-mil-turistas-recibio-margarita-entre-agosto-y-septiembre/,noticierodigital.com,es,,2026-09-20T19:45:00+00:00,2026-10-06T18:46:40+00:00,,gdelt_doc:turismo,titular_metadatos,
N-7ce586974880,Airbnb y las compras en línea ( Amazon y Temu ) tendrán que pagar 7 % de ITBMS ; Chapman,https://www.prensa.com/economia/airbnb-y-compras-en-linea-tendran-que-pagar-7-de-itbms-chapman/,prensa.com,es,,2026-08-19T03:00:00+00:00,2026-10-06T18:46:40+00:00,,gdelt_doc:economia,titular_metadatos,
N-7cf1144693f1,Gremios proponen aprovechar la mina de Donoso para impulsar MIPYMES y diversificar la economía,https://www.panamaamerica.com.pa/economia/gremios-proponen-aprovechar-la-mina-de-donoso-para-impulsar-mipymes-y-diversificar-la,panamaamerica.com.pa,es,,2026-08-20T15:30:00+00:00,2026-10-06T18:46:40+00:00,,gdelt_doc:economia,titular_metadatos,
N-7cf1dd3ece5d,Sheinbaum defiende las megaobras de AMLO ante críticas por costos y resultados,https://zetatijuana.com/2026/09/sheinbaum-defiende-las-megaobras-de-amlo-ante-criticas-por-costos-y-resultados/,zetatijuana.com,es,,2026-09-01T22:15:00+00:00,2026-10-06T18:46:40+00:00,,gdelt_doc:turismo,titular_metadatos,
N-7d14ecb73a89,María Corina Machado ha intentado regresar siete veces a Venezuela sin conseguirlo,https://www.ideal.es/internacional/maria-corina-machado-intentado-regresar-siete-veces-20260922065955-ntrc.html,ideal.es,es,,2026-09-23T05:45:00+00:00,2026-10-06T18:46:40+00:00,,gdelt_doc:logistica,titular_metadatos,
N-7d1f6b606dbd,Panamá pide a Rusia y Ucrania facilitar el retorno de panameños reclutados para la guerra,https://www.telemetro.com/nacionales/panama-pide-rusia-y-ucrania-facilitar-el-retorno-panamenos-reclutados-la-guerra-n6092790,telemetro.com,es,,2026-09-23T22:00:00+00:00,2026-10-06T18:46:40+00:00,,gdelt_doc:panama,titular_metadatos,
N-7d24522d1260,Merca Panamá estudia cobrar a los vehículos por ingresar ; colocará pantallas para mostrar los precios más bajos del día,https://www.panamaamerica.com.pa/economia/merca-panama-estudia-cobrar-los-vehiculos-por-ingresar-colocara-pantallas-para-mostrar-los,panamaamerica.com.pa,es,,2026-09-07T02:00:00+00:00,2026-10-06T18:46:40+00:00,,gdelt_doc:economia,titular_metadatos,
N-7d2b620d3d43,Las noticias del viernes en la tarde | Diario Financiero,https://www.df.cl/doble-click/lo-que-debes-saber-a-esta-hora-de-la-tarde-i53x7,df.cl,es,,2026-08-21T22:45:00+00:00,2026-10-06T18:46:40+00:00,,gdelt_doc:logistica,titular_metadatos,
N-7d2bdeea0c15,Canal de Panamá evita nuevas restricciones y mantendrá 32 tránsitos hasta diciembre,https://www.laestrella.com.pa/economia/canal-de-panama-evita-nuevas-restricciones-y-mantendra-32-transitos-hasta-diciembre-FI25969491,laestrella.com.pa,es,,2026-09-25T08:15:00+00:00,2026-10-06T18:46:40+00:00,,gdelt_doc:logistica,titular_metadatos,
N-7d4419c3afc6,Veinte becarios de Panamá recibiran en China formación en áreas estratégicas,http://spanish.peopledaily.com.cn/n3/2026/0731/c31617-20483938.html,spanish.peopledaily.com.cn,es,,2026-07-31T11:45:00+00:00,2026-10-06T18:46:40+00:00,,gdelt_doc:economia,titular_metadatos,
N-7d536ab10353,"Tropical Storm Bertha Strengthens , Top Winds 60",https://933flz.iheart.com/content/2026-07-21-tropical-storm-bertha-strengthens-top-winds-60/,933flz.iheart.com,en,,2026-07-21T16:30:00+00:00,2026-10-06T18:46:40+00:00,,gdelt_doc:eventos_naturales,titular_metadatos,
N-7d55291688ed,"Panama is not only the beginning : Foreign Minister pitches nation as India premier manufacturing , trade launchpad in Latin America",http://www.sierraleonetimes.com/news/279199252/panama-is-not-only-the-beginning-foreign-minister-pitches-nation-as-india-premier-manufacturing-trade-launchpad-in-latin-america,sierraleonetimes.com,en,,2026-07-20T19:15:00+00:00,2026-10-06T18:46:40+00:00,,gdelt_doc:economia,titular_metadatos,
N-7d6f80a54b42,Acovipa : Invierto y me pones competencia desleal,https://www.critica.com.pa/nacional/acovipa-invierto-y-me-pones-competencia-desleal-512748,critica.com.pa,es,,2026-07-13T17:30:00+00:00,2026-10-06T18:46:40+00:00,,gdelt_doc:economia,titular_metadatos,
N-7d711b18fb03,GRAINGER FIFTH ANNUAL BUCKET BUILD HELPS COMMUNITIES PREPARE FOR DISASTER RECOVERY,http://www.prnewswire.com/news-releases/graingers-fifth-annual-bucket-build-helps-communities-prepare-for-disaster-recovery-302888264.html,prnewswire.com,en,,2026-09-23T22:15:00+00:00,2026-10-06T18:46:40+00:00,,gdelt_doc:logistica,titular_metadatos,
N-7d94f6bd91e5,"Panama is not only the beginning : Foreign Minister pitches nation as India premier manufacturing , trade launchpad in Latin America",http://www.southeastasiapost.com/news/279199252/panama-is-not-only-the-beginning-foreign-minister-pitches-nation-as-india-premier-manufacturing-trade-launchpad-in-latin-america,southeastasiapost.com,en,,2026-07-20T22:30:00+00:00,2026-10-06T18:46:40+00:00,,gdelt_doc:economia,titular_metadatos,
N-7da6386922b6,"Tropical Storm Bertha in the Gulf of Mexico is moving toward the Florida Panhandle and Alabama – KTBB News , Weather , Talk",https://ktbb.com/post/?p=1526580,ktbb.com,en,,2026-07-21T17:00:00+00:00,2026-10-06T18:46:40+00:00,,gdelt_doc:eventos_naturales,titular_metadatos,
N-7dbf217faa32,Panama Canal to Tighten Shipping Restrictions as El Niño Looms,https://wwd.com/sourcing-journal/logistics/panama-canal-slashes-daily-transits-el-nino-water-levels-draft-restrictions-1239146256/,wwd.com,en,,2026-08-22T11:00:00+00:00,2026-10-06T18:46:40+00:00,,gdelt_doc:logistica,titular_metadatos,
N-7dc8628f7ae3,Hong Kong conglomerate seeks $1 . 5 billion in damages from Panama for takeover of canal ports,https://www.stcatharinesstandard.ca/business/hong-kong-conglomerate-seeks-15-billion-in-damages-from-panama-for-takeover-of-canal-ports/article_018ca69a-7a5b-51eb-ae0f-b80d7f58ec95.html,stcatharinesstandard.ca,en,,2026-08-20T05:30:00+00:00,2026-10-06T18:46:40+00:00,,gdelt_doc:logistica,titular_metadatos,
N-7dccbdfa8706,Panama Canal to Tighten Draft Limits Again as Water Levels Continue to Fall,https://gcaptain.com/panama-canal-to-tighten-draft-limits-again-as-water-levels-continue-to-fall/,gcaptain.com,en,,2026-08-06T17:30:00+00:00,2026-10-06T18:46:40+00:00,,gdelt_doc:logistica,titular_metadatos,
N-7dda3d144d5a,¿ Reabren el consulado de Panamá en Montería ?: Esto dijo el presidente José Raúl Mulino,https://www.semana.com/confidenciales/articulo/reabren-el-consulado-de-panama-en-monteria-esto-dijo-el-presidente-jose-raul-mulino/202654/,semana.com,es,,2026-07-24T17:30:00+00:00,2026-10-06T18:46:40+00:00,,gdelt_doc:panama,titular_metadatos,
N-7de9db2906a9,"1 pm CT : Bertha Begins Turn To The West , Wind Pushing Rain Offshore",https://wccfradio.iheart.com/content/2026-07-21-1-pm-ct-bertha-begins-turn-to-the-west-wind-pushing-rain-offshore/,wccfradio.iheart.com,en,,2026-07-21T21:00:00+00:00,2026-10-06T18:46:40+00:00,,gdelt_doc:eventos_naturales,titular_metadatos,
N-7e292ce658ff,"Arbitrajes contra Panamá suman $33 , 000 millones ; MEF pide $7 . 8 millones para su defensa",https://www.prensa.com/economia/arbitrajes-contra-panama-suman-33000-millones-mef-pide-78-millones-para-su-defensa/,prensa.com,es,,2026-08-28T06:00:00+00:00,2026-10-06T18:46:40+00:00,,gdelt_doc:economia,titular_metadatos,
N-7e2a38cf1d07,Anticorrupción reclama al Gobierno todos los documentos sobre el rescate de Plus Ultra que siguen ocultos,https://www.elcorreo.com/politica/anticorrupcion-reclama-gobierno-documentos-sobre-rescate-plus-20260921100109-ntrc.html,elcorreo.com,es,,2026-09-22T09:00:00+00:00,2026-10-06T18:46:40+00:00,,gdelt_doc:turismo,titular_metadatos,
N-7e49ef21364f,Canal de Panamá ajustará el calado en esclusas para barcos grandes,https://www.critica.com.pa/nacional/canal-de-panama-ajustara-el-calado-en-esclusas-para-barcos-grandes-514134,critica.com.pa,es,,2026-08-06T17:15:00+00:00,2026-10-06T18:46:40+00:00,,gdelt_doc:logistica,titular_metadatos,
N-7e6e6661275b,Robben Benítez destaca la preparación de Panamá Sub - 20 y el sueño de jugar un Mundial,https://www.prensa.com/deportes/robben-benitez-destaca-la-preparacion-de-panama-sub-20-y-el-sueno-de-jugar-un-mundial/,prensa.com,es,,2026-07-16T19:15:00+00:00,2026-10-06T18:46:40+00:00,,gdelt_doc:panama,titular_metadatos,
N-7e93f3cd6b3a,"MEF gravará servicios como Netflix , Uber , Airbnb y otras app para sustituir el ITBI",https://www.laestrella.com.pa/economia/mef-gravara-servicios-como-netflix-uber-airbnb-y-otras-apps-para-sustituir-el-itbi-FP24907543,laestrella.com.pa,es,,2026-08-15T15:45:00+00:00,2026-10-06T18:46:40+00:00,,gdelt_doc:economia,titular_metadatos,
N-7ee54067ff73,Mulino sugiere una ONU más práctica y menos teórica,https://www.panamaamerica.com.pa/politica/mulino-sugiere-una-onu-mas-practica-y-menos-teorica-1266671,panamaamerica.com.pa,es,,2026-09-24T07:45:00+00:00,2026-10-06T18:46:40+00:00,,gdelt_doc:logistica,titular_metadatos,
N-7ef3f7ad34fd,As Xi Visits Trump : Five Charts on China Latin America Ties,https://www.as-coa.org/articles/xi-visits-trump-five-charts-chinas-latin-america-ties,as-coa.org,en,,2026-09-22T14:45:00+00:00,2026-10-06T18:46:40+00:00,,gdelt_doc:logistica,titular_metadatos,
N-7ef9c9febf3f,Ningún río crece con agua limpia,https://www.prensa.com/opinion/ningun-rio-crece-con-agua-limpia/,prensa.com,es,,2026-09-03T03:30:00+00:00,2026-10-06T18:46:40+00:00,,gdelt_doc:economia,titular_metadatos,
N-7efcc1499c3a,"US LNG Exports Increase in September , Europe Outbids Asia for Cargoes",http://www.maritimeprofessional.com/news/exports-increase-september-europe-outbids-423357,maritimeprofessional.com,en,,2026-10-01T22:00:00+00:00,2026-10-06T18:46:40+00:00,,gdelt_doc:logistica,titular_metadatos,
N-7f0122b8dc25,Le tiran dardo a la Asamblea por ley de jubilados,https://www.critica.com.pa/nacional/le-tiran-dardo-la-asamblea-por-ley-de-jubilados-515794,critica.com.pa,es,,2026-09-04T08:00:00+00:00,2026-10-06T18:46:40+00:00,,gdelt_doc:economia,titular_metadatos,
N-7f0342052b7b,"Juegos del Centenario Santo Domingo 2026 : economía , integración y valores a través del deporte",https://www.elcaribe.com.do/gente/cultura/juegos-del-centenario-santo-domingo-2026-economia-integracion-y-valores-a-traves-del-deporte/,elcaribe.com.do,es,,2026-08-01T05:45:00+00:00,2026-10-06T18:46:40+00:00,,gdelt_doc:economia,titular_metadatos,
N-7f15dc124f39,Group 1 Volkswagen of Panama City Adds the Group 1 Name to Its Panhandle Dealership,https://www.prnewswire.com/news-releases/group-1-volkswagen-of-panama-city-adds-the-group-1-name-to-its-panhandle-dealership-302828136.html,prnewswire.com,en,,2026-07-17T10:15:00+00:00,2026-10-06T18:46:40+00:00,,gdelt_doc:panama,titular_metadatos,
N-7f394e6a3026,Ministro Orillac realiza recorrido inaugural de nueva ruta de Metrobus con unidades 100 % eléctricas,https://www.diaadia.com.pa/el-pais/ministro-orillac-realiza-recorrido-inaugural-de-nueva-ruta-de-metrobus-con-unidades-100,diaadia.com.pa,es,,2026-08-07T21:00:00+00:00,2026-10-06T18:46:40+00:00,,gdelt_doc:turismo,titular_metadatos,
N-7f5cafc4e800,Ship pays $4 million to skip line to cross Panama Canal,https://www.moneycontrol.com/world/ship-pays-4-million-to-skip-line-to-cross-panama-canal-article-14002463.html,moneycontrol.com,en,,2026-08-12T04:45:00+00:00,2026-10-06T18:46:40+00:00,,gdelt_doc:logistica,titular_metadatos,
N-7f80a93ac281,Tres países bloquearon el vuelo que llevaría a Maria Corina Machado cerca a Venezuela,https://www.eluniversal.com.co/mundo/2026/09/23/tres-paises-bloquearon-el-vuelo-que-llevaria-a-maria-corina-machado-cerca-a-venezuela/,eluniversal.com.co,es,,2026-09-23T22:30:00+00:00,2026-10-06T18:46:40+00:00,,gdelt_doc:panama,titular_metadatos,
N-7f89b443fb15,Gala de Señorita Panamá 2026 marcada por incidentes y polémicas en redes,https://www.diaadia.com.pa/fama/gala-de-senorita-panama-2026-marcada-por-incidentes-y-polemicas-en-redes-791483,diaadia.com.pa,es,,2026-09-06T19:15:00+00:00,2026-10-06T18:46:40+00:00,,gdelt_doc:panama,titular_metadatos,
N-7fee995e94ec,Panama Flamenco Week 2026 to Fill Panama City with Dance,https://www.riotimesonline.com/panama-flamenco-week-2026/,riotimesonline.com,en,,2026-08-06T23:45:00+00:00,2026-10-06T18:46:40+00:00,,gdelt_doc:turismo,titular_metadatos,
N-80319116a090,"Panamá registra 299 homicidios al cierre de junio , un 6 % más que en 2025",https://www.prensa.com/politica/panama-registra-299-homicidios-al-cierre-de-junio-un-6-mas-que-en-2025/,prensa.com,es,,2026-07-12T10:00:00+00:00,2026-10-06T18:46:40+00:00,,gdelt_doc:panama,titular_metadatos,
N-804283f2a889,MILEI ELUDE al Congreso y envía tropas a Panamá bajo el mando de ESTADOS UNIDOS,https://www.eldestapeweb.com/politica/milei-vuelve-eludir-congreso-envia-tropas-panama-mando-ee-uu-202672494755,eldestapeweb.com,es,,2026-07-24T14:15:00+00:00,2026-10-06T18:46:40+00:00,,gdelt_doc:logistica,titular_metadatos,
N-805d23d0c1b8,Cuarto Puente sobre el Canal : MOP anuncia cierres y desvíos este 28 y 29 de septiembre,https://www.laestrella.com.pa/panama/informacion-util/cuarto-puente-sobre-el-canal-mop-anuncia-cierres-y-desvios-este-28-y-29-de-septiembre-AA26043047,laestrella.com.pa,es,,2026-09-28T17:15:00+00:00,2026-10-06T18:46:40+00:00,,gdelt_doc:logistica,titular_metadatos,
N-8075fabd6258,Mulino participa en apertura de la 81 . ª Asamblea General de la ONU,https://www.panamaamerica.com.pa/politica/mulino-participa-en-apertura-de-la-81a-asamblea-general-de-la-onu-1266606,panamaamerica.com.pa,es,,2026-09-22T18:00:00+00:00,2026-10-06T18:46:40+00:00,,gdelt_doc:economia,titular_metadatos,
N-80813a461d04,Garantizan seguridad en festival Panamá Viejo Vive por sus 507 años,https://www.critica.com.pa/nacional/garantizan-seguridad-en-festival-panama-viejo-vive-por-sus-507-anos-515430,critica.com.pa,es,,2026-08-28T19:30:00+00:00,2026-10-06T18:46:40+00:00,,gdelt_doc:panama,titular_metadatos,
N-80af18ebff48,Pax Silica : Panamá será sede de un proyecto para cadenas de suministro tecnológico,https://www.prensa.com/economia/pax-silica-panama-sera-sede-de-un-proyecto-para-cadenas-de-suministro-tecnologico/,prensa.com,es,,2026-09-01T07:30:00+00:00,2026-10-06T18:46:40+00:00,,gdelt_doc:economia,titular_metadatos,
N-80db58d0c095,US Coast Guard Participates In Panama Canal Counter - Threat Exercise,https://www.eurasiareview.com/06082026-us-coast-guard-participates-in-panama-canal-counter-threat-exercise/,eurasiareview.com,en,,2026-08-07T02:30:00+00:00,2026-10-06T18:46:40+00:00,,gdelt_doc:logistica,titular_metadatos,
N-811f78823982,Cervecería Nacional destaca el rol de la cerveza como motor de desarrollo económico y sostenibilidad en Panamá • Periódico Digital Centroamericano y del Caribe,https://newsinamerica.com/pdcc/boletin/2026/cerveceria-nacional-destaca-el-rol-de-la-cerveza-como-motor-de-desarrollo-economico-y-sostenibilidad-en-panama/,newsinamerica.com,es,,2026-08-08T09:00:00+00:00,2026-10-06T18:46:40+00:00,,gdelt_doc:economia,titular_metadatos,
N-813e4f4395ca,México respalda la neutralidad del Canal tras reunión entre Mulino y Sheinbaum,https://www.critica.com.pa/nacional/mexico-respalda-la-neutralidad-del-canal-tras-reunion-entre-mulino-y-sheinbaum-512911,critica.com.pa,es,,2026-07-15T23:00:00+00:00,2026-10-06T18:46:40+00:00,,gdelt_doc:logistica,titular_metadatos,
N-8145ff3cd7fb,Bertha Update : Tropical Storm Winds Spread Over Florida Panhandle | NewsRadio WIOD,https://wiod.iheart.com/featured/florida-news/content/2026-07-21-bertha-update-tropical-storm-winds-spread-over-florida-panhandle/,wiod.iheart.com,en,,2026-07-21T21:45:00+00:00,2026-10-06T18:46:40+00:00,,gdelt_doc:eventos_naturales,titular_metadatos,
N-81642ff1bdaa,"2 , 643 horas : la carga invisible de la burocracia en Panamá",https://www.prensa.com/opinion/2643-horas-la-carga-invisible-de-la-burocracia-en-panama/,prensa.com,es,,2026-09-28T04:30:00+00:00,2026-10-06T18:46:40+00:00,,gdelt_doc:panama,titular_metadatos,
N-81897a587f42,Panama : India Launchpad to Latin America Trade,https://www.newkerala.com/news/a/panama-not-only-beginning-foreign-minister-pitches-nation-631.htm,newkerala.com,en,,2026-07-20T12:00:00+00:00,2026-10-06T18:46:40+00:00,,gdelt_doc:economia,titular_metadatos,
N-819b5e7f2e14,Ley de Pasantías entra en vigor con remuneración de $450 y seguro privado para jóvenes,https://www.laestrella.com.pa/economia/ley-de-pasantias-entra-en-vigor-con-remuneracion-de-450-y-seguro-privado-para-jovenes-GD25518952,laestrella.com.pa,es,,2026-09-08T17:15:00+00:00,2026-10-06T18:46:40+00:00,,gdelt_doc:economia,titular_metadatos,
N-81c14dfe9052,Banco Popular destaca sostenibilidad como factor de competitividad para el turismo dominicano • PDCC,https://newsinamerica.com/pdcc/turismo/2026/banco-popular-destaca-sostenibilidad-como-factor-de-competitividad-para-el-turismo-dominicano/,newsinamerica.com,es,,2026-09-05T00:30:00+00:00,2026-10-06T18:46:40+00:00,,gdelt_doc:turismo,titular_metadatos,
N-81e19e04843e,Panama Hands David and Rio Hato Airports to Operators,https://www.riotimesonline.com/panama-hands-david-and-rio-hato-airports-to-operators/,riotimesonline.com,en,,2026-07-29T10:30:00+00:00,2026-10-06T18:46:40+00:00,,gdelt_doc:turismo,titular_metadatos,
N-82216b664499,Designan a nueva presidenta ejecutiva de Promperú -,https://www.peruinforma.com/designan-a-nueva-presidenta-ejecutiva-de-promperu/,peruinforma.com,es,,2026-08-05T21:30:00+00:00,2026-10-06T18:46:40+00:00,,gdelt_doc:turismo,titular_metadatos,
N-8222403bfe57,Récord de tarifas del Canal de Panamá por El Niño y el conflicto con Irán,https://www.expansion.com/economia/financial-times/2026/08/12/6a7c5fa0468aeb15448b459b.html,expansion.com,es,,2026-08-12T12:30:00+00:00,2026-10-06T18:46:40+00:00,,gdelt_doc:logistica,titular_metadatos,
N-822b8969d061,Panamá y Ecuador perdieron las semifinales de la Copa Kirin,https://emisorasunidas.com/deportes/2026/10/01/panama-y-ecuador-perdieron-las-semifinales-de-la-copa-kirin-2026/,emisorasunidas.com,es,,2026-10-01T19:15:00+00:00,2026-10-06T18:46:40+00:00,,gdelt_doc:panama,titular_metadatos,
N-825b65abd002,Kayra Harding dará último adiós a su esposo Anthony Bart - Appiah,https://www.midiario.com/nacionales/kayra-harding-dara-ultimo-adios-a-su-esposo-anthony-bart-appiah/,midiario.com,es,,2026-07-29T19:15:00+00:00,2026-10-06T18:46:40+00:00,,gdelt_doc:economia,titular_metadatos,
N-8280db4ce177,Letras del Tesoro se adjudican con demanda superior a dos veces el monto colocado,https://www.panamaamerica.com.pa/economia/letras-del-tesoro-se-adjudican-con-demanda-superior-dos-veces-el-monto-colocado-1263734,panamaamerica.com.pa,es,,2026-07-09T01:00:00+00:00,2026-10-06T18:46:40+00:00,,gdelt_doc:economia,titular_metadatos,
N-8284c949ac85,FILSD 2026 : actividades culturales en Panamá,https://www.diariolibre.com/revista/cultura/2026/09/25/filsd-2026-actividades-culturales-en-panama/3669186,diariolibre.com,es,,2026-09-25T05:30:00+00:00,2026-10-06T18:46:40+00:00,,gdelt_doc:panama,titular_metadatos,
N-829dc15b8fba,"La integración ferroviaria centroamericana , un sueño que puede hacerse realidad",https://acento.com.do/opinion/la-integracion-ferroviaria-centroamericana-un-sueno-que-puede-hacerse-realidad-9725597.html,acento.com.do,es,,2026-07-25T05:00:00+00:00,2026-10-06T18:46:40+00:00,,gdelt_doc:economia,titular_metadatos,
N-829f59dc64e0,"Corrupción versus justicia , millonaria lucha dispareja",https://www.laestrella.com.pa/panama/nacional/corrupcion-versus-justicia-millonaria-lucha-dispareja-GK24952411,laestrella.com.pa,es,,2026-08-17T06:30:00+00:00,2026-10-06T18:46:40+00:00,,gdelt_doc:economia,titular_metadatos,
N-82b27c182e96,Hong Kong conglomerate seeks $1 . 5 billion in damages from Panama for takeover of canal ports,https://mymotherlode.com/news/national/11079914/hong-kong-conglomerate-seeks-1-5-billion-in-damages-from-panama-for-takeover-of-canal-ports.html,mymotherlode.com,en,,2026-08-20T08:15:00+00:00,2026-10-06T18:46:40+00:00,,gdelt_doc:logistica,titular_metadatos,
N-82ddab22c03b,"Muere el esposo de la exdiputada Kayra Harding , príncipe de Ghana",https://www.critica.com.pa/nacional/muere-el-esposo-de-la-exdiputada-kayra-harding-principe-de-ghana-513628,critica.com.pa,es,,2026-07-28T17:15:00+00:00,2026-10-06T18:46:40+00:00,,gdelt_doc:turismo,titular_metadatos,
N-82e0dbcfd7b5,Ecosistemas que conectan : la bahía de Cartagena como plataforma para profundizar el comercio exterior colombiano,https://www.eltiempo.com/mas-contenido/ecosistemas-que-conectan-la-bahia-de-cartagena-como-plataforma-para-profundizar-el-comercio-exterior-colombiano-3581145,eltiempo.com,es,,2026-08-27T14:00:00+00:00,2026-10-06T18:46:40+00:00,,gdelt_doc:turismo,titular_metadatos,
N-82f950840fc7,Diario Correo | El diario de todos,https://diariocorreo.com.ec/139459/nacional/el-agua-esta-caliente-dicen-pescadores-de-ecuador-preocupados-porque-el-nino-vacia-sus-redes,diariocorreo.com.ec,es,,2026-09-30T18:45:00+00:00,2026-10-06T18:46:40+00:00,,gdelt_doc:logistica,titular_metadatos,
N-83201dc87eab,Ricaurte Vásquez : las claves de su último discurso al frente del Canal,https://www.laestrella.com.pa/panama/nacional/ricaurte-vasquez-las-claves-de-su-ultimo-discurso-al-frente-del-canal-AL25485353,laestrella.com.pa,es,,2026-09-07T17:30:00+00:00,2026-10-06T18:46:40+00:00,,gdelt_doc:logistica,titular_metadatos,
N-83540104b485,"Tránsitos por el Canal suben 5 . 2 % e ingresos alcanzan $4 , 802 millones en los primeros 9 meses del año fiscal",https://www.panamaamerica.com.pa/economia/transitos-por-el-canal-suben-52-e-ingresos-alcanzan-4802-millones-en-los-primeros-9-meses,panamaamerica.com.pa,es,,2026-07-23T02:15:00+00:00,2026-10-06T18:46:40+00:00,,gdelt_doc:logistica,titular_metadatos,
N-835921b7bf8f,Banco Popular destaca sostenibilidad como factor de competitividad para el turismo dominicano Ensegundos República Dominicana,https://ensegundos.do/2026/09/03/banco-popular-destaca-sostenibilidad-como-factor-de-competitividad-para-el-turismo-dominicano/,ensegundos.do,es,,2026-09-03T22:30:00+00:00,2026-10-06T18:46:40+00:00,,gdelt_doc:economia,titular_metadatos,
N-837e687e54d9,How English - speaking Colombian islands have been caught up in Trump drug war airstrikes,https://www.aol.co.uk/articles/english-speaking-colombian-islands-caught-130043000.html,aol.co.uk,en,,2026-07-25T13:30:00+00:00,2026-10-06T18:46:40+00:00,,gdelt_doc:turismo,titular_metadatos,
N-839e7fbe4bf9,Gianna Woodruff establece nuevo récord en 400 metros con vallas y se lleva el oro para Panamá,https://www.cadena3.com/noticia/mundo/gianna-woodruff-establece-nuevo-record-en-400-metros-con-vallas-y-se-lleva-el-oro-para-panama_580465,cadena3.com,es,,2026-08-05T02:30:00+00:00,2026-10-06T18:46:40+00:00,,gdelt_doc:logistica,titular_metadatos,
N-83d43d852c0c,Amistoso contra la India cambia de fecha,https://www.critica.com.pa/deportes/amistoso-contra-la-india-cambia-de-fecha-515779,critica.com.pa,es,,2026-09-04T08:00:00+00:00,2026-10-06T18:46:40+00:00,,gdelt_doc:panama,titular_metadatos,
N-83d7f65314f0,Presidente Luis Abinader presenta ante la ONU avances de R . D . Llama ante la ONU pasar de las decisiones a la acción frente a crisis de Haití,https://elsoldelaflorida.com/presidente-luis-abinader-presenta-ante-la-onu-avances-de-r-d-llama-ante-la-onu-pasar-de-las-decisiones-a-la-accion-frente-a-crisis-de-haiti/,elsoldelaflorida.com,es,,2026-09-24T01:15:00+00:00,2026-10-06T18:46:40+00:00,,gdelt_doc:turismo,titular_metadatos,
N-83e8176aa779,Vásquez considera que decisión final sobre la mina no debe ser solo del Ejecutivo,https://www.telemetro.com/nacionales/vasquez-considera-que-decision-final-la-mina-no-debe-ser-solo-del-ejecutivo-n6093625,telemetro.com,es,,2026-10-01T00:30:00+00:00,2026-10-06T18:46:40+00:00,,gdelt_doc:panama,titular_metadatos,
N-8403537f0dbf,GRU de los aeropuertos mejor conectados del mundo,https://www.elpuntocritico.com/vida-y-estilo/52-turismo/224632-gru-de-los-aeropuertos-mejor-conectados-del-mundo,elpuntocritico.com,es,,2026-09-30T19:00:00+00:00,2026-10-06T18:46:40+00:00,,gdelt_doc:turismo,titular_metadatos,
N-842557705cd1,El paraíso mejor guardado de Venezuela : un destino que enamora más allá de Los Roques e Isla Margarita,https://www.rionegro.com.ar/voy-turismo/el-paraiso-mejor-guardado-de-venezuela-un-destino-que-enamora-mas-alla-de-los-roques-e-isla-margarita-4669119/,rionegro.com.ar,es,,2026-08-02T16:00:00+00:00,2026-10-06T18:46:40+00:00,,gdelt_doc:turismo,titular_metadatos,
N-842d1cbb4634,"El 44 % de los pacientes diagnosticados con VIH en 2025 , en Panamá , tenía las defensas debilitadas",https://www.prensa.com/sociedad/el-44-de-los-pacientes-diagnosticados-con-vih-en-2025-en-panama-tenia-las-defensas-debilitadas/,prensa.com,es,,2026-09-29T07:30:00+00:00,2026-10-06T18:46:40+00:00,,gdelt_doc:panama,titular_metadatos,
N-844fdd035594,Cierres nocturnos en Panamá Pacífico por obras de la Línea 3 del Metro : qué calles afectarán y rutas alternas,https://www.midiario.com/nacionales/cierres-nocturnos-en-panama-pacifico-por-obras-de-la-linea-3-del-metro-que-calles-afectaran-y-rutas-alternas/,midiario.com,es,,2026-07-13T22:45:00+00:00,2026-10-06T18:46:40+00:00,,gdelt_doc:panama,titular_metadatos,
N-8469be8a8e19,"Panama is not only the beginning : Foreign Minister pitches nation as India premier manufacturing , trade launchpad in Latin America",http://www.cincinnatisun.com/news/279199252/panama-is-not-only-the-beginning-foreign-minister-pitches-nation-as-india-premier-manufacturing-trade-launchpad-in-latin-america,cincinnatisun.com,en,,2026-07-20T21:00:00+00:00,2026-10-06T18:46:40+00:00,,gdelt_doc:economia,titular_metadatos,
N-8489382d9ed8,Panamá es galardonada en el Sustainable & Social Tourism Summit por la Eco - Ruta Tortuga • PDCC,https://newsinamerica.com/pdcc/turismo/2026/panama-es-galardonada-en-el-sustainable-social-tourism-summit-por-la-eco-ruta-tortuga/,newsinamerica.com,es,,2026-09-07T01:45:00+00:00,2026-10-06T18:46:40+00:00,,gdelt_doc:turismo,titular_metadatos,
N-848b397d2833,Santa Fe entra en la semana previa al inicio de los Juegos Suramericanos,https://www.ellitoral.com/informacion-general/juegossuramericanos-santafe-rosario-atletas-villasuramericana-recreo-infraestructura-ceremoniainaugural-competencias_0_DO8Alt83Qj.html,ellitoral.com,es,,2026-09-06T00:30:00+00:00,2026-10-06T18:46:40+00:00,,gdelt_doc:turismo,titular_metadatos,
N-84967dee783f,"Las noticias que marcaron Panamá este lunes 3 de agosto : DGI , seguridad y otros temas clave",https://www.laestrella.com.pa/panama/nacional/las-noticias-que-marcaron-panama-este-lunes-3-de-agosto-dgi-seguridad-y-otros-temas-clave-GK24591272,laestrella.com.pa,es,,2026-08-04T00:00:00+00:00,2026-10-06T18:46:40+00:00,,gdelt_doc:economia,titular_metadatos,
N-84c361fdac04,Canal de Panamá inicia evaluación de empresas para construcción de gasoducto,https://www.revistaeyn.com/centroamericaymundo/canal-de-panama-inicia-evaluacion-de-empresas-para-construccion-de-gasoducto-DH31508964,revistaeyn.com,es,,2026-07-24T23:45:00+00:00,2026-10-06T18:46:40+00:00,,gdelt_doc:logistica,titular_metadatos,
N-84c3cc0592d1,Panamá descarta restablecer relaciones con Venezuela,https://www.el-carabobeno.com/panama-descarta-restablecer-relaciones-con-venezuela-hasta-nuevas-elecciones/,el-carabobeno.com,es,,2026-07-21T22:00:00+00:00,2026-10-06T18:46:40+00:00,,gdelt_doc:panama,titular_metadatos,
N-84e3d3bf0b00,Lonely Planet names Scottish Borders walk among best travel experiences,https://www.thenational.scot/news/26574451.lonely-planet-names-st-cuthberts-way-among-best-travel-experiences/,thenational.scot,en,,2026-09-23T15:30:00+00:00,2026-10-06T18:46:40+00:00,,gdelt_doc:turismo,titular_metadatos,
N-84e5187b2c70,Trial Begins for Woman Who Allegedly Killed Her Children,https://www.newser.com/story/393559/trial-begins-for-woman-who-allegedly-killed-her-children.html,newser.com,en,,2026-07-27T13:15:00+00:00,2026-10-06T18:46:40+00:00,,gdelt_doc:logistica,titular_metadatos,
N-84e6db626411,Novena boricua mantiene vivas las esperanzas de un podio al derrotar a Panamá,https://www.metro.pr/deportes/2026/08/06/novena-boricua-mantiene-vivas-las-esperanzas-de-un-podio-al-derrotar-a-panama/,metro.pr,es,,2026-08-06T23:30:00+00:00,2026-10-06T18:46:40+00:00,,gdelt_doc:logistica,titular_metadatos,
N-8505a67ac2d4,"Tropical Storm Bertha Strengthens , Top Winds 60",https://wccfradio.iheart.com/content/2026-07-21-tropical-storm-bertha-strengthens-top-winds-60/,wccfradio.iheart.com,en,,2026-07-21T16:00:00+00:00,2026-10-06T18:46:40+00:00,,gdelt_doc:eventos_naturales,titular_metadatos,
N-85293a9ba9ba,"Tu Banco, tu Istmo: Banistmo presenta nueva identidad como parte del Grupo Financiero BSC",https://www.tvn-2.com/economia/empresas/publirreportajes/banco-istmo-banistmo-presenta-nueva_1_2258123.html,tvn-2.com,es,2026-08-28T18:15:25+00:00,,2026-10-06T18:46:40+00:00,,tvn_rss,titular_metadatos,
N-853084e43813,Cerró el emblemático restaurante chino Golden Unicorn,https://www.prensa.com/economia/cerro-el-emblematico-restaurante-chino-golden-unicorn/,prensa.com,es,,2026-07-17T00:15:00+00:00,2026-10-06T18:46:40+00:00,,gdelt_doc:economia,titular_metadatos,
N-85543af1e9b0,Hasta 19 días de espera : Saturación del Canal de Panamá obliga a buques gaseros a cambiar de ruta,https://www.elfinanciero.com.mx/mundo/2026/08/29/canal-de-panama-se-satura-buques-gaseros-cambian-sus-rutas-ante-esperas-de-hasta-19-dias/,elfinanciero.com.mx,es,,2026-08-29T22:30:00+00:00,2026-10-06T18:46:40+00:00,,gdelt_doc:logistica,titular_metadatos,
N-8564a5de8b09,Venezuelans demand opposition leader safe return,https://www.koreaherald.com/article/10886193,koreaherald.com,en,,2026-09-28T04:30:00+00:00,2026-10-06T18:46:40+00:00,,gdelt_doc:economia,titular_metadatos,
N-8564dc5feb80,Cummins Panamá incorpora Petro - Canada Lubricants a su portafolio y amplía su oferta para el mercado panameño,https://www.telemetro.com/contenido-patrocinado/cummins-panama-incorpora-petro-canada-lubricants-su-portafolio-y-amplia-su-oferta-el-mercado-panameno-n6086055,telemetro.com,es,,2026-07-23T00:45:00+00:00,2026-10-06T18:46:40+00:00,,gdelt_doc:panama,titular_metadatos,
N-8572e22b45bc,"Hola , Panamá : perdimos la primera coa",https://www.prensa.com/opinion/hola-panama-perdimos-la-primera-coa/,prensa.com,es,,2026-09-08T07:15:00+00:00,2026-10-06T18:46:40+00:00,,gdelt_doc:economia,titular_metadatos,
N-857668bf0587,Colombia pasa al campo de la extrema derecha con la juramentación de De la Espriella,https://ipsnoticias.net/2026/08/colombia-pasa-al-campo-de-la-extrema-derecha-con-la-juramentacion-de-de-la-espriella/,ipsnoticias.net,es,,2026-08-07T23:45:00+00:00,2026-10-06T18:46:40+00:00,,gdelt_doc:turismo,titular_metadatos,
N-8579da59ed4c,Presidente de Panamá visitará Ecuador el viernes para hablar sobre economía y seguridad,https://www.diaadia.com.pa/el-pais/presidente-de-panama-visitara-ecuador-el-viernes-para-hablar-sobre-economia-y-seguridad,diaadia.com.pa,es,,2026-09-01T20:45:00+00:00,2026-10-06T18:46:40+00:00,,gdelt_doc:economia,titular_metadatos,
N-858cbb49aa16,Mexico Flag Carrier Aeroméxico Quits Tulum Airport as Demand Slumps,https://www.riotimesonline.com/mexico-aeromexico-leaves-tulum-airport-2026/,riotimesonline.com,en,,2026-09-28T07:30:00+00:00,2026-10-06T18:46:40+00:00,,gdelt_doc:turismo,titular_metadatos,
N-85a1aeff5384,"¡ REGUETÓN HASTA EL PISO ! Yandel , la leyenda viviente , prendió a Panamá con sus éxitos que marcaron una generación",https://www.midiario.com/farandula/regueton-hasta-el-piso-yandel-la-leyenda-viviente-prendio-a-panama-con-sus-exitos-que-marcaron-una-generacion/,midiario.com,es,,2026-08-28T15:45:00+00:00,2026-10-06T18:46:40+00:00,,gdelt_doc:panama,titular_metadatos,
N-85afce69a94e,Andrés González conquista la medalla 12 para Panamá en la lucha de Santo Domingo 2026,https://www.laestrella.com.pa/deportes/mas-deportes/andres-gonzalez-conquista-la-medalla-12-para-panama-en-la-lucha-de-santo-domingo-2026-ML24588589,laestrella.com.pa,es,,2026-08-04T00:00:00+00:00,2026-10-06T18:46:40+00:00,,gdelt_doc:logistica,titular_metadatos,
N-85b4f47fce20,¿ Qué hay detrás del endurecimiento de la postura del Gobierno de Milei en torno a las Malvinas ?,https://noticiaslatam.lat/20260907/que-hay-detras-de-la-postura-asumida-por-el-gobierno-de-milei-en-torno-a-las-malvinas-1174965937.html,noticiaslatam.lat,es,,2026-09-07T01:45:00+00:00,2026-10-06T18:46:40+00:00,,gdelt_doc:economia,titular_metadatos,
N-85c8895b16ab,La Doctrina Donroe y sus similares como amenaza contra la paz mundial,https://www.lanacion.com.ar/opinion/la-doctrina-donroe-y-sus-similares-como-amenaza-contra-la-paz-mundial-nid22092026/,lanacion.com.ar,es,,2026-09-22T03:45:00+00:00,2026-10-06T18:46:40+00:00,,gdelt_doc:economia,titular_metadatos,
N-85c959c73f44,Guerra con Irán y sequía disparan los costes de tránsito por el Canal de Panamá,https://sana.sy/es/world/2327128/,sana.sy,es,,2026-08-13T09:15:00+00:00,2026-10-06T18:46:40+00:00,,gdelt_doc:logistica,titular_metadatos,
N-85ce4a8164f3,Mary Martínez Fulfills Her Dream of Leaving Cuba for the First Time,https://www.cubaheadlines.com/articles/337259,cubaheadlines.com,en,,2026-08-07T15:00:00+00:00,2026-10-06T18:46:40+00:00,,gdelt_doc:eventos_naturales,titular_metadatos,
N-85d6b141d5cd,MLB Playoffs 2026 resultado| Medias Blancas remontan y ponen a Guardianes al borde del abismo,https://www.tvn-2.com/tvmax/beisbol/mlb/white-sox-vs-guardians-mlb-playoffs-2026-resultado-juego-2-divisional-series-grandes-ligas-beisbol_1_2264521.html,tvn-2.com,es,2026-10-06T01:41:57+00:00,,2026-10-06T18:46:40+00:00,,tvn_rss,titular_metadatos,
N-85e0e265e27b,Aprueban en primer debate exoneración del 2 % del ITBI para viviendas de hasta $120 mil,https://www.telemetro.com/nacionales/aprueban-primer-debate-exoneracion-del-2-del-itbi-viviendas-120-mil-n6089574,telemetro.com,es,,2026-08-24T21:45:00+00:00,2026-10-06T18:46:40+00:00,,gdelt_doc:economia,titular_metadatos,
N-85ffa06eb77d,"Obituario : Juan José Monzonís Martínez , el motor de PortCastelló",https://www.elperiodicomediterraneo.com/esquelas/2026/09/10/obituario-juan-jose-monzonis-martinez-suso-postigo-134162981.html,elperiodicomediterraneo.com,es,,2026-09-10T18:30:00+00:00,2026-10-06T18:46:40+00:00,,gdelt_doc:economia,titular_metadatos,
N-86069effb825,"1 pm CT : Bertha Begins Turn To The West , Wind Pushing Rain Offshore | XL1067",https://xl1067.iheart.com/featured/florida-news/content/2026-07-21-1-pm-ct-bertha-begins-turn-to-the-west-wind-pushing-rain-offshore/,xl1067.iheart.com,en,,2026-07-21T20:30:00+00:00,2026-10-06T18:46:40+00:00,,gdelt_doc:eventos_naturales,titular_metadatos,
N-86082bb0c12b,Panama Canal to increase daily transits through larger locks to 10 - Xinhua,https://english.news.cn/20260929/27bc5dcc459c4948b108cb2662b686ef/c.html,english.news.cn,en,,2026-09-29T04:00:00+00:00,2026-10-06T18:46:40+00:00,,gdelt_doc:logistica,titular_metadatos,
N-863dfb4ece05,Fintech y pagos digitales : los retos de Panamá como centro financiero regional,https://www.prensa.com/economia/fintech-y-pagos-digitales-los-retos-de-panama-como-centro-financiero-regional/,prensa.com,es,,2026-08-25T20:00:00+00:00,2026-10-06T18:46:40+00:00,,gdelt_doc:panama,titular_metadatos,
N-864873a6e01b,Contenido Exclusivo: El metro por la Tumba Muerto,https://www.tvn-2.com/contenido-exclusivo/contenido-exclusivo-metro-tumba-muerto-transporte-panama_1_2264473.html,tvn-2.com,es,2026-10-06T00:47:04+00:00,,2026-10-06T18:46:40+00:00,,tvn_rss,titular_metadatos,
N-866101170b8b,Hurricane Fausto forms in the eastern Pacific,https://www.wmtw.com/article/hurricane-fausto-eastern-pacific/73198209,wmtw.com,en,,2026-07-21T07:45:00+00:00,2026-10-06T18:46:40+00:00,,gdelt_doc:eventos_naturales,titular_metadatos,
N-8695516318c4,TVN Media y la Asociación de Directoras de Panamá firman alianza para impulsar el liderazgo femenino,https://www.tvn-2.com/nacionales/tvn-media-asociacion-directoras-panama_1_2254586.html,tvn-2.com,es,2026-08-06T01:08:53+00:00,,2026-10-06T18:46:40+00:00,,tvn_rss,titular_metadatos,
N-8697efeaa8ed,Lo que le falta a Panamá no está en el presupuesto,https://www.prensa.com/opinion/lo-que-le-falta-a-panama-no-esta-en-el-presupuesto/,prensa.com,es,,2026-09-01T07:30:00+00:00,2026-10-06T18:46:40+00:00,,gdelt_doc:economia,titular_metadatos,
N-86b9fd87cac1,First Quantum abre la puerta al diálogo por Cobre Panamá tras informe,https://www.critica.com.pa/nacional/first-quantum-abre-la-puerta-al-dialogo-por-cobre-panama-tras-informe-517286,critica.com.pa,es,,2026-09-30T22:15:00+00:00,2026-10-06T18:46:40+00:00,,gdelt_doc:economia,titular_metadatos,
N-86f997103c76,Banco Popular impulsa sostenibilidad como eje de competitividad para el turismo dominicano,https://www.eljaya.com/268913/banco-popular-impulsa-sostenibilidad-como-eje-de-competitividad-para-el-turismo-dominicano/,eljaya.com,es,,2026-09-04T00:00:00+00:00,2026-10-06T18:46:40+00:00,,gdelt_doc:turismo,titular_metadatos,
N-870cdfc9ea52,Cancillería niega tolerancia al crimen organizado en la Zona Libre de Colón,https://www.panamaamerica.com.pa/sociedad/cancilleria-niega-tolerancia-al-crimen-organizado-en-la-zona-libre-de-colon-1263860,panamaamerica.com.pa,es,,2026-07-11T19:45:00+00:00,2026-10-06T18:46:40+00:00,,gdelt_doc:economia,titular_metadatos,
N-873d6862ec69,Panama Canal to reduce shipping over El Nino - fueled drought,https://news.am/en/news/1056744,news.am,en,,2026-08-21T11:00:00+00:00,2026-10-06T18:46:40+00:00,,gdelt_doc:logistica,titular_metadatos,
N-8761963ba9ce,Mucho había durado,https://www.prensa.com/opinion/mucho-habia-durado/,prensa.com,es,,2026-09-13T04:15:00+00:00,2026-10-06T18:46:40+00:00,,gdelt_doc:economia,titular_metadatos,
N-876579f73c34,Venezuela main airport partially resumes commercial flights after deadly earthquakes,https://www.thetimes-tribune.com/2026/09/01/venezuela-earthquakes-airport/,thetimes-tribune.com,en,,2026-09-02T02:45:00+00:00,2026-10-06T18:46:40+00:00,,gdelt_doc:turismo,titular_metadatos,
N-8768f756b05e,Carmen Johany Quintero Pittí representará a Panamá en Miss International 2026,https://www.diaadia.com.pa/fama/carmen-johany-quintero-pitti-representara-panama-en-miss-international-2026-791691,diaadia.com.pa,es,,2026-09-22T04:30:00+00:00,2026-10-06T18:46:40+00:00,,gdelt_doc:panama,titular_metadatos,
N-87707a22fe6d,Sydney Harbour to Antarctica : 10 ultimate cruise moments | Southern Cross,https://www.juneesoutherncross.com.au/story/9349631/sydney-harbour-to-antarctica-10-ultimate-cruise-moments/,juneesoutherncross.com.au,en,,2026-09-27T21:45:00+00:00,2026-10-06T18:46:40+00:00,,gdelt_doc:logistica,titular_metadatos,
N-8773c0197007,Keiko Fujimori asumió la presidencia del Perú en un clima de inestabilidad política : Recibimos un Estado debilitado por la corrupción,https://www.mdzol.com/mundo/keiko-fujimori-asumio-la-presidencia-del-peru-un-clima-inestabilidad-politica-recibimos-un-estado-debilitado-la-corrupcion-n1574946,mdzol.com,es,,2026-07-28T22:45:00+00:00,2026-10-06T18:46:40+00:00,,gdelt_doc:economia,titular_metadatos,
N-8781f4e43891,"Economía panameña crece 4 . 9 % entre enero y mayo , impulsada por sectores estratégicos",https://www.laestrella.com.pa/economia/economia-panamena-crece-49-entre-enero-y-mayo-impulsada-por-sectores-estrategicos-HG24778609,laestrella.com.pa,es,,2026-08-10T19:45:00+00:00,2026-10-06T18:46:40+00:00,,gdelt_doc:economia,titular_metadatos,
N-879189ffad22,"En Panamá las microempresas son más , pero generan bajos ingresos y poca contratación de personal",https://www.infobae.com/panama/2026/08/27/en-panama-las-microempresas-son-mas-pero-generan-bajos-ingresos-y-poca-contratacion-de-personal/,infobae.com,es,,2026-08-28T00:15:00+00:00,2026-10-06T18:46:40+00:00,,gdelt_doc:economia,titular_metadatos,
N-87a0ee1b51c6,Panama Canal begins reducing crossings due to El Nino - Americas,http://www.thejakartapost.com/world/2026/09/05/panama-canal-begins-reducing-crossings-due-to-el-nino,thejakartapost.com,en,,2026-09-05T09:30:00+00:00,2026-10-06T18:46:40+00:00,,gdelt_doc:logistica,titular_metadatos,
N-87adc4869f68,"Ecuador y Panamá fortalecen lazos en seguridad , comercio y migración durante encuentro presidencial",https://www.cadena3.com/noticia/mundo/ecuador-y-panama-fortalecen-lazos-en-seguridad-comercio-y-migracion-durante-encuentro-presidencial_591062,cadena3.com,es,,2026-09-04T19:15:00+00:00,2026-10-06T18:46:40+00:00,,gdelt_doc:panama,titular_metadatos,
N-87bd07799f01,How To Spend Two Days In Panama City,https://www.forbes.com/sites/forbestravelguide/2026/08/21/how-to-spend-two-days-in-panama-city/,forbes.com,en,,2026-08-21T18:45:00+00:00,2026-10-06T18:46:40+00:00,,gdelt_doc:logistica,titular_metadatos,
N-87cd2bc52558,Previsiones principales de la semana del 2 al 8 de agosto de 2026,https://www.prensa-latina.cu/2026/08/02/previsiones-principales-de-la-semana-del-2-al-8-de-agosto-de-2026/,prensa-latina.cu,es,,2026-08-02T14:00:00+00:00,2026-10-06T18:46:40+00:00,,gdelt_doc:turismo,titular_metadatos,
N-87d4990b9f2a,"La Cosecha presenta al café panameño en una experiencia de arte , gastronomía y turismo",https://www.laestrella.com.pa/vida-y-cultura/gastronomia/la-cosecha-presenta-al-cafe-panameno-en-una-experiencia-de-arte-gastronomia-y-turismo-HH24546537,laestrella.com.pa,es,,2026-08-02T07:45:00+00:00,2026-10-06T18:46:40+00:00,,gdelt_doc:turismo,titular_metadatos,
N-87d600308fff,"Panamá , país de oportunidades",https://www.prensa.com/opinion/panama-pais-de-oportunidades/,prensa.com,es,,2026-08-16T08:15:00+00:00,2026-10-06T18:46:40+00:00,,gdelt_doc:economia,titular_metadatos,
N-87e14e05646a,Canal de Panamá reducirá tránsito de buques debido al Niño,https://www.24horas.cl/internacional/deutsche-welle/canal-de-panama-reducira-transito-de-buques-debido-al-nino,24horas.cl,es,,2026-08-21T11:15:00+00:00,2026-10-06T18:46:40+00:00,,gdelt_doc:logistica,titular_metadatos,
N-87e363864a61,Creen RD tiene condiciones impulsar competitividad y desarrollo regional,https://hoy.com.do/economia/creen-rd-condiciones-impulsar-competitividad-desarrollo-regional_1098711.html,hoy.com.do,es,,2026-08-14T04:45:00+00:00,2026-10-06T18:46:40+00:00,,gdelt_doc:economia,titular_metadatos,
N-87f8d2c17447,Festival Nacional del Manito afina detalles para celebrar la riqueza cultural de Ocú,https://www.diaadia.com.pa/el-pais/festival-nacional-del-manito-afina-detalles-para-celebrar-la-riqueza-cultural-de-ocu-790912,diaadia.com.pa,es,,2026-07-28T00:30:00+00:00,2026-10-06T18:46:40+00:00,,gdelt_doc:economia,titular_metadatos,
N-87fa0c366bec,Copa Airlines abre un vuelo directo a Margarita a partir del noviembre,https://nuevodia.com.ve/copa-airlines-abre-un-vuelo-directo-a-margarita-a-partir-del-noviembre/,nuevodia.com.ve,es,,2026-08-05T02:30:00+00:00,2026-10-06T18:46:40+00:00,,gdelt_doc:turismo,titular_metadatos,
N-8809c3cf6f95,COPX vs . CPER : Do Copper Miners or Copper Futures Best Play the Electrification Squeeze ?,https://finance.yahoo.com/markets/commodities/articles/copx-vs-cper-copper-miners-181745220.html,finance.yahoo.com,en,,2026-07-11T19:00:00+00:00,2026-10-06T18:46:40+00:00,,gdelt_doc:eventos_naturales,titular_metadatos,
N-881acc6ba8d9,"Mulino se reúne con congresistas de EE . UU . para abordar seguridad , migración y narcotráfico",https://www.telemetro.com/nacionales/mulino-se-reune-congresistas-ee-uu-abordar-seguridad-migracion-y-narcotrafico-n6088845,telemetro.com,es,,2026-08-18T13:45:00+00:00,2026-10-06T18:46:40+00:00,,gdelt_doc:logistica,titular_metadatos,
N-884df3a208a9,Presupuesto cierra vistas y pone la lupa sobre más de $500 millones,https://www.critica.com.pa/nacional/presupuesto-cierra-vistas-y-pone-la-lupa-sobre-mas-de-500-millones-517305,critica.com.pa,es,,2026-10-01T02:00:00+00:00,2026-10-06T18:46:40+00:00,,gdelt_doc:economia,titular_metadatos,
N-886526cebc64,Bertha Bringing Tropical Storm Conditions To Panhandle Overnight | Newsradio WFLA Orlando,https://wflaorlando.iheart.com/featured/florida-news/content/2026-07-21-bertha-bringing-tropical-storm-conditions-to-panhandle-overnight/,wflaorlando.iheart.com,en,,2026-07-22T00:30:00+00:00,2026-10-06T18:46:40+00:00,,gdelt_doc:eventos_naturales,titular_metadatos,
N-886bbd1293ec,Panamá es el segundo destino latinoamericano con mayor crecimiento del gasto turístico,https://www.prensa.com/economia/panama-es-el-segundo-destino-latinoamericano-con-mayor-crecimiento-del-gasto-turistico/,prensa.com,es,,2026-07-29T05:30:00+00:00,2026-10-06T18:46:40+00:00,,gdelt_doc:economia,titular_metadatos,
N-886db5333e73,Aprueban en tercer debate proyecto que exonera del ITBI a viviendas nuevas,https://www.critica.com.pa/nacional/aprueban-en-tercer-debate-proyecto-que-exonera-del-itbi-viviendas-nuevas-515340,critica.com.pa,es,,2026-08-27T03:30:00+00:00,2026-10-06T18:46:40+00:00,,gdelt_doc:economia,titular_metadatos,
N-887ce8bc583f,Getting Off the EU Tax List . Von der Leyen Highlights Panama Progress .,https://newsroompanama.com/2026/09/22/getting-off-the-eu-tax-list-von-der-leyen-highlights-panamas-progress/,newsroompanama.com,en,,2026-09-23T05:45:00+00:00,2026-10-06T18:46:40+00:00,,gdelt_doc:logistica,titular_metadatos,
N-88818a8aea92,El panameño Chamar Chambers avanza a la final de los 800 metros planos,https://www.prensa.com/deportes/santo-domingo-2026-chamar-chambers-avanza-a-la-final-de-los-800-metros-planos/,prensa.com,es,,2026-08-07T00:45:00+00:00,2026-10-06T18:46:40+00:00,,gdelt_doc:logistica,titular_metadatos,
N-889c6333de2d,Michael Amir Murillo marca y cierra la goleada del Besiktas JK en la Superliga de Turquía,https://www.prensa.com/deportes/michael-amir-murillo-marca-y-cierra-la-goleada-del-besiktas-jk-en-la-superliga-de-turquia/,prensa.com,es,,2026-09-01T02:45:00+00:00,2026-10-06T18:46:40+00:00,,gdelt_doc:logistica,titular_metadatos,
N-88dbd76ecbde,The sunhat is everywhere in Athens as crowds grow larger at ancient sites,https://www.dailyexcelsior.com/the-sunhat-is-everywhere-in-athens-as-crowds-grow-larger-at-ancient-sites/,dailyexcelsior.com,en,,2026-08-23T06:30:00+00:00,2026-10-06T18:46:40+00:00,,gdelt_doc:turismo,titular_metadatos,
N-892ad869ec64,Ministro Felipe Chapman aclara el futuro del 7 % de ITBMS a compras y servicios en plataformas digitales,https://www.telemetro.com/nacionales/ministro-felipe-chapman-aclara-el-futuro-del-7-itbms-compras-y-servicios-plataformas-digitales-n6089577,telemetro.com,es,,2026-08-24T21:45:00+00:00,2026-10-06T18:46:40+00:00,,gdelt_doc:economia,titular_metadatos,
N-893a988a13e9,Agenda de la semana : actividades que habrá en Panamá,https://www.prensa.com/vivir/agenda-de-la-semana-actividades-que-habra-en-panama/,prensa.com,es,,2026-09-25T07:15:00+00:00,2026-10-06T18:46:40+00:00,,gdelt_doc:turismo,titular_metadatos,
N-89436af933fb,US promises $1bn in security aid to Colombia as new rightwing president pledges drugs crackdown,https://www.aol.co.uk/articles/us-promises-1bn-security-aid-040818000.html,aol.co.uk,en,,2026-08-09T04:00:00+00:00,2026-10-06T18:46:40+00:00,,gdelt_doc:economia,titular_metadatos,
N-895814583d4c,The sunhat is everywhere in Athens as crowds grow larger at ancient sites,https://www.news4jax.com/news/2026/08/23/the-sunhat-is-everywhere-in-athens-as-crowds-grow-larger-at-ancient-sites/,news4jax.com,en,,2026-08-23T11:30:00+00:00,2026-10-06T18:46:40+00:00,,gdelt_doc:turismo,titular_metadatos,
N-89680a456539,Hurricane Fausto forms in the eastern Pacific,https://www.wbaltv.com/article/hurricane-fausto-eastern-pacific/73198209,wbaltv.com,en,,2026-07-21T07:00:00+00:00,2026-10-06T18:46:40+00:00,,gdelt_doc:eventos_naturales,titular_metadatos,
N-89b44799666b,En Capira rechazan traslado de cementerios por obra de la ACP,https://www.critica.com.pa/nacional/en-capira-rechazan-traslado-de-cementerios-por-obra-de-la-acp-513894,critica.com.pa,es,,2026-08-03T00:45:00+00:00,2026-10-06T18:46:40+00:00,,gdelt_doc:logistica,titular_metadatos,
N-89b47d90ca0e,Autoridades panameñas arrestaron a 21 colombianos por presunta minería ilegal de oro en el Darién,https://www.infobae.com/panama/2026/08/20/autoridades-panamenas-arrestaron-a-21-colombianos-por-presunta-mineria-ilegal-de-oro-en-el-darien/,infobae.com,es,,2026-08-20T08:15:00+00:00,2026-10-06T18:46:40+00:00,,gdelt_doc:economia,titular_metadatos,
N-89bb038c5cc0,"SPI , tren Panamá - David y obras : así se repartirán los $246 . 5 millones de la Presidencia en 2027",https://www.prensa.com/politica/spi-tren-panama-david-y-obras-asi-se-repartiran-los-2465-millones-de-la-presidencia-en-2027/,prensa.com,es,,2026-08-23T07:00:00+00:00,2026-10-06T18:46:40+00:00,,gdelt_doc:economia,titular_metadatos,
N-89cf17da8ec9,¿ Qué pasará con la mina ? Esto dice el informe entregado a Mulino,https://www.midiario.com/nacionales/que-pasara-con-la-mina-esto-dice-el-informe-entregado-a-mulino/,midiario.com,es,,2026-09-30T19:00:00+00:00,2026-10-06T18:46:40+00:00,,gdelt_doc:panama,titular_metadatos,
N-89d7226a03c8,Montería estrenará vuelo directo a Panamá con Satena y conexión aérea de menos de una hora,https://www.portafolio.co/economia/regiones/monteria-estrenara-vuelo-directo-a-panama-con-satena-y-conexion-aerea-de-menos-de-una-hora-503695,portafolio.co,es,,2026-10-01T22:45:00+00:00,2026-10-06T18:46:40+00:00,,gdelt_doc:panama,titular_metadatos,
N-89dfebdb1ea2,La COP31 se perfila con ambiciones modestas pese a la emergencia climática,https://www.tvn-2.com/mundo/cop31-perfila-ambiciones-modestas-pese_1_2264551.html,tvn-2.com,es,2026-10-06T11:25:02+00:00,,2026-10-06T18:46:40+00:00,,tvn_rss,titular_metadatos,
N-89f82c5123ee,La economía que desperdicia un tercio de su valor,https://www.prensa.com/opinion/la-economia-que-desperdicia-un-tercio-de-su-valor/,prensa.com,es,,2026-08-19T03:00:00+00:00,2026-10-06T18:46:40+00:00,,gdelt_doc:economia,titular_metadatos,
N-8a0594e4c756,David Robles viajó al Mister Global pese a estar destituido por la franquicia local y luce feliz representando a Panamá,https://www.diaadia.com.pa/fama/david-robles-viajo-al-mister-global-pese-estar-destituido-por-la-franquicia-local-y-luce-feliz,diaadia.com.pa,es,,2026-10-01T05:30:00+00:00,2026-10-06T18:46:40+00:00,,gdelt_doc:panama,titular_metadatos,
N-8a0859e4eb2c,"Canal de Panamá requerirá entre 1 , 500 y 2 , 000 empleados para nuevos proyectos",https://www.prensa.com/economia/canal-de-panama-requerira-entre-1500-y-2000-empleados-para-nuevos-proyectos/,prensa.com,es,,2026-09-07T21:30:00+00:00,2026-10-06T18:46:40+00:00,,gdelt_doc:economia,titular_metadatos,
N-8a4475fa67af,El chino Kenneth Zhang pide que Panamá lo reconozca como refugiado para evitar su extradición,https://www.prensa.com/judiciales/el-chino-kenneth-zhang-pide-que-panama-lo-reconozca-como-refugiado-para-evitar-su-extradicion/,prensa.com,es,,2026-07-30T21:00:00+00:00,2026-10-06T18:46:40+00:00,,gdelt_doc:logistica,titular_metadatos,
N-8a4ea41394df,Panamá impulsa nuevas inversiones y oportunidades para el desarrollo turístico • PDCC,https://newsinamerica.com/pdcc/turismo/2026/panama-impulsa-nuevas-inversiones-y-oportunidades-para-el-desarrollo-turistico/,newsinamerica.com,es,,2026-09-20T23:00:00+00:00,2026-10-06T18:46:40+00:00,,gdelt_doc:turismo,titular_metadatos,
N-8a56a217bde1,Inspección ambiental revisa avances y medidas en el Cuarto Puente sobre el Canal,https://www.midiario.com/nacionales/inspeccion-ambiental-revisa-avances-y-medidas-en-el-cuarto-puente-sobre-el-canal/,midiario.com,es,,2026-07-15T22:45:00+00:00,2026-10-06T18:46:40+00:00,,gdelt_doc:logistica,titular_metadatos,
N-8a8a84f054a7,"Latin American governments prepare for El Nino as drought , floods and heat loom",http://www.thegazette.com/news/world/latin-american-governments-prepare-for-el-nino-as-drought-floods-and-heat-loom/article_b05135e6-ae3f-5e9e-ba57-b0a90e9dcd92.html,thegazette.com,en,,2026-07-17T13:30:00+00:00,2026-10-06T18:46:40+00:00,,gdelt_doc:eventos_naturales,titular_metadatos,
N-8ab1c4dac902,Estado de emergencia en Panamá por efectos de El Niño,https://www.diariolibre.com/mundo/america-latina/2026/08/25/estado-de-emergencia-en-panama-por-efectos-de-el-nino/3639336,diariolibre.com,es,,2026-08-26T05:15:00+00:00,2026-10-06T18:46:40+00:00,,gdelt_doc:logistica,titular_metadatos,
N-8abb26968c68,Convierta una escala en Panamá en un paseo o un día de compras,https://www.nacion.com/blogs/de-viaje-con-jairo/convierta-una-escala-en-panama-en-un-paseo-o-un/3BLIFBFAGRA5XFSBYDXAHBR674/story/,nacion.com,es,,2026-07-14T23:15:00+00:00,2026-10-06T18:46:40+00:00,,gdelt_doc:logistica,titular_metadatos,
N-8ac5c3bfcb41,"Tres periodistas , un diagnóstico : Venezuela avanza hacia una transición con tutelaje estadounidense",https://www.analitica.com/seminarios-y-foros/tres-periodistas-un-diagnostico-venezuela-avanza-hacia-una-transicion-con-tutelaje-estadounidense/,analitica.com,es,,2026-07-14T20:00:00+00:00,2026-10-06T18:46:40+00:00,,gdelt_doc:economia,titular_metadatos,
N-8acec997e414,Oficial : Thomas Christiansen seguirá al frente de la Selección de Panamá,https://www.prensa.com/deportes/oficial-thomas-christiansen-seguira-al-frente-de-la-seleccion-de-panama/,prensa.com,es,,2026-07-14T00:30:00+00:00,2026-10-06T18:46:40+00:00,,gdelt_doc:panama,titular_metadatos,
N-8ad3275f60f1,Polémica en Tolú : Gobierno defiende desarrollo del acto inaugural del aeropuerto,https://www.hsbnoticias.com/polemica-en-tolu-gobierno-defiende-desarrollo-del-acto-inaugural-del-aeropuerto/,hsbnoticias.com,es,,2026-08-03T04:45:00+00:00,2026-10-06T18:46:40+00:00,,gdelt_doc:economia,titular_metadatos,
N-8af351a0f0ad,"Rosario , en camino para ser sede de los Juegos Panamericanos Junior 2029",http://www.lanueva.com/nota/2026-7-14-11-11-0-rosario-en-camino-para-ser-sede-de-los-juegos-panamericanos-junior-2029,lanueva.com,es,,2026-07-14T18:45:00+00:00,2026-10-06T18:46:40+00:00,,gdelt_doc:panama,titular_metadatos,
N-8af4acf065e6,Jóvenes Guías y Scouts Judíos de Francia fortalecen lazos de amistad y servicio durante visita a Panamá,https://www.midiario.com/nacionales/jovenes-guias-y-scouts-judios-de-francia-fortalecen-lazos-de-amistad-y-servicio-durante-visita-a-panama/,midiario.com,es,,2026-07-12T19:15:00+00:00,2026-10-06T18:46:40+00:00,,gdelt_doc:panama,titular_metadatos,
N-8b19a04de461,"Santiago Tejedor : No necesitamos operadores tecnológicos , necesitamos periodistas",https://www.lanacion.com.ar/economia/negocios/santiago-tejedor-no-necesitamos-operadores-tecnologicos-necesitamos-periodistas-nid12092026/,lanacion.com.ar,es,,2026-09-12T04:30:00+00:00,2026-10-06T18:46:40+00:00,,gdelt_doc:economia,titular_metadatos,
N-8b366c8c6dac,MEF presenta ante la Asamblea proyecto sobre nuevo esquema para el ITBI,https://www.telemetro.com/nacionales/mef-presenta-la-asamblea-proyecto-nuevo-esquema-el-itbi-n6088474,telemetro.com,es,,2026-08-14T01:45:00+00:00,2026-10-06T18:46:40+00:00,,gdelt_doc:economia,titular_metadatos,
N-8b4e95c60fdf,Benjamin Netanyahu meets Latin American leaders after UN speech to strengthen ties,http://www.jpost.com/israel-news/article-909648,jpost.com,en,,2026-09-25T04:45:00+00:00,2026-10-06T18:46:40+00:00,,gdelt_doc:economia,titular_metadatos,
N-8b51df926121,"San Juan , Puerto Rico Passenger Traffic Declined in July , With Domestic and International Totals Both Lower",https://www.caribjournal.com/2026/08/06/san-juan-puerto-rico-traffic/,caribjournal.com,en,,2026-08-06T22:15:00+00:00,2026-10-06T18:46:40+00:00,,gdelt_doc:logistica,titular_metadatos,
N-8b5a2663238b,CK Hutchison seeks over $1 . 5 billion from Panama over port,https://www.hurriyetdailynews.com/ck-hutchison-seeks-over-1-5-billion-from-panama-over-port-225827,hurriyetdailynews.com,en,,2026-08-20T09:15:00+00:00,2026-10-06T18:46:40+00:00,,gdelt_doc:logistica,titular_metadatos,
N-8b89129ef795,Estrecho de Magallanes : ¿ el Ormuz latinoamericano ?,https://www.dw.com/es/el-potencial-del-estrecho-de-magallanes-como-el-ormuz-de-am%C3%A9rica-latina/a-78511691,dw.com,es,,2026-08-26T16:15:00+00:00,2026-10-06T18:46:40+00:00,,gdelt_doc:logistica,titular_metadatos,
N-8b8fe08524a3,Aprueban la nueva configuración de circuitos electorales para 2029,https://www.panamaamerica.com.pa/politica/aprueban-la-nueva-configuracion-de-circuitos-electorales-para-2029-1266697,panamaamerica.com.pa,es,,2026-09-24T22:00:00+00:00,2026-10-06T18:46:40+00:00,,gdelt_doc:logistica,titular_metadatos,
N-8b97970ef883,Preview - Asamblea de Panamá,https://www.asamblea.gob.pa/Noticias/Noticias/COMISION-DE-ECONOMIA-Y-FINANZAS-APRUEBA-EN-PRIMER-DEBATE-ADENDA-CON-LA-FUNDACION-CIUDAD-DEL-SABER,asamblea.gob.pa,es,,2026-10-01T00:15:00+00:00,2026-10-06T18:46:40+00:00,,gdelt_doc:economia,titular_metadatos,
N-8b9bc7d18ca2,Damaging Wisconsin Tornado Takes Out Power to Thousands,https://www.newser.com/story/393596/damaging-wisconsin-tornado-takes-out-power-to-thousands.html,newser.com,en,,2026-07-27T23:00:00+00:00,2026-10-06T18:46:40+00:00,,gdelt_doc:logistica,titular_metadatos,
N-8badd72a3fc8,Europeos pierden la vida cuando iban a observar las líneas de Nazca,https://www.panamaamerica.com.pa/mundo/europeos-pierden-la-vida-cuando-iban-observar-las-lineas-de-nazca-1264699,panamaamerica.com.pa,es,,2026-08-02T16:45:00+00:00,2026-10-06T18:46:40+00:00,,gdelt_doc:turismo,titular_metadatos,
N-8bb14b925931,El Canal de Panamá flexibiliza su sistema de reservas,https://www.diariolibre.com/economia/negocios/2026/08/30/el-canal-de-panama-flexibiliza-su-sistema-de-reservas/3643829,diariolibre.com,es,,2026-08-31T00:00:00+00:00,2026-10-06T18:46:40+00:00,,gdelt_doc:logistica,titular_metadatos,
N-8bb8c7e94d97,15 Best Guitar Players of All Time - Singersroom . com,https://singersroom.com/w96/best-guitar-players-of-all-time/,singersroom.com,en,,2026-07-26T07:30:00+00:00,2026-10-06T18:46:40+00:00,,gdelt_doc:eventos_naturales,titular_metadatos,
N-8bbd8b357a24,Panama Comptroller Announces that Government Vehicle Purchases will be Halted .,https://newsroompanama.com/2026/09/07/panama-comptroller-announces-that-government-vehicle-purchases-will-be-halted/,newsroompanama.com,en,,2026-09-07T20:45:00+00:00,2026-10-06T18:46:40+00:00,,gdelt_doc:economia,titular_metadatos,
N-8bd74e65bbbb,"América Latina avanza hacia una cirugía más precisa , accesible y centrada en el paciente",https://www.hsbnoticias.com/america-latina-avanza-hacia-una-cirugia-mas-precisa-accesible-y-centrada-en-el-paciente-2/,hsbnoticias.com,es,,2026-08-25T18:00:00+00:00,2026-10-06T18:46:40+00:00,,gdelt_doc:economia,titular_metadatos,
N-8c1498f5d1a4,La Autoridad del Canal de Panamá flexibiliza las restricciones de tránsito marítimo tras el incremento de las precipitaciones en la cuenca interoceánica,https://bitlysdowssl-aws.com/2026/09/la-autoridad-del-canal-de-panama-flexibiliza-las-restricciones-de-transito-maritimo-tras-el-incremento-de-las-precipitaciones-en-la-cuenca-interoceanica/,bitlysdowssl-aws.com,es,,2026-09-28T22:45:00+00:00,2026-10-06T18:46:40+00:00,,gdelt_doc:logistica,titular_metadatos,
N-8c15794d1fa4,Feria Nacional de Artesanías 2026 : conozca la programación del 29 de julio al 2 de agosto,https://www.prensa.com/vivir/feria-nacional-de-artesanias-2026-conozca-la-programacion-del-29-de-julio-al-2-de-agosto/,prensa.com,es,,2026-07-28T20:15:00+00:00,2026-10-06T18:46:40+00:00,,gdelt_doc:economia,titular_metadatos,
N-8c5d2e499a75,"1 pm CT : Bertha Begins Turn To The West , Wind Pushing Rain Offshore | NewsRadio WFLA",https://wflanews.iheart.com/featured/florida-news/content/2026-07-21-1-pm-ct-bertha-begins-turn-to-the-west-wind-pushing-rain-offshore/,wflanews.iheart.com,en,,2026-07-21T22:30:00+00:00,2026-10-06T18:46:40+00:00,,gdelt_doc:eventos_naturales,titular_metadatos,
N-8c8a766e16ee,China plantea ampliar comercio y cooperación con Panamá,https://www.laestrella.com.pa/economia/china-plantea-ampliar-comercio-y-cooperacion-con-panama-CB25062716,laestrella.com.pa,es,,2026-08-21T20:15:00+00:00,2026-10-06T18:46:40+00:00,,gdelt_doc:economia,titular_metadatos,
N-8caa96e6eaa5,La enseñanza especializada gana peso en el sector turístico con la Escola dHoteleria de les Illes Balears,https://www.ultimahora.es/monograficos/educacion-formacion-2026/2026/09/21/15655/ensenanza-especializada-gana-peso-sector-turistico-escola-hoteleria-les-illes-balears.html,ultimahora.es,es,,2026-09-21T07:00:00+00:00,2026-10-06T18:46:40+00:00,,gdelt_doc:turismo,titular_metadatos,
N-8caf4318f489,Panamá presenta su nueva marca país bajo el lema Anfitrión del mundo,https://www.telemetro.com/nacionales/panama-presenta-su-nueva-marca-pais-el-lema-anfitrion-del-mundo-n6089850,telemetro.com,es,,2026-08-26T22:00:00+00:00,2026-10-06T18:46:40+00:00,,gdelt_doc:turismo,titular_metadatos,
N-8cafecc2dbf7,Panama City Beach expects one more summer surge for Labor Day weekend,https://www.wctv.tv/2026/09/04/panama-city-beach-expects-one-more-summer-surge-labor-day-weekend/,wctv.tv,en,,2026-09-04T16:15:00+00:00,2026-10-06T18:46:40+00:00,,gdelt_doc:turismo,titular_metadatos,
N-8cc6383465f1,"Marca país de Panamá debe trascender gobiernos , afirma presidente",https://www.prensa-latina.cu/2026/08/26/marca-pais-de-panama-debe-trascender-gobiernos-afirma-presidente/,prensa-latina.cu,es,,2026-08-27T00:00:00+00:00,2026-10-06T18:46:40+00:00,,gdelt_doc:panama,titular_metadatos,
N-8cc9ffa51825,Con la mira puesta en Cuba : EEUU remilitariza Puerto Rico y despliega operativos que usó para capturar a Maduro,https://panampost.com/gabriela-moreno/2026/08/26/con-la-mira-puesta-en-cuba-eeuu-remilitariza-puerto-rico-y-despliega-operativos-que-uso-para-capturar-a-maduro/,panampost.com,es,,2026-08-26T20:00:00+00:00,2026-10-06T18:46:40+00:00,,gdelt_doc:economia,titular_metadatos,
N-8ccf6112616b,Mulino se reúne con Carlos Slim para atraer inversión mexicana a Panamá,https://www.panamaamerica.com.pa/mundo/mulino-se-reune-con-carlos-slim-para-atraer-inversion-mexicana-panama-1264054,panamaamerica.com.pa,es,,2026-07-16T03:00:00+00:00,2026-10-06T18:46:40+00:00,,gdelt_doc:logistica,titular_metadatos,
N-8ce6892d79c0,Aumento de costos por restricciones en el Canal de Panamá debido a El Niño,https://www.cadena3.com/noticia/mundo/aumento-de-costos-por-restricciones-en-el-canal-de-panama-debido-a-el-nino_587794,cadena3.com,es,,2026-08-27T07:00:00+00:00,2026-10-06T18:46:40+00:00,,gdelt_doc:logistica,titular_metadatos,
N-8d1461cdbdda,Conglomerate seeks $1 . 5 billion in damages from Panama | MACAU DAILY TIMES 澳門每日時報,https://macaudailytimes.com.mo/conglomerate-seeks-1-5-billion-in-damages-from-panama.html,macaudailytimes.com.mo,en,,2026-08-21T00:45:00+00:00,2026-10-06T18:46:40+00:00,,gdelt_doc:logistica,titular_metadatos,
N-8d14ed778d24,"Casos de dengue en Panamá aumentan a 3 , 905 ; Minsa mantiene alerta por 12 defunciones",https://www.diaadia.com.pa/el-pais/casos-de-dengue-en-panama-aumentan-3905-minsa-mantiene-alerta-por-12-defunciones-790808,diaadia.com.pa,es,,2026-07-21T20:00:00+00:00,2026-10-06T18:46:40+00:00,,gdelt_doc:logistica,titular_metadatos,
N-8d299a91404a,Panama Eyes State Firm to Reopen Cobre Panama Mine,https://www.riotimesonline.com/panama-state-miner-cobre-panama-first-quantum-2026/,riotimesonline.com,en,,2026-07-24T17:30:00+00:00,2026-10-06T18:46:40+00:00,,gdelt_doc:economia,titular_metadatos,
N-8d437a434be1,Cobre Emprende : El Pitch premió a 20 emprendedores con más de B /. 100 mil en capital semilla,https://www.diaadia.com.pa/el-pais/cobre-emprende-el-pitch-premio-20-emprendedores-con-mas-de-b100-mil-en-capital-semilla,diaadia.com.pa,es,,2026-08-01T18:30:00+00:00,2026-10-06T18:46:40+00:00,,gdelt_doc:economia,titular_metadatos,
N-8d54db2fa096,Investigan fraude en la DGI de Panamá : funcionarios desviaron al menos US$ 40 millones,https://www.elpais.com.uy/mundo/investigan-fraude-en-la-dgi-de-panama-funcionarios-desviaron-al-menos-us-40-millones,elpais.com.uy,es,,2026-07-28T00:30:00+00:00,2026-10-06T18:46:40+00:00,,gdelt_doc:economia,titular_metadatos,
N-8d8a520635f9,China defiende inspecciones a buques panameños tras múltiples incidentes,https://www.critica.com.pa/nacional/china-defiende-inspecciones-buques-panamenos-tras-multiples-incidentes-512754,critica.com.pa,es,,2026-07-13T17:30:00+00:00,2026-10-06T18:46:40+00:00,,gdelt_doc:logistica,titular_metadatos,
N-8d8b8d3ddcd6,Venezuelans rally to demand opposition leader safe return and presidential elections,https://www.clickorlando.com/news/world/2026/09/27/venezuelans-rally-to-demand-opposition-leaders-safe-return-and-presidential-elections/,clickorlando.com,en,,2026-09-28T01:30:00+00:00,2026-10-06T18:46:40+00:00,,gdelt_doc:economia,titular_metadatos,
N-8dd98a6b5dbe,Mulino y Sheinbaum relanzan relaciones : México respalda la neutralidad del Canal de Panamá,https://www.telemetro.com/nacionales/mulino-y-sheinbaum-relanzan-relaciones-mexico-respalda-la-neutralidad-del-canal-panama-n6085313,telemetro.com,es,,2026-07-15T22:00:00+00:00,2026-10-06T18:46:40+00:00,,gdelt_doc:logistica,titular_metadatos,
N-8df23480e5cd,Fitch Ratings proyecta que la reapertura de Cobre Panamá podría sumar hasta un 2 % al crecimiento del PIB,https://www.panamaamerica.com.pa/economia/fitch-ratings-proyecta-que-la-reapertura-de-cobre-panama-podria-sumar-hasta-un-2-al,panamaamerica.com.pa,es,,2026-07-22T05:30:00+00:00,2026-10-06T18:46:40+00:00,,gdelt_doc:economia,titular_metadatos,
N-8df643362e65,María Corina Machado ha intentado regresar siete veces a Venezuela sin conseguirlo,https://www.elcorreo.com/internacional/maria-corina-machado-intentado-regresar-siete-veces-20260922065955-ntrc.html,elcorreo.com,es,,2026-09-23T06:15:00+00:00,2026-10-06T18:46:40+00:00,,gdelt_doc:logistica,titular_metadatos,
N-8e07feea6ca7,Desborde del río Orinoco afecta a seis sectores del estado Amazonas y obliga a desalojar a 30 familias,https://www.globovision.com/nacional/58731/desborde-del-rio-orinoco-afecta-a-seis-sectores-del-estado-amazonas-y-obliga-a-desalojar-a-30,globovision.com,es,,2026-07-13T15:30:00+00:00,2026-10-06T18:46:40+00:00,,gdelt_doc:eventos_naturales,titular_metadatos,
N-8e11ad0891f1,From GIFT City to global finance : British Virgin Islands pitches trade ties with India,https://www.businesstoday.in/latest/economy/story/from-gift-city-to-global-finance-british-virgin-islands-pitches-trade-ties-with-india-551341-2026-08-25,businesstoday.in,en,,2026-08-25T17:15:00+00:00,2026-10-06T18:46:40+00:00,,gdelt_doc:economia,titular_metadatos,
N-8e241ea7ba99,"En la antesala de su intervención en la ONU , António Guterres recibe a Delcy Rodríguez , presidenta encargada de Venezuela",https://www.cnnchile.com/mundo/en-la-antesala-de-su-intervencion-en-la-onu-antonio-guterres-recibe-a-delcy-rodriguez-presidenta-encargada-de-venezuela/,cnnchile.com,es,,2026-09-22T04:30:00+00:00,2026-10-06T18:46:40+00:00,,gdelt_doc:economia,titular_metadatos,
N-8e27953066ab,La actual lucha por un nuevo orden global equivale a una guerra mundial,https://www.lavanguardia.com/internacional/vanguardia-dossier/revista/20260910/11606938/actual-lucha-nuevo-orden-mundial-equivale-guerra-mundial.html,lavanguardia.com,es,,2026-09-10T06:00:00+00:00,2026-10-06T18:46:40+00:00,,gdelt_doc:economia,titular_metadatos,
N-8e38c898950d,"$35 , 111 Million is the Panama State Budget for the Fiscal Year 2027",https://newsroompanama.com/2026/07/29/35111-million-is-the-panama-state-budget-for-the-fiscal-year-2027/,newsroompanama.com,en,,2026-07-30T00:45:00+00:00,2026-10-06T18:46:40+00:00,,gdelt_doc:economia,titular_metadatos,
N-8e49b127ec37,Illuminating experience : The Black Lights invites us to take in Blackpool forgotten beauty,https://mixmag.net/feature/blackpool-the-black-lights-manchester-white-hotel-northern-lancashire-festival-review,mixmag.net,en,,2026-07-23T19:00:00+00:00,2026-10-06T18:46:40+00:00,,gdelt_doc:turismo,titular_metadatos,
N-8e5fb058e6d7,Suspenden audiencia contra Genaro López y otros miembros del Suntracs,https://www.tvn-2.com/nacionales/judicial/suspenden-audiencia-genaro-lopez-miembros_1_2264607.html,tvn-2.com,es,2026-10-06T17:52:35+00:00,,2026-10-06T18:46:40+00:00,,tvn_rss,titular_metadatos,
N-8e63158bbdeb,"Tropical Storm Bertha Strengthens , Top Winds 60 | 107 . 9 WSRZ",https://wsrz.iheart.com/featured/florida-news/content/2026-07-21-tropical-storm-bertha-strengthens-top-winds-60/,wsrz.iheart.com,en,,2026-07-21T18:30:00+00:00,2026-10-06T18:46:40+00:00,,gdelt_doc:eventos_naturales,titular_metadatos,
N-8e8d6a46047c,Sector retail busca convertir el décimo tercer mes en una temporada récord de ventas,https://www.panamaamerica.com.pa/sociedad/sector-retail-busca-convertir-el-decimo-tercer-mes-en-una-temporada-record-de-ventas,panamaamerica.com.pa,es,,2026-08-07T22:00:00+00:00,2026-10-06T18:46:40+00:00,,gdelt_doc:economia,titular_metadatos,
N-8ea1d02fa497,Nicaragua liderará crecimiento económico de Centroamérica en 2026,https://nuevaya.com.ni/economicas-ya/nicaragua-liderara-crecimiento-economico-de-centroamerica-en-2026/,nuevaya.com.ni,es,,2026-08-21T23:45:00+00:00,2026-10-06T18:46:40+00:00,,gdelt_doc:economia,titular_metadatos,
N-8eabab0197e1,Sin visa a más de 90 países : así podrán viajar los colombianos alrededor del mundo,https://www.elpais.com.co/turismo/colombianos-pueden-viajar-sin-visa-a-mas-de-90-paises-en-2026-conozca-la-lista-completa-0349.html,elpais.com.co,es,,2026-08-03T17:45:00+00:00,2026-10-06T18:46:40+00:00,,gdelt_doc:turismo,titular_metadatos,
N-8ecb78850b8b,Canal de Panamá reducirá el tránsito de barcos por la falta de lluvias asociada al fenómeno de El Niño : conozca las medidas que se tomarán,https://www.eltiempo.com/mundo/latinoamerica/canal-de-panama-reducira-el-transito-de-barcos-por-la-falta-de-lluvias-asociada-al-fenomeno-de-el-nino-conozca-las-medidas-que-se-tomaran-3580021,eltiempo.com,es,,2026-08-21T19:30:00+00:00,2026-10-06T18:46:40+00:00,,gdelt_doc:economia,titular_metadatos,
N-8ee5bc12f561,Bertha Update 4pm CT : Tropical Storm Winds Spread Over Florida Panhandle,https://wccfradio.iheart.com/content/2026-07-21-bertha-update-tropical-storm-winds-spread-over-florida-panhandle/,wccfradio.iheart.com,en,,2026-07-22T01:30:00+00:00,2026-10-06T18:46:40+00:00,,gdelt_doc:eventos_naturales,titular_metadatos,
N-8eef403db03d,¿ Qué economías de Latinoamérica crecerán más en 2026 ?,https://actualidad.rt.com/actualidad/623368-economias-latinoamerica-creceran-mas-2026,actualidad.rt.com,es,,2026-08-21T00:45:00+00:00,2026-10-06T18:46:40+00:00,,gdelt_doc:economia,titular_metadatos,
N-8ef0e00deb5d,Armas por comida y electrodomésticos : jornada será este 11 de agosto en Plaza 5 de Mayo,https://www.telemetro.com/nacionales/armas-comida-y-electrodomesticos-jornada-sera-este-11-agosto-plaza-5-mayo-n6087278,telemetro.com,es,,2026-08-04T01:30:00+00:00,2026-10-06T18:46:40+00:00,,gdelt_doc:turismo,titular_metadatos,
N-8f182880ed3d,Chiriquí and Volcán Barú in 2027 will be Included in Panama Jaguar Census .,https://newsroompanama.com/2026/09/26/chiriqui-and-volcan-baru-in-2027-will-be-included-in-panamas-jaguar-census/,newsroompanama.com,en,,2026-09-27T00:15:00+00:00,2026-10-06T18:46:40+00:00,,gdelt_doc:turismo,titular_metadatos,
N-8f3c9f2f26d9,"Panama is not only the beginning : Foreign Minister pitches nation as India premier manufacturing , trade launchpad in Latin America",http://www.northkoreatimes.com/news/279199252/panama-is-not-only-the-beginning-foreign-minister-pitches-nation-as-india-premier-manufacturing-trade-launchpad-in-latin-america,northkoreatimes.com,en,,2026-07-20T16:45:00+00:00,2026-10-06T18:46:40+00:00,,gdelt_doc:economia,titular_metadatos,
N-8f45d1dece86,"Panama is not only the beginning : Foreign Minister pitches nation as India premier manufacturing , trade launchpad in Latin America",http://www.malaysiasun.com/news/279199252/panama-is-not-only-the-beginning-foreign-minister-pitches-nation-as-india-premier-manufacturing-trade-launchpad-in-latin-america,malaysiasun.com,en,,2026-07-20T16:45:00+00:00,2026-10-06T18:46:40+00:00,,gdelt_doc:economia,titular_metadatos,
N-8f5a12e5d9f9,Canal de Panamá acelera tránsitos y la espera sube a 25 horas,https://www.laestrella.com.pa/economia/canal-de-panama-acelera-transitos-y-la-espera-sube-a-25-horas-CA25165520,laestrella.com.pa,es,,2026-08-25T22:30:00+00:00,2026-10-06T18:46:40+00:00,,gdelt_doc:logistica,titular_metadatos,
N-8f82d32da866,Metro de Panamá sufre ciberataque a control de operaciones,https://www.eluniversal.com.mx/mundo/metro-de-panama-sufre-ciberataque-a-control-de-operaciones-autoridades-investigan-alcance-del-incidente/,eluniversal.com.mx,es,,2026-08-02T00:45:00+00:00,2026-10-06T18:46:40+00:00,,gdelt_doc:economia,titular_metadatos,
N-8f8f8490b9f0,"When London Bridge began sinking into the Thames , the city sold it in 1968 to an American businessman for $2 . 46 million , and its 10 , 276 numbered granite facing blocks were shipped and rebuilt over a canal dug in the Arizona desert it is now bil...",https://dmnews.com/d-when-london-bridge-began-sinking-into-the-thames-the-city-sold-it-in-1968-to-an-american-businessman-for-2-46-million-dollars-and-10000-tonnes-of-numbered-granite-facing-were-shipped-and-rebuilt-ove/,dmnews.com,en,,2026-09-24T16:15:00+00:00,2026-10-06T18:46:40+00:00,,gdelt_doc:turismo,titular_metadatos,
N-8f966e90176a,Cría de ballena jorobada es hallada en descomposición en Tonosí,https://www.critica.com.pa/nacional/cria-de-ballena-jorobada-es-hallada-en-descomposicion-en-tonosi-515429,critica.com.pa,es,,2026-08-28T19:30:00+00:00,2026-10-06T18:46:40+00:00,,gdelt_doc:turismo,titular_metadatos,
N-8fb40892a16b,Hundreds of Panamanians protest canal reservoir plans,https://www.bssnews.net/international/411527,bssnews.net,en,,2026-08-04T08:00:00+00:00,2026-10-06T18:46:40+00:00,,gdelt_doc:logistica,titular_metadatos,
N-8fc7c31be661,¡ Prepárense amantes del Power metal ! Stratovarius tocará por primera vez en Panamá y pondrá a sonar su Black Diamond,https://www.midiario.com/farandula/preparense-amantes-del-power-metal-stratovarius-tocara-por-primera-vez-en-panama-y-pondra-a-sonar-su-black-diamond/,midiario.com,es,,2026-08-28T01:30:00+00:00,2026-10-06T18:46:40+00:00,,gdelt_doc:panama,titular_metadatos,
N-8fcda8206835,Emprender : la opción que los jóvenes ya casi no consideran,https://www.laestrella.com.pa/economia/emprender-la-opcion-que-los-jovenes-ya-casi-no-consideran-MK24952349,laestrella.com.pa,es,,2026-08-17T06:30:00+00:00,2026-10-06T18:46:40+00:00,,gdelt_doc:economia,titular_metadatos,
N-8fd567ca064e,Clima en Panamá : Pronóstico para este jueves 23 de julio,https://www.laestrella.com.pa/panama/informacion-util/clima-en-panama-pronostico-para-este-jueves-23-de-julio-OF24309236,laestrella.com.pa,es,,2026-07-23T14:45:00+00:00,2026-10-06T18:46:40+00:00,,gdelt_doc:panama,titular_metadatos,
N-8fee44e2311b,Tropical Storm Bertha drifts toward land as Hurricane Fausto forms in the eastern Pacific,https://nypost.com/2026/07/20/us-news/tropical-storm-bertha-drifts-toward-land-as-hurricane-fausto-forms-in-the-eastern-pacific/,nypost.com,en,,2026-07-21T04:15:00+00:00,2026-10-06T18:46:40+00:00,,gdelt_doc:eventos_naturales,titular_metadatos,
N-8ff002413d23,"Temblor de 3 , 7 grados registrado cerca de Jipijapa",https://www.eldiario.ec/manabi/instituto-geofisico-reporta-temblor-de-3-7-grados-cerca-de-jipijapa-este-5-de-agosto-05082026/,eldiario.ec,es,,2026-08-05T18:00:00+00:00,2026-10-06T18:46:40+00:00,,gdelt_doc:logistica,titular_metadatos,
N-90042216aad9,Mulino respalda a Ilya Espino de Marotta : estos son los nuevos proyectos que transformarán el Canal,https://www.telemetro.com/nacionales/mulino-respalda-ilya-espino-marotta-estos-son-los-nuevos-proyectos-que-transformaran-el-canal-n6091015,telemetro.com,es,,2026-09-07T17:30:00+00:00,2026-10-06T18:46:40+00:00,,gdelt_doc:logistica,titular_metadatos,
N-9072ab5a9d69,Una joya del ballet : Romeo y Julieta llega completa por primera vez a Panamá por los 55 años del Ballet Nacional,https://www.midiario.com/farandula/ballet-nacional-celebra-55-anos-con-historica-version-completa-de-romeo-y-julieta-por-primera-vez-en-panama/,midiario.com,es,,2026-08-24T23:30:00+00:00,2026-10-06T18:46:40+00:00,,gdelt_doc:panama,titular_metadatos,
N-909039d2d327,"Exportaciones totales de Colombia crecieron un 7 % en junio , pero las agropecuarias retrocedieron un 10 , 8 %",https://www.eltiempo.com/economia/sectores/exportaciones-totales-de-colombia-crecieron-un-7-en-junio-pero-las-agropecuarias-retrocedieron-un-10-3576055,eltiempo.com,es,,2026-08-04T16:15:00+00:00,2026-10-06T18:46:40+00:00,,gdelt_doc:economia,titular_metadatos,
N-90a40f997efc,Nicaragua responde a Panamá por críticas a Daniel Ortega,https://www.prensa.com/politica/nicaragua-responde-a-panama-por-criticas-a-daniel-ortega/,prensa.com,es,,2026-07-22T04:15:00+00:00,2026-10-06T18:46:40+00:00,,gdelt_doc:panama,titular_metadatos,
N-90a96873ab09,¿ Adiós a la contaminación ? Presentan nueva guía de buenas prácticas para cría de puercos,https://www.panamaamerica.com.pa/aldea-global/adios-la-contaminacion-presentan-nueva-guia-de-buenas-practicas-para-cria-de-puercos,panamaamerica.com.pa,es,,2026-07-23T02:15:00+00:00,2026-10-06T18:46:40+00:00,,gdelt_doc:economia,titular_metadatos,
N-90b5ac4d4bc0,Lionel Messi despedida| Argentina se dispone a honrar al gestor de sus más grandes alegrías,https://www.tvn-2.com/tvmax/futbol-internacional/lionel-messi-despedida-argentina-vs-benin-honrar-alegrias_1_2264463.html,tvn-2.com,es,2026-10-05T22:24:39+00:00,,2026-10-06T18:46:40+00:00,,tvn_rss,titular_metadatos,
N-90c2663cfa17,BID moviliza $130 millones para destrabar la carga y acelerar el comercio en Centroamérica,https://www.laestrella.com.pa/economia/bid-moviliza-130-millones-para-destrabar-la-carga-y-acelerar-el-comercio-en-centroamerica-FI24865440,laestrella.com.pa,es,,2026-08-13T20:45:00+00:00,2026-10-06T18:46:40+00:00,,gdelt_doc:economia,titular_metadatos,
N-90d421bff314,Panama Canal again tightens draft limits as water levels under pressure,https://wkzo.com/2026/08/05/panama-canal-again-tightens-draft-limits-as-water-levels-under-pressure/,wkzo.com,en,,2026-08-05T23:00:00+00:00,2026-10-06T18:46:40+00:00,,gdelt_doc:logistica,titular_metadatos,
N-90efd4f8f33d,El Pacífico Sudeste impulsa una estrategia regional para proteger el viaje de las tortugas marinas en sus rutas migratorias,https://rpp.pe/campanas/publirreportaje/el-pacifico-sudeste-impulsa-una-estrategia-regional-para-proteger-el-viaje-de-las-tortugas-marinas-en-sus-rutas-migratorias-noticia-1699547,rpp.pe,es,,2026-07-31T15:15:00+00:00,2026-10-06T18:46:40+00:00,,gdelt_doc:turismo,titular_metadatos,
N-910ab9c6d601,"Panamá eleva sus ingresos turísticos y atrae un 19 , 2 % más de visitantes entre enero y mayo",https://www.panamaamerica.com.pa/sociedad/panama-eleva-sus-ingresos-turisticos-y-atrae-un-192-mas-de-visitantes-entre-enero-y-mayo,panamaamerica.com.pa,es,,2026-08-12T20:15:00+00:00,2026-10-06T18:46:40+00:00,,gdelt_doc:economia,titular_metadatos,
N-911522963feb,Colón estrena el renovado Estadio Armando Dely Valdés,https://www.diaadia.com.pa/el-pais/colon-estrena-el-renovado-estadio-armando-dely-valdes-790851,diaadia.com.pa,es,,2026-07-23T20:45:00+00:00,2026-10-06T18:46:40+00:00,,gdelt_doc:economia,titular_metadatos,
N-9126fbb20ab1,Presidente Nasry Asfura llega a Lima para asistir a la investidura de Keiko Fujimori en Perú,https://abriendobrecha.tv/politica/presidente-nasry-asfura-llega-a-lima-para-asistir-a-la-investidura-de-keiko-fujimori-en-peru/,abriendobrecha.tv,es,,2026-07-28T00:45:00+00:00,2026-10-06T18:46:40+00:00,,gdelt_doc:turismo,titular_metadatos,
N-915f99d06374,La descentralización fue asfixiada,https://www.eltiempo.com/opinion/columnistas/la-descentralizacion-fue-asfixiada-3574022,eltiempo.com,es,,2026-07-27T07:15:00+00:00,2026-10-06T18:46:40+00:00,,gdelt_doc:turismo,titular_metadatos,
N-916dabd4ffbc,Uber anunció una inversiónde US$ 500 millones tras la compra de PedidosYa,https://www.perfil.com/noticias/economia/uber-anuncio-una-inversion-adicional-de-us-500-millones-tras-la-compra-de-pedidosya-a40.phtml,perfil.com,es,,2026-07-17T20:15:00+00:00,2026-10-06T18:46:40+00:00,,gdelt_doc:economia,titular_metadatos,
N-91807694eded,Pete Hegseth destaca cooperación regional contra cárteles,http://www.elmanana.com/noticias/internacional/pete-hegseth-destaca-cooperacion-regional-contra-carteles/6173183,elmanana.com,es,,2026-08-14T04:30:00+00:00,2026-10-06T18:46:40+00:00,,gdelt_doc:economia,titular_metadatos,
N-91b13194a13e,Sheinbaum y el presidente de Panamá hablarán de economía y respaldo a neutralidad del Canal,https://forbes.com.mx/sheinbaum-y-presidente-de-panama-hablaran-de-economia-y-respaldo-a-neutralidad-del-canal/,forbes.com.mx,es,,2026-07-15T20:30:00+00:00,2026-10-06T18:46:40+00:00,,gdelt_doc:economia,titular_metadatos,
N-91bfb0cb6c41,"2026 El Niño will be More Severe than any ever Recorded , affecting global Shipping , Fish Behavior and Heat",https://www.juancole.com/2026/09/recorded-affecting-shipping.html,juancole.com,en,,2026-09-13T07:00:00+00:00,2026-10-06T18:46:40+00:00,,gdelt_doc:economia,titular_metadatos,
N-91e8603f8008,"Mulino llega a Ecuador para encuentro con Noboa : seguridad , comercio e inversiones serán los temas principales",https://www.diaadia.com.pa/el-pais/mulino-llega-ecuador-para-encuentro-con-noboa-seguridad-comercio-e-inversiones-seran-los,diaadia.com.pa,es,,2026-09-04T20:00:00+00:00,2026-10-06T18:46:40+00:00,,gdelt_doc:logistica,titular_metadatos,
N-91fc4acc7e8c,Ni así se condolió el Mide,https://acento.com.do/opinion/ni-asi-se-condolio-el-mide-9725827.html,acento.com.do,es,,2026-07-25T05:00:00+00:00,2026-10-06T18:46:40+00:00,,gdelt_doc:turismo,titular_metadatos,
N-9270968e93f0,Panamá cae ante Puerto Rico y definirá frente a Nicaragua su pase a semifinales,https://www.prensa.com/deportes/panama-cae-ante-puerto-rico-y-definira-frente-a-nicaragua-su-pase-a-semifinales/,prensa.com,es,,2026-07-28T01:00:00+00:00,2026-10-06T18:46:40+00:00,,gdelt_doc:logistica,titular_metadatos,
N-927181a1d0f2,Sheinbaum recibe en Palacio Nacional a José Raúl Mulino para fortalecer la relación México - Panamá,https://www.eleconomista.com.mx/politica/sheinbaum-recibe-palacio-nacional-jose-raul-mulino-fortalecer-relacion-mexico-panama-20260715-823375.html,eleconomista.com.mx,es,,2026-07-15T20:30:00+00:00,2026-10-06T18:46:40+00:00,,gdelt_doc:economia,titular_metadatos,
N-929fb09fe8bb,Destino de la inversión extranjera : cuando la posición geográfica ya no es suficiente,https://www.prensa.com/opinion/destino-de-la-inversion-extranjera-cuando-la-posicion-geografica-ya-no-es-suficiente/,prensa.com,es,,2026-08-10T05:30:00+00:00,2026-10-06T18:46:40+00:00,,gdelt_doc:economia,titular_metadatos,
N-92a161caaa65,"Roberth Ordez , ganador de Yo Me Llamo Panamá 2026 , recibe reconocimiento de embajada ecuatoriana",https://www.eluniverso.com/entretenimiento/gente/roberth-ordonez-ganador-de-yo-me-llamo-panama-2026-recibe-reconocimiento-por-embajada-de-ecuador-nota/,eluniverso.com,es,,2026-10-02T04:00:00+00:00,2026-10-06T18:46:40+00:00,,gdelt_doc:panama,titular_metadatos,
N-92ae3ebb8b01,"Copa Airlines anuncia inicio de operaciones a la Isla de Margarita , Venezuela • Periódico Digital Centroamericano y del Caribe",https://newsinamerica.com/pdcc/boletin/2026/copa-airlines-anuncia-inicio-de-operaciones-a-la-isla-de-margarita-venezuela/,newsinamerica.com,es,,2026-08-05T06:15:00+00:00,2026-10-06T18:46:40+00:00,,gdelt_doc:turismo,titular_metadatos,
N-92beb0ccfa1a,Ciudad y patrimonio,https://www.elpais.com.co/opinion/columnistas/ciudad-y-patrimonio-0207.html,elpais.com.co,es,,2026-09-03T03:15:00+00:00,2026-10-06T18:46:40+00:00,,gdelt_doc:turismo,titular_metadatos,
N-93099567de58,"Desde Panamá , Joseph Mora de Saprissa se topará con un viejo amigo : Me ayudó en mi carrera",https://www.nacion.com/puro-deporte/desde-panama-joseph-mora-de-saprissa-se-topara-con/2T5YH5S65JFFLPSAGKSNID6JXY/story/,nacion.com,es,,2026-08-04T18:30:00+00:00,2026-10-06T18:46:40+00:00,,gdelt_doc:logistica,titular_metadatos,
N-9345defdeff7,Un nuevo capítulo en los cruceros de ultra lujo,https://www.larazon.es/viajes/nuevo-capitulo-cruceros-ultra-lujo_202610026abeb152127ef04c08cccbf7.html,larazon.es,es,,2026-10-02T02:15:00+00:00,2026-10-06T18:46:40+00:00,,gdelt_doc:logistica,titular_metadatos,
N-935244fcbdf2,Narrowing the waist of time : The shared history of the United States and Panama,https://english.elpais.com/culture/2026-07-19/narrowing-the-waist-of-time-the-shared-history-of-the-united-states-and-panama.html,english.elpais.com,en,,2026-07-19T07:15:00+00:00,2026-10-06T18:46:40+00:00,,gdelt_doc:logistica,titular_metadatos,
N-935645ace6f6,Panamá adquiere la totalidad de un oleoducto transístmico,https://www.critica.com.pa/nacional/panama-adquiere-la-totalidad-de-un-oleoducto-transistmico-515731,critica.com.pa,es,,2026-09-03T05:45:00+00:00,2026-10-06T18:46:40+00:00,,gdelt_doc:economia,titular_metadatos,
N-9358d3b1878f,Luis Abinader : ¿ qué legado empieza a perfilarse,https://acento.com.do/editorial/luis-abinader-que-legado-empieza-a-perfilarse-9725689.html,acento.com.do,es,,2026-07-25T05:00:00+00:00,2026-10-06T18:46:40+00:00,,gdelt_doc:turismo,titular_metadatos,
N-935f24a1c4e5,Ocultamiento en millonaria transferencia para la Asamblea,https://www.laestrella.com.pa/panama/politica/ocultamiento-en-millonaria-transferencia-para-la-asamblea-BH25441550,laestrella.com.pa,es,,2026-09-05T06:30:00+00:00,2026-10-06T18:46:40+00:00,,gdelt_doc:economia,titular_metadatos,
N-936f742c293d,Revelan vuelo frustrado de María Corina Machado a Curazao con pasaporte diplomático panameño,https://www.globovision.com/politica/62120/maria-machado-intento-viajar-a-curazao-con-pasaporte-diplomatico-panameno-y-no-lo-logro,globovision.com,es,,2026-09-23T03:15:00+00:00,2026-10-06T18:46:40+00:00,,gdelt_doc:panama,titular_metadatos,
N-938de063427d,The Zionist Beachhead in Venezuela - Venezuelanalysis,https://venezuelanalysis.com/analysis/the-zionist-beachhead-in-venezuela/,venezuelanalysis.com,en,,2026-08-03T23:00:00+00:00,2026-10-06T18:46:40+00:00,,gdelt_doc:eventos_naturales,titular_metadatos,
N-9398457027ff,Costa Rica apuesta por experiencias que querés repetir,https://www.elsalvador.com/turismo/rutas-y-aventuras/costa-rica-turismo-experiencias-unicas/1291645/2026/,elsalvador.com,es,,2026-09-04T18:00:00+00:00,2026-10-06T18:46:40+00:00,,gdelt_doc:turismo,titular_metadatos,
N-93eb8c96e719,Panamá suma inversión hotelera de $40 millones con la llegada de Pullman,https://www.prensa.com/economia/panama-suma-inversion-hotelera-de-40-millones-con-la-llegada-de-pullman/,prensa.com,es,,2026-08-23T16:45:00+00:00,2026-10-06T18:46:40+00:00,,gdelt_doc:economia,titular_metadatos,
N-93f4513b0197,Cemento Panam compra planta en El Salvador,https://www.diariolibre.com/economia/negocios/2026/08/31/cemento-panam-compra-planta-en-el-salvador/3645243,diariolibre.com,es,,2026-09-01T04:15:00+00:00,2026-10-06T18:46:40+00:00,,gdelt_doc:panama,titular_metadatos,
N-940f4f63f0ec,John John Florence Sailed Through the Panama Canal and Revealed Where He Headed Next,https://www.theinertia.com/surf/john-john-florence-sailed-panama-canal-revealed-where-headed/,theinertia.com,en,,2026-09-04T19:15:00+00:00,2026-10-06T18:46:40+00:00,,gdelt_doc:logistica,titular_metadatos,
N-94258cf69624,La pobreza no solo será económica | Panamá América,https://www.panamaamerica.com.pa/sociedad/la-pobreza-no-solo-sera-economica-1266883,panamaamerica.com.pa,es,,2026-09-30T07:45:00+00:00,2026-10-06T18:46:40+00:00,,gdelt_doc:economia,titular_metadatos,
N-94484abfbdfb,Gobierno evalúa crear una minera estatal como opción para reabrir Cobre Panamá,https://www.prensa.com/unidad-investigativa/gobierno-evalua-crear-una-minera-estatal-como-opcion-para-reabrir-cobre-panama/,prensa.com,es,,2026-07-23T18:00:00+00:00,2026-10-06T18:46:40+00:00,,gdelt_doc:panama,titular_metadatos,
N-944f3a5c6a6b,Canciller Martínez - Acha Vásquez recibe en el Palacio Bolívar a su colega Sinckler de Barbados – Ministerio de Relaciones exteriores,https://mire.gob.pa/canciller-martinez-acha-vasquez-recibe-en-el-palacio-bolivar-a-su-colega-sinckler-de-barbados/,mire.gob.pa,es,,2026-09-03T01:15:00+00:00,2026-10-06T18:46:40+00:00,,gdelt_doc:turismo,titular_metadatos,
N-9474516feb57,Why the Panama Canal Just Got Tighter And What It Means for Your Grocery Bill,https://www.latintimes.com/why-panama-canal-just-got-tighter-what-it-means-your-grocery-bill-599025,latintimes.com,en,,2026-09-06T00:30:00+00:00,2026-10-06T18:46:40+00:00,,gdelt_doc:logistica,titular_metadatos,
N-947a836facff,Dos propuestas buscan modificar la redistribución de circuitos planteada por el Tribunal Electoral,https://www.prensa.com/politica/dos-propuestas-buscan-modificar-la-redistribucion-de-circuitos-planteada-por-el-tribunal-electoral/,prensa.com,es,,2026-09-24T03:30:00+00:00,2026-10-06T18:46:40+00:00,,gdelt_doc:economia,titular_metadatos,
N-9490d44dfce2,"Panama is not only the beginning : Foreign Minister pitches nation as India premier manufacturing , trade launchpad in Latin America",http://www.mainemirror.com/news/279199252/panama-is-not-only-the-beginning-foreign-minister-pitches-nation-as-india-premier-manufacturing-trade-launchpad-in-latin-america,mainemirror.com,en,,2026-07-20T17:45:00+00:00,2026-10-06T18:46:40+00:00,,gdelt_doc:economia,titular_metadatos,
N-94a18b86f387,Outgoing UN chief says polluters have treated atmosphere like an open sewer | Climate crisis,https://www.theguardian.com/environment/2026/sep/22/un-antonio-guterres-climate-polluters,theguardian.com,en,,2026-09-22T22:00:00+00:00,2026-10-06T18:46:40+00:00,,gdelt_doc:economia,titular_metadatos,
N-94ae3ca1c8b8,Alcaldía de Panamá realizará jornada gratuita de vacunación y desparasitación en Santa Ana,https://www.telemetro.com/nacionales/alcaldia-panama-realizara-jornada-gratuita-vacunacion-y-desparasitacion-santa-ana-n6086129,telemetro.com,es,,2026-07-23T20:30:00+00:00,2026-10-06T18:46:40+00:00,,gdelt_doc:panama,titular_metadatos,
N-94cb2a78f032,Fondo Soberano de Noruega tiene millonaria apuesta por la deuda nacional de Colombia,https://www.larepublica.co/globoeconomia/fondo-soberano-de-noruega-tiene-millonaria-apuesta-por-la-deuda-nacional-de-colombia-4461489,larepublica.co,es,,2026-08-19T05:30:00+00:00,2026-10-06T18:46:40+00:00,,gdelt_doc:economia,titular_metadatos,
N-94cb80cd9100,Gobierno de Panamá envía condolencias a Catar por la muerte del exemir Hamad bin Khalifa,https://www.diaadia.com.pa/el-pais/gobierno-de-panama-envia-condolencias-catar-por-la-muerte-del-exemir-hamad-bin-khalifa,diaadia.com.pa,es,,2026-07-13T17:30:00+00:00,2026-10-06T18:46:40+00:00,,gdelt_doc:panama,titular_metadatos,
N-94ceb443f611,Panama Canal Marks 112 Years With an Eye on the Future,https://gcaptain.com/panama-canal-marks-112-years-with-an-eye-on-the-future/,gcaptain.com,en,,2026-08-17T19:00:00+00:00,2026-10-06T18:46:40+00:00,,gdelt_doc:logistica,titular_metadatos,
N-94d18361afa6,Asumió Keiko Fujimori la Presidencia de Perú,https://www.tiempo.com.mx/internacional/keiko-fujimori-asume-presidencia-peru-28-julio-2026/,tiempo.com.mx,es,,2026-07-28T19:30:00+00:00,2026-10-06T18:46:40+00:00,,gdelt_doc:economia,titular_metadatos,
N-94dd28453cc4,Economista advierte que RD debe elevar su productividad para evitar la trampa de los ingresos medios,https://acento.com.do/economia/economista-advierte-que-rd-debe-elevar-su-productividad-para-evitar-la-trampa-de-los-ingresos-medios-9736988.html,acento.com.do,es,,2026-08-14T22:30:00+00:00,2026-10-06T18:46:40+00:00,,gdelt_doc:economia,titular_metadatos,
N-95634b84437e,Nace el Instituto de Investigación Isidro Acosta Galindo para fortalecer la memoria del pueblo Ngäbe Buglé,https://www.panamaamerica.com.pa/sociedad/nace-el-instituto-de-investigacion-isidro-acosta-galindo-para-fortalecer-la-memoria-del,panamaamerica.com.pa,es,,2026-09-01T17:00:00+00:00,2026-10-06T18:46:40+00:00,,gdelt_doc:economia,titular_metadatos,
N-956e481f945f,The sunhat is everywhere in Athens as crowds grow larger at ancient Greek sites,https://www.union-bulletin.com/news/world/the-sunhat-is-everywhere-in-athens-as-crowds-grow-larger-at-ancient-greek-sites/article_536875c6-738e-5ef1-bd99-b0e30ba28b2c.html,union-bulletin.com,en,,2026-08-24T03:30:00+00:00,2026-10-06T18:46:40+00:00,,gdelt_doc:turismo,titular_metadatos,
N-95805b81f5d6,"Reformas Constitucionales buscan fortalecer la Paz y la Soberanía Nacional , destaca Copresidente Daniel en acto del 47 aniversario de la Fuerza Aérea y Antiaérea",https://nuevaya.com.ni/destacadas/reformas-constitucionales-buscan-fortalecer-la-paz-y-la-soberania-nacional-destaca-copresidente-daniel-en-acto-del-47-aniversario-de-la-fuerza-aerea-y-antiaerea/,nuevaya.com.ni,es,,2026-08-01T05:45:00+00:00,2026-10-06T18:46:40+00:00,,gdelt_doc:economia,titular_metadatos,
N-95c9fa86279c,¡ Panamá Viejo se llenó de corredores !,https://www.critica.com.pa/nacional/panama-viejo-se-lleno-de-corredores-513900,critica.com.pa,es,,2026-08-03T00:45:00+00:00,2026-10-06T18:46:40+00:00,,gdelt_doc:economia,titular_metadatos,
N-95fbd3875139,Copa Airlines anuncia vuelos directos a Margarita desde el 26 de noviembre - Agencia Venezolana de Noticias,https://avn.info.ve/copa-airlines-anuncia-vuelos-directos-a-margarita-desde-el-26-de-noviembre/,avn.info.ve,es,,2026-08-04T20:45:00+00:00,2026-10-06T18:46:40+00:00,,gdelt_doc:turismo,titular_metadatos,
N-96192c39f0cf,"Mulino y Sánchez conversan sobre Río Indio , nuevos puertos y cooperación bilateral",https://www.laestrella.com.pa/mundo/america/mulino-y-sanchez-conversan-sobre-rio-indio-nuevos-puertos-y-cooperacion-bilateral-KG25895294,laestrella.com.pa,es,,2026-09-22T19:45:00+00:00,2026-10-06T18:46:40+00:00,,gdelt_doc:economia,titular_metadatos,
N-961b644343df,Panamá conversa con varios estados para aumentar respaldo al Tratado de Neutralidad,https://www.telemetro.com/panama-conversa-varios-estados-aumentar-respaldo-al-tratado-neutralidad-n6086423,telemetro.com,es,,2026-07-27T14:45:00+00:00,2026-10-06T18:46:40+00:00,,gdelt_doc:logistica,titular_metadatos,
N-961f3a2fdf3a,Restricciones en el Canal de Panamá elevan la presión sobre las rutas hacia la costa Este de EE . UU .,https://www.mundomaritimo.cl/noticias/restricciones-en-el-canal-de-panama-elevan-la-presion-sobre-las-rutas-hacia-la-costa-este-de-eeuu,mundomaritimo.cl,es,,2026-08-24T04:45:00+00:00,2026-10-06T18:46:40+00:00,,gdelt_doc:logistica,titular_metadatos,
N-963853e408bd,Keiko Fujimori se inviste como presidenta de Perú ; noveno cambio de presidente en diez años,https://listindiario.com/las-mundiales/america/20260728/peru-vive-noveno-cambio-presidente-diez-anos-investidura-keiko-fujimori_915670.html,listindiario.com,es,,2026-07-28T18:45:00+00:00,2026-10-06T18:46:40+00:00,,gdelt_doc:economia,titular_metadatos,
N-963991631733,Venezuela main airport partially resumes commercial flights after deadly earthquakes,https://www.mainlinemedianews.com/2026/09/01/venezuela-earthquakes-airport/,mainlinemedianews.com,en,,2026-09-02T00:30:00+00:00,2026-10-06T18:46:40+00:00,,gdelt_doc:turismo,titular_metadatos,
N-963be2a3e4a3,Panama City Beach landmark Jaws Souvenirs shop destroyed by early morning fire,https://www.ktvu.com/news/panama-city-beach-landmark-jaws-souvenirs-destroyed-early-morning-fire,ktvu.com,en,,2026-08-23T06:45:00+00:00,2026-10-06T18:46:40+00:00,,gdelt_doc:panama,titular_metadatos,
N-964fc5ab9308,Canciller Martínez - Acha Vásquez aboga por nueva arquitectura de seguridad colectiva al instalar diálogo de miembros electos del Consejo de Seguridad de la ONU – Ministerio de Relaciones exteriores,https://mire.gob.pa/canciller-martinez-acha-vasquez-aboga-por-nueva-arquitectura-de-seguridad-colectiva-al-instalar-dialogo-de-miembros-electos-del-consejo-de-seguridad-de-la-onu/,mire.gob.pa,es,,2026-09-02T15:30:00+00:00,2026-10-06T18:46:40+00:00,,gdelt_doc:economia,titular_metadatos,
N-96506f88069b,"Este es el colonense que está entre los 130 inmigrantes más ricos de Estados Unidos , según Forbes",https://www.prensa.com/unidad-investigativa/forbes-incluye-a-otro-panameno-entre-los-multimillonarios-del-mundo/,prensa.com,es,,2026-07-30T00:00:00+00:00,2026-10-06T18:46:40+00:00,,gdelt_doc:logistica,titular_metadatos,
N-968106d51201,"Jorge Messi , el cerebro detrás de la carrera futbolística y las finanzas de su hijo Lionel",https://www.elheraldo.co/deportes/2026/08/08/jorge-messi-el-cerebro-detras-de-la-carrera-futbolistica-y-las-finanzas-de-su-hijo-lionel/,elheraldo.co,es,,2026-08-08T18:45:00+00:00,2026-10-06T18:46:40+00:00,,gdelt_doc:turismo,titular_metadatos,
N-9685a14f0897,Sheinbaum recibe al presidente de Panamá en el Palacio Nacional de México,https://forbes.com.mx/sheinbaum-recibe-al-presidente-de-panama-en-el-palacio-nacional-de-mexico/,forbes.com.mx,es,,2026-07-15T20:30:00+00:00,2026-10-06T18:46:40+00:00,,gdelt_doc:logistica,titular_metadatos,
N-96b6d9dc2a03,Venezuela y República Dominicana van invictos en Panam,https://eldia.com.do/venezuela-y-republica-dominicana-van-invictos-en-pa/,eldia.com.do,es,,2026-08-24T16:45:00+00:00,2026-10-06T18:46:40+00:00,,gdelt_doc:panama,titular_metadatos,
N-96d3f5a4c567,La apuesta por el boom económico que vaticina una Argentina en un ciclo sin retorno,https://panampost.com/esp-md-mb/2026/07/13/la-apuesta-por-el-boom-economico-que-vaticina-una-argentina-en-un-ciclo-sin-retorno/,panampost.com,es,,2026-07-14T01:45:00+00:00,2026-10-06T18:46:40+00:00,,gdelt_doc:economia,titular_metadatos,
N-96e7a02ad59e,Organismo prevé que el petróleo seguirá entre 20 % y 25 % más caro en 2026 para Centroamérica y el Caribe,https://www.infobae.com/el-salvador/2026/07/27/organismo-preve-que-el-petroleo-seguira-entre-20-y-25-mas-caro-en-2026-para-centroamerica-y-el-caribe/,infobae.com,es,,2026-07-27T18:15:00+00:00,2026-10-06T18:46:40+00:00,,gdelt_doc:turismo,titular_metadatos,
N-96fc8d285621,"Tropical Storm Bertha Strengthens , Top Winds 60",https://sunny985.iheart.com/content/2026-07-21-tropical-storm-bertha-strengthens-top-winds-60/,sunny985.iheart.com,en,,2026-07-21T19:30:00+00:00,2026-10-06T18:46:40+00:00,,gdelt_doc:eventos_naturales,titular_metadatos,
N-970c0e48db16,PRESIDENTE REGIONAL DEL PPD CUESTIONA RESPUESTA DEL GOBIERNO ANTE ARGENTINA : CREO QUE EN ESE SENTIDO EL GOBIERNO FUE BLANDO,https://www.radiopolar.com/presidente-regional-ppd-cuestiona-respuesta-gobierno-argentina-sentido-blando,radiopolar.com,es,,2026-08-27T02:45:00+00:00,2026-10-06T18:46:40+00:00,,gdelt_doc:turismo,titular_metadatos,
N-973683f4f9d2,Detienen a 26 trabajadores del Puerto de Balboa por enviar cocaína a Europa y Australia,https://www.panamaamerica.com.pa/sucesos/detienen-26-trabajadores-del-puerto-de-balboa-por-enviar-cocaina-europa-y-australia-1263763,panamaamerica.com.pa,es,,2026-07-09T15:15:00+00:00,2026-10-06T18:46:40+00:00,,gdelt_doc:logistica,titular_metadatos,
N-9791b8a150cb,Panamá será la capital mundial de los humedales con la COP16 Ramsar en 2028,https://www.ecoticias.com/eco-america/panama-sera-la-capital-mundial-de-los-humedales-con-la-cop16-ramsar-en-2028,ecoticias.com,es,,2026-07-14T10:15:00+00:00,2026-10-06T18:46:40+00:00,,gdelt_doc:economia,titular_metadatos,
N-979f54127fe4,México y Panamá acuerdan fortalecer cooperación económica,https://forbes.com.mx/mexico-y-panama-acuerdan-fortalecer-cooperacion-economica/,forbes.com.mx,es,,2026-07-16T00:45:00+00:00,2026-10-06T18:46:40+00:00,,gdelt_doc:logistica,titular_metadatos,
N-97c63953056e,Obispos panameños presentarán en Roma la realidad de sus diócesis durante la visita ad limina,https://www.tvn-2.com/nacionales/arzobispo-participa-roma-encuentro-papa-leon-xiv-jose-domingo-ulloa-mendieta_1_2264583.html,tvn-2.com,es,2026-10-06T16:48:00+00:00,,2026-10-06T18:46:40+00:00,,tvn_rss,titular_metadatos,
N-97ca192f0b5c,"El abultado patrimonio que declaró el embajador chileno en Estados Unidos , Andrés Ergas",https://www.latercera.com/pulso/noticia/el-abultado-patrimonio-del-embajador-chileno-en-estados-unidos-andres-ergas/,latercera.com,es,,2026-08-04T01:45:00+00:00,2026-10-06T18:46:40+00:00,,gdelt_doc:turismo,titular_metadatos,
N-97d1f41dd986,Daiwa House Industry ( OTCMKTS : DWAHY ) and Exp World ( NASDAQ : AGNT ) Financial Review,https://www.dailypolitical.com/2026/08/04/daiwa-house-industry-otcmktsdwahy-and-exp-world-nasdaqagnt-financial-review.html,dailypolitical.com,en,,2026-08-05T00:30:00+00:00,2026-10-06T18:46:40+00:00,,gdelt_doc:turismo,titular_metadatos,
N-97e4cb5b3b56,MERCAN Group announces its first hotel development in Panama : Pullman Panama City,http://www.prnewswire.com/news-releases/mercan-group-announces-its-first-hotel-development-in-panama-pullman-panama-city-302860993.html,prnewswire.com,en,,2026-08-26T23:30:00+00:00,2026-10-06T18:46:40+00:00,,gdelt_doc:panama,titular_metadatos,
N-97e4fe676086,Buscan que Panamá deje de depender tanto de medicamentos importados,https://www.critica.com.pa/nacional/buscan-que-panama-deje-de-depender-tanto-de-medicamentos-importados-514404,critica.com.pa,es,,2026-08-11T03:00:00+00:00,2026-10-06T18:46:40+00:00,,gdelt_doc:economia,titular_metadatos,
N-98274c254e28,Panamá plantea al BID una estrategia regional conjunta de IA y Semiconductores,https://www.laestrella.com.pa/economia/panama-plantea-al-bid-una-estrategia-regional-conjunta-de-ia-y-semiconductores-FI25875202,laestrella.com.pa,es,,2026-09-22T05:00:00+00:00,2026-10-06T18:46:40+00:00,,gdelt_doc:economia,titular_metadatos,
N-98400b9de27d,Panamá llama a consultas a su embajador en Nicaragua,https://www.critica.com.pa/nacional/panama-llama-consultas-su-embajador-en-nicaragua-513255,critica.com.pa,es,,2026-07-22T00:15:00+00:00,2026-10-06T18:46:40+00:00,,gdelt_doc:panama,titular_metadatos,
N-98457e79a2d0,Corina Machado tiene bajo perfil en Panamá,https://eldia.com.do/corina-machado-tiene-bajo-perfil-en-panama/,eldia.com.do,es,,2026-10-01T05:00:00+00:00,2026-10-06T18:46:40+00:00,,gdelt_doc:panama,titular_metadatos,
N-985050b9cc00,Rubén Pérez Pinzón designado subadministrador temporal del Canal de Panamá,https://www.critica.com.pa/nacional/ruben-perez-pinzon-designado-subadministrador-temporal-del-canal-de-panama-515812,critica.com.pa,es,,2026-09-04T19:15:00+00:00,2026-10-06T18:46:40+00:00,,gdelt_doc:logistica,titular_metadatos,
N-9890f94e6099,"El Niño puede generar nuevas presiones sobre los costos y los precios en los próximos mese , alertan los industriales",https://www.laestrella.com.pa/economia/el-nino-puede-generar-nuevas-presiones-sobre-los-costos-y-los-precios-en-los-proximos-meses-alertan-los-industriales-JJ24789514,laestrella.com.pa,es,,2026-08-11T16:30:00+00:00,2026-10-06T18:46:40+00:00,,gdelt_doc:economia,titular_metadatos,
N-98d4f3a66917,Gobierno panameño lamenta muerte de senador estadounidense,https://www.critica.com.pa/nacional/gobierno-panameno-lamenta-muerte-de-senador-estadounidense-512742,critica.com.pa,es,,2026-07-13T04:45:00+00:00,2026-10-06T18:46:40+00:00,,gdelt_doc:panama,titular_metadatos,
N-98d67a4fd367,Venezuela main airport partially resumes commercial flights after deadly earthquakes,https://www.baltimoresun.com/2026/09/01/venezuela-earthquakes-airport/,baltimoresun.com,en,,2026-09-02T00:30:00+00:00,2026-10-06T18:46:40+00:00,,gdelt_doc:turismo,titular_metadatos,
N-98e33b0c0cf3,"Trump bromea con dejar a Rubio en Cuba : Lo llevamos en avión , lo dejamos allí y él resolverá el resto",https://www.martinoticias.com/a/trump-bromea-con-dejar-a-rubio-en-cuba-lo-llevamos-en-avi%C3%B3n-lo-dejamos-all%C3%AD-y-%C3%A9l-resolver%C3%A1-el-resto/480383.html,martinoticias.com,es,,2026-09-22T22:45:00+00:00,2026-10-06T18:46:40+00:00,,gdelt_doc:economia,titular_metadatos,
N-98e69f0e8ec8,Canal de Panamá reducirá paso de buques por El Niño,https://www.elsalvador.com/noticias/internacional/canal-panama-buques-nino/1289387/2026/,elsalvador.com,es,,2026-08-21T14:45:00+00:00,2026-10-06T18:46:40+00:00,,gdelt_doc:logistica,titular_metadatos,
N-99077cfd5e19,"Panama Canal Fees Hit Record As El Nino , Hormuz Crisis Choke Global Shipping",https://www.zerohedge.com/commodities/panama-canal-fees-hit-record-el-nino-hormuz-crisis-choke-global-shipping,zerohedge.com,en,,2026-08-14T20:45:00+00:00,2026-10-06T18:46:40+00:00,,gdelt_doc:logistica,titular_metadatos,
N-992c62e28661,¡ Qué jolgorio ! Hija de Nenito Vargas se alista para brillar en el Festival de Costumbres y Tradiciones de Las Tablas,https://www.midiario.com/farandula/que-jolgorio-hija-de-nenito-vargas-se-alista-para-brillar-en-el-festival-de-costumbres-y-tradiciones-de-las-tablas/,midiario.com,es,,2026-08-24T23:30:00+00:00,2026-10-06T18:46:40+00:00,,gdelt_doc:turismo,titular_metadatos,
N-9938288cc45a,Realizan en Panamá Diálogo Ministerial sobre Conectividad e Integración,https://www.telemetro.com/nacionales/realizan-panama-dialogo-ministerial-conectividad-e-integracion-n6088289,telemetro.com,es,,2026-08-12T21:00:00+00:00,2026-10-06T18:46:40+00:00,,gdelt_doc:economia,titular_metadatos,
N-995b847f2793,Google expande su red de cables submarinos en América Latina y refuerza a Chile como hub digital,https://www.perfil.com/noticias/bloomberg/bc-google-conectara-chile-panama-y-republica-dominicana-con-nuevo-cable-submarino.phtml,perfil.com,es,,2026-08-12T23:30:00+00:00,2026-10-06T18:46:40+00:00,,gdelt_doc:economia,titular_metadatos,
N-9984e377f252,Vatican newspaper claims Panama Canal is symbol of world climate crisis | News Headlines,https://www.catholicculture.org/news/headlines/index.cfm?storyid=70020,catholicculture.org,en,,2026-07-11T11:30:00+00:00,2026-10-06T18:46:40+00:00,,gdelt_doc:logistica,titular_metadatos,
N-999f62a39700,Gobierno inicia compra del 100 % de Petroterminal,https://www.critica.com.pa/nacional/gobierno-inicia-compra-del-100-de-petroterminal-513040,critica.com.pa,es,,2026-07-18T02:45:00+00:00,2026-10-06T18:46:40+00:00,,gdelt_doc:economia,titular_metadatos,
N-99b05ef37196,Panamá busca insertarse en la cadena global de semiconductores,https://www.prensa.com/economia/panama-busca-insertarse-en-la-cadena-global-de-semiconductores/,prensa.com,es,,2026-07-30T21:00:00+00:00,2026-10-06T18:46:40+00:00,,gdelt_doc:economia,titular_metadatos,
N-99b2fe0a2046,Panamá regulará el ITBMS en la economía digital y plataformas como Airbnb,https://www.panamaamerica.com.pa/economia/panama-regulara-el-itbms-en-la-economia-digital-y-plataformas-como-airbnb-1265331,panamaamerica.com.pa,es,,2026-08-19T02:15:00+00:00,2026-10-06T18:46:40+00:00,,gdelt_doc:economia,titular_metadatos,
N-99b46a5f23ce,Nathalee Aranda ganó bronce en salto largo de Juegos C . y del Caribe,https://www.critica.com.pa/deportes/nathalee-aranda-gano-bronce-en-salto-largo-de-juegos-c-y-del-caribe-514122,critica.com.pa,es,,2026-08-06T07:30:00+00:00,2026-10-06T18:46:40+00:00,,gdelt_doc:logistica,titular_metadatos,
N-99e6859078cf,MLB Playoffs 2026 resultado| Yankees están contra la pared con nueva derrota ante Rays. José 'Chema' Caballero se estrena en postemporada,https://www.tvn-2.com/tvmax/beisbol/mlb/yankees-vs-rays-en-vivo-mlb-playoffs-2026-resultado-partido-divisional-series-beisbol-grandes-ligas_1_2264504.html,tvn-2.com,es,2026-10-05T23:55:06+00:00,,2026-10-06T18:46:40+00:00,,tvn_rss,titular_metadatos,
N-99fa8de0bd2c,¡ Adiós al humo ! Metrobus eléctrico arranca nueva ruta hacia el Casco Antiguo,https://www.critica.com.pa/nacional/adios-al-humo-metrobus-electrico-arranca-nueva-ruta-hacia-el-casco-antiguo-514219,critica.com.pa,es,,2026-08-07T20:00:00+00:00,2026-10-06T18:46:40+00:00,,gdelt_doc:turismo,titular_metadatos,
N-9a0a3c6a1c6d,Daniel Noboa se reunirá con el presidente de Panamá para tratar comercio y seguridad,https://www.expreso.ec/politica/daniel-noboa-jose-raul-mulino-reuniran-guayaquil-tratar-comercio-seguridad-294221.html,expreso.ec,es,,2026-09-01T19:30:00+00:00,2026-10-06T18:46:40+00:00,,gdelt_doc:panama,titular_metadatos,
N-9a0ea1f52344,Yandel pone a bailar a Panamá con su show sinfónico,https://www.diaadia.com.pa/fama/yandel-pone-bailar-panama-con-su-show-sinfonico-791368,diaadia.com.pa,es,,2026-08-28T21:45:00+00:00,2026-10-06T18:46:40+00:00,,gdelt_doc:logistica,titular_metadatos,
N-9a1c90db1fdf,"Según la revista Forbes , nica Jonathan Loaisiga entre el Top - 10 de mejores salarios de atletas de Centroamérica",https://nuevaya.com.ni/deportes-ya/segun-la-revista-forbes-nica-jonathan-loaisiga-entre-el-top-10-de-mejores-salarios-de-atletas-de-centroamerica/,nuevaya.com.ni,es,,2026-08-28T21:00:00+00:00,2026-10-06T18:46:40+00:00,,gdelt_doc:economia,titular_metadatos,
N-9a2c65a99f94,Torres y Sastre destacaron el potencial pesquero ante el Embajador de Panamá,https://www.tiemposur.com.ar/politica/torres-y-sastre-recibieron-al-embajador-de-panama-y-destacaron-el-potencial-exportador-de-la-pesca,tiemposur.com.ar,es,,2026-08-05T23:00:00+00:00,2026-10-06T18:46:40+00:00,,gdelt_doc:economia,titular_metadatos,
N-9a3d5fc2db91,María Corina Machado ha intentado regresar siete veces a Venezuela sin conseguirlo,https://www.elnortedecastilla.es/internacional/maria-corina-machado-intentado-regresar-siete-veces-20260922065955-ntrc.html,elnortedecastilla.es,es,,2026-09-23T06:00:00+00:00,2026-10-06T18:46:40+00:00,,gdelt_doc:logistica,titular_metadatos,
N-9a9492398c9e,Panamá invita a Mongolia a adherirse al Tratado de Neutralidad del Canal y negocian acuerdo de libre visado,https://www.prensa.com/politica/panama-invita-a-mongolia-a-adherirse-al-tratado-de-neutralidad-del-canal-y-negocian-acuerdo-de-libre-visado/,prensa.com,es,,2026-08-26T00:30:00+00:00,2026-10-06T18:46:40+00:00,,gdelt_doc:logistica,titular_metadatos,
N-9acc19da0035,Panama Canal Postpones Neopanamax Draft Adjustment | Hellenic Shipping News Worldwide,https://www.hellenicshippingnews.com/panama-canal-postpones-neopanamax-draft-adjustment/,hellenicshippingnews.com,en,,2026-09-06T22:15:00+00:00,2026-10-06T18:46:40+00:00,,gdelt_doc:logistica,titular_metadatos,
N-9ad3c288fb81,Empleo en Panamá : estas son las vacantes disponibles de CCIAP y MITRADEL,https://www.telemetro.com/nacionales/empleo-panama-estas-son-las-vacantes-disponibles-cciap-y-mitradel-n6089788,telemetro.com,es,,2026-08-26T17:15:00+00:00,2026-10-06T18:46:40+00:00,,gdelt_doc:panama,titular_metadatos,
N-9adc4d8ca733,"¿ Cuánto ha destinado Panamá en subsidios eléctricos ? La cifra se acerca a los $3 , 300 millones desde 2004",https://www.prensa.com/economia/cuanto-ha-destinado-panama-en-subsidios-electricos-la-cifra-se-acerca-a-los-3300-millones-desde-2004/,prensa.com,es,,2026-09-10T06:15:00+00:00,2026-10-06T18:46:40+00:00,,gdelt_doc:economia,titular_metadatos,
N-9adcc9393e36,Tropical Depression Forms Off The West Coast Of Florida,https://www.news4jax.com/weather/hurricane/2026/07/19/tropical-depression-forms-off-the-west-coast-of-florida/,news4jax.com,en,,2026-07-19T15:30:00+00:00,2026-10-06T18:46:40+00:00,,gdelt_doc:eventos_naturales,titular_metadatos,
N-9adf6838fee0,Universidad de Panamá pide rigor científico sobre proyecto,https://www.panamaamerica.com.pa/sociedad/universidad-de-panama-pide-rigor-cientifico-sobre-proyecto-1265753,panamaamerica.com.pa,es,,2026-08-31T08:00:00+00:00,2026-10-06T18:46:40+00:00,,gdelt_doc:logistica,titular_metadatos,
N-9aeae5245af3,Gobierno de Panamá admite graves irregularidade en cobro de impuestos tras desfalco millonario,https://www.nacion.com/economia/gobierno-de-panama-admite-graves-irregularidades/HXHLDT4ARVF7XMVU2CIJIDMPAY/story/,nacion.com,es,,2026-07-27T23:45:00+00:00,2026-10-06T18:46:40+00:00,,gdelt_doc:economia,titular_metadatos,
N-9aee38430892,Banco Popular : Sostenibilidad clave para fortalecer turismo RD,https://almomento.net/banco-popular-sostenibilidad-clave-para-fortalecer-turismo-rd/,almomento.net,es,,2026-09-04T09:00:00+00:00,2026-10-06T18:46:40+00:00,,gdelt_doc:economia,titular_metadatos,
N-9af8251f8536,"Panamá , Chile y Bolivia alinean estrategias geopolíticas y contra el fenómeno de El Niño",https://www.prensa.com/politica/panama-chile-y-bolivia-alinean-estrategias-geopoliticas-y-contra-el-fenomeno-de-el-nino/,prensa.com,es,,2026-07-28T20:15:00+00:00,2026-10-06T18:46:40+00:00,,gdelt_doc:economia,titular_metadatos,
N-9afb0369f418,Un pueblo alérgico a la injusticia,https://elnacional.com.do/opinion/pueblo-alergico-injusticia_579000.html,elnacional.com.do,es,,2026-08-23T11:00:00+00:00,2026-10-06T18:46:40+00:00,,gdelt_doc:economia,titular_metadatos,
N-9b0ab2bc36da,México respalda protocolo de neutralidad del canal de Panamá : presidenta Sheinbaum,https://www.diariomomento.com/mexico-respalda-protocolo-de-neutralidad-del-canal-de-panama-presidenta-sheinbaum/,diariomomento.com,es,,2026-07-16T16:00:00+00:00,2026-10-06T18:46:40+00:00,,gdelt_doc:logistica,titular_metadatos,
N-9b1d9d64dcc9,Guadalajara Offers Over 60 Free Guided Tours in Costa Rica,https://www.riotimesonline.com/guadalajara-free-guided-tours-costa-rica-2026/,riotimesonline.com,en,,2026-07-27T19:30:00+00:00,2026-10-06T18:46:40+00:00,,gdelt_doc:turismo,titular_metadatos,
N-9b316663fcd0,Invitan a la exposición internacional TlaquepArte 2026 en Saltillo,https://elheraldodesaltillo.mx/2026/09/03/invitan-a-la-exposicion-internacional-tlaqueparte-2026-en-saltillo/,elheraldodesaltillo.mx,es,,2026-09-04T02:00:00+00:00,2026-10-06T18:46:40+00:00,,gdelt_doc:turismo,titular_metadatos,
N-9b3f83087811,El Canal y Panamá Viejo celebran sus aniversarios este 15 de agosto,https://www.laestrella.com.pa/vida-y-cultura/cultura/el-canal-y-panama-viejo-celebran-sus-aniversarios-este-15-de-agosto-DH24897037,laestrella.com.pa,es,,2026-08-14T20:30:00+00:00,2026-10-06T18:46:40+00:00,,gdelt_doc:logistica,titular_metadatos,
N-9b401704b175,Shipping Tribune,https://www.shippingtribune.com/news/shipping/Panama+Canal+introduces+Temporary+Booking+System+Adjustments+to+Increase+Flexibility+and+Equitable+Slot+Access,shippingtribune.com,en,,2026-08-31T07:45:00+00:00,2026-10-06T18:46:40+00:00,,gdelt_doc:logistica,titular_metadatos,
N-9b43bd6ff406,"El Niño puede generar nuevas presiones sobre los costos y los precio , alertan los industriales",https://www.laestrella.com.pa/economia/el-nino-puede-generar-nuevas-presiones-sobre-los-costos-y-los-precios-alertan-los-industriales-JJ24789514,laestrella.com.pa,es,,2026-08-11T05:30:00+00:00,2026-10-06T18:46:40+00:00,,gdelt_doc:economia,titular_metadatos,
N-9b526f12cf29,"Team RT , Jaguares , Babe Ruth , Guapos e Indians ganan Torneo Internacional Punta Cana",https://hoy.com.do/deportes/team-rt-jaguares-babe-ruth-guapos-e-indians-ganan-torneo-internacional-punta-cana_1096847.html,hoy.com.do,es,,2026-07-30T00:30:00+00:00,2026-10-06T18:46:40+00:00,,gdelt_doc:turismo,titular_metadatos,
N-9b680c0bee35,Alza de combustibles aprieta al Gobierno : analistas advierten poco margen fiscal para contener el impacto,https://lahora.gt/lh-economia/esmith/2026/09/12/crisis-por-alza-de-combustibles-analistas-coinciden-en-que-el-margen-fiscal-es-estrecho-y-sugieren-medidas-focalizadas-y-sostenibles-now/,lahora.gt,es,,2026-09-12T13:30:00+00:00,2026-10-06T18:46:40+00:00,,gdelt_doc:economia,titular_metadatos,
N-9b81b2a9e41b,"Arriba a México Presidente de Panamá , se reunirá con CSP",https://www.eldiariodechihuahua.mx/nacional/2026/jul/14/arriba-a-mexico-presidente-de-panama-se-reunira-con-csp-817612.html,eldiariodechihuahua.mx,es,,2026-07-15T01:15:00+00:00,2026-10-06T18:46:40+00:00,,gdelt_doc:panama,titular_metadatos,
N-9b8c87fbb63c,El arte de escribir,https://www.elpais.com.co/opinion/columnistas/el-arte-de-escribir-2356.html,elpais.com.co,es,,2026-09-24T01:00:00+00:00,2026-10-06T18:46:40+00:00,,gdelt_doc:turismo,titular_metadatos,
N-9b956b71016e,¡ Atención ! SINAPROC advierte que lluvias y tormentas continuarán esta tarde,https://www.telemetro.com/nacionales/atencion-sinaproc-advierte-que-lluvias-y-tormentas-continuaran-esta-tarde-n6093180,telemetro.com,es,,2026-09-27T20:15:00+00:00,2026-10-06T18:46:40+00:00,,gdelt_doc:panama,titular_metadatos,
N-9bbb46da6f9a,Superintendencia destaca solidez del sistema financiero y banqueros piden rigor en investigación por créditos fiscales ilegítimos,https://www.prensa.com/economia/superintendencia-destaca-solidez-del-sistema-financiero-y-banqueros-piden-rigor-en-investigacion-por-creditos-fiscales-ilegitimos/,prensa.com,es,,2026-07-19T19:00:00+00:00,2026-10-06T18:46:40+00:00,,gdelt_doc:economia,titular_metadatos,
N-9bd3a746b794,Hormuz Supply Crisis to Change LNG Market Forever,https://oilprice.com/Energy/Natural-Gas/Hormuz-Supply-Crisis-to-Change-LNG-Market-Forever.html,oilprice.com,en,,2026-09-23T20:15:00+00:00,2026-10-06T18:46:40+00:00,,gdelt_doc:logistica,titular_metadatos,
N-9bee75993d39,Presupuesto General del Estado 2027 prioriza la inversión social y la sostenibilidad fiscal,https://www.panamaamerica.com.pa/sociedad/presupuesto-general-del-estado-2027-prioriza-la-inversion-social-y-la-sostenibilidad-fiscal,panamaamerica.com.pa,es,,2026-07-30T01:00:00+00:00,2026-10-06T18:46:40+00:00,,gdelt_doc:economia,titular_metadatos,
N-9bfdad94897d,La expansión militar de Donald Trump en Panamá tiene poco sentido – EntornoInteligente . com,https://www.entornointeligente.com/la-expansion-militar-de-donald-trump-en-panama-tiene-poco-sentido/,entornointeligente.com,es,,2026-09-03T09:00:00+00:00,2026-10-06T18:46:40+00:00,,gdelt_doc:logistica,titular_metadatos,
N-9c0d039c7c0f,"UTP : evaluar el camino , construir el futuro",https://www.prensa.com/opinion/utp-evaluar-el-camino-construir-el-futuro/,prensa.com,es,,2026-08-13T19:45:00+00:00,2026-10-06T18:46:40+00:00,,gdelt_doc:economia,titular_metadatos,
N-9c1d2df3472a,"Travelers Are Flocking to the Cayman Islands , With Record Arrivals , More Flights , and a Surging Canadian Market",https://www.caribjournal.com/2026/08/03/cayman-islands-travelers-canadians-flocking/,caribjournal.com,en,,2026-08-04T03:15:00+00:00,2026-10-06T18:46:40+00:00,,gdelt_doc:turismo,titular_metadatos,
N-9c23c9e95ffc,Panamá apuesta $100 millones en semiconductores con compaas listas para invertir,https://www.laestrella.com.pa/economia/panama-apuesta-100-millones-en-semiconductores-con-companias-listas-para-invertir-JL24490779,laestrella.com.pa,es,,2026-07-30T23:15:00+00:00,2026-10-06T18:46:40+00:00,,gdelt_doc:economia,titular_metadatos,
N-9c2e15af5cb2,Populismo : un error colectivo - López - Dóriga Digital,https://lopezdoriga.com/opinion/populismo-un-error-colectivo/,lopezdoriga.com,es,,2026-08-31T12:30:00+00:00,2026-10-06T18:46:40+00:00,,gdelt_doc:economia,titular_metadatos,
N-9c2ee8f33825,"Panama Canal finds its water solution , but it 5 years away | WSAU News / Talk 550 AM · 99 . 9 FM",https://wsau.com/2026/09/07/panama-canal-finds-its-water-solution-but-its-5-years-away/,wsau.com,en,,2026-09-07T15:45:00+00:00,2026-10-06T18:46:40+00:00,,gdelt_doc:logistica,titular_metadatos,
N-9c4101df040f,Tropical Depression Forms Off The West Coast Of Florida,https://www.clickorlando.com/weather/hurricane/2026/07/19/tropical-depression-forms-off-the-west-coast-of-florida/,clickorlando.com,en,,2026-07-19T17:45:00+00:00,2026-10-06T18:46:40+00:00,,gdelt_doc:eventos_naturales,titular_metadatos,
N-9c6b25948de0,"Aprobado en tercer debate proyecto que exonera del ITBI los primeros $120 , 000 del valor de las viviendas",https://www.prensa.com/economia/aprobado-en-tercer-debate-proyecto-que-exonera-del-itbi-los-primeros-120000-del-valor-de-las-viviendas/,prensa.com,es,,2026-08-27T19:00:00+00:00,2026-10-06T18:46:40+00:00,,gdelt_doc:economia,titular_metadatos,
N-9c9d11066dc9,Panamá crece 6 . 4 %: ¿ por qué no todos lo sienten ?,https://www.prensa.com/opinion/panama-crece-64-por-que-no-todos-lo-sienten/,prensa.com,es,,2026-09-25T07:15:00+00:00,2026-10-06T18:46:40+00:00,,gdelt_doc:economia,titular_metadatos,
N-9cadde62564c,Repensar la educación en ética y civismo,https://www.panamaamerica.com.pa/opinion/repensar-la-educacion-en-etica-y-civismo-1266229,panamaamerica.com.pa,es,,2026-09-11T13:45:00+00:00,2026-10-06T18:46:40+00:00,,gdelt_doc:economia,titular_metadatos,
N-9cb3e4fa5c60,Gasolina podría subir y el diésel bajar : esto se conoce sobre los próximos precios,https://www.telemetro.com/nacionales/gasolina-podria-subir-y-el-diesel-bajar-esto-se-conoce-los-proximos-precios-n6093346,telemetro.com,es,,2026-09-29T14:45:00+00:00,2026-10-06T18:46:40+00:00,,gdelt_doc:panama,titular_metadatos,
N-9cc6f739fb22,Perdónenme : Muerte de influencer conferencista Marie Claire reabre el debate sobre la salud mental en Panamá,https://www.prensa.com/vivir/perdoneme-muerte-de-influencer-conferencista-marie-claire-reabre-el-debate-sobre-la-salud-mental-en-panama/,prensa.com,es,,2026-07-13T19:45:00+00:00,2026-10-06T18:46:40+00:00,,gdelt_doc:economia,titular_metadatos,
N-9cd0c4145e5c,"Arranca la Semana de la Responsabilidad Social Empresarial con enfoque en sostenibilidad, juventud y el futuro",https://www.tvn-2.com/nacionales/arranca-semana-responsabilidad-social-empresarial-sumarse-juventud-retos-futuro_1_2264570.html,tvn-2.com,es,2026-10-06T13:35:56+00:00,,2026-10-06T18:46:40+00:00,,tvn_rss,titular_metadatos,
N-9cdf8c14ab5d,La ciencia y la seguridad sísmica : una respuesta necesaria,https://www.prensa.com/opinion/la-ciencia-y-la-seguridad-sismica-una-respuesta-necesaria/,prensa.com,es,,2026-08-08T05:15:00+00:00,2026-10-06T18:46:40+00:00,,gdelt_doc:logistica,titular_metadatos,
N-9cf5afb0be9c,Comercio Marítimo Global : Mejoran las condiciones del Canal de Panamá y aumentan los tránsitos diarios de buques,https://www.hsbnoticias.com/comercio-maritimo-global-canal-panama-ajusta-calados-diarios-aumento-embalses/,hsbnoticias.com,es,,2026-08-04T17:30:00+00:00,2026-10-06T18:46:40+00:00,,gdelt_doc:economia,titular_metadatos,
N-9cf8c2db9710,El Disneyland del contrabando está en Panamá | Diario de Centro América,https://dca.gob.gt/noticias-guatemala-diario-centro-america/el-disneyland-del-contrabando-esta-en-panama/,dca.gob.gt,es,,2026-07-10T18:45:00+00:00,2026-10-06T18:46:40+00:00,,gdelt_doc:eventos_naturales,titular_metadatos,
N-9d00cc444999,Más de 30 mujeres han muerto de forma violenta en Panamá este año,https://www.tvn-2.com/nacionales/30-mujeres-han-muerto-forma_1_2264499.html,tvn-2.com,es,2026-10-06T01:30:01+00:00,,2026-10-06T18:46:40+00:00,,tvn_rss,titular_metadatos,
N-9d0b3189c0fe,Decomisan 571 paquetes de presunta droga y captura a tres personas en el Pacífico panameño,https://www.diaadia.com.pa/el-pais/decomisan-571-paquetes-de-presunta-droga-y-captura-tres-personas-en-el-pacifico-panameno,diaadia.com.pa,es,,2026-07-12T19:30:00+00:00,2026-10-06T18:46:40+00:00,,gdelt_doc:panama,titular_metadatos,
N-9d15190c8191,Venezuela main airport partially resumes commercial flights after deadly earthquakes,https://www.news4jax.com/news/world/2026/09/01/venezuelas-main-airport-partially-resumes-commercial-flights-after-deadly-earthquakes/,news4jax.com,en,,2026-09-02T00:15:00+00:00,2026-10-06T18:46:40+00:00,,gdelt_doc:turismo,titular_metadatos,
N-9d1f1a65ada6,Movimiento de pasajeros de cruceros creció 15 . 6 % y supera los 460 mil visitantes entre enero y mayo,https://www.prensa.com/economia/movimiento-de-pasajeros-de-cruceros-crecio-156-y-supera-los-460-mil-visitantes-entre-enero-y-mayo/,prensa.com,es,,2026-07-22T13:45:00+00:00,2026-10-06T18:46:40+00:00,,gdelt_doc:economia,titular_metadatos,
N-9d45d4a67384,El juez del caso Plus Ultra deja en libertad al presunto epicentro de la trama y le retira el pasaporte tras negarse a declarar,https://www.abc.es/espana/juez-plus-ultra-deja-libertad-presunto-epicentro-20260925100522-nt.html,abc.es,es,,2026-09-25T08:45:00+00:00,2026-10-06T18:46:40+00:00,,gdelt_doc:economia,titular_metadatos,
N-9d4ac451ebee,Panama Energy Law Reform Back in Committee Debate,https://www.riotimesonline.com/panama-energy-law-reform-debate-continues-2026/,riotimesonline.com,en,,2026-09-30T18:45:00+00:00,2026-10-06T18:46:40+00:00,,gdelt_doc:economia,titular_metadatos,
N-9d581c294fd3,Panama will Charge ITBMS to Netflix and other platforms . Felipe Chapman Explains How .,https://newsroompanama.com/2026/08/19/panama-will-charge-itbms-to-netflix-and-other-platforms-felipe-chapman-explains-how/,newsroompanama.com,en,,2026-08-20T04:15:00+00:00,2026-10-06T18:46:40+00:00,,gdelt_doc:economia,titular_metadatos,
N-9d67f22252cd,La Chorrera proyecta renovar el parque Tomás Martín Feuillet con una inversión de 620 mil dólares,https://www.tvn-2.com/nacionales/la-chorrera-proyecta-renovar-parque-tomas-martin-feuillet-inversion-620-mil_1_2264420.html,tvn-2.com,es,2026-10-05T18:30:34+00:00,,2026-10-06T18:46:40+00:00,,tvn_rss,titular_metadatos,
N-9d795e9f8829,"Panamá respira , pero ¿ qué está respirando ?",https://www.prensa.com/opinion/panama-respira-pero-que-esta-respirando/,prensa.com,es,,2026-09-07T02:15:00+00:00,2026-10-06T18:46:40+00:00,,gdelt_doc:panama,titular_metadatos,
N-9d930371a27a,María Corina Machado ha intentado regresar siete veces a Venezuela sin conseguirlo,https://www.laverdad.es/internacional/maria-corina-machado-intentado-regresar-siete-veces-20260922065955-ntrc.html,laverdad.es,es,,2026-09-23T06:45:00+00:00,2026-10-06T18:46:40+00:00,,gdelt_doc:logistica,titular_metadatos,
N-9ded7f13675d,Puerto Rico abre este martes la súper ronda del béisbol masculino ante Colombia,https://www.notiuno.com/noticias/deportes/puerto-rico-abre-este-martes-la-s-per-ronda-del-b-isbol-masculino-ante-colombia/article_c93a1eb7-f234-4787-8087-002ff0b273db.html,notiuno.com,es,,2026-08-03T18:15:00+00:00,2026-10-06T18:46:40+00:00,,gdelt_doc:logistica,titular_metadatos,
N-9e02359f6bd2,Empresarios insisten en modificación al ITBI para reactivar la construcción,https://www.panamaamerica.com.pa/economia/empresarios-insisten-en-modificacion-al-itbi-para-reactivar-la-construccion-1263795,panamaamerica.com.pa,es,,2026-07-10T06:00:00+00:00,2026-10-06T18:46:40+00:00,,gdelt_doc:economia,titular_metadatos,
N-9e39a2e7d58f,"Análisis de la situación económica de Panamá , seguridad , viviendas y Asamblea",https://www.telemetro.com/debate-abierto-dominical/analisis-la-situacion-economica-panama-seguridad-viviendas-y-asamblea-n6087903,telemetro.com,es,,2026-08-09T17:45:00+00:00,2026-10-06T18:46:40+00:00,,gdelt_doc:economia,titular_metadatos,
N-9e4289a05a86,La moda busca nuevos talentos en Panamá : Coclé Fashion Week anuncia casting para modelos,https://www.midiario.com/farandula/la-moda-busca-nuevos-talentos-en-panama-cocle-fashion-week-anuncia-casting-para-modelos/,midiario.com,es,,2026-07-09T19:00:00+00:00,2026-10-06T18:46:40+00:00,,gdelt_doc:panama,titular_metadatos,
N-9e7f772cdfb4,¿ Dónde ver México vs . Panamá EN VIVO ? Horarios y canales del partido del premundial de la Concacaf,https://www.elgrafico.mx/futbol/2026/08/05/donde-ver-mexico-vs-panama-en-vivo-horarios-y-canales-del-partido-del-premundial-de-la-concacaf/,elgrafico.mx,es,,2026-08-05T18:30:00+00:00,2026-10-06T18:46:40+00:00,,gdelt_doc:logistica,titular_metadatos,
N-9eb0f30cdfc2,"Cruise Tourism in Panama is Projected to Increase by 21 . 6 % by 2026 , Reaching Nearly 500 , 000 Passengers , According to the Panama Maritime Authority ( AMP ).",https://newsroompanama.com/2026/08/30/cruise-tourism-in-panama-is-projected-to-increase-by-21-6-by-2026-reaching-nearly-500000-passengers-according-to-the-panama-maritime-authority-amp/,newsroompanama.com,en,,2026-08-30T16:30:00+00:00,2026-10-06T18:46:40+00:00,,gdelt_doc:economia,titular_metadatos,
N-9ebfa2ad1777,Cuba continúa su apertura económica mientras la crisis escuece cada día,https://ipsnoticias.net/2026/08/cuba-continua-su-apertura-economica-mientras-la-crisis-escuece-cada-dia/,ipsnoticias.net,es,,2026-08-07T17:15:00+00:00,2026-10-06T18:46:40+00:00,,gdelt_doc:turismo,titular_metadatos,
N-9ec1c90d37ec,Suiza se suma al Protocolo de Neutralidad del Canal de Panamá,https://www.critica.com.pa/show/suiza-se-suma-al-protocolo-de-neutralidad-del-canal-de-panama-513246,critica.com.pa,es,,2026-07-21T21:30:00+00:00,2026-10-06T18:46:40+00:00,,gdelt_doc:logistica,titular_metadatos,
N-9edeb46ddb6b,"Gobierno aprueba proyecto de presupuesto por $35 , 111 millones para 2027",https://www.laestrella.com.pa/panama/nacional/gobierno-aprueba-proyecto-de-presupuesto-por-35111-millones-para-2027-GF24471465,laestrella.com.pa,es,,2026-07-30T00:45:00+00:00,2026-10-06T18:46:40+00:00,,gdelt_doc:economia,titular_metadatos,
N-9f03b5dda278,María Corina Machado cuestionó el acuerdo petrolero entre Estados Unidos y Venezuela,https://sinmordaza.com/noticia/517743-maria-corina-machado-cuestiono-el-acuerdo-petrolero-entre-estados-unidos-y-venezuela.html,sinmordaza.com,es,,2026-09-04T02:15:00+00:00,2026-10-06T18:46:40+00:00,,gdelt_doc:economia,titular_metadatos,
N-9f0ae1c3634c,Robert Florentino logra la medalla de oro en el judo centroamericano y del caribe,https://listindiario.com/el-deporte/olimpismo/20260727/robert-florentino-logra-medalla-oro-judo-centroamericano-caribe_915594.html,listindiario.com,es,,2026-07-28T04:30:00+00:00,2026-10-06T18:46:40+00:00,,gdelt_doc:logistica,titular_metadatos,
N-9f31656c3934,Panamá puede exportar con arancel cero a Estados Unidos,https://www.prensa.com/economia/panama-puede-exportar-con-arancel-cero-a-estados-unidos/,prensa.com,es,,2026-07-24T03:15:00+00:00,2026-10-06T18:46:40+00:00,,gdelt_doc:economia,titular_metadatos,
N-9f6d9968faac,El comercio mundial sufre nueva prueba por restricciones en el Canal de Panamá,https://www.larepublica.co/globoeconomia/el-comercio-mundial-sufre-nueva-prueba-por-restricciones-en-el-canal-de-panama-4439902,larepublica.co,es,,2026-07-21T14:30:00+00:00,2026-10-06T18:46:40+00:00,,gdelt_doc:logistica,titular_metadatos,
N-9f7bf358c0dd,Canal de Panamá : subastas por cupos de tránsitos sin reserva alcanzan hasta los US$5 millones,https://www.mundomaritimo.cl/noticias/canal-de-panama-subastas-por-cupos-de-transitos-sin-reserva-alcanzan-hasta-los-us5-millones,mundomaritimo.cl,es,,2026-09-25T05:45:00+00:00,2026-10-06T18:46:40+00:00,,gdelt_doc:logistica,titular_metadatos,
N-9f8b3ba6a798,Tropical Storm Bertha forms in Gulf of Mexico on approach to US coastline,https://www.wgauradio.com/news/national/tropical-depression/WGJ2IKBMIA7ORJTKYO7FCN3DIM/,wgauradio.com,en,,2026-07-21T01:30:00+00:00,2026-10-06T18:46:40+00:00,,gdelt_doc:eventos_naturales,titular_metadatos,
N-9f97f4b93414,Personal de los Juegos Panamericanos Lima 2027 trabaja sin ordenes de servicios,https://larepublica.pe:443/deportes/2026/09/02/personal-de-los-juegos-panamericanos-lima-2027-trabaja-sin-ordenes-de-servicios-88722,larepublica.pe,es,,2026-09-02T21:30:00+00:00,2026-10-06T18:46:40+00:00,,gdelt_doc:economia,titular_metadatos,
N-9fc2b8be1ad3,Sheinbaum le manifiesta a Mulino respaldo a tratado de neutralidad permanente del Canal de Panamá,https://www.lajornadadeoriente.com.mx/noticias/nacional/sheinbaum-le-manifiesta-a-mulino-respaldo-a-tratado-de-neutralidad-permanente-del-canal-de-panama/,lajornadadeoriente.com.mx,es,,2026-07-16T02:45:00+00:00,2026-10-06T18:46:40+00:00,,gdelt_doc:economia,titular_metadatos,
N-9fd8fbad2ff9,"Indian Ambassador Sumit Seth bids farewell to Panama President Jose Raul Mulino , discusses scholarships , development projects and bilateral ties",http://www.argentinastar.com/news/279225392/indian-ambassador-sumit-seth-bids-farewell-to-panama-president-jose-raul-mulino-discusses-scholarships-development-projects-and-bilateral-ties,argentinastar.com,en,,2026-08-07T00:45:00+00:00,2026-10-06T18:46:40+00:00,,gdelt_doc:economia,titular_metadatos,
N-9fee5717c4a4,El Canal de Panamá está cobrando cada vez más importancia,https://www.elnortedecastilla.es/internacional/canal-panama-cobrando-vez-importancia-20260728001517-nt.html,elnortedecastilla.es,es,,2026-07-27T00:00:00+00:00,2026-10-06T18:46:40+00:00,,gdelt_doc:logistica,titular_metadatos,
N-9ff16848d7bf,Pedro Pascal se convierte en violonchelista para su nuevo papel en “¡Behemoth!”,https://www.tvn-2.com/entretenimiento/pedro-pascal-convierte-violonchelista-nuevo-papel-pelicula-behemoth_1_2264390.html,tvn-2.com,es,2026-10-05T17:30:36+00:00,,2026-10-06T18:46:40+00:00,,tvn_rss,titular_metadatos,
N-9ff3af60b029,Video : Impiden el regreso de María Corina Machado a Venezuela Gestión Mundo por Diario Gestión,https://www.deperu.com/tv/4xmhOuliPa0.impiden-el-regreso-de-maria-corina-machado-a-venezuela-gestion-mundo.UC1FZF46zaC26_CynNc786_g.html,deperu.com,es,,2026-09-24T12:00:00+00:00,2026-10-06T18:46:40+00:00,,gdelt_doc:economia,titular_metadatos,
N-9ff9d358957c,Florida gas prices could climb as renewed U . S .- Iran tensions push oil higher,https://www.news4jax.com/news/local/2026/07/13/florida-gas-prices-could-climb-as-renewed-us-iran-tensions-push-oil-higher/,news4jax.com,en,,2026-07-13T17:30:00+00:00,2026-10-06T18:46:40+00:00,,gdelt_doc:economia,titular_metadatos,
N-a004209e207c,"Panamá registra un alza de 15 , 6 % en pasajeros de cruceros y supera los 460 . 000 visitantes",https://www.larepublica.co/globoeconomia/panama-registra-un-alza-de-15-6-en-pasajeros-de-cruceros-y-supera-los-460-000-visitantes-4441902,larepublica.co,es,,2026-07-23T21:30:00+00:00,2026-10-06T18:46:40+00:00,,gdelt_doc:logistica,titular_metadatos,
N-a018db9f7ac3,"Indian Ambassador Sumit Seth bids farewell to Panama President Jose Raul Mulino , discusses scholarships , development projects and bilateral ties",http://www.bignewsnetwork.com/news/279225392/indian-ambassador-sumit-seth-bids-farewell-to-panama-president-jose-raul-mulino-discusses-scholarships-development-projects-and-bilateral-ties,bignewsnetwork.com,en,,2026-08-06T20:00:00+00:00,2026-10-06T18:46:40+00:00,,gdelt_doc:economia,titular_metadatos,
N-a03d46063acd,Panama Canal again tightens draft limits as water levels under pressure,https://mymixfm.com/2026/08/05/panama-canal-again-tightens-draft-limits-as-water-levels-under-pressure/,mymixfm.com,en,,2026-08-06T01:30:00+00:00,2026-10-06T18:46:40+00:00,,gdelt_doc:logistica,titular_metadatos,
N-a06495e284a7,¿ Por qué la gasolina Súper cuesta más en Ecuador que en EE . UU . y Panamá ?,https://www.expreso.ec/economia-y-negocios/gasolina-super-cuesta-ecuador-ee-uu-panama-289591.html,expreso.ec,es,,2026-07-17T19:00:00+00:00,2026-10-06T18:46:40+00:00,,gdelt_doc:economia,titular_metadatos,
N-a06cf77b9edd,Panama Opens Urraca Park to Food Businesses Under New Rules,https://www.riotimesonline.com/panama-city-food-vendors-urraca-park-2026/,riotimesonline.com,en,,2026-07-26T17:15:00+00:00,2026-10-06T18:46:40+00:00,,gdelt_doc:turismo,titular_metadatos,
N-a06d80fd362b,Canal de Panamá flexibiliza sistema de reservas antes que arranque restricción al tránsito,https://gestion.pe/mundo/internacional/canal-de-panama-flexibiliza-sistema-de-reservas-antes-que-arranque-restriccion-al-transito-noticia/,gestion.pe,es,,2026-08-31T01:45:00+00:00,2026-10-06T18:46:40+00:00,,gdelt_doc:logistica,titular_metadatos,
N-a07c79c2570e,Miss Universe Panamá 2026 : todo listo para la gran final en la Arena Roberto Durán,https://www.telemetro.com/nacionales/miss-universe-panama-2026-todo-listo-la-gran-final-la-arena-roberto-duran-n6090914,telemetro.com,es,,2026-09-06T03:45:00+00:00,2026-10-06T18:46:40+00:00,,gdelt_doc:panama,titular_metadatos,
N-a07f2d2aa09b,La caída del mercado inmobiliario de la clase media,https://www.prensa.com/opinion/la-caida-del-mercado-inmobiliario-de-la-clase-media/,prensa.com,es,,2026-07-29T05:30:00+00:00,2026-10-06T18:46:40+00:00,,gdelt_doc:economia,titular_metadatos,
N-a08f38ef7fa5,"Daniel Noboa : Panamá nos puede vender energía , tienen un excedente",https://www.critica.com.pa/nacional/daniel-noboa-panama-nos-puede-vender-energia-tienen-un-excedente-515803,critica.com.pa,es,,2026-09-04T19:15:00+00:00,2026-10-06T18:46:40+00:00,,gdelt_doc:panama,titular_metadatos,
N-a09176653971,Panama Canal to Cut Daily Transits as Optimistic Water Outlook Fades,https://gcaptain.com/panama-canal-to-cut-daily-transits-as-optimistic-water-outlook-fades/,gcaptain.com,en,,2026-08-21T18:45:00+00:00,2026-10-06T18:46:40+00:00,,gdelt_doc:logistica,titular_metadatos,
N-a0cf69ac424d,Panamá recalca tres principios no negociables con la mina,https://www.panamaamerica.com.pa/economia/panama-recalca-tres-principios-no-negociables-con-la-mina-1263942,panamaamerica.com.pa,es,,2026-07-14T19:45:00+00:00,2026-10-06T18:46:40+00:00,,gdelt_doc:economia,titular_metadatos,
N-a0d2004e6a00,Costa Coffee avanza en su expansión en Latinoamérica con su llegada a Panamá,https://www.laestrella.com.pa/economia/costa-coffee-avanza-en-su-expansion-en-latinoamerica-con-su-llegada-a-panama-CD25408831,laestrella.com.pa,es,,2026-09-03T22:15:00+00:00,2026-10-06T18:46:40+00:00,,gdelt_doc:panama,titular_metadatos,
N-a0ec77afacf7,"El tráfico aéreo en América Latina y el Caribe creció 0 , 7 % en julio • PDCC",https://newsinamerica.com/pdcc/boletin/2026/el-trafico-aereo-en-america-latina-y-el-caribe-crecio-07-en-julio/,newsinamerica.com,es,,2026-09-21T04:00:00+00:00,2026-10-06T18:46:40+00:00,,gdelt_doc:turismo,titular_metadatos,
N-a11157cb6a05,Mercosur : oportunidad sin sacrificar el agro,https://www.prensa.com/opinion/mercosur-oportunidad-sin-sacrificar-el-agro/,prensa.com,es,,2026-08-27T04:45:00+00:00,2026-10-06T18:46:40+00:00,,gdelt_doc:panama,titular_metadatos,
N-a15707379d16,Tadej Pogacar Rolls to 5th Tour de France Title,https://www.newser.com/story/393529/tadej-pogacar-rolls-to-5th-tour-de-france-title.html,newser.com,en,,2026-07-26T22:45:00+00:00,2026-10-06T18:46:40+00:00,,gdelt_doc:logistica,titular_metadatos,
N-a16934552e69,Ventana de Papel muestra la vitalidad literaria de Panamá,https://www.laestrella.com.pa/vida-y-cultura/cultura/ventana-de-papel-muestra-la-vitalidad-literaria-de-panama-FH24544980,laestrella.com.pa,es,,2026-08-02T07:45:00+00:00,2026-10-06T18:46:40+00:00,,gdelt_doc:economia,titular_metadatos,
N-a19e7afa83d0,Pagan cifra récord de $5 . 3 millones en subasta para cruzar el Canal de Panamá,https://www.critica.com.pa/nacional/pagan-cifra-record-de-53-millones-en-subasta-para-cruzar-el-canal-de-panama-515410,critica.com.pa,es,,2026-08-28T06:00:00+00:00,2026-10-06T18:46:40+00:00,,gdelt_doc:logistica,titular_metadatos,
N-a1a05e93ef49,"Análisis sobre política , minería , proyectos del gobierno , seguridad y otros temas",https://www.telemetro.com/debate-abierto-dominical/analisis-politica-mineria-proyectos-del-gobierno-seguridad-y-otros-temas-n6086380,telemetro.com,es,,2026-07-26T19:45:00+00:00,2026-10-06T18:46:40+00:00,,gdelt_doc:economia,titular_metadatos,
N-a1a1aa26c132,Navarro pide cumplir con la biodiversidad y la reforestación,https://www.panamaamerica.com.pa/sociedad/navarro-pide-cumplir-con-la-biodiversidad-y-la-reforestacion-1266127,panamaamerica.com.pa,es,,2026-09-09T07:15:00+00:00,2026-10-06T18:46:40+00:00,,gdelt_doc:economia,titular_metadatos,
N-a1ad424287c6,"¿ Qué implica ser parte de los países amigos de Panamá ? Esto dice el decreto suscrito por el presidente de ese país , José Raúl Mulino | Política | Noticias",https://www.eluniverso.com/noticias/politica/que-implica-ser-parte-de-los-paises-amigos-de-panama-esto-dice-el-decreto-suscrito-por-el-presidente-de-ese-pais-jose-raul-mulino-nota/,eluniverso.com,es,,2026-09-05T21:15:00+00:00,2026-10-06T18:46:40+00:00,,gdelt_doc:panama,titular_metadatos,
N-a1b0bc7ac15c,Canciller Martínez - Acha Vásquez recibe copia de cartas credenciales de embajadora de la República de la India – Ministerio de Relaciones exteriores,https://mire.gob.pa/canciller-martinez-acha-vasquez-recibe-copia-de-cartas-credenciales-de-embajadora-de-la-republica-de-la-india/,mire.gob.pa,es,,2026-09-30T18:45:00+00:00,2026-10-06T18:46:40+00:00,,gdelt_doc:economia,titular_metadatos,
N-a1b38d69e18a,Trabajos en Monte Esperanza afectan suministro de agua potable,https://www.critica.com.pa/nacional/trabajos-en-monte-esperanza-afectan-suministro-de-agua-potable-517069,critica.com.pa,es,,2026-09-27T17:15:00+00:00,2026-10-06T18:46:40+00:00,,gdelt_doc:logistica,titular_metadatos,
N-a1dd76b1c6cc,Why Is China Reducing Its Dependence on the Dollar ?,https://www.theepochtimes.com/opinion/why-is-china-reducing-its-dependence-on-the-dollar-6094221,theepochtimes.com,en,,2026-09-27T15:45:00+00:00,2026-10-06T18:46:40+00:00,,gdelt_doc:economia,titular_metadatos,
N-a20e1200914d,First Quantum Provides Update on Cobre Panamá,https://www.manilatimes.net/2026/10/01/tmt-newswire/globenewswire/first-quantum-provides-update-on-cobre-panam/2436531,manilatimes.net,en,,2026-09-30T19:00:00+00:00,2026-10-06T18:46:40+00:00,,gdelt_doc:panama,titular_metadatos,
N-a22889e59f03,"Moving to Nicaragua 2026 : Visas , Costs , Daily Life",https://www.riotimesonline.com/moving-to-nicaragua-2026/,riotimesonline.com,en,,2026-09-24T17:00:00+00:00,2026-10-06T18:46:40+00:00,,gdelt_doc:turismo,titular_metadatos,
N-a25aa4311ec7,María Corina Machado Multiple Blocked Attempts to Enter Venezuela : A Political Odyssey,https://www.cubaheadlines.com/articles/340960,cubaheadlines.com,en,,2026-09-23T12:30:00+00:00,2026-10-06T18:46:40+00:00,,gdelt_doc:logistica,titular_metadatos,
N-a273db1ebd2d,Comisión Interministerial entregó al presidente Mulino el Informe Final sobre el sitio minero Cobre Panamá,https://www.diaadia.com.pa/el-pais/comision-interministerial-entrego-al-presidente-mulino-el-informe-final-sobre-el-sitio,diaadia.com.pa,es,,2026-09-30T19:30:00+00:00,2026-10-06T18:46:40+00:00,,gdelt_doc:economia,titular_metadatos,
N-a27406d0a95a,Sydney Harbour to Antarctica : 10 ultimate cruise moments | Tenterfield Star,https://www.tenterfieldstar.com.au/story/9349631/sydney-harbour-to-antarctica-10-ultimate-cruise-moments/,tenterfieldstar.com.au,en,,2026-09-27T21:15:00+00:00,2026-10-06T18:46:40+00:00,,gdelt_doc:logistica,titular_metadatos,
N-a28bdb20669b,Café Presidente cruza fronteras y llega a Nueva York,https://www.critica.com.pa/nacional/cafe-presidente-cruza-fronteras-y-llega-nueva-york-516770,critica.com.pa,es,,2026-09-21T21:15:00+00:00,2026-10-06T18:46:40+00:00,,gdelt_doc:panama,titular_metadatos,
N-a29304b30153,Capturan en Panamá a 21 colombianos por presunta vinculación a la minería ilegal en la selva del Darién,https://www.lapatria.com/sucesos/capturan-en-panama-21-colombianos-por-presunta-vinculacion-la-mineria-ilegal-en-la-selva,lapatria.com,es,,2026-08-21T06:00:00+00:00,2026-10-06T18:46:40+00:00,,gdelt_doc:economia,titular_metadatos,
N-a29debe1cd38,IDAC llevará la experiencia de volar a la Feria Internacional del Libro Santo Domingo 2026,https://listindiario.com/la-republica/20260923/idac-llevara-experiencia-volar-feria-internacional-libro-santo-domingo-2026_923382.html,listindiario.com,es,,2026-09-23T20:00:00+00:00,2026-10-06T18:46:40+00:00,,gdelt_doc:turismo,titular_metadatos,
N-a2c7a08631a5,"El Ritual del Origen , la experiencia inmersiva que bucea en las raíces del café panameño",https://www.midiario.com/nacionales/el-ritual-del-origen-la-experiencia-inmersiva-que-bucea-en-las-raices-del-cafe-panameno/,midiario.com,es,,2026-08-21T01:00:00+00:00,2026-10-06T18:46:40+00:00,,gdelt_doc:economia,titular_metadatos,
N-a2cc6a491159,Panamá detiene a 21 colombianos por minería ilegal en la selva del Darién - Mundo,https://www.abc.com.py/internacionales/2026/08/19/panama-detiene-a-21-colombianos-por-mineria-ilegal-en-la-selva-del-darien/,abc.com.py,es,,2026-08-20T02:00:00+00:00,2026-10-06T18:46:40+00:00,,gdelt_doc:economia,titular_metadatos,
N-a2e143289c9b,Bandas del narcotráfico antioqueño entrenan cobradores del gota a gota,https://cronicadelquindio.com/actualidad/colombia/bandas-del-narcotrafico-antioqueno-entrenan-cobradores-del-gota-a-gota/,cronicadelquindio.com,es,,2026-09-08T17:30:00+00:00,2026-10-06T18:46:40+00:00,,gdelt_doc:economia,titular_metadatos,
N-a2ed0a929a4d,Árboles caídos y voladuras de techos por intensa lluvia en el país ante el paso de dos ondas tropicales,https://www.prensa.com/sociedad/arboles-caidos-y-voladuras-de-techo-por-intensa-lluvia-en-el-pais-ante-el-paso-de-dos-ondas-tropicales/,prensa.com,es,,2026-07-09T21:30:00+00:00,2026-10-06T18:46:40+00:00,,gdelt_doc:eventos_naturales,titular_metadatos,
N-a305017cb04a,"Cadenas logísticas globales se reconfiguran ante cambios en rutas marítima , capacidad y riesgos",https://www.mundomaritimo.cl/noticias/cadenas-logisticas-globales-se-reconfiguran-ante-cambios-en-rutas-maritima-capacidad-y-riesgos,mundomaritimo.cl,es,,2026-09-21T06:15:00+00:00,2026-10-06T18:46:40+00:00,,gdelt_doc:economia,titular_metadatos,
N-a31851e7d3c4,El caso de tres dominicanos acusados de trata en Panamá,https://www.diariolibre.com/usa/actualidad/2026/09/27/el-caso-de-tres-dominicanos-acusados-de-trata-en-panama/3671579,diariolibre.com,es,,2026-09-27T18:30:00+00:00,2026-10-06T18:46:40+00:00,,gdelt_doc:panama,titular_metadatos,
N-a3232423cb60,"Es probable que la sequía provocada por El Niño en Panamá eleve los precios de todo , desde medicamentos hasta combustible",https://cnnespanol.cnn.com/2026/08/21/economia/sequia-nino-panama-precios-combustible-trax,cnnespanol.cnn.com,es,,2026-08-21T11:00:00+00:00,2026-10-06T18:46:40+00:00,,gdelt_doc:eventos_naturales,titular_metadatos,
N-a3232cc04520,Proponen ley de retiro voluntario e incentivos para renovar el sector público,https://www.panamaamerica.com.pa/sociedad/proponen-ley-de-retiro-voluntario-e-incentivos-para-renovar-el-sector-publico-1266155,panamaamerica.com.pa,es,,2026-09-09T23:45:00+00:00,2026-10-06T18:46:40+00:00,,gdelt_doc:economia,titular_metadatos,
N-a32baa76104b,Cuarto Puente anuncia cierre parcial en la avenida Omar Torrijos desde este 10 de julio,https://www.telemetro.com/nacionales/cuarto-puente-anuncia-cierre-parcial-la-avenida-omar-torrijos-este-10-julio-n6084608,telemetro.com,es,,2026-07-08T21:15:00+00:00,2026-10-06T18:46:40+00:00,,gdelt_doc:logistica,titular_metadatos,
N-a33f7e4ced4d,Carlos Slim recibe al presidente Mulino en su residencia – Ministerio de Relaciones exteriores,https://mire.gob.pa/carlos-slim-recibe-al-presidente-mulino-en-su-residencia/,mire.gob.pa,es,,2026-07-16T23:00:00+00:00,2026-10-06T18:46:40+00:00,,gdelt_doc:logistica,titular_metadatos,
N-a36a7921ee1d,"Fallece Jorge , padre de Lionel Messi y el cerebro detrás de la carrera futbolística y las finanzas de su hijo",https://www.lapatria.com/internacional/fallece-jorge-padre-de-lionel-messi-y-el-cerebro-detras-de-la-carrera-futbolistica-y,lapatria.com,es,,2026-08-08T18:45:00+00:00,2026-10-06T18:46:40+00:00,,gdelt_doc:turismo,titular_metadatos,
N-a3760d8f5df3,"Panama Canal finds its water solution , but it 5 years away | 100 . 7 MIX - FM | Today Hit Music",https://mymixfm.com/2026/09/07/panama-canal-finds-its-water-solution-but-its-5-years-away/,mymixfm.com,en,,2026-09-07T15:45:00+00:00,2026-10-06T18:46:40+00:00,,gdelt_doc:logistica,titular_metadatos,
N-a37e298a3363,Renovación de la calle Pichincha ya tiene fecha de inauguración : segundo tramo de calle Panamá avanza en remodelación,https://www.eluniverso.com/guayaquil/comunidad/renovacion-de-la-calle-pichincha-ya-tiene-fecha-de-inauguracion-segundo-tramo-de-calle-panama-avanza-en-remodelacion-nota/,eluniverso.com,es,,2026-07-12T19:45:00+00:00,2026-10-06T18:46:40+00:00,,gdelt_doc:panama,titular_metadatos,
N-a3a25b7eaf01,Corredor del Caribe registra 51 % de avance con una inversión de $80 millones según el Mop,https://www.panamaamerica.com.pa/sociedad/corredor-del-caribe-registra-51-de-avance-con-una-inversion-de-80-millones-segun-el-mop,panamaamerica.com.pa,es,,2026-09-22T23:00:00+00:00,2026-10-06T18:46:40+00:00,,gdelt_doc:turismo,titular_metadatos,
N-a3a3c842205b,Ricaurte Vásquez se despide del Canal defendiendo río Indio y la neutralidad,https://www.prensa.com/economia/ricaurte-vasquez-se-despide-del-canal-defendiendo-rio-indio-y-la-neutralidad/,prensa.com,es,,2026-09-07T21:30:00+00:00,2026-10-06T18:46:40+00:00,,gdelt_doc:economia,titular_metadatos,
N-a3a6dac78773,La Estrategia Nacional de Inteligencia Artificial de Panamá : su éxito dependerá de la implementación,https://www.prensa.com/opinion/la-estrategia-nacional-de-inteligencia-artificial-de-panama-su-exito-dependera-de-la-implementacion/,prensa.com,es,,2026-08-03T07:30:00+00:00,2026-10-06T18:46:40+00:00,,gdelt_doc:economia,titular_metadatos,
N-a3d31f9b5004,Panama and Japan Shipowners Deepen Maritime Ties,https://www.riotimesonline.com/panama-japan-shipowners-maritime-cooperation-2026/,riotimesonline.com,en,,2026-07-14T09:15:00+00:00,2026-10-06T18:46:40+00:00,,gdelt_doc:economia,titular_metadatos,
N-a3e6764b1bcc,El Canal de Panamá inicia evaluación de las empresas interesadas en construir un gasoducto,https://www.diaadia.com.pa/el-pais/el-canal-de-panama-inicia-evaluacion-de-las-empresas-interesadas-en-construir-un-gasoducto,diaadia.com.pa,es,,2026-07-25T01:00:00+00:00,2026-10-06T18:46:40+00:00,,gdelt_doc:logistica,titular_metadatos,
N-a4108f95831d,Informe revela fallas en atención a víctimas de abuso sexual en la Arquidiócesis de Panamá,https://www.midiario.com/nacionales/informe-revela-fallas-en-atencion-a-victimas-de-abuso-sexual-en-la-arquidiocesis-de-panama/,midiario.com,es,,2026-09-22T21:45:00+00:00,2026-10-06T18:46:40+00:00,,gdelt_doc:panama,titular_metadatos,
N-a4168f3abca0,A closer look at AI growing hunger for printed books,https://www.thedailystar.net/news/tech-startup/news/closer-look-ais-growing-hunger-printed-books-4238306,thedailystar.net,en,,2026-08-02T13:45:00+00:00,2026-10-06T18:46:40+00:00,,gdelt_doc:eventos_naturales,titular_metadatos,
N-a43777575aa7,The sunhat is everywhere in Athens as crowds grow larger at ancient sites – Winnipeg Free Press,https://www.winnipegfreepress.com/arts-and-life/life/greenpage/2026/08/22/the-sunhat-is-everywhere-in-athens-as-crowds-grow-larger-at-ancient-sites,winnipegfreepress.com,en,,2026-08-23T04:45:00+00:00,2026-10-06T18:46:40+00:00,,gdelt_doc:turismo,titular_metadatos,
N-a43a5dd1f383,"Universidad y minería , una visión crítica",https://www.laestrella.com.pa/vida-y-cultura/cultura/universidad-y-mineria-una-vision-critica-NC25636865,laestrella.com.pa,es,,2026-09-13T05:30:00+00:00,2026-10-06T18:46:40+00:00,,gdelt_doc:economia,titular_metadatos,
N-a44824d3a4e4,Hípica panameña homenajea a los Castillo,https://www.midiario.com/deportivas/hipica-panamena-homenajea-a-los-castillo/,midiario.com,es,,2026-09-06T00:30:00+00:00,2026-10-06T18:46:40+00:00,,gdelt_doc:panama,titular_metadatos,
N-a44fa4ebdbd5,Rosario avanza hacia los Juegos Panamericanos Junior 2029 con la firma del Gobierno nacional,https://sinmordaza.com/noticia/519793-rosario-avanza-hacia-los-juegos-panamericanos-junior-2029-con-la-firma-del-gobierno-nacional.html,sinmordaza.com,es,,2026-09-23T21:15:00+00:00,2026-10-06T18:46:40+00:00,,gdelt_doc:economia,titular_metadatos,
N-a45589a912ae,La Feria del Libro abre sus puertas con el Canal de Panamá como invitado de honor,https://www.midiario.com/nacionales/la-feria-del-libro-abre-sus-puertas-con-el-canal-de-panama-como-invitado-de-honor/,midiario.com,es,,2026-08-25T22:30:00+00:00,2026-10-06T18:46:40+00:00,,gdelt_doc:logistica,titular_metadatos,
N-a48834b64f0b,The US once planned to use nuclear bombs to dig canals and harbours ; why Project Plowshare went from Cold War concept to a programme abandoned in 1977,https://www.moneycontrol.com/world/the-us-once-planned-to-use-nuclear-bombs-to-dig-canals-and-harbours-why-project-plowshare-went-from-cold-war-concept-to-a-programme-abandoned-in-1977-article-14036677.html,moneycontrol.com,en,,2026-09-24T05:30:00+00:00,2026-10-06T18:46:40+00:00,,gdelt_doc:logistica,titular_metadatos,
N-a4d4b9599686,"La Feria Nacional de Artesanías superó los $1 , 3 millones en ventas",https://www.panamaamerica.com.pa/variedades/la-feria-nacional-de-artesanias-supero-los-13-millones-en-ventas-1265399,panamaamerica.com.pa,es,,2026-08-21T01:15:00+00:00,2026-10-06T18:46:40+00:00,,gdelt_doc:economia,titular_metadatos,
N-a4e62acd219b,"Canal de Panamá anuncia suspensión de agua este viernes : afectará a El Tucán , Panamá Pacífico y Veracruz",https://www.telemetro.com/nacionales/canal-panama-anuncia-suspension-agua-este-viernes-afectara-el-tucan-panama-pacifico-y-veracruz-n6090031,telemetro.com,es,,2026-08-28T14:00:00+00:00,2026-10-06T18:46:40+00:00,,gdelt_doc:logistica,titular_metadatos,
N-a4ea181762cd,"Panama is not only the beginning : Foreign Minister pitches nation as India premier manufacturing , trade launchpad in Latin America",http://www.laosnews.net/news/279199252/panama-is-not-only-the-beginning-foreign-minister-pitches-nation-as-india-premier-manufacturing-trade-launchpad-in-latin-america,laosnews.net,en,,2026-07-20T19:15:00+00:00,2026-10-06T18:46:40+00:00,,gdelt_doc:economia,titular_metadatos,
N-a4fabdca80ec,Blackstone y SSA Marine muestran interés en nuevas inversiones en Panamá,https://www.telemetro.com/nacionales/blackstone-y-ssa-marine-muestran-interes-nuevas-inversiones-panama-n6092809,telemetro.com,es,,2026-09-24T03:15:00+00:00,2026-10-06T18:46:40+00:00,,gdelt_doc:economia,titular_metadatos,
N-a523c91ecddd,¡ La casa llena ! Más de 700 personas corrieron para celebrar los 507 años de Panamá Viejo,https://www.laestrella.com.pa/panama/nacional/la-casa-llena-mas-de-700-personas-corrieron-para-celebrar-los-507-anos-de-panama-viejo-NG24559949,laestrella.com.pa,es,,2026-08-02T22:00:00+00:00,2026-10-06T18:46:40+00:00,,gdelt_doc:economia,titular_metadatos,
N-a5357a5ca124,Agroferias del IMA para el jueves 3 de septiembre en Panamá,https://www.telemetro.com/nacionales/agroferias-del-ima-el-jueves-3-septiembre-panama-n6090583,telemetro.com,es,,2026-09-02T22:30:00+00:00,2026-10-06T18:46:40+00:00,,gdelt_doc:logistica,titular_metadatos,
N-a535a368f0c9,Tratados Torrijos - Carter : 49 años del hito que devolvió el Canal a Panamá,https://www.panamaamerica.com.pa/politica/tratados-torrijos-carter-49-anos-del-hito-que-devolvio-el-canal-panama-1266048,panamaamerica.com.pa,es,,2026-09-07T16:45:00+00:00,2026-10-06T18:46:40+00:00,,gdelt_doc:economia,titular_metadatos,
N-a53d58bfeded,Asesinan a taxista en Remedios; fue hallado dentro de su vehículo con varias heridas,https://www.tvn-2.com/nacionales/asesinan-taxista-remedios-hallado-vehiculo-varias-heridas_1_2264601.html,tvn-2.com,es,2026-10-06T18:13:55+00:00,,2026-10-06T18:46:40+00:00,,tvn_rss,titular_metadatos,
N-a547a5e5364f,Panamá lanza proyecto que impulsa la pesca sostenible y protege los océanos en seis países de América y África,https://www.prensa.com/economia/panama-lanza-proyecto-que-impulsa-la-pesca-sostenible-y-protege-los-oceanos-en-seis-paises-de-america-y-africa/,prensa.com,es,,2026-07-23T22:30:00+00:00,2026-10-06T18:46:40+00:00,,gdelt_doc:economia,titular_metadatos,
N-a54bee5b4dcf,"Nathalee Aranda , la colonense que voló en el salto de longitud para darle a Panamá un oro inolvidable",https://www.prensa.com/deportes/nathalee-aranda-la-colonense-que-volo-en-el-salto-de-longitud-para-darle-a-panama-un-oro-inolvidable/,prensa.com,es,,2026-09-23T19:45:00+00:00,2026-10-06T18:46:40+00:00,,gdelt_doc:panama,titular_metadatos,
N-a56e0bec7004,Arab News | Deputy minister of economy and planning meets with UN official in Riyadh,https://www.arabnews.com/saudi-arabia/deputy-minister-of-economy-and-planning-meets-with-un-official-in-riyadh-3002553,arabnews.com,en,,2026-09-21T19:30:00+00:00,2026-10-06T18:46:40+00:00,,gdelt_doc:economia,titular_metadatos,
N-a5739723f179,The sunhat is everywhere in Athens as crowds grow larger at ancient sites,https://kdhnews.com/news/world/the-sunhat-is-everywhere-in-athens-as-crowds-grow-larger-at-ancient-sites/article_19a11ec4-faa6-521c-a23f-ae76f6f9d029.html,kdhnews.com,en,,2026-08-23T06:15:00+00:00,2026-10-06T18:46:40+00:00,,gdelt_doc:turismo,titular_metadatos,
N-a5984e786a09,Mercado automotriz panameño crece 10 . 6 % pese a menores ventas en junio,https://www.laestrella.com.pa/economia/mercado-automotriz-panameno-crece-106-pese-a-menores-ventas-en-junio-IJ24782219,laestrella.com.pa,es,,2026-08-11T00:30:00+00:00,2026-10-06T18:46:40+00:00,,gdelt_doc:economia,titular_metadatos,
N-a599cc8a03e9,La Jornada : Celebra Sheinbaum la reapertura del mercado de reses,https://www.jornada.com.mx/2026/07/26/economia/013n2eco,jornada.com.mx,es,,2026-07-26T12:30:00+00:00,2026-10-06T18:46:40+00:00,,gdelt_doc:economia,titular_metadatos,
N-a5bf0cabe8d7,Antonio Guterres recibe a Delcy Rodríguez en Nueva York,https://www.eluniversal.com.mx/mundo/guterres-recibe-a-delcy-rodriguez-en-nueva-york-prepara-su-encuentro-con-trump-y-su-discurso-ante-la-onu/,eluniversal.com.mx,es,,2026-09-22T03:00:00+00:00,2026-10-06T18:46:40+00:00,,gdelt_doc:economia,titular_metadatos,
N-a5d0c1554191,"Sin combustible y con menos vuelos , pero a Cuba aún llegan aviones",https://www.diariolibre.com/mundo/america-latina/2026/10/01/sin-combustible-y-con-menos-vuelos-pero-a-cuba-aun-llegan-aviones/3675686,diariolibre.com,es,,2026-10-01T18:30:00+00:00,2026-10-06T18:46:40+00:00,,gdelt_doc:turismo,titular_metadatos,
N-a5dc3c9a8485,TVN Media comparte su experiencia de transformación digital en cumbre WISS LATAM,https://www.tvn-2.com/nacionales/tvn-media-comparte-experiencia-transformacion-cumbre-wiss-latam_1_2257996.html,tvn-2.com,es,2026-08-27T21:49:51+00:00,,2026-10-06T18:46:40+00:00,,tvn_rss,titular_metadatos,
N-a5e19313c458,Perú vive su noveno cambio de presidente en diez años con la investidura de Keiko Fujimori,https://www.globovision.com/internacional/59487/peru-vive-su-noveno-cambio-de-presidente-en-diez-anos-con-la-investidura-de-keiko-fujimori,globovision.com,es,,2026-07-28T16:00:00+00:00,2026-10-06T18:46:40+00:00,,gdelt_doc:economia,titular_metadatos,
N-a5fa9b543cd9,Premios Juventud 2026 : esta es la hora y dónde verlo en Panamá este jueves,https://www.telemetro.com/premios-juventud/premios-juventud-2026-esta-es-la-hora-y-donde-verlo-panama-este-jueves-n6090674,telemetro.com,es,,2026-09-03T22:15:00+00:00,2026-10-06T18:46:40+00:00,,gdelt_doc:panama,titular_metadatos,
N-a60e1c83b5c6,Delcy Rodríguez llega a Estados Unidos para participar en la Asamblea General de la ONU,https://www.larazon.es/internacional/delcy-rodriguez-llega-estados-unidos-participar-asamblea-general-onu_202609216ab0ce5bc90fae6e45ea445e.html,larazon.es,es,,2026-09-21T07:00:00+00:00,2026-10-06T18:46:40+00:00,,gdelt_doc:economia,titular_metadatos,
N-a667382bac8d,¡ Se la sudó ! Neka aprobó el examen de naturalización para ser panameña,https://www.critica.com.pa/show/se-la-sudo-neka-aprobo-el-examen-de-naturalizacion-para-ser-panamena-513506,critica.com.pa,es,,2026-07-26T19:00:00+00:00,2026-10-06T18:46:40+00:00,,gdelt_doc:logistica,titular_metadatos,
N-a670741e0c51,"Paraguay cerró 2025 con 16 bancos , entre los mercados más pequeños de la región - Economía",https://www.abc.com.py/economia/2026/09/01/paraguay-cerro-2025-con-16-bancos-entre-los-mercados-mas-pequenos-de-la-region/,abc.com.py,es,,2026-09-01T08:00:00+00:00,2026-10-06T18:46:40+00:00,,gdelt_doc:economia,titular_metadatos,
N-a6ae3054db9e,Un nuevo libro para la city,https://www.laestrella.com.pa/vida-y-cultura/cultura/un-nuevo-libro-para-la-city-GP24902040,laestrella.com.pa,es,,2026-08-16T07:00:00+00:00,2026-10-06T18:46:40+00:00,,gdelt_doc:logistica,titular_metadatos,
N-a6b406fde0f7,Especialistas analizan los efectos de la Ley de Sustancia Económica en los negocios,https://www.prensa.com/economia/especialistas-analizan-los-efectos-de-la-ley-de-sustancia-economica-en-los-negocios/,prensa.com,es,,2026-08-05T14:45:00+00:00,2026-10-06T18:46:40+00:00,,gdelt_doc:economia,titular_metadatos,
N-a6c75319f2db,Alrededor de 90 alcaldías no han presentado planes de acción ante el fenómeno del Niño,https://www.eluniverso.com/noticias/economia/alrededor-de-90-alcaldias-no-han-presentado-planes-de-accion-ante-el-fenomeno-del-nino-nota/,eluniverso.com,es,,2026-08-28T17:45:00+00:00,2026-10-06T18:46:40+00:00,,gdelt_doc:economia,titular_metadatos,
N-a6cf2baf4d79,Presidente Mulino propone una Asamblea Constituyente para transformar el Estado en 2027,https://www.telemetro.com/nacionales/presidente-mulino-propone-una-asamblea-constituyente-transformar-el-estado-2027-n6086214,telemetro.com,es,,2026-07-24T15:45:00+00:00,2026-10-06T18:46:40+00:00,,gdelt_doc:economia,titular_metadatos,
N-a6ef0ef35949,El atasco simultáneo en varios canales marítimos ahoga la economía global,https://www.lavanguardia.com/economia/20260828/11621268/atasco-simultaneo-canales-maritimos-ahoga-economia-global.html,lavanguardia.com,es,,2026-08-28T06:00:00+00:00,2026-10-06T18:46:40+00:00,,gdelt_doc:economia,titular_metadatos,
N-a6fa968d02e9,"Panamá tiembla , pero no tiene cómo alertar a la población ante un terremoto",https://www.critica.com.pa/nacional/panama-tiembla-pero-no-tiene-como-alertar-la-poblacion-ante-un-terremoto-514410,critica.com.pa,es,,2026-08-11T03:00:00+00:00,2026-10-06T18:46:40+00:00,,gdelt_doc:economia,titular_metadatos,
N-a701a0a0191e,IMA anuncia Agroferias para este lunes 28 y martes 29 de septiembre,https://www.midiario.com/nacionales/ima-anuncia-agroferias-para-este-lunes-28-y-martes-29-de-septiembre/,midiario.com,es,,2026-09-27T19:45:00+00:00,2026-10-06T18:46:40+00:00,,gdelt_doc:panama,titular_metadatos,
N-a718193bc854,Chapman califica de inaceptable lo ocurrido en la DGI y anuncia el reemplazo del sistema e - Tax,https://www.panamaamerica.com.pa/economia/chapman-califica-de-inaceptable-lo-ocurrido-en-la-dgi-y-anuncia-el-reemplazo-del-sistema-e,panamaamerica.com.pa,es,,2026-08-03T16:15:00+00:00,2026-10-06T18:46:40+00:00,,gdelt_doc:economia,titular_metadatos,
N-a71c0c923f30,Juegos Centroamericanos y del Caribe 2026 : Panamá suma tercera medalla en Taekwondo,https://www.rpctv.com/deportes/juegos-centroamericanos-y-del-caribe-2026-panama-suma-tercera-medalla-taekwondo-n6086510,rpctv.com,es,,2026-07-28T00:30:00+00:00,2026-10-06T18:46:40+00:00,,gdelt_doc:logistica,titular_metadatos,
N-a723adf17a46,"Tropical Storm Bertha strengthens as warnings extend along Gulf Coast , NHC says",https://www.record-bee.com/2026/07/21/tropial-storm-bertha-strengthens-near-gulf-coast/,record-bee.com,en,,2026-07-21T19:45:00+00:00,2026-10-06T18:46:40+00:00,,gdelt_doc:eventos_naturales,titular_metadatos,
N-a7343596cbbf,Bomberos piden más fondos : $22 . 3 millones de inversión quedarían sin cubrir en 2027,https://www.prensa.com/sociedad/bomberos-piden-mas-fondos-223-millones-de-inversion-quedarian-sin-cubrir-en-2027/,prensa.com,es,,2026-09-06T07:00:00+00:00,2026-10-06T18:46:40+00:00,,gdelt_doc:economia,titular_metadatos,
N-a735062b8c2c,Miles de corredores se preparan para vivir la gran fiesta del running en la primera edición de la Panama City Marathon 2026,https://www.panamaamerica.com.pa/deportes/miles-de-corredores-se-preparan-para-vivir-la-gran-fiesta-del-running-en-la-primera-edicion,panamaamerica.com.pa,es,,2026-08-21T21:00:00+00:00,2026-10-06T18:46:40+00:00,,gdelt_doc:economia,titular_metadatos,
N-a73e27aedd1e,Venezuela necesita dos monedas y una banca que vuelva a prestar,https://www.esdiario.com/economia/260815/195448/venezuela-necesita-dos-monedas-banca-vuelva-prestar.html,esdiario.com,es,,2026-08-15T10:30:00+00:00,2026-10-06T18:46:40+00:00,,gdelt_doc:economia,titular_metadatos,
N-a76aab0ee7e5,Mulino anuncia cambios en el interés preferencial y analiza medidas fiscales,https://www.larepublica.co/globoeconomia/mulino-anuncia-cambios-en-el-interes-preferencial-y-analiza-medidas-fiscales-4442757,larepublica.co,es,,2026-07-24T16:00:00+00:00,2026-10-06T18:46:40+00:00,,gdelt_doc:economia,titular_metadatos,
N-a78d90ec2a7f,Trump Escalates Iran Rhetoric as US Pursues Hormuz Deal at UN,https://wwd.com/sourcing-journal/logistics/donald-trump-iran-war-strait-of-hormuz-un-talks-shipping-ultimatum-1239254216/,wwd.com,en,,2026-09-23T00:30:00+00:00,2026-10-06T18:46:40+00:00,,gdelt_doc:economia,titular_metadatos,
N-a7acab0e87ec,US eyes indefinite Iran naval blockade as oil shortfall deepens,https://www.businesstimes.com.sg/international/us-eyes-indefinite-iran-naval-blockade-oil-supply-shortfall-deepens,businesstimes.com.sg,en,,2026-08-14T07:00:00+00:00,2026-10-06T18:46:40+00:00,,gdelt_doc:economia,titular_metadatos,
N-a7c550cbb302,¿ Abrir la mina para pagar su cierre ? La ruta que plantea la Comisión para Donoso,https://www.prensa.com/economia/abrir-la-mina-para-pagar-su-cierre-la-ruta-que-plantea-la-comision-para-donoso/,prensa.com,es,,2026-10-01T06:00:00+00:00,2026-10-06T18:46:40+00:00,,gdelt_doc:economia,titular_metadatos,
N-a7ea928d0332,Partido Auténtico Nacional busca 45 mil firmas tras recibir aval del TE para ser partido,https://www.laestrella.com.pa/panama/nacional/partido-autentico-nacional-busca-45-mil-firmas-tras-recibir-aval-del-te-para-ser-partido-IK25859818,laestrella.com.pa,es,,2026-09-21T23:00:00+00:00,2026-10-06T18:46:40+00:00,,gdelt_doc:logistica,titular_metadatos,
N-a7f6624559b4,Perú se une al Escudo de las Américas,https://www.sopitas.com/noticias/escudo-de-las-americas-peru-marco-rubio-estados-unidos/,sopitas.com,es,,2026-09-08T22:00:00+00:00,2026-10-06T18:46:40+00:00,,gdelt_doc:economia,titular_metadatos,
N-a7f9a647b397,"Por El Niño , reducen el tránsito en el Canal de Panamá ; ruta del 5 % del comercio marítimo mundial",https://www.clarin.com/mundo/nino-reducen-transito-canal-panama-ruta-5-comercio-maritimo-mundial_0_2LZeUlOuGj.html,clarin.com,es,,2026-08-21T16:00:00+00:00,2026-10-06T18:46:40+00:00,,gdelt_doc:logistica,titular_metadatos,
N-a83c0e97d89e,La ingeniera marina Ilya Espino asume como la primera mujer al frente del Canal de Panamá,https://www.diaadia.com.pa/el-pais/la-ingeniera-marina-ilya-espino-asume-como-la-primera-mujer-al-frente-del-canal-de-panama,diaadia.com.pa,es,,2026-09-07T18:45:00+00:00,2026-10-06T18:46:40+00:00,,gdelt_doc:economia,titular_metadatos,
N-a869eede510a,Nuevo ajuste de combustibles en Panamá : la gasolina de 95 llegará a $5 . 39 por galón,https://www.infobae.com/panama/2026/09/30/nuevo-ajuste-de-combustibles-en-panama-la-gasolina-de-95-llegara-a-539-por-galon/,infobae.com,es,,2026-10-01T00:45:00+00:00,2026-10-06T18:46:40+00:00,,gdelt_doc:panama,titular_metadatos,
N-a87d27aa257e,Seguridad sin oportunidades es solo pobreza vigilada,https://www.prensa.com/opinion/seguridad-sin-oportunidades-es-solo-pobreza-vigilada/,prensa.com,es,,2026-08-10T05:30:00+00:00,2026-10-06T18:46:40+00:00,,gdelt_doc:economia,titular_metadatos,
N-a87ef6ba0631,Preview - Asamblea de Panamá,https://www.asamblea.gob.pa/Noticias/Legislativa/PROYECTO-QUE-AJUSTA-MARCO-REGULATORIO-DEL-SERVICO-DE-SECTOR-ELECTRICO-PASA-A-MANOS-DE-LA-ASAMBLEA-NACIONAL-,asamblea.gob.pa,es,,2026-09-08T03:00:00+00:00,2026-10-06T18:46:40+00:00,,gdelt_doc:economia,titular_metadatos,
N-a8d3e311f073,Costa Rica espera un mayor ingreso de peregrinos centroamericanos por vía terrestre • Periódico Digital Centroamericano y del Caribe,https://newsinamerica.com/pdcc/turismo/2026/costa-rica-espera-un-mayor-ingreso-de-peregrinos-centroamericanos-por-via-terrestre/,newsinamerica.com,es,,2026-07-24T07:30:00+00:00,2026-10-06T18:46:40+00:00,,gdelt_doc:turismo,titular_metadatos,
N-a8de316d8103,Catamarca captó el interés de operadores turísticos internacionales en Meet Up Argentina,https://www.elesquiu.com/cultura-y-espectaculos/2026/8/7/catamarca-capto-el-interes-de-operadores-turisticos-internacionales-en-meet-up-argentina-591863.html,elesquiu.com,es,,2026-08-07T14:30:00+00:00,2026-10-06T18:46:40+00:00,,gdelt_doc:turismo,titular_metadatos,
N-a8e08a4095cf,Ley panameña de sustancia económica y sus implicaciones para RD,https://www.elcaribe.com.do/panorama/dinero/ley-panamena-de-sustancia-economica-y-sus-implicaciones-para-rd/,elcaribe.com.do,es,,2026-09-09T06:15:00+00:00,2026-10-06T18:46:40+00:00,,gdelt_doc:economia,titular_metadatos,
N-a8e998fa5899,Gabinete aprueba ingreso al ICCROM para proteger el patrimonio cultural,https://www.critica.com.pa/nacional/gabinete-aprueba-ingreso-al-iccrom-para-proteger-el-patrimonio-cultural-514054,critica.com.pa,es,,2026-08-05T05:15:00+00:00,2026-10-06T18:46:40+00:00,,gdelt_doc:turismo,titular_metadatos,
N-a9048f8d53bf,"El reloj alemán de la Catedral de Huancayo vuelve a latir tras 23 años , obra de un relojero peruano",https://elbuho.pe/2026/07/el-reloj-aleman-de-la-catedral-de-huancayo-vuelve-a-latir-tras-23-anos-obra-de-un-relojero-peruano/,elbuho.pe,es,,2026-07-26T22:00:00+00:00,2026-10-06T18:46:40+00:00,,gdelt_doc:turismo,titular_metadatos,
N-a91dc00f2c7f,"Panama Canal warns of cutting 5 ship transits a day , adding to global shipping woes",https://timesofindia.indiatimes.com/world/rest-of-world/panama-canal-warns-of-cutting-5-ship-transits-a-day-adding-to-global-shipping-woes/articleshow/133879746.cms,timesofindia.indiatimes.com,en,,2026-09-07T12:45:00+00:00,2026-10-06T18:46:40+00:00,,gdelt_doc:logistica,titular_metadatos,
N-a9411cbfffca,TVN Media avanza en Merco Talento Panamá 2026 y reafirma su liderazgo como número uno en el sector de medios de comunicación,https://www.tvn-2.com/nacionales/tvn-media-avanza-merco-talento_1_2250207.html,tvn-2.com,es,2026-07-09T17:36:21+00:00,,2026-10-06T18:46:40+00:00,,tvn_rss,titular_metadatos,
N-a950781d8174,Panamá abre a las empresas avilesinas un mercado con 38 . 000 millones en proyectos de inversión,https://www.elcomercio.es/aviles/panama-abre-empresas-avilesinas-mercado-38000-millones-20260731170508-nt.html,elcomercio.es,es,,2026-07-31T17:00:00+00:00,2026-10-06T18:46:40+00:00,,gdelt_doc:economia,titular_metadatos,
N-a9531e05d959,Florida gas prices could climb as Mideast tensions shake global oil markets,https://www.clickorlando.com/money/2026/07/13/florida-gas-prices-could-climb-as-mideast-tensions-shake-global-oil-markets/,clickorlando.com,en,,2026-07-13T18:00:00+00:00,2026-10-06T18:46:40+00:00,,gdelt_doc:economia,titular_metadatos,
N-a96df17d83e6,Google anuncia que instalará un cable submarino en Chile y Gobierno celebra impacto de la inversión | Economía,https://www.biobiochile.cl/noticias/economia/negocios-y-empresas/2026/08/11/google-anuncia-que-instalara-un-cable-submarino-en-chile-y-gobierno-celebra-impacto-de-la-inversion.shtml,biobiochile.cl,es,,2026-08-11T18:30:00+00:00,2026-10-06T18:46:40+00:00,,gdelt_doc:economia,titular_metadatos,
N-a971030cead3,"Chapman : Gobierno pierde $6 , 300 millones por cierre de la mina",https://www.critica.com.pa/nacional/chapman-gobierno-pierde-6300-millones-por-cierre-de-la-mina-512790,critica.com.pa,es,,2026-07-14T01:00:00+00:00,2026-10-06T18:46:40+00:00,,gdelt_doc:economia,titular_metadatos,
N-a97228e3d7ef,Venezuela main airport partially resumes commercial flights after deadly earthquakes,https://www.ksat.com/news/world/2026/09/01/venezuelas-main-airport-partially-resumes-commercial-flights-after-deadly-earthquakes/,ksat.com,en,,2026-09-02T01:45:00+00:00,2026-10-06T18:46:40+00:00,,gdelt_doc:turismo,titular_metadatos,
N-a975e54ba1e1,Morning note : economia e finanza dai giornali esteri,https://www.borsaitaliana.it/borsa/notizie/radiocor/finanza/dettaglio/morning-note-economia-e-finanza-dai-giornali-esteri-nRC_21082026_1001_264265391.html,borsaitaliana.it,en,,2026-08-21T09:00:00+00:00,2026-10-06T18:46:40+00:00,,gdelt_doc:economia,titular_metadatos,
N-a988ac3ff1f3,Los panameños ya no rumbean como antes : ¿ qué cambió ?,https://www.prensa.com/economia/los-panamenos-ya-no-rumbean-como-antes-que-cambio/,prensa.com,es,,2026-07-23T22:30:00+00:00,2026-10-06T18:46:40+00:00,,gdelt_doc:economia,titular_metadatos,
N-a9aa2eb14b7a,Panama courts India support to safeguard Canal neutrality amid shifting global trade routes,https://www.sentinelassam.com/more-news/national-news/panama-courts-indias-support-to-safeguard-canal-neutrality-amid-shifting-global-trade-routes,sentinelassam.com,en,,2026-07-21T06:15:00+00:00,2026-10-06T18:46:40+00:00,,gdelt_doc:logistica,titular_metadatos,
N-a9b003928199,Turismo en Panamá crece 17 . 4 % en 2026 y genera impacto económico de $159 millones,https://www.laestrella.com.pa/economia/turismo-en-panama-crece-174-en-2026-y-genera-impacto-economico-de-159-millones-FF24470500,laestrella.com.pa,es,,2026-07-29T22:45:00+00:00,2026-10-06T18:46:40+00:00,,gdelt_doc:economia,titular_metadatos,
N-a9bc8a779a5f,Every drop of water counts - Panama Canal Administrator,https://gcaptain.com/every-drop-of-water-counts-panama-canal-administrator/,gcaptain.com,en,,2026-08-26T17:15:00+00:00,2026-10-06T18:46:40+00:00,,gdelt_doc:logistica,titular_metadatos,
N-a9d267103928,"La visita de Marco Rubio a Colombia en tres claves : reconstrucción , economía y seguridad",https://panampost.com/panam-staff/2026/09/08/la-visita-de-marco-rubio-a-colombia-en-tres-claves-reconstruccion-economia-y-seguridad/,panampost.com,es,,2026-09-09T01:00:00+00:00,2026-10-06T18:46:40+00:00,,gdelt_doc:economia,titular_metadatos,
N-a9d6934819d8,Columna Estas líneas …,https://www.critica.com.mx/vernoticias1.php?artid=117991&mas=113,critica.com.mx,es,,2026-07-29T17:45:00+00:00,2026-10-06T18:46:40+00:00,,gdelt_doc:turismo,titular_metadatos,
N-aa2d1183fd6f,Bolivia repatrió dos ciudadanos que fueron reclutados por Rusia para combatir en la invasión contra Ucrania,https://www.infobae.com/america/america-latina/2026/08/19/bolivia-repatrio-dos-ciudadanos-que-fueron-reclutados-por-rusia-para-combatir-en-la-invasion-contra-ucrania/,infobae.com,es,,2026-08-19T08:30:00+00:00,2026-10-06T18:46:40+00:00,,gdelt_doc:economia,titular_metadatos,
N-aa2d2c149cef,Este es el fenómeno de El Niño más potente en décadas : Así se preparan Chile y el resto de América Latina,https://www.cnnchile.com/mundo/este-es-el-fenomeno-de-el-nino-mas-potente-en-decadas-asi-se-preparan-chile-y-el-resto-de-america-latina/,cnnchile.com,es,,2026-07-30T20:45:00+00:00,2026-10-06T18:46:40+00:00,,gdelt_doc:eventos_naturales,titular_metadatos,
N-aa3700b24d80,Panama online betting boom and why odds are suddenly everyone favorite topic,https://newsroompanama.com/2026/07/08/panamas-online-betting-boom-and-why-odds-are-suddenly-everyones-favorite-topic/,newsroompanama.com,en,,2026-07-09T04:45:00+00:00,2026-10-06T18:46:40+00:00,,gdelt_doc:eventos_naturales,titular_metadatos,
N-aa6390fd270a,Rubio afirma que EEUU trabaja con la Asamblea venezolana opositora de 2015 para celebrar elecciones lo antes posible,https://www.notimerica.com/politica/noticia-rubio-afirma-eeuu-trabaja-asamblea-venezolana-opositora-2015-celebrar-elecciones-antes-posible-20260929045025.html,notimerica.com,es,,2026-09-29T06:45:00+00:00,2026-10-06T18:46:40+00:00,,gdelt_doc:economia,titular_metadatos,
N-aa6e3198ec66,China lanza un duro dardo contra Panamá en plenas tensiones diplomáticas,https://www.globovision.com/internacional/58746/china-lanza-un-duro-dardo-contra-panama-en-plenas-tensiones-diplomaticas,globovision.com,es,,2026-07-13T16:00:00+00:00,2026-10-06T18:46:40+00:00,,gdelt_doc:panama,titular_metadatos,
N-aa73a022f15d,Su jubilación puede rendir el doble en estos 10 países en 2026,https://eldiariony.com/2026/09/07/tu-jubilacion-puede-rendir-el-doble-en-estos-10-paises-pero-medicare-no-viaja-contigo/,eldiariony.com,es,,2026-09-07T19:15:00+00:00,2026-10-06T18:46:40+00:00,,gdelt_doc:economia,titular_metadatos,
N-aa7eeef153d1,Ednita Nazario presenta su nueva producción « FuegoAlmaVida » - NotiCel - La verdad como es - Noticias de Puerto Rico,https://noticel.com/noticias/20260714/ednita-nazario-presenta-su-nueva-produccion-fuegoalmavida/,noticel.com,es,,2026-07-15T00:30:00+00:00,2026-10-06T18:46:40+00:00,,gdelt_doc:logistica,titular_metadatos,
N-aa8427b756af,"Gib - el - Tarik , la roca que escucha",https://www.lavanguardia.com/internacional/20260929/11646184/gib-tarik-roca-escucha.html,lavanguardia.com,es,,2026-09-29T04:45:00+00:00,2026-10-06T18:46:40+00:00,,gdelt_doc:turismo,titular_metadatos,
N-aa8734ab5554,Enjoy Travel Group fortalece su presencia en la Rueda de Negocios ANATO Mayoristas • Periódico Digital Centroamericano y del Caribe,https://newsinamerica.com/pdcc/turismo/2026/enjoy-travel-group-fortalece-su-presencia-en-la-rueda-de-negocios-anato-mayoristas/,newsinamerica.com,es,,2026-07-24T07:30:00+00:00,2026-10-06T18:46:40+00:00,,gdelt_doc:turismo,titular_metadatos,
N-aaa30562a5ed,"Panameño , aprehendido en Colombia por llenar contenedores con droga",https://www.critica.com.pa/sucesos/panameno-aprehendido-en-colombia-por-llenar-contenedores-con-droga-513301,critica.com.pa,es,,2026-07-22T20:00:00+00:00,2026-10-06T18:46:40+00:00,,gdelt_doc:panama,titular_metadatos,
N-ab0e72631219,El tirón de orejas de Trump a Delcy : « Al final tiene que haber elecciones »,https://www.diariosur.es/internacional/tiron-orejas-trump-delcy-final-haber-elecciones-20260924071527-ntrc.html,diariosur.es,es,,2026-09-24T06:15:00+00:00,2026-10-06T18:46:40+00:00,,gdelt_doc:economia,titular_metadatos,
N-ab2efef5df48,Los agarran con las manos en el oro : Seis caen por presunta minería ilegal en quebrada de Panamá Norte,https://www.midiario.com/policiales/los-agarran-con-las-manos-en-el-oro-seis-caen-por-presunta-mineria-ilegal-en-quebrada-de-panama-norte/,midiario.com,es,,2026-09-05T19:30:00+00:00,2026-10-06T18:46:40+00:00,,gdelt_doc:panama,titular_metadatos,
N-ab310d694663,Panamá acelera su transformación digital : ¿ están preparados sus edificios ?,https://www.panamaamerica.com.pa/tecnologia/panama-acelera-su-transformacion-digital-estan-preparados-sus-edificios-1265044,panamaamerica.com.pa,es,,2026-08-11T18:15:00+00:00,2026-10-06T18:46:40+00:00,,gdelt_doc:economia,titular_metadatos,
N-ab31439e3f9c,Panama Friendly Nations Visa : Ecuador Added,https://www.riotimesonline.com/panama-friendly-nations-visa-ecuador-executive-decree-16-august-31-2026-residence/,riotimesonline.com,en,,2026-09-11T14:30:00+00:00,2026-10-06T18:46:40+00:00,,gdelt_doc:economia,titular_metadatos,
N-ab4018350e30,Panamá investiga la pérdida total del buque carguero que naufragó en India y dejó 22 desaparecidos,https://www.infobae.com/panama/2026/08/25/panama-investiga-la-perdida-total-del-buque-carguero-que-naufrago-en-india/,infobae.com,es,,2026-08-25T18:00:00+00:00,2026-10-06T18:46:40+00:00,,gdelt_doc:panama,titular_metadatos,
N-ab53ded8174f,Vacantes de empleo en Panamá : conoce las ofertas del MITRADEL y la Cámara de Comercio,https://www.telemetro.com/nacionales/vacantes-empleo-panama-conoce-las-ofertas-del-mitradel-y-la-camara-comercio-n6085263,telemetro.com,es,,2026-07-15T17:30:00+00:00,2026-10-06T18:46:40+00:00,,gdelt_doc:panama,titular_metadatos,
N-ab6a5910b9d5,Preview - Asamblea de Panamá,https://www.asamblea.gob.pa/Noticias/Actualidad/PRESIDENTA-DE-LA-ASAMBLEA-SUSTENTA-PRESUPUESTO-PARA-LA-VIGENCIA-FISCAL-DE-2027,asamblea.gob.pa,es,,2026-09-04T04:00:00+00:00,2026-10-06T18:46:40+00:00,,gdelt_doc:economia,titular_metadatos,
N-ab6af89887de,Argentina vuelve a abrir sus tierras al capital extranjero,https://www.dw.com/es/tierras-para-extranjeros-en-am%C3%A9rica-latina-la-excepci%C3%B3n-argentina-frente-a-una-regi%C3%B3n-con-restricciones/a-79495244,dw.com,es,,2026-10-01T14:45:00+00:00,2026-10-06T18:46:40+00:00,,gdelt_doc:economia,titular_metadatos,
N-ab7158c1e4f0,Reportan afectaciones en municipios de seis estados tras precipitaciones - Agencia Venezolana de Noticias,https://avn.info.ve/reportan-afectaciones-en-municipios-de-seis-estados-tras-precipitaciones/,avn.info.ve,es,,2026-07-21T16:15:00+00:00,2026-10-06T18:46:40+00:00,,gdelt_doc:eventos_naturales,titular_metadatos,
N-ab7e30b6692c,"Panamá afianza cooperación , conectividad aérea y seguridad marítima con Ghana , Trinidad y Tobago y Ucrania – Ministerio de Relaciones exteriores",https://mire.gob.pa/panama-afianza-cooperacion-conectividad-aerea-y-seguridad-maritima-con-ghana-trinidad-y-tobago-y-ucrania/,mire.gob.pa,es,,2026-09-23T00:30:00+00:00,2026-10-06T18:46:40+00:00,,gdelt_doc:logistica,titular_metadatos,
N-ab9564bc63af,Milei threatens at UN that Argentina will take matters into our own hand on Falklands,https://freerepublic.com/focus/f-news/4396645/posts,freerepublic.com,en,,2026-09-23T23:00:00+00:00,2026-10-06T18:46:40+00:00,,gdelt_doc:logistica,titular_metadatos,
N-ab9b0b7a52c4,"On this Occasion of the UN General Assembly , Mulino and his Cabinet are Working from New York .",https://newsroompanama.com/2026/09/22/on-this-occasion-of-the-un-general-assembly-mulino-and-his-cabinet-are-working-from-new-york/,newsroompanama.com,en,,2026-09-23T05:45:00+00:00,2026-10-06T18:46:40+00:00,,gdelt_doc:economia,titular_metadatos,
N-abc21d9addb1,República Dominicana supera los 7 . 7 millones de visitantes hasta julio,https://diariodigitalrd.com/2026/08/04/republica-dominicana-supera-los-7-7-millones-de-visitantes-hasta-julio.html,diariodigitalrd.com,es,,2026-08-04T20:45:00+00:00,2026-10-06T18:46:40+00:00,,gdelt_doc:turismo,titular_metadatos,
N-abc7c9393ea0,El Disneyland del contrabando está en Panamá y piden medidas enérgicas para acabarlo | MUNDO,https://gestion.pe/mundo/internacional/el-disneyland-del-contrabando-esta-en-panama-y-piden-medidas-energicas-para-acabarlo-noticia/,gestion.pe,es,,2026-07-11T01:45:00+00:00,2026-10-06T18:46:40+00:00,,gdelt_doc:eventos_naturales,titular_metadatos,
N-ac20f0dc71ec,Ceremonia de bienvenida a José Raúl Mulino en México,http://www.elmanana.com/noticias/nacional/ceremonia-de-bienvenida-a-jose-raul-mulino-en-mexico/6161349,elmanana.com,es,,2026-07-16T16:15:00+00:00,2026-10-06T18:46:40+00:00,,gdelt_doc:economia,titular_metadatos,
N-ac236a795db8,María Corina Machado Trapped in Panama ? Inside Her Seven Failed Attempts to Return to Venezuela,https://www.latintimes.com/mari-corina-machado-trapped-panama-inside-her-seven-failed-attempts-return-venezuela-599524,latintimes.com,en,,2026-09-24T13:30:00+00:00,2026-10-06T18:46:40+00:00,,gdelt_doc:logistica,titular_metadatos,
N-ac2617a0e209,Minera canadiense dice estar satisfecha por auditoría a mina de cobre cerrada en Panamá,https://www.diaadia.com.pa/el-pais/minera-canadiense-dice-estar-satisfecha-por-auditoria-mina-de-cobre-cerrada-en-panama,diaadia.com.pa,es,,2026-07-29T19:30:00+00:00,2026-10-06T18:46:40+00:00,,gdelt_doc:economia,titular_metadatos,
N-ac34e8670f80,HelloNation Features Real Estate Expert Angie Outlaw on Flood Insurance for Coastal Homes in Florida,https://www.prnewswire.com/news-releases/hellonation-features-real-estate-expert-angie-outlaw-on-flood-insurance-for-coastal-homes-in-florida-302854262.html,prnewswire.com,en,,2026-08-18T15:45:00+00:00,2026-10-06T18:46:40+00:00,,gdelt_doc:eventos_naturales,titular_metadatos,
N-ac5cca3e8882,The First Floating Nuclear Power Station,https://hackaday.com/2026/09/21/the-first-floating-nuclear-power-station/,hackaday.com,en,,2026-09-21T22:15:00+00:00,2026-10-06T18:46:40+00:00,,gdelt_doc:logistica,titular_metadatos,
N-ac678311fcf1,"¿ De qué países llegan más visitantes a Guatemala ? El Salvador y EE . UU . encabezan la lista , según el Inguat",https://lahora.gt/nacionales/diego/2026/10/01/de-que-paises-llegan-mas-visitantes-a-guatemala-el-salvador-y-ee-uu-encabezan-la-lista-segun-el-inguat-now/,lahora.gt,es,,2026-10-01T14:00:00+00:00,2026-10-06T18:46:40+00:00,,gdelt_doc:turismo,titular_metadatos,
N-ac7c132fcfe4,"Unidos , somos má : FSU Panama City celebrates Hispanic Heritage Month",https://www.wjhg.com/2026/09/23/together-we-are-more-unidos-somos-ms-fsu-panama-city-celebrates-hispanic-heritage-month/,wjhg.com,en,,2026-09-23T06:15:00+00:00,2026-10-06T18:46:40+00:00,,gdelt_doc:logistica,titular_metadatos,
N-ac82078f9d4c,Iberia prolonga hasta junio del 2027 la suspensión de vuelos a Cuba,https://www.lavanguardia.com/economia/20260819/11616566/iberia-prolonga-junio-2027-suspension-vuelos-cuba.html,lavanguardia.com,es,,2026-08-19T21:45:00+00:00,2026-10-06T18:46:40+00:00,,gdelt_doc:economia,titular_metadatos,
N-ac8918a2d3b2,Secretary of War Pete Hegseth Holds a Press Availability at the USS Gridley,https://www.globalsecurity.org/military/library/news/2026/08/mil-260813-dod02.htm,globalsecurity.org,en,,2026-08-14T13:45:00+00:00,2026-10-06T18:46:40+00:00,,gdelt_doc:economia,titular_metadatos,
N-ac9ec096e01d,Panamá mantiene calificación BBB - mientras S & P proyecta crecimiento de 4 . 5 %,https://www.critica.com.pa/nacional/panama-mantiene-calificacion-bbb-mientras-sp-proyecta-crecimiento-de-45-516847,critica.com.pa,es,,2026-09-23T04:00:00+00:00,2026-10-06T18:46:40+00:00,,gdelt_doc:economia,titular_metadatos,
N-aca4f30c25d4,Trump pledges unmatched military might against drug cartels,https://www.spokesman.com/stories/2026/sep/22/trump-pledges-unmatched-military-might-against-dru/,spokesman.com,en,,2026-09-23T01:45:00+00:00,2026-10-06T18:46:40+00:00,,gdelt_doc:logistica,titular_metadatos,
N-acacdc2b0579,Un práctico del Canal de Panamá reconstruye en miniatura la epopeya de su construcción,https://www.prensa.com/vivir/un-practico-del-canal-de-panama-reconstruye-en-miniatura-la-epopeya-de-su-construccion/,prensa.com,es,,2026-07-18T09:45:00+00:00,2026-10-06T18:46:40+00:00,,gdelt_doc:logistica,titular_metadatos,
N-acaf2b17f4cb,CK Hutchison exige 1 . 500 millones de dólares a Panamá tras la incautación de puertos estratégicos,https://www.cadena3.com/noticia/mundo/ck-hutchison-exige-1500-millones-de-dolares-a-panama-tras-la-incautacion-de-puertos-estrategicos_585190,cadena3.com,es,,2026-08-20T06:15:00+00:00,2026-10-06T18:46:40+00:00,,gdelt_doc:logistica,titular_metadatos,
N-acb78e0d2064,El delegado del Gobierno en Canarias inaugura el nuevo dique flotante del puerto de Tenerife,https://www.libertaddigital.com/canarias/2026-09-09/el-delegado-del-gobierno-en-canarias-inaugura-el-nuevo-dique-flotante-del-puerto-de-tenerife-7456902/,libertaddigital.com,es,,2026-09-09T01:30:00+00:00,2026-10-06T18:46:40+00:00,,gdelt_doc:economia,titular_metadatos,
N-acbf8b8104f2,Sorprenden a tres personas presuntamente realizando minería ilegal cerca del lago Alajuela,https://www.prensa.com/judiciales/sorprenden-a-tres-personas-presuntamente-realizando-mineria-ilegal-cerca-del-lago-alajuela/,prensa.com,es,,2026-07-28T01:00:00+00:00,2026-10-06T18:46:40+00:00,,gdelt_doc:logistica,titular_metadatos,
N-acc289cfa510,Pronostican que las lluvias continuarán durante las próximas horas,https://www.telemetro.com/nacionales/pronostican-que-las-lluvias-continuaran-las-proximas-horas-n6090613,telemetro.com,es,,2026-09-03T05:30:00+00:00,2026-10-06T18:46:40+00:00,,gdelt_doc:panama,titular_metadatos,
N-acd2a8dbd9e4,"Having Lost a Friend in Graham , Zelensky to Visit White House",https://www.newser.com/story/393552/having-lost-a-friend-in-graham-zelensky-to-visit-white-house.html,newser.com,en,,2026-07-27T14:45:00+00:00,2026-10-06T18:46:40+00:00,,gdelt_doc:logistica,titular_metadatos,
N-acd96dadbc3b,Club Colombia y Netflix lanzan cerveza inspirada en Cien años de soledad : así es la edición,https://www.portafolio.co/negocios/empresas/club-colombia-y-netflix-lanzan-cerveza-inspirada-en-cien-anos-de-soledad-asi-es-la-edicion-498656,portafolio.co,es,,2026-07-22T16:30:00+00:00,2026-10-06T18:46:40+00:00,,gdelt_doc:eventos_naturales,titular_metadatos,
N-acdda6cb9c81,Las noticias que están dando de qué hablar en Panamá y el mundo este 29 de julio,https://www.laestrella.com.pa/panama/nacional/las-noticias-que-estan-dando-de-que-hablar-en-panama-y-el-mundo-este-29-de-julio-BF24471617,laestrella.com.pa,es,,2026-07-30T00:45:00+00:00,2026-10-06T18:46:40+00:00,,gdelt_doc:economia,titular_metadatos,
N-acf64d12d3f7,"Comisión de Presupuesto da luz verde a fondos para ambiente , salud y arroz",https://www.critica.com.pa/nacional/comision-de-presupuesto-da-luz-verde-fondos-para-ambiente-salud-y-arroz-515408,critica.com.pa,es,,2026-08-28T06:00:00+00:00,2026-10-06T18:46:40+00:00,,gdelt_doc:economia,titular_metadatos,
N-acfc37999a59,"Crece el PIB , no el optimismo",https://www.prensa.com/opinion/crece-el-pib-no-el-optimismo/,prensa.com,es,,2026-08-02T03:45:00+00:00,2026-10-06T18:46:40+00:00,,gdelt_doc:economia,titular_metadatos,
N-ad0007cf9941,PANA busca sumar 46 mil firmas para convertirse en partido político,https://www.critica.com.pa/nacional/pana-busca-sumar-46-mil-firmas-para-convertirse-en-partido-politico-516798,critica.com.pa,es,,2026-09-22T05:30:00+00:00,2026-10-06T18:46:40+00:00,,gdelt_doc:logistica,titular_metadatos,
N-ad0e2394f8c6,Descontento social evidencia desgaste en el gobierno panameño,https://www.hispantv.com/noticias/panama/660828/descontento-social-desgaste-gobierno-panameno,hispantv.com,es,,2026-09-21T21:30:00+00:00,2026-10-06T18:46:40+00:00,,gdelt_doc:economia,titular_metadatos,
N-ad14e67305ab,"Alimentos en riesgo en Centroamérica : El Niño amenaza a 6 , 6 millones de personas",https://www.panamaamerica.com.pa/sociedad/alimentos-en-riesgo-en-centroamerica-el-nino-amenaza-66-millones-de-personas-1266008,panamaamerica.com.pa,es,,2026-09-06T07:45:00+00:00,2026-10-06T18:46:40+00:00,,gdelt_doc:economia,titular_metadatos,
N-ad290422acac,Más allá de los discursos : Los tres pilares para una verdadera soberanía en Magallanes y la Antártica,https://laprensaaustral.cl/2026/09/27/mas-alla-de-los-discursos-los-tres-pilares-para-una-verdadera-soberania-en-magallanes-y-la-antartica/,laprensaaustral.cl,es,,2026-09-27T14:45:00+00:00,2026-10-06T18:46:40+00:00,,gdelt_doc:economia,titular_metadatos,
N-ad394e87d8c8,Diputados siguen instalando las comisiones,https://www.critica.com.pa/nacional/diputados-siguen-instalando-las-comisiones-513408,critica.com.pa,es,,2026-07-24T05:30:00+00:00,2026-10-06T18:46:40+00:00,,gdelt_doc:turismo,titular_metadatos,
N-ad3c5dffa358,Secretaría de Obras destinará más de 124 mdp en pavimentación de acceso a 23 escuelas,https://lineadirectaportal.com/sinaloa/secretaria-de-obras-destinara-mas-de-124-mdp-en-pavimentacion-de-acceso-a-23-escuelas-2026-09-24__1708111,lineadirectaportal.com,es,,2026-09-25T00:00:00+00:00,2026-10-06T18:46:40+00:00,,gdelt_doc:logistica,titular_metadatos,
N-ad40d2434b5e,"Siete cuencas , una sola misión : La alianza entre The Ocean Cleanup y Marea Verde para limpiar los ríos de Panamá",https://www.prensa.com/sociedad/siete-cuencas-una-sola-mision-la-alianza-entre-the-ocean-cleanup-y-marea-verde-para-limpiar-los-rios-de-panama/,prensa.com,es,,2026-07-11T19:15:00+00:00,2026-10-06T18:46:40+00:00,,gdelt_doc:panama,titular_metadatos,
N-ad621497537b,Estrecho de Magallanes : ¿ el Ormuz latinoamericano ?,https://www.lostiempos.com/actualidad/mundo/20260906/estrecho-magallanes-ormuz-latinoamericano,lostiempos.com,es,,2026-09-06T13:15:00+00:00,2026-10-06T18:46:40+00:00,,gdelt_doc:logistica,titular_metadatos,
N-ad830d51207e,Panamá tendrá a Chamar Chambers en la final de los 800 metros en los Juegos Suramericanos 2026,https://www.prensa.com/deportes/panama-tendra-a-chamar-chambers-en-la-final-de-los-800-metros-en-los-juegos-suramericanos-2026/,prensa.com,es,,2026-09-22T23:30:00+00:00,2026-10-06T18:46:40+00:00,,gdelt_doc:panama,titular_metadatos,
N-ada3f4fddd0a,China and Russia intelligence sites in Cuba called national security threat,https://www.foxnews.com/media/waltz-warns-chinese-russian-fueled-national-security-threat-looming-close-us-shores,foxnews.com,en,,2026-07-12T19:15:00+00:00,2026-10-06T18:46:40+00:00,,gdelt_doc:logistica,titular_metadatos,
N-ada61dc35c65,El Perú asume la Presidencia Pro Tempore de la Comunidad Andina con la meta de profundización de la agenda regional -,https://www.peruinforma.com/el-peru-asume-la-presidencia-pro-tempore-de-la-comunidad-andina-con-la-meta-de-profundizacion-de-la-agenda-regional/,peruinforma.com,es,,2026-10-01T05:15:00+00:00,2026-10-06T18:46:40+00:00,,gdelt_doc:turismo,titular_metadatos,
N-adaa9c8d1c33,Tropical Storm Bertha in the Gulf of Mexico is moving toward the Florida Panhandle and Alabama,https://toronto.citynews.ca/2026/07/21/tropical-storm-bertha-in-the-gulf-of-mexico-moving-toward-florida-panhandle-and-alabama/,toronto.citynews.ca,en,,2026-07-21T13:00:00+00:00,2026-10-06T18:46:40+00:00,,gdelt_doc:eventos_naturales,titular_metadatos,
N-adb58ea291bf,"Tropical Storm Bertha strengthens , moves toward Florida Panhandle and Alabama",https://www.atlantanewsfirst.com/2026/07/21/tropical-storm-bertha-strengthens-moves-toward-florida-panhandle-alabama/,atlantanewsfirst.com,en,,2026-07-21T18:00:00+00:00,2026-10-06T18:46:40+00:00,,gdelt_doc:eventos_naturales,titular_metadatos,
N-aded74963265,"Panamá es quinto en consumo de pollo , pero decimotercero en producción",https://www.prensa.com/economia/panama-es-quinto-en-consumo-de-pollo-pero-decimotercero-en-produccion-en-america-latina-y-el-caribe-en-huevo-estamos-a-la-cola/,prensa.com,es,,2026-07-12T10:00:00+00:00,2026-10-06T18:46:40+00:00,,gdelt_doc:panama,titular_metadatos,
N-ae56605d7546,La IA toca las puertas del sindicalismo - Runrun . es : En defensa de tus derechos humanos,https://runrun.es/opinion/621450/ia-y-sindicalismo/,runrun.es,es,,2026-09-30T21:45:00+00:00,2026-10-06T18:46:40+00:00,,gdelt_doc:economia,titular_metadatos,
N-ae647c89493e,Retienen vehículo con 50 mil cigarrillos en puesto de control en Chiriquí,https://www.telemetro.com/nacionales/retienen-vehiculo-50-mil-cigarrillos-puesto-control-chiriqui-n6093619,telemetro.com,es,,2026-10-01T01:45:00+00:00,2026-10-06T18:46:40+00:00,,gdelt_doc:panama,titular_metadatos,
N-ae74a2dd9dca,Venezuela main airport partially resumes commercial flights after deadly earthquakes,https://www.yahoo.com/news/world/articles/venezuela-main-airport-partially-resumes-210251236.html,yahoo.com,en,,2026-09-01T21:30:00+00:00,2026-10-06T18:46:40+00:00,,gdelt_doc:turismo,titular_metadatos,
N-ae783205615b,Mulino presenta portafolio de proyectos del Canal a navieros de Japón,https://www.panamaamerica.com.pa/sociedad/mulino-presenta-portafolio-de-proyectos-del-canal-navieros-de-japon-1263943,panamaamerica.com.pa,es,,2026-07-14T00:30:00+00:00,2026-10-06T18:46:40+00:00,,gdelt_doc:logistica,titular_metadatos,
N-ae84537495f2,Panamá avanza hacia la certificación de su pesquería de atún sostenible,https://www.panamaamerica.com.pa/economia/panama-avanza-hacia-la-certificacion-de-su-pesqueria-de-atun-sostenible-1265204,panamaamerica.com.pa,es,,2026-08-14T23:00:00+00:00,2026-10-06T18:46:40+00:00,,gdelt_doc:economia,titular_metadatos,
N-ae90b4f4890c,Fuerza Pública y Armada de EE . UU . refuerzan preparación ante posibles amenazas al Canal,https://www.panamaamerica.com.pa/sociedad/fuerza-publica-y-armada-de-ee-uu-refuerzan-preparacion-ante-posibles-amenazas-al-canal,panamaamerica.com.pa,es,,2026-08-02T02:00:00+00:00,2026-10-06T18:46:40+00:00,,gdelt_doc:logistica,titular_metadatos,
N-ae9ff6b96866,12 Persons Provisionally Detained by the DIJ After a Court Hearing Regarding the Operation Pandora Network at the DGI,https://newsroompanama.com/2026/07/12/12-persons-provisionally-detained-by-the-dij-after-a-court-hearing-regarding-the-operation-pandora-network-at-the-dgi/,newsroompanama.com,en,,2026-07-12T20:00:00+00:00,2026-10-06T18:46:40+00:00,,gdelt_doc:economia,titular_metadatos,
N-aeaf21af7cf2,"Mulino y Sheinbaum abordarán comercio , inversiones y seguridad durante reunión en México",https://www.prensa.com/politica/mulino-y-sheinbaum-abordaran-comercio-inversiones-y-seguridad-durante-reunion-en-mexico/,prensa.com,es,,2026-07-13T19:45:00+00:00,2026-10-06T18:46:40+00:00,,gdelt_doc:panama,titular_metadatos,
N-aeb1c475ce60,La ciudad que nos recuerda,https://www.prensa.com/opinion/la-ciudad-que-nos-recuerda/,prensa.com,es,,2026-09-21T18:30:00+00:00,2026-10-06T18:46:40+00:00,,gdelt_doc:economia,titular_metadatos,
N-aeb602e734ea,"China busca estrechar lazos con Panamá , nodo clave del comercio global",https://www.librered.net/china-busca-estrechar-lazos-con-panama-nodo-clave-del-comercio-global/,librered.net,es,,2026-07-21T16:15:00+00:00,2026-10-06T18:46:40+00:00,,gdelt_doc:economia,titular_metadatos,
N-aeb8f3b65882,"Indian Ambassador Sumit Seth bids farewell to Panama President Jose Raul Mulino , discusses scholarships , development projects and bilateral ties",https://news.webindia123.com/news/Articles/World/20260807/4484183.html,news.webindia123.com,en,,2026-08-06T22:30:00+00:00,2026-10-06T18:46:40+00:00,,gdelt_doc:economia,titular_metadatos,
N-aebdf3151303,Colegios privados : ¿ cuánto costará la matrícula y anualidad en 2027 ?,https://www.laestrella.com.pa/economia/colegios-privados-cuanto-costara-la-matricula-y-anualidad-en-2027-JE26116069,laestrella.com.pa,es,,2026-09-30T21:45:00+00:00,2026-10-06T18:46:40+00:00,,gdelt_doc:panama,titular_metadatos,
N-aebf8c9c3fe1,Panama Canal Scraps Planned October Draft Cut for Now,https://gcaptain.com/panama-canal-scraps-planned-october-draft-cut-for-now/,gcaptain.com,en,,2026-09-05T02:45:00+00:00,2026-10-06T18:46:40+00:00,,gdelt_doc:logistica,titular_metadatos,
N-aec2cb6667f0,Panamá suspende la compra de vehículos estatales tras incumplimiento de las entidades,https://www.larepublica.co/globoeconomia/panama-suspende-la-compra-de-vehiculos-estatales-tras-incumplimiento-de-las-entidades-4477375,larepublica.co,es,,2026-09-09T01:00:00+00:00,2026-10-06T18:46:40+00:00,,gdelt_doc:economia,titular_metadatos,
N-aedb8246ff46,Keiko Fujimori asumió la Presidencia de Perú en un escenario de fuerte polarización política,https://www.ambito.com/mundo/keiko-fujimori-asume-la-presidencia-peru-un-escenario-fuerte-polarizacion-politica-n6304461,ambito.com,es,,2026-07-28T19:45:00+00:00,2026-10-06T18:46:40+00:00,,gdelt_doc:economia,titular_metadatos,
N-aee5c72629d3,"Muere Dagoberto Yin Carrizo , ícono de la música típica panameña",https://www.laestrella.com.pa/vida-y-cultura/farandula/muere-dagoberto-yin-carrizo-icono-de-la-musica-tipica-panamena-GL25487515,laestrella.com.pa,es,,2026-09-07T17:30:00+00:00,2026-10-06T18:46:40+00:00,,gdelt_doc:panama,titular_metadatos,
N-af026937d527,"Panamá apunta a salir de la lista fiscal de la Unión Europea , pero aún enfrenta una revisión clave en 2027",https://www.prensa.com/economia/panama-apunta-a-salir-de-la-lista-fiscal-de-la-union-europea-pero-aun-enfrenta-una-revision-clave-en-2027/,prensa.com,es,,2026-10-02T08:15:00+00:00,2026-10-06T18:46:40+00:00,,gdelt_doc:economia,titular_metadatos,
N-af36c8dfe76b,El discurso del presidente Luis Abinader ante la ONU,https://hoy.com.do/el-mundo/estados-unidos/discurso-presidente-luis-abinader-onu_1103346.html,hoy.com.do,es,,2026-09-23T18:00:00+00:00,2026-10-06T18:46:40+00:00,,gdelt_doc:turismo,titular_metadatos,
N-af662242ea0b,Clínica colombiana de implantes de pelo invertirá 10 % de sus ingresos en tecnología y prepara llegada a Chile y Brasil,https://infonegocios.com.co/nota-principal-2/clinica-colombiana-de-implantes-de-pelo-nvertira-10-de-sus-ingresos-en-tecnologia-y-prepara-llegada-a-chile-y-brasil,infonegocios.com.co,es,,2026-09-25T01:00:00+00:00,2026-10-06T18:46:40+00:00,,gdelt_doc:turismo,titular_metadatos,
N-af6665fcc8b8,Universidad de Panamá advierte sobre tensiones con Estados Unidos y defiende la soberanía del Canal,https://www.laestrella.com.pa/panama/nacional/universidad-de-panama-advierte-sobre-tensiones-con-estados-unidos-y-defiende-la-soberania-del-canal-DG25233123,laestrella.com.pa,es,,2026-08-28T16:15:00+00:00,2026-10-06T18:46:40+00:00,,gdelt_doc:logistica,titular_metadatos,
N-af693b993634,"Benedicto XVI y Regensburg , « aún no vemos correcciones », Burke y las cosas diabólicas , la geometría variable , el cura del flotador , Gallese destituido , conferencia LGBT , el diálogo con Emma Bonino , León XIII y el colapso , contra el extracti...",https://infovaticana.com/blogs/specola/benedicto-xvi-y-regensburg-aun-no-vemos-correcciones-burke-y-las-cosas-diabolicas-la-geometria-variable-el-cura-del-flotador-gallese-destituido-conferencia-lgbt-el-dialogo-con-emma-bonino/,infovaticana.com,es,,2026-09-12T11:30:00+00:00,2026-10-06T18:46:40+00:00,,gdelt_doc:economia,titular_metadatos,
N-af716c42423f,"En Panamá ordenan congelar trámites de todos los créditos fiscales bajo sospecha de fraude , además de una auditoría integral",https://www.infobae.com/panama/2026/07/27/en-panama-ordenan-congelar-tramites-de-todos-los-creditos-fiscales-bajo-sospecha-de-fraude-ademas-de-una-auditoria-integral/,infobae.com,es,,2026-07-28T01:15:00+00:00,2026-10-06T18:46:40+00:00,,gdelt_doc:economia,titular_metadatos,
N-af7500bb4d7b,"Se decomisaron US$600 , 700 y 647 , 000 pesos colombianos en el AILA por no declarar las divisas",https://elnacional.com.do/nacionales/policiales/aduana-decomisa-35-millones-pesos-647-mil-pesos-colombiano_580055.html,elnacional.com.do,es,,2026-09-04T18:00:00+00:00,2026-10-06T18:46:40+00:00,,gdelt_doc:economia,titular_metadatos,
N-af826dc8b80d,"Quién es la esposa de Yamid Amat , sus hijos y más detalles de su vida personal",https://www.pulzo.com/nacion/quien-es-esposa-yamid-amat-sus-hijos-detalles-su-vida-personal-PP5310341,pulzo.com,es,,2026-09-22T17:45:00+00:00,2026-10-06T18:46:40+00:00,,gdelt_doc:economia,titular_metadatos,
N-af9b13ffac6a,Gremios empresariales de Centroamérica y RD retoman agenda regional y darán seguimiento a la evolución de relaciones con EE . UU .,https://hoy.com.do/vivir/gremios-empresariales-centroamerica-rd-retoman-agenda-regional-daran-seguimiento-evolucion-relaciones-ee-uu_1097543.html,hoy.com.do,es,,2026-08-04T19:00:00+00:00,2026-10-06T18:46:40+00:00,,gdelt_doc:economia,titular_metadatos,
N-afbb944d14b5,"How Did the Purchase of Canal Land By the US for $10 Million , Help the Panamanian Treasury ?",https://newsroompanama.com/2026/07/21/how-did-the-purchase-of-canal-land-by-the-us-for-10-million-help-the-panamanian-treasury/,newsroompanama.com,en,,2026-07-21T23:00:00+00:00,2026-10-06T18:46:40+00:00,,gdelt_doc:economia,titular_metadatos,
N-afffe24b4669,HYBE First Latin Boy Band Hits the Stage at a Historic Premios Juventud,https://www.latinpost.com/articles/167552/20260904/hybes-first-latin-boy-band-hits-stage-historic-premios-juventud.htm,latinpost.com,en,,2026-09-08T00:00:00+00:00,2026-10-06T18:46:40+00:00,,gdelt_doc:turismo,titular_metadatos,
N-b02c38469eef,Una estudiante muerta y siete heridas en un ataque con cuchillo en una escuela en Estambul,https://www.tvn-2.com/mundo/estudiante-muerta-siete-heridas-ataque-cuchillo-escuela-estambul_1_2264575.html,tvn-2.com,es,2026-10-06T14:15:54+00:00,,2026-10-06T18:46:40+00:00,,tvn_rss,titular_metadatos,
N-b0396e65edc1,"Expertos internacionales se reunirán en Panamá para impulsar accesibilidad , innovación y turismo",https://www.periodistadigital.com/magazine/viajes/20260814/expertos-internacionales-reuniran-panama-impulsar-accesibilidad-innovacion-turismo-noticia-689405237896/,periodistadigital.com,es,,2026-08-14T04:15:00+00:00,2026-10-06T18:46:40+00:00,,gdelt_doc:economia,titular_metadatos,
N-b0414c433118,Los escombros de la República,https://www.diariolasamericas.com/opinion/los-escombros-la-republica-n5398883,diariolasamericas.com,es,,2026-07-18T00:15:00+00:00,2026-10-06T18:46:40+00:00,,gdelt_doc:eventos_naturales,titular_metadatos,
N-b0592f2d1781,María Corina Machado ha intentado regresar siete veces a Venezuela sin conseguirlo,https://www.hoy.es/internacional/maria-corina-machado-intentado-regresar-siete-veces-20260922065955-ntrc.html,hoy.es,es,,2026-09-23T07:30:00+00:00,2026-10-06T18:46:40+00:00,,gdelt_doc:logistica,titular_metadatos,
N-b06064c88812,¿ Cómo la tecnología está ayudando a la conservación marina ?,https://www.actualidadambiental.pe/como-la-tecnologia-esta-ayudando-a-la-conservacion-marina/,actualidadambiental.pe,es,,2026-09-04T21:45:00+00:00,2026-10-06T18:46:40+00:00,,gdelt_doc:turismo,titular_metadatos,
N-b07fef9622e5,Inadeh sustenta vista presupuestaria para la vigencia fiscal 2027,https://www.telemetro.com/nacionales/inadeh-sustenta-vista-presupuestaria-la-vigencia-fiscal-2027-n6090496,telemetro.com,es,,2026-09-02T03:00:00+00:00,2026-10-06T18:46:40+00:00,,gdelt_doc:economia,titular_metadatos,
N-b09415f0d9ec,Lionel Messi despedida| Argentina vs Benín: previa de un partido que promete quedar para la historia,https://www.tvn-2.com/tvmax/futbol-internacional/lionel-messi-despedida-argentina-vs-benin-previa-partido_1_2264530.html,tvn-2.com,es,2026-10-06T12:00:25+00:00,,2026-10-06T18:46:40+00:00,,tvn_rss,titular_metadatos,
N-b0ae790294c9,Panamá : Plataformas digitales deberán emitir factura electrónica y cobrar 7 % de ITBMS,https://www.laestrella.com.pa/economia/panama-plataformas-digitales-deberan-emitir-factura-electronica-y-cobrar-7-de-itbms-BE25031819,laestrella.com.pa,es,,2026-08-20T08:00:00+00:00,2026-10-06T18:46:40+00:00,,gdelt_doc:economia,titular_metadatos,
N-b0d00175fd1e,Panamá y China desescalan tensiones y avanzan en consensos técnicos para renovar acuerdo marítimo,https://www.prensa.com/economia/panama-y-china-desescalan-tensiones-y-avanzan-en-consensos-tecnicos-para-renovar-acuerdo-maritimo/,prensa.com,es,,2026-07-21T00:00:00+00:00,2026-10-06T18:46:40+00:00,,gdelt_doc:logistica,titular_metadatos,
N-b0d5b65bf1df,Culminan los ejercicios militares para proteger la vía interoceánica,https://www.panamaamerica.com.pa/mundo/culminan-los-ejercicios-militares-para-proteger-la-interoceanica-1265183,panamaamerica.com.pa,es,,2026-08-14T08:45:00+00:00,2026-10-06T18:46:40+00:00,,gdelt_doc:logistica,titular_metadatos,
N-b0f563f97e7f,America and the World in 2076,https://larouchepub.com/other/2026/5327-america_and_the_world_in_2076.html,larouchepub.com,en,,2026-07-16T07:15:00+00:00,2026-10-06T18:46:40+00:00,,gdelt_doc:eventos_naturales,titular_metadatos,
N-b0f6bca87cde,"Día Internacional de los Pueblos Indígenas : Centroamérica exhibe su diversidad , pero mantiene la brecha social",https://www.infobae.com/el-salvador/2026/08/08/dia-internacional-de-los-pueblos-indigenas-centroamerica-exhibe-su-diversidad-pero-mantiene-la-brecha-social/,infobae.com,es,,2026-08-08T16:00:00+00:00,2026-10-06T18:46:40+00:00,,gdelt_doc:economia,titular_metadatos,
N-b10b1ff64679,El Niño 2026 prompts new Panama Canal restrictions amid positive revenue,https://www.freshfruitportal.com/news/2026/07/27/panama-canal-el-nino/,freshfruitportal.com,en,,2026-07-27T12:30:00+00:00,2026-10-06T18:46:40+00:00,,gdelt_doc:logistica,titular_metadatos,
N-b10f65216594,"Banco Popular destina RD$ 61 , 505 millones al financiamiento del turismo dominicano",https://acento.com.do/turismo/banco-popular-destina-rd-61505-millones-al-financiamiento-del-turismo-dominicano-9747362.html,acento.com.do,es,,2026-09-04T00:00:00+00:00,2026-10-06T18:46:40+00:00,,gdelt_doc:economia,titular_metadatos,
N-b11379854082,"EXCLUSIVA | ¡ CONCIERTAZO DE 50 AÑOS DE SALSA ! Tony Vega vuelve a Panamá , uno de los países que más impulsó su carrera y marcó su camino de fe",https://www.midiario.com/farandula/exclusiva-tony-vega-vuelve-a-panama-la-tierra-que-marco-el-inicio-de-su-carrera-y-confiesa-el-sancocho-panameno-dios-lo-bendiga/,midiario.com,es,,2026-08-28T15:45:00+00:00,2026-10-06T18:46:40+00:00,,gdelt_doc:panama,titular_metadatos,
N-b1271b89cefb,"Panama is not only the beginning : Foreign Minister pitches nation as India premier manufacturing , trade launchpad in Latin America",http://www.utahindependent.com/news/279199252/panama-is-not-only-the-beginning-foreign-minister-pitches-nation-as-india-premier-manufacturing-trade-launchpad-in-latin-america,utahindependent.com,en,,2026-07-20T17:00:00+00:00,2026-10-06T18:46:40+00:00,,gdelt_doc:economia,titular_metadatos,
N-b12980b3f0bc,"1 , 200 plantas de tratamiento de aguas residuales están colapsadas en Panamá",https://www.prensa.com/sociedad/1200-plantas-de-tratamiento-de-aguas-residuales-estan-colapsadas-en-panama/,prensa.com,es,,2026-08-21T07:45:00+00:00,2026-10-06T18:46:40+00:00,,gdelt_doc:economia,titular_metadatos,
N-b16c3955d70d,"Tropical Storm Bertha Strengthens , Top Winds 60",https://kissfm1071.iheart.com/content/2026-07-21-tropical-storm-bertha-strengthens-top-winds-60/,kissfm1071.iheart.com,en,,2026-07-21T16:30:00+00:00,2026-10-06T18:46:40+00:00,,gdelt_doc:eventos_naturales,titular_metadatos,
N-b17057d8bdaa,El béisbol panameño sigue entrenando con miras a Santo Domingo 2026,https://www.critica.com.pa/deportes/el-beisbol-panameno-sigue-entrenando-con-miras-santo-domingo-2026-512795,critica.com.pa,es,,2026-07-14T07:15:00+00:00,2026-10-06T18:46:40+00:00,,gdelt_doc:panama,titular_metadatos,
N-b172b69ff24e,Pase-U: Largas filas en Changuinola en el segundo día de entrega de tarjetas Punch del Ifarhu,https://www.tvn-2.com/nacionales/pase-u-pago-de-becas-ifarhu-largas-filas-changuinola_1_2264609.html,tvn-2.com,es,2026-10-06T18:12:50+00:00,,2026-10-06T18:46:40+00:00,,tvn_rss,titular_metadatos,
N-b180076997e2,Tropical Storm Bertha forms in Gulf of Mexico on approach to US coastline,https://www.wsbradio.com/news/national/tropical-depression/WGJ2IKBMIA7ORJTKYO7FCN3DIM/,wsbradio.com,en,,2026-07-21T03:15:00+00:00,2026-10-06T18:46:40+00:00,,gdelt_doc:eventos_naturales,titular_metadatos,
N-b181b873357a,The sunhat is everywhere in Athens as crowds grow larger at ancient sites,https://www.thepeterboroughexaminer.com/life/the-sunhat-is-everywhere-in-athens-as-crowds-grow-larger-at-ancient-sites/article_8f7091c5-8b86-5f3b-805d-212ac7a6e970.html,thepeterboroughexaminer.com,en,,2026-08-23T09:00:00+00:00,2026-10-06T18:46:40+00:00,,gdelt_doc:turismo,titular_metadatos,
N-b1834982e12d,El canal de Panamá se queda sin agua,https://www.excelsior.com.mx/opinion/abel-mejia-cosenza/canal-panama-queda-sin-agua,excelsior.com.mx,es,,2026-09-11T09:00:00+00:00,2026-10-06T18:46:40+00:00,,gdelt_doc:economia,titular_metadatos,
N-b1c0cd51dad6,AI Companies Can Legally Buy and Destroy Books : ISBNdb Reversal Changed Nothing,https://www.techtimes.com/articles/322584/20260801/ai-companies-can-legally-buy-destroy-books-isbndb-reversal-changed-nothing.htm,techtimes.com,en,,2026-08-01T14:30:00+00:00,2026-10-06T18:46:40+00:00,,gdelt_doc:eventos_naturales,titular_metadatos,
N-b1ff550b381f,Panamá cuenta con Christiansen para el Mundial 2030,https://www.mundodeportivo.com/futbol/mundial/20260714/1004206224/panama-cuenta-christiansen-mundial-2030.html,mundodeportivo.com,es,,2026-07-14T03:00:00+00:00,2026-10-06T18:46:40+00:00,,gdelt_doc:panama,titular_metadatos,
N-b20eec6df23c,"Latin America News Roundup : Panamá , Nicaragua , DR , Uruguay",https://www.riotimesonline.com/latin-america-news-roundup-august-26-2026/,riotimesonline.com,en,,2026-08-26T10:30:00+00:00,2026-10-06T18:46:40+00:00,,gdelt_doc:economia,titular_metadatos,
N-b21ecd44fe4b,Trump rallies Shield of the Americas coalition against drug cartels,https://www.aljazeera.com/news/2026/9/23/trump-rallies-shield-of-the-americas-coalition-against-drug-cartels,aljazeera.com,en,,2026-09-23T06:15:00+00:00,2026-10-06T18:46:40+00:00,,gdelt_doc:logistica,titular_metadatos,
N-b23408234089,Delimitación de la sustancia económica,https://www.prensa.com/opinion/delimitacion-de-la-sustancia-economica/,prensa.com,es,,2026-08-10T05:30:00+00:00,2026-10-06T18:46:40+00:00,,gdelt_doc:economia,titular_metadatos,
N-b23819a0d781,¿ Vale la pena dolarizar Venezuela ?: el modelo que propone aclamado médico financiero y que incomoda al chavismo,https://www.eltiempo.com/mundo/venezuela/vale-la-pena-dolarizar-venezuela-el-modelo-que-propone-el-aclamado-medico-financiero-y-que-incomoda-al-chavismo-3581238,eltiempo.com,es,,2026-08-27T05:15:00+00:00,2026-10-06T18:46:40+00:00,,gdelt_doc:economia,titular_metadatos,
N-b24481754840,Fredy Toc domina el Alto de La Vigía y asume el liderato del Tour de Panamá 2026,https://www.diaadia.com.pa/deportes/fredy-toc-domina-el-alto-de-la-vigia-y-asume-el-liderato-del-tour-de-panama-2026-791825,diaadia.com.pa,es,,2026-10-02T04:30:00+00:00,2026-10-06T18:46:40+00:00,,gdelt_doc:panama,titular_metadatos,
N-b260f9ae5b2c,"Daybreak July 27 : Cattle groups cheer border reopening | Agri - Pulse Communications , Inc .",https://www.agri-pulse.com/articles/25043-daybreak-july-27-cattle-groups-cheer-border-reopening,agri-pulse.com,en,,2026-07-27T16:30:00+00:00,2026-10-06T18:46:40+00:00,,gdelt_doc:eventos_naturales,titular_metadatos,
N-b26783fce40f,Cobre Panamá : Gobierno entrega hoy informe a Mulino y se conocerá el futuro de la mina,https://www.telemetro.com/nacionales/cobre-panama-gobierno-entrega-hoy-informe-mulino-y-se-conocera-el-futuro-la-mina-n6093504,telemetro.com,es,,2026-09-30T13:45:00+00:00,2026-10-06T18:46:40+00:00,,gdelt_doc:panama,titular_metadatos,
N-b2ba9822d81e,"Caribbean warned of worsening drought , extreme heat into 2027",https://barbadostoday.bb/2026/08/25/caribbean-warned-of-worsening-drought-extreme-heat-into-2027/,barbadostoday.bb,en,,2026-08-25T22:00:00+00:00,2026-10-06T18:46:40+00:00,,gdelt_doc:turismo,titular_metadatos,
N-b2bddd658e0f,Nicaragua y Panamá acuerdan cooperación científica y tecnológica,https://nuevaya.com.ni/nacionales/nicaragua-y-panama-acuerdan-cooperacion-cientifica-y-tecnologica/,nuevaya.com.ni,es,,2026-07-14T23:45:00+00:00,2026-10-06T18:46:40+00:00,,gdelt_doc:panama,titular_metadatos,
N-b2da06548382,Este sería el nuevo destino del colombiano Radamel Falcao García,https://www.eluniversal.com.co/deportes/2026/07/28/el-que-seria-el-nuevo-destino-de-radamel-falcao-garcia/,eluniversal.com.co,es,,2026-07-29T00:30:00+00:00,2026-10-06T18:46:40+00:00,,gdelt_doc:logistica,titular_metadatos,
N-b2ea18bd07f3,"Jazz , rock y ritmos latinos se tomaron Boquete en una noche pasada por lluvia",https://www.midiario.com/farandula/jazz-rock-y-ritmos-latinos-se-tomaron-boquete-en-una-noche-pasada-por-lluvia/,midiario.com,es,,2026-09-21T13:00:00+00:00,2026-10-06T18:46:40+00:00,,gdelt_doc:economia,titular_metadatos,
N-b2f1d0f1fb43,"El Canal baja calado , pero descarta reducir el tránsito de buques por disminución de lluvias",https://www.prensa.com/economia/el-canal-baja-calado-pero-descarta-reducir-el-transito-de-buques-por-disminucion-de-lluvias/,prensa.com,es,,2026-07-30T21:00:00+00:00,2026-10-06T18:46:40+00:00,,gdelt_doc:logistica,titular_metadatos,
N-b2f1eb6343db,Uruguay frente a una final : el objetivo de sacar a Puerto Rico de carrera y bajar el margen de error de visitante,https://www.elpais.com.uy/ovacion/basquetbol/uruguay-frente-a-una-final-el-objetivo-de-sacar-a-puerto-rico-de-carrera-y-bajar-el-margen-de-error-de-visitante,elpais.com.uy,es,,2026-08-31T20:45:00+00:00,2026-10-06T18:46:40+00:00,,gdelt_doc:logistica,titular_metadatos,
N-b2f271fb8025,"Sin autorización del Congreso , Javier Milei manda tropas a Panamá",https://urgente24.com/actualidad/sin-autorizacion-del-congreso-javier-milei-manda-tropas-panama-n629257,urgente24.com,es,,2026-07-24T14:30:00+00:00,2026-10-06T18:46:40+00:00,,gdelt_doc:logistica,titular_metadatos,
N-b2f970d2596f,"México gana el Panam Aquatics Swimming Championships 2024 en Ibagué , Colombia",https://www.pulzo.com/deportes/mexico-gana-el-panam-aquatics-swimming-championships-2024-en-ibague-colombia-PP5244581A,pulzo.com,es,,2026-07-15T04:00:00+00:00,2026-10-06T18:46:40+00:00,,gdelt_doc:economia,titular_metadatos,
N-b3329f9ca722,"1 pm CT : Bertha Begins Turn To The West , Wind Pushing Rain Offshore",https://945rocks.iheart.com/content/2026-07-21-1-pm-ct-bertha-begins-turn-to-the-west-wind-pushing-rain-offshore/,945rocks.iheart.com,en,,2026-07-21T19:15:00+00:00,2026-10-06T18:46:40+00:00,,gdelt_doc:eventos_naturales,titular_metadatos,
N-b3371cb7d5b2,Los puertos centroamericanos movilizaron 15 . 2 millones de TEU : Panamá lidera la actividad,https://www.prensa.com/economia/los-puertos-centroamericanos-movilizaron-152-millones-de-teu-panama-lidera-la-actividad/,prensa.com,es,,2026-08-21T21:15:00+00:00,2026-10-06T18:46:40+00:00,,gdelt_doc:economia,titular_metadatos,
N-b35e583f5c67,El Telégrafo - El bolón esmeraldeño conquista a TasteAtlas y vuelve a poner a Ecuador en el mapa gastronómico,https://www.eltelegrafo.com.ec/noticias/tendencias/213/el-bolon-esmeraldeno-conquista-tasteatlas-vuelve-poner-ecuador-mapa-gastronomico,eltelegrafo.com.ec,es,,2026-08-27T18:00:00+00:00,2026-10-06T18:46:40+00:00,,gdelt_doc:economia,titular_metadatos,
N-b37a1b06b880,Financial services footprint in Asia will continue - Siobhan Flax,https://www.virginislandsnewsonline.com/en/news/financial-services-footprint-in-asia-will-continue-siobhan-flax/,virginislandsnewsonline.com,en,,2026-09-10T15:00:00+00:00,2026-10-06T18:46:40+00:00,,gdelt_doc:economia,titular_metadatos,
N-b38ee2fc86ad,Los siete intentos fallidos de Maria Corina Machado por regresar a Venezuela : medios relatan las travesías frustradas,https://www.eltiempo.com/mundo/venezuela/los-siete-intentos-fallidos-de-maria-corina-machado-por-regresar-a-venezuela-medios-relatan-las-travesias-frustradas-3588160,eltiempo.com,es,,2026-09-23T04:30:00+00:00,2026-10-06T18:46:40+00:00,,gdelt_doc:logistica,titular_metadatos,
N-b3a5b0f85699,"Felaban : Panamá , entre los diez países de Latam donde los bancos ganan más dinero",https://www.laestrella.com.pa/economia/felaban-panama-entre-los-diez-paises-de-latam-donde-los-bancos-ganan-mas-dinero-CG24447072,laestrella.com.pa,es,,2026-07-29T05:30:00+00:00,2026-10-06T18:46:40+00:00,,gdelt_doc:economia,titular_metadatos,
N-b3ab5bbe1aa1,Panamá Este reina en la Segunda División,https://www.midiario.com/deportivas/panama-este-reina-en-la-segunda-division/,midiario.com,es,,2026-08-25T22:30:00+00:00,2026-10-06T18:46:40+00:00,,gdelt_doc:panama,titular_metadatos,
N-b3f315a3caf3,Panamá quedó eliminado en la Serie Mundial de Béisbol de Pequeñas Ligas,https://www.critica.com.pa/deportes/panama-quedo-eliminado-en-la-serie-mundial-de-beisbol-de-pequenas-ligas-515219,critica.com.pa,es,,2026-08-25T06:30:00+00:00,2026-10-06T18:46:40+00:00,,gdelt_doc:panama,titular_metadatos,
N-b3f95b930592,México y Panamá refuerzan lazos económicos y diplomáticos,https://www.panamaamerica.com.pa/mundo/mexico-y-panama-refuerzan-lazos-economicos-y-diplomaticos-1264028,panamaamerica.com.pa,es,,2026-07-16T03:00:00+00:00,2026-10-06T18:46:40+00:00,,gdelt_doc:logistica,titular_metadatos,
N-b408b3992b0f,Mulino viaja a Colombia : estos son los temas que abordará con el nuevo presidente,https://www.telemetro.com/nacionales/mulino-viaja-colombia-estos-son-los-temas-que-abordara-el-nuevo-presidente-n6087653,telemetro.com,es,,2026-08-06T19:45:00+00:00,2026-10-06T18:46:40+00:00,,gdelt_doc:turismo,titular_metadatos,
N-b421a562d599,Panama Canal to limit shipping ahead of extreme weather during El Nino,https://www.aljazeera.com/news/2026/8/21/panama-canal-to-limit-shipping-ahead-of-extreme-weather-during-el-nino,aljazeera.com,en,,2026-08-21T03:00:00+00:00,2026-10-06T18:46:40+00:00,,gdelt_doc:logistica,titular_metadatos,
N-b42c34b8e639,"Latin American governments prepare for El Nino as drought , floods and heat loom",https://www.therecord.com/life/latin-american-governments-prepare-for-el-nino-as-drought-floods-and-heat-loom/article_307498ef-f7c2-5116-b925-c2c7748ab043.html,therecord.com,en,,2026-07-17T15:30:00+00:00,2026-10-06T18:46:40+00:00,,gdelt_doc:eventos_naturales,titular_metadatos,
N-b456f622933f,Bertha Update 4pm CT : Tropical Storm Winds Spread Over Florida Panhandle,https://xl1067.iheart.com/content/2026-07-21-bertha-update-tropical-storm-winds-spread-over-florida-panhandle/,xl1067.iheart.com,en,,2026-07-22T01:30:00+00:00,2026-10-06T18:46:40+00:00,,gdelt_doc:eventos_naturales,titular_metadatos,
N-b4694b18687c,Falta de contundencia ante Nueva Zelanda evidencia el gran dilema ofensivo de Panamá,https://www.laestrella.com.pa/deportes/futbol/falta-de-contundencia-ante-nueva-zelanda-evidencia-el-gran-dilema-ofensivo-de-panama-MG26139234,laestrella.com.pa,es,,2026-10-01T21:15:00+00:00,2026-10-06T18:46:40+00:00,,gdelt_doc:panama,titular_metadatos,
N-b48ef92a1f48,Se cumplen 45 años de la desaparición física del general Omar Torrijos,https://www.panamaamerica.com.pa/sociedad/se-cumplen-45-anos-de-la-desaparicion-fisica-del-general-omar-torrijos-1264654,panamaamerica.com.pa,es,,2026-07-31T19:00:00+00:00,2026-10-06T18:46:40+00:00,,gdelt_doc:logistica,titular_metadatos,
N-b498515c6d1d,Caída de registro por tonelaje afectaría los ingresos del país,https://www.panamaamerica.com.pa/economia/caida-de-registro-por-tonelaje-afectaria-los-ingresos-del-pais-1266896,panamaamerica.com.pa,es,,2026-09-30T05:45:00+00:00,2026-10-06T18:46:40+00:00,,gdelt_doc:panama,titular_metadatos,
N-b4d03c0003e1,Mulino llega a México para reunirse con Sheinbaum en su viaje número 26,https://www.prensa.com/politica/mulino-llega-a-mexico-para-reunirse-con-sheinbaum-en-su-viaje-numero-26/,prensa.com,es,,2026-07-15T00:00:00+00:00,2026-10-06T18:46:40+00:00,,gdelt_doc:panama,titular_metadatos,
N-b50fdb4206ec,Presidente Mulino recibe a altos delegados del Estado de Qatar – Ministerio de Relaciones exteriores,https://mire.gob.pa/presidente-mulino-recibe-a-altos-delegados-del-estado-de-qatar/,mire.gob.pa,es,,2026-09-30T23:15:00+00:00,2026-10-06T18:46:40+00:00,,gdelt_doc:economia,titular_metadatos,
N-b515d8765bcc,BYD y Cofiño presentan oficialmente el nuevo TI 7 en Panamá,https://www.tvn-2.com/economia/empresas/publirreportajes/byd-cofino-presentan-oficialmente-nuevo_1_2256978.html,tvn-2.com,es,2026-08-25T15:28:18+00:00,,2026-10-06T18:46:40+00:00,,tvn_rss,titular_metadatos,
N-b52316ae569a,Marie Claire : Muerte de influencer panameña da la vuelta al mundo y ocupa titulares en medios internacionales,https://www.prensa.com/vivir/marie-claire-muerte-de-influencer-panamena-da-la-vuelta-al-mundo-y-ocupa-titulares-en-medios-internacionales/,prensa.com,es,,2026-07-15T00:00:00+00:00,2026-10-06T18:46:40+00:00,,gdelt_doc:panama,titular_metadatos,
N-b53fd0f9f5ae,"El momento de invertir en Panamá es ahora , no después , señaló Mulino en México",https://www.panamaamerica.com.pa/mundo/el-momento-de-invertir-en-panama-es-ahora-no-despues-senalo-mulino-en-mexico-1264059,panamaamerica.com.pa,es,,2026-07-16T03:00:00+00:00,2026-10-06T18:46:40+00:00,,gdelt_doc:logistica,titular_metadatos,
N-b56536f5f65f,Ministro de Exteriores japonés llama a reforzar lazos internacionales con Latinoamérica,https://rpp.pe/mundo/asia/ministro-de-exteriores-japones-llama-a-reforzar-lazos-internacionales-con-latinoamerica-noticia-1699696,rpp.pe,es,,2026-08-01T18:15:00+00:00,2026-10-06T18:46:40+00:00,,gdelt_doc:economia,titular_metadatos,
N-b59361ef4d04,Tropical Storm Bertha in the Gulf of Mexico is moving toward the Florida Panhandle and Alabama,https://www.ktbs.com/weather/headlines/tropical-storm-bertha-in-the-gulf-of-mexico-is-moving-toward-the-florida-panhandle-and/article_42e9be32-8189-5bf8-ae23-f93fcafa9521.html,ktbs.com,en,,2026-07-21T22:30:00+00:00,2026-10-06T18:46:40+00:00,,gdelt_doc:eventos_naturales,titular_metadatos,
N-b59867e879b0,Así avanzan los trabajos del Cuarto Puente sobre el Canal de Panamá,https://www.telemetro.com/nacionales/asi-avanzan-los-trabajos-del-cuarto-puente-el-canal-panama-n6086888,telemetro.com,es,,2026-07-30T21:15:00+00:00,2026-10-06T18:46:40+00:00,,gdelt_doc:logistica,titular_metadatos,
N-b5b533e2903b,La niñez desprotegida : la cosecha del abandono,https://www.prensa.com/opinion/la-ninez-desprotegida-la-cosecha-del-abandono/,prensa.com,es,,2026-08-04T06:45:00+00:00,2026-10-06T18:46:40+00:00,,gdelt_doc:economia,titular_metadatos,
N-b5c6a54bb796,Panama Canal to increase daily transits through larger locks to 10 - Xinhua,https://english.news.cn/northamerica/20260929/e3e52e1c8fb54cb4bc143abfebbbe57e/c.html,english.news.cn,en,,2026-09-29T04:00:00+00:00,2026-10-06T18:46:40+00:00,,gdelt_doc:logistica,titular_metadatos,
N-b5cadba39ed1,Caso DGI : 13 implicados a la cárcel y exigen investigar a bancos compradores,https://www.critica.com.pa/nacional/caso-dgi-13-implicados-la-carcel-y-exigen-investigar-bancos-compradores-512739,critica.com.pa,es,,2026-07-13T04:45:00+00:00,2026-10-06T18:46:40+00:00,,gdelt_doc:economia,titular_metadatos,
N-b5cb429c7c20,Ecopetrol amplía exportación de asfalto sólido con nuevo esquema logístico desde Cartagena,https://www.pulzo.com/economia/ecopetrol-amplia-exportacion-de-asfalto-solido-con-nuevo-esquema-logistico-desde-cartagena-PP5260027A,pulzo.com,es,,2026-07-30T01:15:00+00:00,2026-10-06T18:46:40+00:00,,gdelt_doc:economia,titular_metadatos,
N-b600a4b89dab,Alcaldía de Panamá exonerará el 100 % de los impuestos para nuevos emprendedores por dos años,https://www.telemetro.com/nacionales/alcaldia-panama-exonerara-el-100-los-impuestos-nuevos-emprendedores-dos-anos-n6090480,telemetro.com,es,,2026-09-01T22:45:00+00:00,2026-10-06T18:46:40+00:00,,gdelt_doc:panama,titular_metadatos,
N-b63d84a5616b,Lindsay Lohan revive a Cady Heron con la escena de 'Chicas pesadas',https://www.tvn-2.com/entretenimiento/cine-y-tv/lindsay-lohan-revive-cady-cady-heron-escena-chicas-pesadas_1_2264311.html,tvn-2.com,es,2026-10-05T18:15:12+00:00,,2026-10-06T18:46:40+00:00,,tvn_rss,titular_metadatos,
N-b66009d883fe,"Pete Hegseth , secretario de Guerra de Estados Unidos , llega este miércoles a Panamá",https://www.prensa.com/politica/pete-hegseth-secretario-de-guerra-de-estados-unidos-llega-este-miercoles-a-panama/,prensa.com,es,,2026-08-11T19:15:00+00:00,2026-10-06T18:46:40+00:00,,gdelt_doc:logistica,titular_metadatos,
N-b672b04c12e8,Metrología : la ciencia invisible que mueve la economía mundial,https://www.prensa.com/opinion/metrologia-la-ciencia-invisible-que-mueve-la-economia-mundial/,prensa.com,es,,2026-08-21T02:45:00+00:00,2026-10-06T18:46:40+00:00,,gdelt_doc:economia,titular_metadatos,
N-b6bdcccc01bd,Informe de Opinión de la Comisión Supervisora del Fondo de Ahorro de Panamá | La Prensa Panamá,https://www.prensa.com/notas-de-prensa/informe-de-opinion-de-la-comision-supervisora-del-fondo-de-ahorro-de-panama/,prensa.com,es,,2026-09-24T07:45:00+00:00,2026-10-06T18:46:40+00:00,,gdelt_doc:panama,titular_metadatos,
N-b6d04f88b8a8,Panamá declara estado de emergencia nacional por los efectos del fenómeno del Niño,https://www.eluniverso.com/noticias/internacional/panama-declara-estado-de-emergencia-nacional-por-los-efectos-del-fenomeno-del-nino-nota/,eluniverso.com,es,,2026-08-26T04:00:00+00:00,2026-10-06T18:46:40+00:00,,gdelt_doc:logistica,titular_metadatos,
N-b6d4093f6873,Panamá Sub - 20 ya tiene sus convocados para Campeonato de CONCACAF en México,https://www.rpctv.com/marea-roja/panama-sub-20-ya-tiene-sus-convocados-campeonato-concacaf-mexico-n6085476,rpctv.com,es,,2026-07-17T16:00:00+00:00,2026-10-06T18:46:40+00:00,,gdelt_doc:panama,titular_metadatos,
N-b6d46b030ceb,"Economía panameña crece 4 . 9 % a mayo de 2026 impulsada por la logística , el comercio y el turismo",https://www.panamaamerica.com.pa/economia/economia-panamena-crece-49-mayo-de-2026-impulsada-por-la-logistica-el-comercio-y-el-turismo,panamaamerica.com.pa,es,,2026-08-10T23:45:00+00:00,2026-10-06T18:46:40+00:00,,gdelt_doc:economia,titular_metadatos,
N-b71e80394a60,¡ Se salvó San Miguelito ! Luz verde al Teleférico,https://www.critica.com.pa/nacional/se-salvo-san-miguelito-luz-verde-al-teleferico-515793,critica.com.pa,es,,2026-09-04T08:00:00+00:00,2026-10-06T18:46:40+00:00,,gdelt_doc:panama,titular_metadatos,
N-b72563324688,Panamá Oeste concentra ocho obras de saneamiento,https://www.prensa.com/sociedad/panama-oeste-concentra-ocho-obras-de-saneamiento/,prensa.com,es,,2026-07-10T06:15:00+00:00,2026-10-06T18:46:40+00:00,,gdelt_doc:panama,titular_metadatos,
N-b74784d76556,Se establecen las fechas para las exhumaciones en ocho cementerios por el proyecto de Río Indio,https://www.laestrella.com.pa/panama/nacional/se-establecen-las-fechas-para-las-exhumaciones-en-ocho-cementerios-por-el-proyecto-de-rio-indio-DC24268308,laestrella.com.pa,es,,2026-07-21T20:15:00+00:00,2026-10-06T18:46:40+00:00,,gdelt_doc:logistica,titular_metadatos,
N-b76699a80058,First Quantum Shows Willingness to Negotiate with the State and Welcomes Report on Cobre Panamá .,https://newsroompanama.com/2026/09/30/first-quantum-shows-willingness-to-negotiate-with-the-state-and-welcomes-report-on-cobre-panama/,newsroompanama.com,en,,2026-10-01T05:15:00+00:00,2026-10-06T18:46:40+00:00,,gdelt_doc:economia,titular_metadatos,
N-b7676f8d0cb6,Columna Estas líneas …,https://www.critica.com.mx/vernoticias.php?artid=117991&mas=1,critica.com.mx,es,,2026-07-29T17:45:00+00:00,2026-10-06T18:46:40+00:00,,gdelt_doc:turismo,titular_metadatos,
N-b781ce139b68,Así avanza el Cuarto Puente sobre el Canal : obra alcanza el 40 % y mantiene su meta para 2028,https://www.telemetro.com/nacionales/asi-avanza-el-cuarto-puente-el-canal-obra-alcanza-el-40-y-mantiene-su-meta-2028-n6086986,telemetro.com,es,,2026-07-31T17:00:00+00:00,2026-10-06T18:46:40+00:00,,gdelt_doc:logistica,titular_metadatos,
N-b7849f2f769d,Cardenal Rodríguez Maradiaga participará en foro sobre inteligencia artificial en Panamá,https://www.aciprensa.com/noticias/126891/cardenal-rodriguez-maradiaga-participara-en-foro-sobre-inteligencia-artificial-en-panama,aciprensa.com,es,,2026-07-16T03:00:00+00:00,2026-10-06T18:46:40+00:00,,gdelt_doc:panama,titular_metadatos,
N-b7869f92c56f,Piden mayor control en la Zona Libre de Colón y regular ventas en línea para frenar el comercio ilícito,https://www.prensa.com/economia/piden-mayor-control-en-la-zona-libre-de-colon-y-regular-ventas-en-linea-para-frenar-el-comercio-ilicito/,prensa.com,es,,2026-07-09T08:00:00+00:00,2026-10-06T18:46:40+00:00,,gdelt_doc:economia,titular_metadatos,
N-b78a3e25ae55,El ministro de Exteriores de Japón visitará Panamá en agosto,https://www.prensa.com/politica/el-ministro-de-exteriores-de-japon-visitara-panama-en-agosto/,prensa.com,es,,2026-07-10T06:15:00+00:00,2026-10-06T18:46:40+00:00,,gdelt_doc:logistica,titular_metadatos,
N-b7945ccfe02c,Mafe Achurra comparte el tierno momento en que le canta 'Antología' a su bebé,https://www.tvn-2.com/entretenimiento/mafe-achurra-comparte-tierno-momento-canta-antologia-shakira-bebe-embarazo_1_2264579.html,tvn-2.com,es,2026-10-06T14:44:39+00:00,,2026-10-06T18:46:40+00:00,,tvn_rss,titular_metadatos,
N-b79e5ce0ad7d,Hasta 60 pasajeros y WiFi : MiBus pone a rodar la Ruta Verde con cinco buses eléctricos que ya conectan 5 de Mayo con Casco Antiguo,https://www.midiario.com/nacionales/hasta-60-pasajeros-y-wifi-mibus-pone-a-rodar-la-ruta-verde-con-cinco-buses-electricos-que-ya-conectan-5-de-mayo-con-casco-antiguo/,midiario.com,es,,2026-08-07T19:30:00+00:00,2026-10-06T18:46:40+00:00,,gdelt_doc:turismo,titular_metadatos,
N-b7a903b405bc,"Most global trade flows through these 27 chokepoints . The economic risks are rising , report says .",https://www.cbsnews.com/news/strait-of-hormuz-shipping-chokepoints-global-trade/,cbsnews.com,en,,2026-08-14T20:30:00+00:00,2026-10-06T18:46:40+00:00,,gdelt_doc:economia,titular_metadatos,
N-b7a9509e66e4,Venezuela main airport partially resumes commercial flights after deadly earthquakes,https://www.stcatharinesstandard.ca/business/venezuela-s-main-airport-partially-resumes-commercial-flights-after-deadly-earthquakes/article_3ced2df8-594c-5732-947a-1de336866a18.html,stcatharinesstandard.ca,en,,2026-09-02T00:15:00+00:00,2026-10-06T18:46:40+00:00,,gdelt_doc:turismo,titular_metadatos,
N-b7d410146b09,Madres denuncian que jóvenes dominicanos fueron llevados a Rusia con ofertas de trabajo y terminaron en zona de guerra,https://acento.com.do/actualidad/madres-denuncian-que-jovenes-dominicanos-fueron-llevados-a-rusia-con-ofertas-de-trabajo-y-terminaron-en-zona-de-guerra-9762556.html,acento.com.do,es,,2026-10-01T23:00:00+00:00,2026-10-06T18:46:40+00:00,,gdelt_doc:panama,titular_metadatos,
N-b7d5a443a66a,"MiAmbiente : más de 3 , 000 voluntarios salen a limpiar playas y ríos de Panamá",https://www.telemetro.com/nacionales/miambiente-mas-3000-voluntarios-salen-limpiar-playas-y-rios-panama-n6093197,telemetro.com,es,,2026-09-28T01:00:00+00:00,2026-10-06T18:46:40+00:00,,gdelt_doc:panama,titular_metadatos,
N-b80881398223,Panamá y Barbados buscan abrir nuevas oportunidades comerciales en el Caribe,https://www.critica.com.pa/nacional/panama-y-barbados-buscan-abrir-nuevas-oportunidades-comerciales-en-el-caribe-515730,critica.com.pa,es,,2026-09-03T05:45:00+00:00,2026-10-06T18:46:40+00:00,,gdelt_doc:logistica,titular_metadatos,
N-b85ed2fec2e8,Mulino ya está en Ecuador para reunirse con Noboa,https://www.critica.com.pa/nacional/mulino-ya-esta-en-ecuador-para-reunirse-con-noboa-515814,critica.com.pa,es,,2026-09-04T19:15:00+00:00,2026-10-06T18:46:40+00:00,,gdelt_doc:logistica,titular_metadatos,
N-b877142d5ae0,Llaman a la Zona Libre de Colón el Disneyland del contrabando,https://www.critica.com.pa/nacional/llaman-la-zona-libre-de-colon-el-disneyland-del-contrabando-512599,critica.com.pa,es,,2026-07-10T18:30:00+00:00,2026-10-06T18:46:40+00:00,,gdelt_doc:eventos_naturales,titular_metadatos,
N-b894c30db8d3,Panama panel backs path to Cobre Panama restart - The Northern Miner,https://www.northernminer.com/news/panama-commission-urges-orderly-closure-of-first-quantums-cobre-mine/1003895319/,northernminer.com,en,,2026-09-30T20:45:00+00:00,2026-10-06T18:46:40+00:00,,gdelt_doc:economia,titular_metadatos,
N-b8967b50f9c4,Colegios particulares atribuyen aumento de matrícula a migración al sector oficial y altos costos de operación,https://www.tvn-2.com/nacionales/colegios-particulares-estudiantes-aumento-matricula-mayores-gastos-informe-acodeco_1_2264562.html,tvn-2.com,es,2026-10-06T12:41:06+00:00,,2026-10-06T18:46:40+00:00,,tvn_rss,titular_metadatos,
N-b8bb218c3a4a,"Hondureño Fred Matute , primer líder del Tour de Panamá",https://www.critica.com.pa/deportes/hondureno-fred-matute-primer-lider-del-tour-de-panama-517308,critica.com.pa,es,,2026-10-01T06:00:00+00:00,2026-10-06T18:46:40+00:00,,gdelt_doc:panama,titular_metadatos,
N-b8dda0cff4d8,Panama Canal announces increase in draft and daily transit | Hellenic Shipping News Worldwide,https://www.hellenicshippingnews.com/panama-canal-announces-increase-in-draft-and-daily-transit/,hellenicshippingnews.com,en,,2026-09-29T13:30:00+00:00,2026-10-06T18:46:40+00:00,,gdelt_doc:logistica,titular_metadatos,
N-b90d34797c5c,Panamá envía condolencias a España y expresa solidaridad con Canadá por los incendios forestales,https://www.telemetro.com/nacionales/panama-envia-condolencias-espana-y-expresa-solidaridad-canada-los-incendios-forestales-n6085590,telemetro.com,es,,2026-07-18T17:45:00+00:00,2026-10-06T18:46:40+00:00,,gdelt_doc:panama,titular_metadatos,
N-b9181487d3bf,Argentina enviará militares a Panamá para participar en el ejercicio multinacional Panamax 2026,https://www.telemetro.com/nacionales/argentina-enviara-militares-panama-participar-el-ejercicio-multinacional-panamax-2026-n6086226,telemetro.com,es,,2026-07-24T16:15:00+00:00,2026-10-06T18:46:40+00:00,,gdelt_doc:logistica,titular_metadatos,
N-b91aafa20d47,Obras de la Línea 3 obligan a cierres nocturnos en Panamá Pacífico,https://www.panamaamerica.com.pa/sociedad/obras-de-la-linea-3-obligan-cierres-nocturnos-en-panama-pacifico-1263920,panamaamerica.com.pa,es,,2026-07-14T00:30:00+00:00,2026-10-06T18:46:40+00:00,,gdelt_doc:panama,titular_metadatos,
N-b95e1342e870,UMIP : El Atlas es fundamental para formación de estudiantes,https://www.panamaamerica.com.pa/sociedad/umip-el-atlas-es-fundamental-para-formacion-de-estudiantes-1266177,panamaamerica.com.pa,es,,2026-09-10T07:00:00+00:00,2026-10-06T18:46:40+00:00,,gdelt_doc:economia,titular_metadatos,
N-b983c088cf16,El Mides ampliará su cobertura en el país a través de jornadas sociales,https://www.critica.com.pa/nacional/el-mides-ampliara-su-cobertura-en-el-pais-traves-de-jornadas-sociales-516854,critica.com.pa,es,,2026-09-23T07:45:00+00:00,2026-10-06T18:46:40+00:00,,gdelt_doc:economia,titular_metadatos,
N-b99133888cde,Cita de Trump y Xi Jinping mide fuerzas e interés por acuerdos entre las dos potencias,https://www.diariolasamericas.com/eeuu/cita-trump-y-xi-jinping-mide-fuerzas-e-interes-acuerdos-las-dos-potencias-n5402664,diariolasamericas.com,es,,2026-09-23T23:45:00+00:00,2026-10-06T18:46:40+00:00,,gdelt_doc:economia,titular_metadatos,
N-b9986ad8e347,Crece un 19 % la llegada de turistas y un 15 % su gasto en Panamá entre enero y mayo,https://www.diaadia.com.pa/el-pais/crece-un-19-la-llegada-de-turistas-y-un-15-su-gasto-en-panama-entre-enero-y-mayo-791129,diaadia.com.pa,es,,2026-08-11T20:15:00+00:00,2026-10-06T18:46:40+00:00,,gdelt_doc:economia,titular_metadatos,
N-b9ae0bb3d18b,"Más de 57 , 000 trabajadores renunciaron a sus empleos en Panamá",https://www.infobae.com/panama/2026/08/27/mas-de-57000-trabajadores-renunciaron-a-sus-empleos-en-panama/,infobae.com,es,,2026-08-27T22:00:00+00:00,2026-10-06T18:46:40+00:00,,gdelt_doc:panama,titular_metadatos,
N-b9caa864d86a,Toronto and province won big at World Cup : Report,https://torontosun.com/news/toronto-province-won-big-world-cup-report,torontosun.com,en,,2026-09-02T21:45:00+00:00,2026-10-06T18:46:40+00:00,,gdelt_doc:turismo,titular_metadatos,
N-b9d58c17524d,Panamá se consolida como uno de los mercados de entretenimiento digital de Centroamérica,https://nuevaya.com.ni/internacionales/panama-se-consolida-como-uno-de-los-mercados-de-entretenimiento-digital-de-centroamerica/,nuevaya.com.ni,es,,2026-09-28T15:30:00+00:00,2026-10-06T18:46:40+00:00,,gdelt_doc:economia,titular_metadatos,
N-b9d74d64d226,Why are AI firms bulk buying and pulping books ? Because it cheaper than paying writers – The Irish Times,https://www.irishtimes.com/opinion/2026/08/14/liz-carolan-why-are-ai-firms-bulk-buying-and-pulping-books-because-its-cheaper-than-paying-writers/,irishtimes.com,en,,2026-08-14T07:30:00+00:00,2026-10-06T18:46:40+00:00,,gdelt_doc:eventos_naturales,titular_metadatos,
N-b9fa3db0f94c,Presidente panameño visitará Singapur y Vietnam - Noticias Prensa Latina,https://www.prensa-latina.cu/2026/10/01/presidente-panameno-visitara-singapur-y-vietnam/,prensa-latina.cu,es,,2026-10-01T16:30:00+00:00,2026-10-06T18:46:40+00:00,,gdelt_doc:panama,titular_metadatos,
N-b9fc0e412126,"Productor Ghetto , dentro de los dominicanos que triunfaron en Premios Juventud 2026",https://hoy.com.do/vivir/alegria/musica/productor-ghetto-dominicanos-triunfaron-premios-juventud-2026_1101282.html,hoy.com.do,es,,2026-09-04T20:15:00+00:00,2026-10-06T18:46:40+00:00,,gdelt_doc:logistica,titular_metadatos,
N-ba01d471595b,Lo que se pide vs . lo que se ofrece,https://www.prensalibre.com/opinion/columnasdiarias/lo-que-se-pide-vs-lo-que-se-ofrece/,prensalibre.com,es,,2026-09-20T06:45:00+00:00,2026-10-06T18:46:40+00:00,,gdelt_doc:economia,titular_metadatos,
N-ba0854a8d5bc,"Tropical Storm Bertha strengthens as warnings extend along Gulf Coast , NHC says",https://www.republicanherald.com/2026/07/21/tropial-storm-bertha-strengthens-near-gulf-coast/,republicanherald.com,en,,2026-07-21T16:45:00+00:00,2026-10-06T18:46:40+00:00,,gdelt_doc:eventos_naturales,titular_metadatos,
N-ba17d2bd600b,El ministro de Comercio de Francia visita el lunes Panamá con su Canal como prioridad,https://www.diaadia.com.pa/el-pais/el-ministro-de-comercio-de-francia-visita-el-lunes-panama-con-su-canal-como-prioridad,diaadia.com.pa,es,,2026-09-11T22:45:00+00:00,2026-10-06T18:46:40+00:00,,gdelt_doc:economia,titular_metadatos,
N-ba20258e2e7d,"Vicecanciller Hoyos destaca la marca país Panamá , Anfitrión del Mundo y explica sus pilares",https://www.telemetro.com/entrevistas/nacionales/vicecanciller-hoyos-destaca-la-marca-pais-panama-anfitrion-del-mundo-y-explica-sus-pilares-n6089904,telemetro.com,es,,2026-08-27T15:45:00+00:00,2026-10-06T18:46:40+00:00,,gdelt_doc:panama,titular_metadatos,
N-ba233ed7cb63,Perú vive su noveno cambio de presidente en diez años | Noticias La Tribuna de Albacete,https://www.latribunadealbacete.es/noticia/zaab6c189-05c0-47a3-88fb7af97ffc3ed5/202607/peru-vive-su-noveno-cambio-de-presidente-en-diez-anos,latribunadealbacete.es,es,,2026-07-28T16:45:00+00:00,2026-10-06T18:46:40+00:00,,gdelt_doc:economia,titular_metadatos,
N-ba25eecb419f,China defiende inspecciones a buques panameños tras múltiples incidentes de seguridad,https://www.panamaamerica.com.pa/mundo/china-defiende-inspecciones-buques-panamenos-tras-multiples-incidentes-de-seguridad-1263913,panamaamerica.com.pa,es,,2026-07-13T19:45:00+00:00,2026-10-06T18:46:40+00:00,,gdelt_doc:panama,titular_metadatos,
N-ba4d878255e5,Países latinoamericanos y Emiratos Árabes buscan empresas y talento a través de la Cámara de Avilés,https://www.lne.es/aviles/2026/07/25/paises-latinoamericanos-emiratos-arabes-buscan-132782580.html,lne.es,es,,2026-07-25T05:30:00+00:00,2026-10-06T18:46:40+00:00,,gdelt_doc:economia,titular_metadatos,
N-ba703e78e578,"Mulino : estadio nuevo , comida barata y golpe a intermediarios",https://www.critica.com.pa/nacional/mulino-estadio-nuevo-comida-barata-y-golpe-intermediarios-513367,critica.com.pa,es,,2026-07-23T20:45:00+00:00,2026-10-06T18:46:40+00:00,,gdelt_doc:turismo,titular_metadatos,
N-ba7e9732210d,Gota a gota en Herrera : capturan a colombiano en Chitré,https://www.critica.com.pa/sucesos/gota-gota-en-herrera-capturan-colombiano-en-chitre-515805,critica.com.pa,es,,2026-09-04T19:15:00+00:00,2026-10-06T18:46:40+00:00,,gdelt_doc:panama,titular_metadatos,
N-baa1ba62cb10,Yolina Lindquist llegará a Panamá para coronar a Miss Cosmo Panamá 2026,https://www.panamaamerica.com.pa/variedades/yolina-lindquist-llegara-panama-para-coronar-miss-cosmo-panama-2026-1266621,panamaamerica.com.pa,es,,2026-09-22T23:00:00+00:00,2026-10-06T18:46:40+00:00,,gdelt_doc:panama,titular_metadatos,
N-baa63d959b3c,México respalda el protocolo de neutralidad del Canal de Panamá en encuentro con su presidente,https://www.cadena3.com/noticia/mundo/mexico-respalda-el-protocolo-de-neutralidad-del-canal-de-panama-en-encuentro-con-su-presidente_573379,cadena3.com,es,,2026-07-15T22:00:00+00:00,2026-10-06T18:46:40+00:00,,gdelt_doc:logistica,titular_metadatos,
N-baa8f6965d9c,Tren Panamá - David : avanzan estudios técnicos y transferencia tecnológica con Corea del Sur,https://www.telemetro.com/nacionales/tren-panama-david-avanzan-estudios-tecnicos-y-transferencia-tecnologica-corea-del-sur-n6090163,telemetro.com,es,,2026-08-29T17:15:00+00:00,2026-10-06T18:46:40+00:00,,gdelt_doc:logistica,titular_metadatos,
N-bab2651cbb73,Malvinas : cuando la historia vuelve a derrotar al olvido,https://www.panamaamerica.com.pa/opinion/malvinas-cuando-la-historia-vuelve-derrotar-al-olvido-1264154,panamaamerica.com.pa,es,,2026-07-19T17:30:00+00:00,2026-10-06T18:46:40+00:00,,gdelt_doc:logistica,titular_metadatos,
N-babadbbb5082,"Panama is not only the beginning : Foreign Minister pitches nation as India premier manufacturing , trade launchpad in Latin America",http://www.bangladeshsun.com/news/279199252/panama-is-not-only-the-beginning-foreign-minister-pitches-nation-as-india-premier-manufacturing-trade-launchpad-in-latin-america,bangladeshsun.com,en,,2026-07-20T21:45:00+00:00,2026-10-06T18:46:40+00:00,,gdelt_doc:economia,titular_metadatos,
N-badc1fd83f3e,Perú vive su noveno cambio de presidente en diez años con la investidura de Keiko Fujimori,https://gestion.pe/peru/peru-vive-su-noveno-cambio-de-presidente-en-diez-anos-con-la-investidura-de-keiko-fujimori-noticia/,gestion.pe,es,,2026-07-28T19:00:00+00:00,2026-10-06T18:46:40+00:00,,gdelt_doc:economia,titular_metadatos,
N-bae8575a5498,Venezuelans rally to demand opposition leader safe return and presidential elections,https://www.therecord.com/news/world/americas/venezuelans-rally-to-demand-opposition-leader-s-safe-return-and-presidential-elections/article_045418ca-0015-5659-a5e4-7639b75fa848.html,therecord.com,en,,2026-09-28T02:45:00+00:00,2026-10-06T18:46:40+00:00,,gdelt_doc:economia,titular_metadatos,
N-bb057049bcbd,Super El Niño Ties Record Months Before Peak ; Scientists Warn of Severe Global Impacts – NaturalNews . com,https://www.naturalnews.com/2026-09-23-super-el-nino-ties-record-months-before-peak.html,naturalnews.com,en,,2026-09-23T18:15:00+00:00,2026-10-06T18:46:40+00:00,,gdelt_doc:logistica,titular_metadatos,
N-bb221c78ac0f,Canciller reclama ante la ONU el regreso de panameños reclutados en la guerra Rusia - Ucrania,https://www.prensa.com/politica/canciller-reclama-ante-la-onu-el-regreso-de-panamenos-reclutados-en-la-guerra-rusia-ucrania/,prensa.com,es,,2026-09-23T23:30:00+00:00,2026-10-06T18:46:40+00:00,,gdelt_doc:panama,titular_metadatos,
N-bb4ff522c7f3,"Precios de combustible se estabilizan poco a poco , pero sigue incertidumbre",https://www.panamaamerica.com.pa/nacion/precios-de-combustible-se-estabilizan-poco-poco-pero-sigue-incertidumbre-1263811,panamaamerica.com.pa,es,,2026-07-10T05:30:00+00:00,2026-10-06T18:46:40+00:00,,gdelt_doc:economia,titular_metadatos,
N-bb5d344d0e71,"Mal tiempo , el estado del barco , la tripulación acusada de homicidio ... qué se sabe ahora de las causas de la tragedia del ferry de Chipre",https://www.20minutos.es/internacional/mal-tiempo-estado-barco-tripulacion-acusada-homicidio-que-se-sabe-ahora-las-causas-tragedia-ferry-chipre_7031035_0.html,20minutos.es,es,,2026-09-01T04:15:00+00:00,2026-10-06T18:46:40+00:00,,gdelt_doc:turismo,titular_metadatos,
N-bb684fb94f2b,Proyecto del CRU de Colón acumula años de retrasos ; Contraloría inicia auditoría,https://www.prensa.com/sociedad/proyecto-del-cru-de-colon-acumula-anos-de-retrasos-contraloria-inicia-auditoria/,prensa.com,es,,2026-08-29T06:30:00+00:00,2026-10-06T18:46:40+00:00,,gdelt_doc:economia,titular_metadatos,
N-bb6f6cd49c5f,Hace 49 años,https://www.prensa.com/opinion/hace-49-anos/,prensa.com,es,,2026-09-25T07:15:00+00:00,2026-10-06T18:46:40+00:00,,gdelt_doc:logistica,titular_metadatos,
N-bb7d77575e47,"La CEPAL proyecta que la Argentina crecerá 3 , 3 % en 2026 y 3 , 4 % en 2027",https://www.perfil.com/noticias/economia/la-cepal-proyecta-que-la-argentina-crecera-33-en-2026-y-34-en-2027-por-encima-del-promedio-regional-a40.phtml,perfil.com,es,,2026-08-22T00:00:00+00:00,2026-10-06T18:46:40+00:00,,gdelt_doc:economia,titular_metadatos,
N-bbb10678b53e,La Prensa ha recibido pagos por pautas en diferentes gobiernos,https://www.panamaamerica.com.pa/nacion/la-prensa-ha-recibido-pagos-por-pautas-en-diferentes-gobiernos-1264821,panamaamerica.com.pa,es,,2026-08-05T06:15:00+00:00,2026-10-06T18:46:40+00:00,,gdelt_doc:economia,titular_metadatos,
N-bbb3f11e8398,Cinco personas rescatadas tras crecidas de quebradas en Atalaya y Soná,https://www.critica.com.pa/sucesos/cinco-personas-rescatadas-tras-crecidas-de-quebradas-en-atalaya-y-sona-514076,critica.com.pa,es,,2026-08-05T19:00:00+00:00,2026-10-06T18:46:40+00:00,,gdelt_doc:eventos_naturales,titular_metadatos,
N-bbc9a0694547,Panamá anfitrión del mundo ; la marca país para promover el turismo y las inversiones en el exterior,https://www.midiario.com/nacionales/panama-anfitrion-del-mundo-la-marca-pais-para-promover-el-turismo-y-las-inversiones-en-el-exterior/,midiario.com,es,,2026-08-27T02:45:00+00:00,2026-10-06T18:46:40+00:00,,gdelt_doc:panama,titular_metadatos,
N-bbca4997b7d9,Otra imprudencia de una firma contratista afecta el suministro de agua en Sincelejo,https://www.elheraldo.co/colombia/2026/09/27/otra-imprudencia-de-una-firma-contratista-afecta-el-suministro-de-agua-en-sincelejo/,elheraldo.co,es,,2026-09-27T21:45:00+00:00,2026-10-06T18:46:40+00:00,,gdelt_doc:turismo,titular_metadatos,
N-bbd29bd98d1d,¿ Buscas capacitarte ? Talent Up Panamá ofrece 10 mil becas en inteligencia artificial y tecnología,https://www.telemetro.com/nacionales/buscas-capacitarte-talent-up-panama-ofrece-10-mil-becas-inteligencia-artificial-y-tecnologia-n6086563,telemetro.com,es,,2026-07-28T14:00:00+00:00,2026-10-06T18:46:40+00:00,,gdelt_doc:economia,titular_metadatos,
N-bc1c86bbd444,Canciller Martínez - Acha : restablecer relaciones con Venezuela no está en la agenda,https://www.laestrella.com.pa/mundo/canciller-martinez-acha-restablecer-relaciones-con-venezuela-no-esta-en-la-agenda-IB24258725,laestrella.com.pa,es,,2026-07-21T15:30:00+00:00,2026-10-06T18:46:40+00:00,,gdelt_doc:panama,titular_metadatos,
N-bc1e0ab56a2f,Panamá cae 100 - 82 ante Bahamas en clasificatorio para la Copa del Mundo,https://www.prensa.com/deportes/panama-cae-100-82-ante-bahamas-en-clasificatorio-para-la-copa-del-mundo/,prensa.com,es,,2026-09-01T07:30:00+00:00,2026-10-06T18:46:40+00:00,,gdelt_doc:panama,titular_metadatos,
N-bc23f08160b2,Supertanker Pays Record $4 . 6 Million to Skip Panama Canal Line,https://gcaptain.com/supertanker-pays-record-4-6-million-to-skip-panama-canal-line/,gcaptain.com,en,,2026-08-14T20:00:00+00:00,2026-10-06T18:46:40+00:00,,gdelt_doc:logistica,titular_metadatos,
N-bc2e72c3e71b,"Canciller Martínez - Acha Vásquez destaca una diplomacia de Estado enfocada en oportunidades , conectividad y defensa de los intereses de Panamá – Ministerio de Relaciones exteriores",https://mire.gob.pa/canciller-martinez-acha-vasquez-destaca-una-diplomacia-de-estado-enfocada-en-oportunidades-conectividad-y-defensa-de-los-intereses-de-panama/,mire.gob.pa,es,,2026-08-26T15:30:00+00:00,2026-10-06T18:46:40+00:00,,gdelt_doc:economia,titular_metadatos,
N-bc322067b11f,Crece el ánimo : 79 % cree que la mina abrirá y 52 % espera una mejor economía para su familia,https://www.panamaamerica.com.pa/sociedad/crece-el-animo-79-cree-que-la-mina-abrira-y-52-espera-una-mejor-economia-para-su-familia,panamaamerica.com.pa,es,,2026-07-30T23:15:00+00:00,2026-10-06T18:46:40+00:00,,gdelt_doc:economia,titular_metadatos,
N-bc507e6dc3e8,La Argentina encabeza el ranking de morosidad bancaria en Latinoamérica,http://www.continental.com.ar/2026-08-26/la-argentina-encabeza-el-ranking-de-morosidad-bancaria-en-latinoamerica-151809/,continental.com.ar,es,,2026-08-26T17:45:00+00:00,2026-10-06T18:46:40+00:00,,gdelt_doc:economia,titular_metadatos,
N-bc523a0cb77f,Trump llenará bodegas y supermercados venezolanos con productos de EEUU,https://panampost.com/jose-gregorio-martinez/2026/09/11/trump-llenara-bodegas-y-supermercados-venezolanos-con-productos-de-eeuu/,panampost.com,es,,2026-09-11T22:45:00+00:00,2026-10-06T18:46:40+00:00,,gdelt_doc:economia,titular_metadatos,
N-bc69aacd6c0c,"Toronto paid the bill for FIFA , Kingston took the benefits",https://www.queensjournal.ca/toronto-paid-the-bill-for-fifa-kingston-took-the-benefits/,queensjournal.ca,en,,2026-07-27T17:15:00+00:00,2026-10-06T18:46:40+00:00,,gdelt_doc:turismo,titular_metadatos,
N-bc8755ef5575,Zupralterno - Periódico Síntesis de México,https://sintesis.mx/2026/08/03/zupralterno-239/,sintesis.mx,es,,2026-08-04T03:45:00+00:00,2026-10-06T18:46:40+00:00,,gdelt_doc:turismo,titular_metadatos,
N-bc8bcaabe53a,Panama serves as natural bridge for us for global trade routes : Jaishankar,https://news.webindia123.com/news/Articles/World/20260720/4477206.html,news.webindia123.com,en,,2026-07-20T21:00:00+00:00,2026-10-06T18:46:40+00:00,,gdelt_doc:logistica,titular_metadatos,
N-bca6ee260406,Panamá aterriza en Tokio para disputar la Copa Kirin 2026,https://www.prensa.com/deportes/panama-aterriza-en-tokio-para-disputar-la-copa-kirin-2026/,prensa.com,es,,2026-09-28T18:45:00+00:00,2026-10-06T18:46:40+00:00,,gdelt_doc:panama,titular_metadatos,
N-bcb5b9563f48,Tropical Storm Bertha drifts toward land as Hurricane Fausto forms in the eastern Pacific,https://www.ktbs.com/weather/headlines/tropical-storm-bertha-drifts-toward-land-as-hurricane-fausto-forms-in-the-eastern-pacific/article_7561859f-e876-57ea-a09e-a60a4576cbd2.html,ktbs.com,en,,2026-07-21T09:15:00+00:00,2026-10-06T18:46:40+00:00,,gdelt_doc:eventos_naturales,titular_metadatos,
N-bcc133fb4d7d,Presentan APP de innovación turística KnowMe RD ante sector productivo de Santiago Rodríguez,https://www.elcaribe.com.do/gente/estilo/presentan-app-de-innovacion-turistica-knowme-rd-ante-sector-productivo-de-santiago-rodriguez/,elcaribe.com.do,es,,2026-07-29T19:30:00+00:00,2026-10-06T18:46:40+00:00,,gdelt_doc:turismo,titular_metadatos,
N-bcf60247b1cb,"República Dominicana lidera la región en preparación frente a ciberataques , según ranking de SISAP",https://hoy.com.do/vivir/republica-dominicana-lidera-region-preparacion-frente-ciberataques-ranking-sisap_1099770.html,hoy.com.do,es,,2026-08-23T14:45:00+00:00,2026-10-06T18:46:40+00:00,,gdelt_doc:turismo,titular_metadatos,
N-bd19637441ba,Llodio gestionará junto a los grupos la nueva Casa de Cultura,https://www.elcorreo.com/alava/araba/ayala/llodio-gestionara-junto-grupos-nueva-casa-cultura-20261001000736-nt.html,elcorreo.com,es,,2026-09-30T22:30:00+00:00,2026-10-06T18:46:40+00:00,,gdelt_doc:turismo,titular_metadatos,
N-bd2381ddc798,"Desde Nueva York , que desbanca a San Francisco como verdadera capital de Silicon Valley , hasta el Canal de Panamá que se suma al Estrecho de Ormuz para liar la economía mundial",https://www.elmundo.es/economia/macroeconomia/2026/09/13/6aa4190121efa0632e8b45a3.html,elmundo.es,es,,2026-09-13T02:15:00+00:00,2026-10-06T18:46:40+00:00,,gdelt_doc:economia,titular_metadatos,
N-bd49b4bb4a60,Discurso del Presidente Mulino ante la Asamblea de las Naciones Unidas,https://tupolitica.com/ministerio-de-relaciones-exteriores-panama/discurso-mulino-naciones-unida.html,tupolitica.com,es,,2026-09-24T19:45:00+00:00,2026-10-06T18:46:40+00:00,,gdelt_doc:logistica,titular_metadatos,
N-bd5ab768225c,Grecia recibe a Yoel Bárcenas : el mundialista panameño llega al Iraklis para una nueva aventura,https://www.midiario.com/deportivas/yoel-barcenas-abre-un-nuevo-capitulo-en-grecia/,midiario.com,es,,2026-08-26T22:00:00+00:00,2026-10-06T18:46:40+00:00,,gdelt_doc:panama,titular_metadatos,
N-bd6e4c38afb9,Paso Canoas : detienen a panameño con orden de captura por homicidio,https://www.teletica.com/sucesos/paso-canoas-detienen-a-panameno-con-orden-de-captura-por-homicidio_418263,teletica.com,es,,2026-09-30T05:45:00+00:00,2026-10-06T18:46:40+00:00,,gdelt_doc:panama,titular_metadatos,
N-bd6e91513a0e,Grupo Cibest entregó US$70 millones en financiamiento subordinado a Bam,https://www.larepublica.co/finanzas/grupo-cibest-entrego-us-70-millones-en-financiamiento-subordinado-a-bam-4441800,larepublica.co,es,,2026-07-23T18:15:00+00:00,2026-10-06T18:46:40+00:00,,gdelt_doc:economia,titular_metadatos,
N-bd7e54ce1171,"Jorge Messi , el cerebro detrás de la carrera futbolística y las finanzas de su hijo Lionel",https://www.heraldo.es/noticias/deportes/2026/08/08/jorge-messi-cerebro-detras-carrera-futbolistica-las-finanzas-su-hijo-lionel-2043393.html,heraldo.es,es,,2026-08-08T17:15:00+00:00,2026-10-06T18:46:40+00:00,,gdelt_doc:turismo,titular_metadatos,
N-bd842eacd891,HBO Boxing : Cotto vs . Kamegai Weigh - in Results and Photo Gallery,https://combatpress.com/2017/08/hbo-boxing-cotto-vs-kamegai-weigh-in-results-and-photo-gallery/,combatpress.com,en,,2026-08-04T09:45:00+00:00,2026-10-06T18:46:40+00:00,,gdelt_doc:logistica,titular_metadatos,
N-bd9d087bbe30,Best Market Segment Report : AM Best Maintains Stable Outlook on Panama Insurance Industry,https://www.finanznachrichten.de/nachrichten-2026-07/69159692-best-s-market-segment-report-am-best-maintains-stable-outlook-on-panama-s-insurance-industry-004.htm,finanznachrichten.de,en,,2026-07-29T17:30:00+00:00,2026-10-06T18:46:40+00:00,,gdelt_doc:economia,titular_metadatos,
N-bdd683fcb97e,Raves Arent What They Used to Be,https://www.newser.com/story/393249/raves-arent-what-they-used-to-be.html,newser.com,en,,2026-07-26T22:45:00+00:00,2026-10-06T18:46:40+00:00,,gdelt_doc:logistica,titular_metadatos,
N-bddb572e093c,Pumas opacó rugido del León en CU en su regreso a la Liga MX,https://www.am.com.mx/superdeportivo/2026/09/10/pumas-opaco-rugido-del-leon-en-cu-en-su-regreso-a-la-liga-mx-1842914.html,am.com.mx,es,,2026-09-11T08:15:00+00:00,2026-10-06T18:46:40+00:00,,gdelt_doc:eventos_naturales,titular_metadatos,
N-bde90c3e7b74,The sunhat is everywhere in Athens as crowds grow larger at ancient sites,http://www.reflector.com/news/national/the-sunhat-is-everywhere-in-athens-as-crowds-grow-larger-at-ancient-sites/article_c65c8205-bfdb-5d15-a44a-5c18c4a91d76.html,reflector.com,en,,2026-08-23T13:00:00+00:00,2026-10-06T18:46:40+00:00,,gdelt_doc:turismo,titular_metadatos,
N-bdf934d21f75,El liderazgo de Panamá en Naciones Unidas,https://www.mundiario.com/articulo/internacional/liderazgo-panama/20260821002214436574.html,mundiario.com,es,,2026-08-20T22:45:00+00:00,2026-10-06T18:46:40+00:00,,gdelt_doc:economia,titular_metadatos,
N-be2e9f185dac,Panama Copa Airlines Program Having Tourist Stays with Layovers Increased by 38 %,https://newsroompanama.com/2026/07/10/panamas-copa-airlines-program-having-tourist-stays-with-layovers-increased-by-38/,newsroompanama.com,en,,2026-07-11T00:00:00+00:00,2026-10-06T18:46:40+00:00,,gdelt_doc:logistica,titular_metadatos,
N-be4d7c0945d0,Canal de Panamá eleva a 33 los tránsitos y el calado a 49 pies por mejores condiciones hídricas,https://www.laestrella.com.pa/economia/canal-de-panama-eleva-a-33-los-transitos-y-el-calado-a-49-pies-por-mejores-condiciones-hidricas-NA26049352,laestrella.com.pa,es,,2026-09-28T22:15:00+00:00,2026-10-06T18:46:40+00:00,,gdelt_doc:logistica,titular_metadatos,
N-be5061cc1aa6,Llega la VI edición del Campionato Scuola Pizzaioli a la FIT 2026 en La Rural,https://comercioyjusticia.info/salidas/llega-la-vi-edicion-del-campionato-scuola-pizzaioli-a-la-fit-2026-en-la-rural/,comercioyjusticia.info,es,,2026-09-20T02:30:00+00:00,2026-10-06T18:46:40+00:00,,gdelt_doc:turismo,titular_metadatos,
N-be67cdbb890f,Café panameño gana terreno dentro y fuera,https://www.panamaamerica.com.pa/economia/cafe-panameno-gana-terreno-dentro-y-fuera-1265671,panamaamerica.com.pa,es,,2026-08-28T05:45:00+00:00,2026-10-06T18:46:40+00:00,,gdelt_doc:turismo,titular_metadatos,
N-be67fc996351,Aeropuerto de Tocumen prepara ampliación con dos proyectos y una inversión de $306 . 7 millones,https://www.laestrella.com.pa/economia/aeropuerto-de-tocumen-prepara-ampliacion-con-dos-proyectos-y-una-inversion-de-3067-millones-KB25429982,laestrella.com.pa,es,,2026-09-04T21:15:00+00:00,2026-10-06T18:46:40+00:00,,gdelt_doc:economia,titular_metadatos,
N-be85b92e280f,El Niño weather pattern enters record territory : scientist,https://www.enca.com/opinion/el-nino-weather-pattern-enters-record-territory-scientist,enca.com,en,,2026-09-22T04:30:00+00:00,2026-10-06T18:46:40+00:00,,gdelt_doc:logistica,titular_metadatos,
N-be8d55078aca,"You are already a superpower : Panama FM Vasquez seeks strategic partnership , deeper economic cooperation with India",http://www.brazilsun.com/news/279200073/you-are-already-a-superpower-panama-fm-vasquez-seeks-strategic-partnership-deeper-economic-cooperation-with-india,brazilsun.com,en,,2026-07-21T03:45:00+00:00,2026-10-06T18:46:40+00:00,,gdelt_doc:economia,titular_metadatos,
N-be91e78ac139,Giovany Herber : la nueva figura que empieza a destacar en la sele,https://www.midiario.com/deportivas/giovany-herber-la-nueva-figura-que-empieza-a-destacar-en-la-sele/,midiario.com,es,,2026-10-01T22:45:00+00:00,2026-10-06T18:46:40+00:00,,gdelt_doc:panama,titular_metadatos,
N-beb7db0f2262,"Panama is not only the beginning : Foreign Minister pitches nation as India premier manufacturing , trade launchpad in Latin America",http://www.heraldglobe.com/news/279199252/panama-is-not-only-the-beginning-foreign-minister-pitches-nation-as-india-premier-manufacturing-trade-launchpad-in-latin-america,heraldglobe.com,en,,2026-07-20T19:15:00+00:00,2026-10-06T18:46:40+00:00,,gdelt_doc:economia,titular_metadatos,
N-bed5255c9683,"IDAC llevará la experiencia de volar a la Feria Internacional del Libro Santo Domingo 2026 - Dominican Republic Post – Caribbean News , Business , Travel & Culture",https://dominicanrepublicpost.com/idac-llevara-la-experiencia-de-volar-a-la-feria-internacional-del-libro-santo-domingo-2026/,dominicanrepublicpost.com,es,,2026-09-23T22:00:00+00:00,2026-10-06T18:46:40+00:00,,gdelt_doc:turismo,titular_metadatos,
N-bee09083fe90,Aeropuerto de Quito suspenderá vuelos este 3 de octubre por mantenimiento : aerolíneas reprogramaron vuelos,https://www.eluniverso.com/noticias/ecuador/aeropuerto-quito-suspenden-vuelos-sabado-3-de-octubre-mantenimiento-de-pista-aerolineas-cuales-son-los-vuelos-reprogramados-nota/,eluniverso.com,es,,2026-10-01T19:00:00+00:00,2026-10-06T18:46:40+00:00,,gdelt_doc:panama,titular_metadatos,
N-bee27ef0b020,Panama seeks India partnership to protect canal neutrality amid rising geopolitical tensions,https://news.webindia123.com/news/Articles/World/20260720/4477136.html,news.webindia123.com,en,,2026-07-20T21:00:00+00:00,2026-10-06T18:46:40+00:00,,gdelt_doc:logistica,titular_metadatos,
N-bf09c6153bf0,El TCR South America corre este fin de semana en Concordia,https://www.unoentrerios.com.ar/ovacion/el-tcr-south-america-corre-este-fin-semana-concordia-n10279905.html,unoentrerios.com.ar,es,,2026-09-09T00:00:00+00:00,2026-10-06T18:46:40+00:00,,gdelt_doc:turismo,titular_metadatos,
N-bf0ef964baef,Campaña contra el cáncer en Panamá : estas son las actividades programadas para octubre,https://www.telemetro.com/nacionales/campana-contra-el-cancer-panama-estas-son-las-actividades-programadas-octubre-n6093505,telemetro.com,es,,2026-09-30T13:45:00+00:00,2026-10-06T18:46:40+00:00,,gdelt_doc:panama,titular_metadatos,
N-bf38524a27dd,First female administrator in the Panama Canal history takes the helm,https://www.therecord.com/business/first-female-administrator-in-the-panama-canal-s-history-takes-the-helm/article_f591e9a9-30f8-55e7-9c54-f9017eee77a1.html,therecord.com,en,,2026-09-07T16:15:00+00:00,2026-10-06T18:46:40+00:00,,gdelt_doc:economia,titular_metadatos,
N-bf4b6ba33284,Minsa abre investigación a locales que ofrecen tratamientos con células madre,https://www.prensa.com/sociedad/minsa-abre-investigacion-a-locales-que-ofrecen-tratamientos-con-celulas-madre/,prensa.com,es,,2026-08-31T17:00:00+00:00,2026-10-06T18:46:40+00:00,,gdelt_doc:turismo,titular_metadatos,
N-bf6ce06adcc0,"Panamá , entre dos desconfianzas",https://www.prensa.com/opinion/panama-entre-dos-desconfianzas/,prensa.com,es,,2026-09-24T07:45:00+00:00,2026-10-06T18:46:40+00:00,,gdelt_doc:logistica,titular_metadatos,
N-bf88163befea,¿ Quién financia al Estado cuando el Estado no paga ?,https://www.prensa.com/opinion/quien-financia-al-estado-cuando-el-estado-no-paga/,prensa.com,es,,2026-09-23T03:30:00+00:00,2026-10-06T18:46:40+00:00,,gdelt_doc:economia,titular_metadatos,
N-bfb1c7ebb98d,Los escombros de la república | Análisis de Asdrúbal Aguiar,https://www.ntn24.com/noticias-opinion/asdrubal-aguiar-59/los-escombros-de-la-republica-633764,ntn24.com,es,,2026-07-16T23:15:00+00:00,2026-10-06T18:46:40+00:00,,gdelt_doc:eventos_naturales,titular_metadatos,
N-bfbb7d21e05e,Los puntos de estrangulamiento : el lado vulnerable de la economía mundial,https://hoy.com.do/opinion/puntos-estrangulamiento-lado-vulnerable-economia-mundial_1098879.html,hoy.com.do,es,,2026-08-15T04:30:00+00:00,2026-10-06T18:46:40+00:00,,gdelt_doc:economia,titular_metadatos,
N-bfbe7e244746,Suiza deposita en la OEA su adhesión al Tratado de Neutralidad del Canal de Panamá,https://www.diaadia.com.pa/el-pais/suiza-deposita-en-la-oea-su-adhesion-al-tratado-de-neutralidad-del-canal-de-panama-790824,diaadia.com.pa,es,,2026-07-22T00:45:00+00:00,2026-10-06T18:46:40+00:00,,gdelt_doc:logistica,titular_metadatos,
N-bfe849c48bd2,México se suma a protocolo de neutralidad en Canal de Panamá,https://www.excelsior.com.mx/nacional/mexico-suma-protocolo-neutralidad-canal-panama,excelsior.com.mx,es,,2026-07-15T21:30:00+00:00,2026-10-06T18:46:40+00:00,,gdelt_doc:logistica,titular_metadatos,
N-c01b734697a1,El mercado panameño toma fuerza en Ecuador : de Gabriel Torres a Tomás Rodríguez,https://www.eluniverso.com/deportes/campeonato-ecuatoriano/el-mercado-panameno-toma-fuerza-en-ecuador-de-gabriel-torres-a-tomas-rodriguez-nota/,eluniverso.com,es,,2026-07-10T17:30:00+00:00,2026-10-06T18:46:40+00:00,,gdelt_doc:panama,titular_metadatos,
N-c01d0f7823e2,"Los mares , los estrechos y las alianzas : la arquitectura histórica del poder económico mundial",https://acento.com.do/opinion/los-mares-los-estrechos-y-las-alianzas-la-arquitectura-historica-del-poder-economico-mundial-9731821.html,acento.com.do,es,,2026-08-08T05:15:00+00:00,2026-10-06T18:46:40+00:00,,gdelt_doc:turismo,titular_metadatos,
N-c04526533429,Preview - Asamblea de Panamá,https://www.asamblea.gob.pa/Noticias/Actualidad/FISCALIZACION-DE-OBRAS-Y-PROYECTOS-INCONCLUSOS-EN-AGENDA-DE-LA-COMISION-DE-INFRAESTRUCTURA-,asamblea.gob.pa,es,,2026-07-23T21:30:00+00:00,2026-10-06T18:46:40+00:00,,gdelt_doc:economia,titular_metadatos,
N-c053000374d7,Estos son los países a los que puedes viajar desde Ecuador sin pasaporte y solo con la cédula,https://www.expreso.ec/tramites-y-servicios/paises-puedes-viajar-ecuador-pasaporte-cedula-290944.html,expreso.ec,es,,2026-07-30T22:00:00+00:00,2026-10-06T18:46:40+00:00,,gdelt_doc:turismo,titular_metadatos,
N-c096576b4ecb,Dolarizar Bolivia : el espejismo de una solución fácil,https://eldeber.com.bo/opinion/dolarizar-bolivia-espejismo-solucion-facil_1783741622,eldeber.com.bo,es,,2026-07-11T12:45:00+00:00,2026-10-06T18:46:40+00:00,,gdelt_doc:economia,titular_metadatos,
N-c0cbc7d1d6ec,Japón reafirma cooperación tecnológica con el Canal de Panamá durante visita oficial,https://www.telemetro.com/nacionales/japon-reafirma-cooperacion-tecnologica-el-canal-panama-visita-oficial-n6087521,telemetro.com,es,,2026-08-05T23:00:00+00:00,2026-10-06T18:46:40+00:00,,gdelt_doc:logistica,titular_metadatos,
N-c0e71607c2f4,Chevron Panamá coloca primera piedra de proyecto solar en Bahía Las Minas | La Prensa Panamá,https://www.prensa.com/notas-de-prensa/chevron-panama-coloca-primera-piedra-de-proyecto-solar-en-bahia-las-minas/,prensa.com,es,,2026-08-25T20:00:00+00:00,2026-10-06T18:46:40+00:00,,gdelt_doc:panama,titular_metadatos,
N-c0f21fa131c4,Presupuesto del Canal fue aprobado en tercer debate,https://www.panamaamerica.com.pa/nacion/presupuesto-del-canal-fue-aprobado-en-tercer-debate-1266849,panamaamerica.com.pa,es,,2026-09-29T05:30:00+00:00,2026-10-06T18:46:40+00:00,,gdelt_doc:logistica,titular_metadatos,
N-c0f518c71700,A look at the Defence news 10,https://www.globalsecurity.org/military/library/news/2026/08/mil-260819-nl-mod01.htm,globalsecurity.org,en,,2026-08-20T12:00:00+00:00,2026-10-06T18:46:40+00:00,,gdelt_doc:logistica,titular_metadatos,
N-c11418bc0bd1,"Dengue da un respiro en Panamá , aunque Metropolitana y Colón siguen bajo presión",https://www.midiario.com/nacionales/dengue-da-un-respiro-en-panama-aunque-metropolitana-y-colon-siguen-bajo-presion/,midiario.com,es,,2026-09-27T05:15:00+00:00,2026-10-06T18:46:40+00:00,,gdelt_doc:logistica,titular_metadatos,
N-c15982d7db24,MINSEG crea Comando Conjunto para reforzar la seguridad del Canal de Panamá,https://www.telemetro.com/nacionales/minseg-crea-comando-conjunto-reforzar-la-seguridad-del-canal-panama-n6087544,telemetro.com,es,,2026-08-05T23:00:00+00:00,2026-10-06T18:46:40+00:00,,gdelt_doc:logistica,titular_metadatos,
N-c1630a073f3a,ABC expone las trabas que impiden retorno de Machado a Venezuela,https://talcualdigital.com/vetos-aereos-y-fallas-imprevistas-torpedean-retorno-de-machado/,talcualdigital.com,es,,2026-09-23T06:45:00+00:00,2026-10-06T18:46:40+00:00,,gdelt_doc:logistica,titular_metadatos,
N-c16cdd28154b,Arsenio Dominguez | Open the strait ( S13 - E8 ),https://www.un.org/en/awake-at-night/s13-arsenio-dominguez-open-the-strait,un.org,en,,2026-08-06T20:00:00+00:00,2026-10-06T18:46:40+00:00,,gdelt_doc:eventos_naturales,titular_metadatos,
N-c17ee571258d,¡ Taekwondo al podio ! Ian Romero le da otro bronce a Panamá,https://www.midiario.com/deportivas/taekwondo-al-podio-ian-romero-le-da-otro-bronce-a-panama/,midiario.com,es,,2026-09-24T02:00:00+00:00,2026-10-06T18:46:40+00:00,,gdelt_doc:panama,titular_metadatos,
N-c189412bcd98,Así se conecta el sistema eléctrico de Panamá,https://www.midiario.com/nacionales/asi-se-conecta-el-sistema-electrico-de-panama/,midiario.com,es,,2026-09-01T13:15:00+00:00,2026-10-06T18:46:40+00:00,,gdelt_doc:panama,titular_metadatos,
N-c19c197dfd4c,¿ Netflix tendrá que cobrar 7 % de ITBMS en Panamá ? Esto explicó el ministro Felipe Chapman,https://www.telemetro.com/nacionales/netflix-tendra-que-cobrar-7-itbms-panama-esto-explico-el-ministro-felipe-chapman-n6089023,telemetro.com,es,,2026-08-19T18:00:00+00:00,2026-10-06T18:46:40+00:00,,gdelt_doc:economia,titular_metadatos,
N-c1b7e30fd5d5,Los cuestionamientos que surgen en la sustentación de las vistas presupuestarias,https://www.laestrella.com.pa/panama/nacional/los-cuestionamientos-que-surgen-en-la-sustentacion-de-las-vistas-presupuestarias-KH25333458,laestrella.com.pa,es,,2026-09-01T08:15:00+00:00,2026-10-06T18:46:40+00:00,,gdelt_doc:turismo,titular_metadatos,
N-c1da8eb01596,Union Minister Piyush Goyal meets Panama FM Vasquez to deepen India - Panama partnership,https://www.tribuneindia.com/news/world/union-minister-piyush-goyal-meets-panama-fm-vasquez-to-deepen-india-panama-partnership/,tribuneindia.com,en,,2026-07-22T21:00:00+00:00,2026-10-06T18:46:40+00:00,,gdelt_doc:logistica,titular_metadatos,
N-c1f5a727a2f3,Sorprenden a tres en minería ilegal en el Parque Nacional Chagres,https://www.critica.com.pa/nacional/sorprenden-tres-en-mineria-ilegal-en-el-parque-nacional-chagres-513604,critica.com.pa,es,,2026-07-28T05:00:00+00:00,2026-10-06T18:46:40+00:00,,gdelt_doc:logistica,titular_metadatos,
N-c2146a5ab4ff,Panama Canal again tightens draft limits as water levels under pressure,https://wtvbam.com/2026/08/05/panama-canal-again-tightens-draft-limits-as-water-levels-under-pressure/,wtvbam.com,en,,2026-08-05T23:30:00+00:00,2026-10-06T18:46:40+00:00,,gdelt_doc:logistica,titular_metadatos,
N-c21b6e4ca545,Detienen en Tocumen a pasajeros que llevaban 76 barras de oro sin declarar,https://www.prensa.com/judiciales/detienen-en-tocumen-a-pasajeros-que-llevaban-76-barras-de-oro-sin-declarar/,prensa.com,es,,2026-08-09T19:30:00+00:00,2026-10-06T18:46:40+00:00,,gdelt_doc:economia,titular_metadatos,
N-c232c9ffb6f8,Jubilado ¿ Recibe una pensión menor de B /. 600 ? Esto es lo que se está proponiendo,https://www.telemetro.com/nacionales/jubilado-recibe-una-pension-menor-b600-esto-es-lo-que-se-esta-proponiendo-n6092713,telemetro.com,es,,2026-09-23T16:45:00+00:00,2026-10-06T18:46:40+00:00,,gdelt_doc:economia,titular_metadatos,
N-c248845691bb,Panamá estrena buses eléctricos en el Casco Antiguo : inversión supera el millón de dólares,https://www.panamaamerica.com.pa/sociedad/panama-estrena-buses-electricos-en-el-casco-antiguo-inversion-supera-el-millon-de-dolares,panamaamerica.com.pa,es,,2026-08-05T23:00:00+00:00,2026-10-06T18:46:40+00:00,,gdelt_doc:turismo,titular_metadatos,
N-c264b19e7383,Mexico Slashes Pemex Aid by 70 Pct in Budget,https://www.rigzone.com/news/wire/mexico_slashes_pemex_aid_by_70_pct_in_budget-09-sep-2026-184578-article/,rigzone.com,en,,2026-09-09T22:00:00+00:00,2026-10-06T18:46:40+00:00,,gdelt_doc:economia,titular_metadatos,
N-c26524886f25,Asdrúbal Oliveros : El Niño puede afectar una producción agrícola que sigue siendo precaria,https://noticierodigital.com/2026/08/asdrubal-oliveros-el-nino-puede-afectar-una-produccion-agricola-que-sigue-siendo-precaria/,noticierodigital.com,es,,2026-08-17T15:45:00+00:00,2026-10-06T18:46:40+00:00,,gdelt_doc:economia,titular_metadatos,
N-c2746844609a,EN VIVO : Keiko Fujimori asume la Presidencia de Perú,https://actualidad.rt.com/actualidad/619297-keiko-fujimori-asumir-cargo-presidenta-peru,actualidad.rt.com,es,,2026-07-28T18:15:00+00:00,2026-10-06T18:46:40+00:00,,gdelt_doc:economia,titular_metadatos,
N-c2abaf0458b8,Tropical Storm Bertha forms on track approaching Gulf Coast,https://mynews13.com/fl/orlando/news/2026/07/21/tropical-storm-bertha-forms-on-track-approaching-us-gulf-coast,mynews13.com,en,,2026-07-21T14:30:00+00:00,2026-10-06T18:46:40+00:00,,gdelt_doc:eventos_naturales,titular_metadatos,
N-c2b863f3a888,"Deuda pública de Panamá alcanzará $62 mil millones en 2026 y $64 mil millones en 2027 , según MEF",https://www.laestrella.com.pa/economia/deuda-publica-de-panama-alcanzara-62-mil-millones-en-2026-y-64-mil-millones-en-2027-segun-mef-OB26055913,laestrella.com.pa,es,,2026-09-28T22:15:00+00:00,2026-10-06T18:46:40+00:00,,gdelt_doc:economia,titular_metadatos,
N-c2bb3c42bfe5,Embajada de Panamá pide a Colombia evitar nuevos inconvenientes con el alcalde Mizrachi,https://www.laestrella.com.pa/panama/nacional/embajada-de-panama-pide-a-colombia-evitar-nuevos-inconvenientes-con-el-alcalde-mizrachi-PB25429413,laestrella.com.pa,es,,2026-09-04T21:15:00+00:00,2026-10-06T18:46:40+00:00,,gdelt_doc:panama,titular_metadatos,
N-c2e28b7db57b,La Jornada : El basquetbol rompe sequía de 12 años sin podio ; obtiene plata,https://www.jornada.com.mx/2026/08/03/deportes/a10n1dep,jornada.com.mx,es,,2026-08-03T11:30:00+00:00,2026-10-06T18:46:40+00:00,,gdelt_doc:logistica,titular_metadatos,
N-c2f475eed00f,El Canal de Panamá aplica la primera restricción de tránsitos de 2026 por la sequía - Mundo,https://www.abc.com.py/internacionales/2026/09/03/el-canal-de-panama-aplica-la-primera-restriccion-de-transitos-de-2026-por-la-sequia/,abc.com.py,es,,2026-09-03T15:45:00+00:00,2026-10-06T18:46:40+00:00,,gdelt_doc:logistica,titular_metadatos,
N-c334bec68956,Veinte becarios de Panamá recibiran en China formación en áreas estratégicas,http://spanish.peopledaily.com.cn/n3/2026/0731/c31617-20483840.html,spanish.peopledaily.com.cn,es,,2026-07-31T11:45:00+00:00,2026-10-06T18:46:40+00:00,,gdelt_doc:economia,titular_metadatos,
N-c342607a9a1c,"TVN Media y UDELAS firman alianza para impulsar la educación, el bienestar y el desarrollo social",https://www.tvn-2.com/gente-tvn/tvn-media-udelas-firman-alianza_1_2253105.html,tvn-2.com,es,2026-07-28T17:00:00+00:00,,2026-10-06T18:46:40+00:00,,tvn_rss,titular_metadatos,
N-c34a4105dba9,El gurú indio ante el que se postra la cúpula de Venezuela,https://www.lavanguardia.com/internacional/20260930/11647085/guru-indio-postra-cupula-venezuela.html,lavanguardia.com,es,,2026-09-30T07:45:00+00:00,2026-10-06T18:46:40+00:00,,gdelt_doc:turismo,titular_metadatos,
N-c354a613f0ef,ÚLTIMA HORA . ¡ Alarma en el Moscote ! Decomisan arma de fuego a estudiante de décimo grado,https://www.midiario.com/nacionales/ultima-hora-alarma-en-el-moscote-decomisan-arma-de-fuego-a-estudiante-de-decimo-grado/,midiario.com,es,,2026-08-06T20:15:00+00:00,2026-10-06T18:46:40+00:00,,gdelt_doc:turismo,titular_metadatos,
N-c39c24bb1e0b,"Tropical Storm Bertha Strengthens , Top Winds 60",https://catcountry1071.iheart.com/content/2026-07-21-tropical-storm-bertha-strengthens-top-winds-60/,catcountry1071.iheart.com,en,,2026-07-21T15:45:00+00:00,2026-10-06T18:46:40+00:00,,gdelt_doc:eventos_naturales,titular_metadatos,
N-c3bc71bae9d0,Encuentro Mulino - Irfaan Ali : Guyana muestra interés en adherirse al Tratado de Neutralidad del Canal – Ministerio de Relaciones exteriores,https://mire.gob.pa/encuentro-mulino-irfaan-ali-guyana-muestra-interes-en-adherirse-al-tratado-de-neutralidad-del-canal/,mire.gob.pa,es,,2026-09-24T04:45:00+00:00,2026-10-06T18:46:40+00:00,,gdelt_doc:logistica,titular_metadatos,
N-c3ca0f38fa9d,A man fights for a new life in Cuba after the US expels him,https://www.wesh.com/article/man-new-life-cuba-us-expels-florida-immigration-crackdown/73687612,wesh.com,en,,2026-09-11T22:45:00+00:00,2026-10-06T18:46:40+00:00,,gdelt_doc:economia,titular_metadatos,
N-c3cb3b7cebe1,Jorge Rivera Staff : Falta voluntad para acelerar la movilidad eléctrica,https://www.laestrella.com.pa/economia/jorge-rivera-staff-falta-voluntad-para-acelerar-la-movilidad-electrica-CC25270002,laestrella.com.pa,es,,2026-08-30T07:15:00+00:00,2026-10-06T18:46:40+00:00,,gdelt_doc:turismo,titular_metadatos,
N-c4020b484d55,Preview - Asamblea de Panamá,https://www.asamblea.gob.pa/Noticias/Noticias/CONTRALORIA-ADUANAS-Y-LA-AIG-SUSTENTAN-SUS-PRESUPUESTOS-PARA-LA-VIGENCIA-FISCAL-2027,asamblea.gob.pa,es,,2026-09-08T03:00:00+00:00,2026-10-06T18:46:40+00:00,,gdelt_doc:economia,titular_metadatos,
N-c40452db038c,Foro Marítimo Colombiano : el 80 % de la actividad astillera está en Cartagena,https://www.eluniversal.com.co/economica/2026/09/30/foro-maritimo-colombiano-el-80-de-la-actividad-astillera-esta-en-cartagena/,eluniversal.com.co,es,,2026-10-01T04:30:00+00:00,2026-10-06T18:46:40+00:00,,gdelt_doc:turismo,titular_metadatos,
N-c42b22fbd9f6,Recomiendan apertura de la mina de Cobre Panamá,https://www.critica.com.pa/nacional/recomiendan-apertura-de-la-mina-de-cobre-panama-517260,critica.com.pa,es,,2026-09-30T17:30:00+00:00,2026-10-06T18:46:40+00:00,,gdelt_doc:economia,titular_metadatos,
N-c477e00753fe,First - of - its - kind exhibit in Santa Fe showcases Indigenous culture from Panama,https://www.santafenewmexican.com/news/local_news/first-of-its-kind-exhibit-in-santa-fe-showcases-indigenous-culture-from-panama/article_d9f70d6c-bd65-46e7-b3e2-e6e7040f3b18.html,santafenewmexican.com,en,,2026-07-31T06:00:00+00:00,2026-10-06T18:46:40+00:00,,gdelt_doc:logistica,titular_metadatos,
N-c47e2c3c4644,Chapman anuncia separación de funcionarios e investigación por presuntas irregularidades en la DGI,https://www.telemetro.com/nacionales/chapman-anuncia-separacion-funcionarios-e-investigacion-presuntas-irregularidades-la-dgi-n6086429,telemetro.com,es,,2026-07-27T14:45:00+00:00,2026-10-06T18:46:40+00:00,,gdelt_doc:economia,titular_metadatos,
N-c48356998d5a,¿ Se puede trabajar en Estados Unidos con visa B1 / B2 ? Embajada aclara su uso,https://www.telemetro.com/nacionales/se-puede-trabajar-estados-unidos-visa-b1b2-embajada-aclara-su-uso-n6093666,telemetro.com,es,,2026-10-01T14:45:00+00:00,2026-10-06T18:46:40+00:00,,gdelt_doc:turismo,titular_metadatos,
N-c4883bbb892b,Gobierno destaca que la tasa de pobreza monetaria bajó 2 . 9 puntos este año con respecto a 2025 . Otras Noticias Presidenciales,https://elsoldelaflorida.com/gobierno-destaca-que-la-tasa-de-pobreza-monetaria-bajo-2-9-puntos-este-ano-con-respecto-a-2025-otras-noticias-presidenciales/,elsoldelaflorida.com,es,,2026-09-09T03:45:00+00:00,2026-10-06T18:46:40+00:00,,gdelt_doc:economia,titular_metadatos,
N-c490324fe5df,¿ Qué debe pasar para que se cobre el 100 % del Cepanim ?,https://www.panamaamerica.com.pa/economia/que-debe-pasar-para-que-se-cobre-el-100-del-cepanim-1264143,panamaamerica.com.pa,es,,2026-07-18T22:30:00+00:00,2026-10-06T18:46:40+00:00,,gdelt_doc:economia,titular_metadatos,
N-c490e91db01a,México Sub - 20 cumple el objetivo : vence a Panamá y clasifica al Mundial 2027,https://www.eluniversal.com.mx/deportes/mexico-sub-20-cumple-el-objetivo-vence-a-panama-y-clasifica-al-mundial-2027/,eluniversal.com.mx,es,,2026-08-06T05:15:00+00:00,2026-10-06T18:46:40+00:00,,gdelt_doc:logistica,titular_metadatos,
N-c49ef09861e2,Panamá descarta restablecer relaciones con el Gobierno de Delcy Rodríguez en Venezuela,https://www.telemetro.com/internacionales/panama-descarta-restablecer-relaciones-el-gobierno-delcy-rodriguez-venezuela-n6085912,telemetro.com,es,,2026-07-21T21:45:00+00:00,2026-10-06T18:46:40+00:00,,gdelt_doc:panama,titular_metadatos,
N-c4ad8c11cffb,Mulino retornará a Panamá tras toma de posesión de Abelardo de la Espriella,https://www.critica.com.pa/nacional/mulino-retornara-panama-tras-toma-de-posesion-de-abelardo-de-la-espriella-514251,critica.com.pa,es,,2026-08-08T06:00:00+00:00,2026-10-06T18:46:40+00:00,,gdelt_doc:turismo,titular_metadatos,
N-c4ade0194e5f,Panamá registra 4 . 599 denuncias de abuso sexual en 2026,https://ultimasnoticias.com.ve/mundo/panama-registra-4-599-denuncias-de-abuso-sexual-en-2026/,ultimasnoticias.com.ve,es,,2026-09-28T20:15:00+00:00,2026-10-06T18:46:40+00:00,,gdelt_doc:panama,titular_metadatos,
N-c4b3446a9beb,"Interconexión eléctrica y combate al crimen organizado , puntos centrales del encuentro Mulino - De la Espriella",https://www.panamaamerica.com.pa/economia/interconexion-electrica-y-combate-al-crimen-organizado-puntos-centrales-del-encuentro,panamaamerica.com.pa,es,,2026-08-07T22:15:00+00:00,2026-10-06T18:46:40+00:00,,gdelt_doc:turismo,titular_metadatos,
N-c4b94b55f7e9,Guterres recibe a Delcy Rodríguez en la ONU en la previa a bilateral de presidenta ( e ) con Trump | Internacional,https://www.biobiochile.cl/noticias/internacional/eeuu/2026/09/21/guterres-recibe-a-delcy-rodriguez-en-la-onu-en-la-previa-a-bilateral-de-presidenta-e-con-trump.shtml,biobiochile.cl,es,,2026-09-22T01:15:00+00:00,2026-10-06T18:46:40+00:00,,gdelt_doc:economia,titular_metadatos,
N-c4d8494bd750,Cierra la FIL Panamá 2026 tras seis días en Atlapa,https://www.panamaamerica.com.pa/variedades/cierra-la-fil-panama-2026-tras-seis-dias-en-atlapa-1265773,panamaamerica.com.pa,es,,2026-08-31T20:00:00+00:00,2026-10-06T18:46:40+00:00,,gdelt_doc:logistica,titular_metadatos,
N-c4df58d96e05,Panamá plantea una estrategia regional conjunta de IA y Semiconductores,https://www.laestrella.com.pa/economia/panama-plantea-una-estrategia-regional-conjunta-de-ia-y-semiconductores-FI25875202,laestrella.com.pa,es,,2026-09-22T00:30:00+00:00,2026-10-06T18:46:40+00:00,,gdelt_doc:economia,titular_metadatos,
N-c4f20ca5eccc,"Koné gold mine targets 350 , 000 ounces annually",https://www.bnnbloomberg.ca/investing/investor-outlook/2026/09/30/investor-outlook-kone-gold-mine-begins-production-ahead-of-schedule/,bnnbloomberg.ca,en,,2026-09-30T22:15:00+00:00,2026-10-06T18:46:40+00:00,,gdelt_doc:economia,titular_metadatos,
N-c539fef99f37,Minsa: Adelantan vacunación contra VSR en embarazadas,https://www.tvn-2.com/nacionales/salud/minsa-adelantan-vacunacion-vsr-embarazadas_1_2264436.html,tvn-2.com,es,2026-10-05T19:47:41+00:00,,2026-10-06T18:46:40+00:00,,tvn_rss,titular_metadatos,
N-c53ceaeccd3e,La historia de exilio que marcó a Rubén Blades | Escenario,https://www.elvocero.com/noticia_rotary/article_b9088f5d-b7ea-47da-9e12-7085fbef7a57.html,elvocero.com,es,,2026-07-17T23:15:00+00:00,2026-10-06T18:46:40+00:00,,gdelt_doc:logistica,titular_metadatos,
N-c549991b7eb7,Macron fires back at Trump over AI map claiming French islands as U . S . territory – NaturalNews . com,https://www.naturalnews.com/2026-09-22-macron-fires-back-trump-french-islands-territory.html,naturalnews.com,en,,2026-09-23T04:00:00+00:00,2026-10-06T18:46:40+00:00,,gdelt_doc:logistica,titular_metadatos,
N-c566d921d627,AI fears just raised the stakes in a critical week for stock markets,https://www.livemint.com/global/ai-fears-just-raised-the-stakes-in-a-critical-week-for-stock-markets-11785240236125.html,livemint.com,en,,2026-07-28T15:15:00+00:00,2026-10-06T18:46:40+00:00,,gdelt_doc:logistica,titular_metadatos,
N-c59ba5b2bbff,Las rutas del contrabando de cigarrillos que crece en América Latina : incidencia en Colombia es la más alta desde que se hace medición,https://www.eltiempo.com/datos/las-rutas-del-contrabando-de-cigarrillos-que-crece-en-america-latina-incidencia-en-colombia-es-la-mas-alta-desde-que-se-hace-medicion-3570686,eltiempo.com,es,,2026-07-12T07:00:00+00:00,2026-10-06T18:46:40+00:00,,gdelt_doc:economia,titular_metadatos,
N-c5bb0ed3b94e,Venezuela main airport partially resumes commercial flights after deadly earthquakes,https://www.reporterherald.com/2026/09/01/venezuela-earthquakes-airport/,reporterherald.com,en,,2026-09-02T00:15:00+00:00,2026-10-06T18:46:40+00:00,,gdelt_doc:turismo,titular_metadatos,
N-c5c422450fd0,BCIE supera su meta de compensación de emisiones en 2025,https://www.revistaeyn.com/finanzas/bcie-supera-su-meta-de-compensacion-de-emisiones-en-2025-FJ32087727,revistaeyn.com,es,,2026-09-21T16:30:00+00:00,2026-10-06T18:46:40+00:00,,gdelt_doc:economia,titular_metadatos,
N-c5fca05baf71,El panameño Leo Bernal deslumbra en sus primeras apariciones con los Cardenales,https://www.panamaamerica.com.pa/deportes/el-panameno-leo-bernal-deslumbra-en-sus-primeras-apariciones-con-los-cardenales-1265954,panamaamerica.com.pa,es,,2026-09-04T02:30:00+00:00,2026-10-06T18:46:40+00:00,,gdelt_doc:logistica,titular_metadatos,
N-c613c50079ea,Chile y Colombia evalúan intercambio de US$2 . 331 millones y altas inversiones bilaterales,https://www.larepublica.co/globoeconomia/chile-y-colombia-evaluan-intercambio-de-us-2-331-millones-y-altas-inversiones-bilaterales-4466378,larepublica.co,es,,2026-08-25T16:30:00+00:00,2026-10-06T18:46:40+00:00,,gdelt_doc:turismo,titular_metadatos,
N-c61db94fb073,Tropical Storm Bertha in the Gulf of Mexico is moving toward the Florida Panhandle and Alabama,https://www.newsday.com/news/nation/gulf-mexico-tropical-storm-florida-alabama-louisiana-b81107,newsday.com,en,,2026-07-21T14:30:00+00:00,2026-10-06T18:46:40+00:00,,gdelt_doc:eventos_naturales,titular_metadatos,
N-c6349c3e0e3d,Malta .- AMP .- Un tribunal absuelve a un empresario por el asesinato de la periodista Daphne Caruana Galizia en 2017,https://www.notimerica.com/politica/noticia-malta-amp-tribunal-absuelve-empresario-asesinato-periodista-daphne-caruana-galizia-2017-20260902224209.html,notimerica.com,es,,2026-09-02T21:15:00+00:00,2026-10-06T18:46:40+00:00,,gdelt_doc:turismo,titular_metadatos,
N-c63c5f0531d3,Metro de Panamá cierra momentáneamente acceso a Línea 1 en San Miguelito por aumento de usuarios,https://www.telemetro.com/nacionales/metro-panama-cierra-momentaneamente-acceso-linea-1-san-miguelito-aumento-usuarios-n6090395,telemetro.com,es,,2026-09-01T13:15:00+00:00,2026-10-06T18:46:40+00:00,,gdelt_doc:panama,titular_metadatos,
N-c6470156e9f2,Canal de Panamá hace frente al fenómeno El Niño y restringe el tránsito de buques diarios a 32,https://www.eluniversal.com.mx/mundo/canal-de-panama-reduce-transito-diario-para-enfrentar-a-el-nino-preven-restringirlo-a-32-buques/,eluniversal.com.mx,es,,2026-08-21T01:00:00+00:00,2026-10-06T18:46:40+00:00,,gdelt_doc:logistica,titular_metadatos,
N-c6561e6665b9,Panamá otorga beneficio migratorio a Ecuador al sumarlo a su lista de « países amigos »,https://www.larepublica.ec/blog/2026/09/02/panama-otorga-beneficio-migratorio-a-ecuador-al-sumarlo-a-su-lista-de-paises-amigos/,larepublica.ec,es,,2026-09-03T01:15:00+00:00,2026-10-06T18:46:40+00:00,,gdelt_doc:turismo,titular_metadatos,
N-c658afda1fb4,"La funcionaria asistió el 21 y 22 de julio al foro regional del Banco Interamericano de Desarrollo , donde se analizaron productividad , sistemas de cuidado y competitividad , con presencia de autoridades , empresas y especialistas latinoamericanos",https://www.infobae.com/guatemala/2026/07/23/la-vicepresidenta-karin-herrera-participa-en-panama-en-un-dialogo-del-bid-sobre-inclusion-laboral-femenina/,infobae.com,es,,2026-07-23T22:00:00+00:00,2026-10-06T18:46:40+00:00,,gdelt_doc:economia,titular_metadatos,
N-c6616e149d40,Road Trip : Top 50 Beach Travel Destinations in the World for 2026,https://www.theautochannel.com/news/2026/07/25/1696135-ttw-releases-top-50-beach-travel-destinations-world-for-2026.html,theautochannel.com,en,,2026-07-25T21:15:00+00:00,2026-10-06T18:46:40+00:00,,gdelt_doc:turismo,titular_metadatos,
N-c6700c2e765c,Nuestra posición geográfica y nuestros puertos,https://www.prensa.com/opinion/nuestra-posicion-geografica-y-nuestros-puertos/,prensa.com,es,,2026-09-30T22:45:00+00:00,2026-10-06T18:46:40+00:00,,gdelt_doc:panama,titular_metadatos,
N-c6726b9c1421,"Jazz , rock y ritmos latinos se toman Boquete en una noche de música nacional",https://www.panamaamerica.com.pa/variedades/jazz-rock-y-ritmos-latinos-se-toman-boquete-en-una-noche-de-musica-nacional-1266528,panamaamerica.com.pa,es,,2026-09-20T17:00:00+00:00,2026-10-06T18:46:40+00:00,,gdelt_doc:economia,titular_metadatos,
N-c68ba81bf8c1,Panamanian Agriculture is Being Affected : El Niño Paints Three Scenarios,https://newsroompanama.com/2026/08/02/panamanian-agriculture-is-being-affected-el-nino-paints-three-scenarios/,newsroompanama.com,en,,2026-08-03T00:00:00+00:00,2026-10-06T18:46:40+00:00,,gdelt_doc:logistica,titular_metadatos,
N-c6b01656acfd,Sismo de magnitud 7 . 4 entre México y Guatemala no genera riesgo de tsunami para Panamá,https://www.telemetro.com/nacionales/sismo-magnitud-74-mexico-y-guatemala-no-genera-riesgo-tsunami-panama-n6085503,telemetro.com,es,,2026-07-17T18:00:00+00:00,2026-10-06T18:46:40+00:00,,gdelt_doc:panama,titular_metadatos,
N-c6b240cde498,Hong Kong conglomerate seeks $1 . 5 billion in damages from Panama for takeover of canal ports,https://abcnews.com/International/wireStory/hong-kong-conglomerate-seeks-15-billion-damages-panama-135795813,abcnews.com,en,,2026-08-20T05:30:00+00:00,2026-10-06T18:46:40+00:00,,gdelt_doc:logistica,titular_metadatos,
N-c6cfded8ef3c,República Dominicana alcanza récord de 7 . 7 millones de visitantes en siete meses,https://www.eljaya.com/265580/republica-dominicana-alcanza-record-de-7-7-millones-de-visitantes-en-siete-meses/,eljaya.com,es,,2026-08-04T22:15:00+00:00,2026-10-06T18:46:40+00:00,,gdelt_doc:turismo,titular_metadatos,
N-c6f6c2db2076,Curaçao conquista a los viajeros peruanos : visitas crecieron 156 % y apuesta por el turismo cultural,https://diariocorreo.pe/mundo/curacao-conquista-a-los-viajeros-peruanos-visitas-crecieron-156-y-apuesta-por-el-turismo-cultural-noticia/,diariocorreo.pe,es,,2026-08-06T14:15:00+00:00,2026-10-06T18:46:40+00:00,,gdelt_doc:turismo,titular_metadatos,
N-c6fe1a04a5ea,Panama Ilya Espino de Marotta will Make History this Monday as the First Woman in Charge of the Canal .,https://newsroompanama.com/2026/09/05/panamas-ilya-espino-de-marotta-will-make-history-this-monday-as-the-first-woman-in-charge-of-the-canal/,newsroompanama.com,en,,2026-09-06T05:00:00+00:00,2026-10-06T18:46:40+00:00,,gdelt_doc:economia,titular_metadatos,
N-c7019c6edaa8,Canal avanza con millonario gasoducto : inicia evaluación de empresas,https://www.critica.com.pa/nacional/canal-avanza-con-millonario-gasoducto-inicia-evaluacion-de-empresas-513439,critica.com.pa,es,,2026-07-24T23:45:00+00:00,2026-10-06T18:46:40+00:00,,gdelt_doc:logistica,titular_metadatos,
N-c704f8e8c2c8,"Presupuesto de Panamá 2027 : ¿ de dónde saldrán los $35 , 111 millones y en qué se gastará el dinero ?",https://www.prensa.com/economia/presupuesto-de-panama-2027-de-donde-saldran-los-35111-millones-y-en-que-se-gastara-el-dinero/,prensa.com,es,,2026-07-30T21:00:00+00:00,2026-10-06T18:46:40+00:00,,gdelt_doc:logistica,titular_metadatos,
N-c711ff6278a6,Programa turístico con el BID ha comprometido $52 millones en obras,https://www.panamaamerica.com.pa/nacion/programa-turistico-con-el-bid-ha-comprometido-52-millones-en-obras-1264761,panamaamerica.com.pa,es,,2026-08-04T06:30:00+00:00,2026-10-06T18:46:40+00:00,,gdelt_doc:turismo,titular_metadatos,
N-c71b044cb3cd,"Fallece Anthony Bart - Appiah , esposo de la exdiputada Kayra Harding",https://www.prensa.com/vivir/fallece-anthony-bart-appiah-esposo-de-la-exdiputada-kayra-harding/,prensa.com,es,,2026-07-28T20:15:00+00:00,2026-10-06T18:46:40+00:00,,gdelt_doc:turismo,titular_metadatos,
N-c71fe82f9098,18 Películas panameñas fueron inscritas al Festival Ícaro internacional de Guatemala,https://www.telemetro.com/cine/entretenimiento/18-peliculas-panamenas-fueron-inscritas-al-festival-icaro-internacional-guatemala-n6085910,telemetro.com,es,,2026-07-22T01:15:00+00:00,2026-10-06T18:46:40+00:00,,gdelt_doc:panama,titular_metadatos,
N-c720c950e619,Viviendas nuevas hasta $120 mil podrían quedar libres del ITBI,https://www.critica.com.pa/nacional/viviendas-nuevas-hasta-120-mil-podrian-quedar-libres-del-itbi-513726,critica.com.pa,es,,2026-07-30T07:15:00+00:00,2026-10-06T18:46:40+00:00,,gdelt_doc:economia,titular_metadatos,
N-c73e758b798d,"Latin American governments prepare for El Nino as drought , floods and heat loom",https://www.wsls.com/news/world/2026/07/17/latin-american-governments-prepare-for-el-nino-as-drought-floods-and-heat-loom/,wsls.com,en,,2026-07-17T15:00:00+00:00,2026-10-06T18:46:40+00:00,,gdelt_doc:eventos_naturales,titular_metadatos,
N-c746b67d415b,Abelardo De La Espriella entregó detalles de su posesión presidencial este 7 de agosto : Será mucho más que una ceremonia,https://www.semana.com/politica/articulo/abelardo-de-la-espriella-entrego-detalles-de-su-posesion-presidencial-este-7-de-agosto-sera-mucho-mas-que-una-ceremonia/202652/,semana.com,es,,2026-08-06T01:30:00+00:00,2026-10-06T18:46:40+00:00,,gdelt_doc:turismo,titular_metadatos,
N-c7b384f03a12,María Corina Machado ha intentado regresar siete veces a Venezuela sin conseguirlo,https://www.larioja.com/internacional/maria-corina-machado-intentado-regresar-siete-veces-20260922065955-ntrc.html,larioja.com,es,,2026-09-23T07:15:00+00:00,2026-10-06T18:46:40+00:00,,gdelt_doc:logistica,titular_metadatos,
N-c84608bd6084,Mercado laboral y sector de la vivienda siguen dando tropiezos,https://www.panamaamerica.com.pa/nacion/mercado-laboral-y-sector-de-la-vivienda-siguen-dando-tropiezos-1264064,panamaamerica.com.pa,es,,2026-07-16T05:45:00+00:00,2026-10-06T18:46:40+00:00,,gdelt_doc:economia,titular_metadatos,
N-c8715289371a,El pueblo colombiano poco conocido que sorprende por sus paisajes y busca meterse entre los mejores del mundo,https://www.semana.com/turismo/articulo/el-pueblo-colombiano-poco-conocido-que-sorprende-por-sus-paisajes-y-busca-meterse-entre-los-mejores-del-mundo/202601/,semana.com,es,,2026-09-09T22:30:00+00:00,2026-10-06T18:46:40+00:00,,gdelt_doc:turismo,titular_metadatos,
N-c876915b6b42,La IA explicable cobra relevancia mientras Panamá avanza en la transformación digital • Periódico Digital Centroamericano y del Caribe,https://newsinamerica.com/pdcc/noticias/gerenciales/2026/la-ia-explicable-cobra-relevancia-mientras-panama-avanza-en-la-transformacion-digital/,newsinamerica.com,es,,2026-08-05T06:15:00+00:00,2026-10-06T18:46:40+00:00,,gdelt_doc:economia,titular_metadatos,
N-c87e1f1c64d4,"Más de 5 , 000 migrantes regresan por Panamá tras frustrarse su intento de llegar a Estados Unidos",https://www.infobae.com/panama/2026/07/22/mas-de-5000-migrantes-regresan-por-panama-tras-frustrarse-su-intento-de-llegar-a-estados-unidos/,infobae.com,es,,2026-07-22T22:30:00+00:00,2026-10-06T18:46:40+00:00,,gdelt_doc:logistica,titular_metadatos,
N-c890bfe51141,Panama Canal again tightens draft limits as water levels under pressure,https://hot96.com/2026/08/05/panama-canal-again-tightens-draft-limits-as-water-levels-under-pressure/,hot96.com,en,,2026-08-06T02:15:00+00:00,2026-10-06T18:46:40+00:00,,gdelt_doc:logistica,titular_metadatos,
N-c891b77331ed,Remembering the False Gloom and Doom of the 1992 Elections and the Upcoming Midterms,https://townhall.com/columnists/victordavishanson/2026/10/01/remembering-the-false-gloom-and-doom-of-the-1992-elections-and-the-upcoming-midterms-n2683971,townhall.com,en,,2026-10-01T22:30:00+00:00,2026-10-06T18:46:40+00:00,,gdelt_doc:economia,titular_metadatos,
N-c8abaa685f5c,"Gobierno , Asamblea y sector privado buscan equilibrar beneficios a jubilados sin afectar a la MIPYME",https://www.panamaamerica.com.pa/economia/gobierno-asamblea-y-sector-privado-buscan-equilibrar-beneficios-jubilados-sin-afectar-la,panamaamerica.com.pa,es,,2026-09-23T02:00:00+00:00,2026-10-06T18:46:40+00:00,,gdelt_doc:economia,titular_metadatos,
N-c8b768728123,SpaceX news has local real estate market heating up | Business News,https://www.nola.com/news/business/spacex-news-has-local-real-estate-market-heating-up/article_7755bc2a-e6ca-503d-af06-6f4aa8282ba9.html,nola.com,en,,2026-08-22T12:45:00+00:00,2026-10-06T18:46:40+00:00,,gdelt_doc:eventos_naturales,titular_metadatos,
N-c8d3742e89f7,Panama Canal to reduce shipping over El Nino - fueled drought,https://www.manilatimes.net/2026/08/21/world/asia-oceania/panama-canal-to-reduce-shipping-over-el-nino-fueled-drought/2409714,manilatimes.net,en,,2026-08-21T02:00:00+00:00,2026-10-06T18:46:40+00:00,,gdelt_doc:logistica,titular_metadatos,
N-c92e572d4666,Panama City Beach landmark Jaws Souvenirs shop destroyed by early morning fire,https://www.fox29.com/news/panama-city-beach-landmark-jaws-souvenirs-destroyed-early-morning-fire,fox29.com,en,,2026-08-23T15:45:00+00:00,2026-10-06T18:46:40+00:00,,gdelt_doc:panama,titular_metadatos,
N-c94972a439d1,Mujer es aprehendida en Santiago tras hallazgo de 162 paquetes de presunta droga en el vehículo que conducía,https://www.tvn-2.com/nacionales/mujer-aprehendida-santiago-hallazgo-162-paquetes-droga_1_2264577.html,tvn-2.com,es,2026-10-06T16:21:42+00:00,,2026-10-06T18:46:40+00:00,,tvn_rss,titular_metadatos,
N-c958aff5325d,Preview - Asamblea de Panamá,https://www.asamblea.gob.pa/Noticias/Noticias/INICIATIVA-PARA-DESARROLLAR-LA-HIPICA-PANAMENA,asamblea.gob.pa,es,,2026-08-26T22:00:00+00:00,2026-10-06T18:46:40+00:00,,gdelt_doc:economia,titular_metadatos,
N-c95d45f88e41,Tropical Storm Bertha in the Gulf of Mexico moving toward Florida Panhandle and Alabama,https://www.dailygazette.com/hv360/ap/national/tropical-storm-bertha-in-the-gulf-of-mexico-moving-toward-florida-panhandle-and-alabama/article_fc46670c-bed9-5d09-9b46-7f317e8ef422.html,dailygazette.com,en,,2026-07-21T11:15:00+00:00,2026-10-06T18:46:40+00:00,,gdelt_doc:eventos_naturales,titular_metadatos,
N-c98ab1922bb1,Forecaster predicts strongest El Nino in living memory,https://www.irishtimes.com/world/2026/08/21/forecaster-predicts-strongest-el-nino-in-living-memory/,irishtimes.com,en,,2026-08-21T12:15:00+00:00,2026-10-06T18:46:40+00:00,,gdelt_doc:logistica,titular_metadatos,
N-c9a7dec5c2b0,Panamá refinancia anticipadamente EUR 2 . 400 millones de deuda y extiende vencimiento hasta 2031,https://www.panamaamerica.com.pa/economia/panama-refinancia-anticipadamente-eur-2400-millones-de-deuda-y-extiende-vencimiento-hasta,panamaamerica.com.pa,es,,2026-07-23T03:00:00+00:00,2026-10-06T18:46:40+00:00,,gdelt_doc:economia,titular_metadatos,
N-c9ad012a48bc,Canal de Panamá prevé nuevas restricciones de tránsito por El Niño y prioriza el embalse de Río Indio,https://www.elfinancierocr.com/internacionales/canal-de-panama-preve-nuevas-restricciones-de/MS3SQQ2XTZE47HAN73I7LLFKV4/story/,elfinancierocr.com,es,,2026-09-07T23:30:00+00:00,2026-10-06T18:46:40+00:00,,gdelt_doc:economia,titular_metadatos,
N-c9ce0ffbe22a,Hong Kong CK Hutchison seeks $1 . 9 billion for loss of Panama assets in treaty dispute,https://www.straitstimes.com/business/hong-kongs-ck-hutchison-seeks-1-9-billion-for-loss-of-panama-assets-in-treaty-dispute,straitstimes.com,en,,2026-08-20T03:00:00+00:00,2026-10-06T18:46:40+00:00,,gdelt_doc:logistica,titular_metadatos,
N-c9d5472ec1f4,Panamá enfrenta el reto de ordenar la tributación,https://www.panamaamerica.com.pa/nacion/panama-enfrenta-el-reto-de-ordenar-la-tributacion-1265589,panamaamerica.com.pa,es,,2026-08-26T07:45:00+00:00,2026-10-06T18:46:40+00:00,,gdelt_doc:economia,titular_metadatos,
N-c9fc24ec53a1,¡ Oro para Panamá ! Nathalee Aranda domina el salto de longitud en Santa Fe,https://www.midiario.com/deportivas/oro-para-panama-nathalee-aranda-domina-el-salto-de-longitud-en-santa-fe/,midiario.com,es,,2026-09-23T02:15:00+00:00,2026-10-06T18:46:40+00:00,,gdelt_doc:logistica,titular_metadatos,
N-ca24fc0fe003,Google anuncia construcción de tres nuevos cables submarinos con RD como eje regional .,https://eldia.com.do/google-anuncia-construccion-de-tres-nuevos-cables-submarinos-con-rd-como-eje-regional/,eldia.com.do,es,,2026-08-11T21:00:00+00:00,2026-10-06T18:46:40+00:00,,gdelt_doc:economia,titular_metadatos,
N-ca303119b62a,Tropical Depression Meandering Off The West Coast Of Florida,https://www.click2houston.com/weather/hurricane/2026/07/19/tropical-depression-forms-off-the-west-coast-of-florida/,click2houston.com,en,,2026-07-19T19:45:00+00:00,2026-10-06T18:46:40+00:00,,gdelt_doc:eventos_naturales,titular_metadatos,
N-ca35ca4a941d,MEF anticipa mayor presupuesto para 2027 y Barclays advierte riesgos fiscales,https://www.prensa.com/economia/mef-anticipa-mayor-presupuesto-para-2027-y-barclays-advierte-riesgos-fiscales/,prensa.com,es,,2026-07-26T16:30:00+00:00,2026-10-06T18:46:40+00:00,,gdelt_doc:economia,titular_metadatos,
N-ca44de698e90,RD : cuando la estabilidad económica sienta las bases de una gran transformación,https://listindiario.com/puntos-de-vista/20260827/rd-estabilidad-economica-sienta-bases-gran-transformacion_919714.html,listindiario.com,es,,2026-08-27T09:00:00+00:00,2026-10-06T18:46:40+00:00,,gdelt_doc:economia,titular_metadatos,
N-ca64a6a2aaf7,Gobierno propone cobrar ITBMS a compras digitales y alquileres vacacionales,https://www.critica.com.pa/nacional/gobierno-propone-cobrar-itbms-compras-digitales-y-alquileres-vacacionales-514877,critica.com.pa,es,,2026-08-19T02:00:00+00:00,2026-10-06T18:46:40+00:00,,gdelt_doc:economia,titular_metadatos,
N-ca747424f382,Banconal niega lucro con Cepanim ; jubilados insisten en que la tasa es excesiva,https://www.panamaamerica.com.pa/economia/banconal-niega-lucro-con-cepanim-jubilados-insisten-en-que-la-tasa-es-excesiva-1264224,panamaamerica.com.pa,es,,2026-07-21T06:15:00+00:00,2026-10-06T18:46:40+00:00,,gdelt_doc:economia,titular_metadatos,
N-cab0993d8a7a,Panama joins Cultural Resilience Alliance,https://en.interfax.com.ua/news/general/1208116.html,en.interfax.com.ua,en,,2026-09-22T15:30:00+00:00,2026-10-06T18:46:40+00:00,,gdelt_doc:panama,titular_metadatos,
N-cada6a5239f1,"Un viaje por nuestro Panamá . El corazón de Panamá : Capital , Panamá Oeste y Coclé",https://www.midiario.com/nacionales/un-viaje-por-nuestro-panama-el-corazon-de-panama-capital-panama-oeste-y-cocle/,midiario.com,es,,2026-08-23T05:00:00+00:00,2026-10-06T18:46:40+00:00,,gdelt_doc:economia,titular_metadatos,
N-cb0987a9916e,"San Pedro Sula se convierte en el epicentro regional con la inauguración del XXX Congreso de Aseguradores de Centroamérica , Panamá y el Caribe",https://abriendobrecha.tv/politica/san-pedro-sula-se-convierte-en-el-epicentro-regional-con-la-inauguracion-del-xxx-congreso-de-aseguradores-de-centroamerica-panama-y-el-caribe/,abriendobrecha.tv,es,,2026-09-21T21:15:00+00:00,2026-10-06T18:46:40+00:00,,gdelt_doc:economia,titular_metadatos,
N-cb300f5d4791,Copa Airlines reinicia operaciones comerciales en Margarita en noviembre - Correo del Orinoco | La Artillería del Pensamiento,http://www.correodelorinoco.gob.ve/copa-airlines-reinicia-operaciones-comerciales-margarita-en-noviembre/,correodelorinoco.gob.ve,es,,2026-08-11T17:00:00+00:00,2026-10-06T18:46:40+00:00,,gdelt_doc:economia,titular_metadatos,
N-cb4ad3bcddf6,Panama Is Ready for AI . Now It Needs Someone to Build It .,https://newsroompanama.com/2026/09/06/panama-is-ready-for-ai-now-it-needs-someone-to-build-it/,newsroompanama.com,en,,2026-09-06T19:00:00+00:00,2026-10-06T18:46:40+00:00,,gdelt_doc:economia,titular_metadatos,
N-cb4d49b2b8d6,Empresarios ven actitud positiva en el país para enfrentar desafíos,https://www.eltiempo.com/historias-el-tiempo/empresarios-ven-actitud-positiva-en-el-pais-para-enfrentar-desafios-3580293,eltiempo.com,es,,2026-08-23T06:15:00+00:00,2026-10-06T18:46:40+00:00,,gdelt_doc:turismo,titular_metadatos,
N-cb9b074ec78b,Alberto López asume presidencia de Apede y pide desburocratizar el Estado para atraer inversión,https://www.laestrella.com.pa/economia/alberto-lopez-asume-presidencia-de-apede-y-pide-desburocratizar-el-estado-para-atraer-inversion-OF24472963,laestrella.com.pa,es,,2026-07-30T00:45:00+00:00,2026-10-06T18:46:40+00:00,,gdelt_doc:logistica,titular_metadatos,
N-cb9bcbef0009,Mulino confirma encuentro en Panamá con líderes mundiales de energía y logística,https://www.diaadia.com.pa/el-pais/mulino-confirma-encuentro-en-panama-con-lideres-mundiales-de-energia-y-logistica-791716,diaadia.com.pa,es,,2026-09-24T07:45:00+00:00,2026-10-06T18:46:40+00:00,,gdelt_doc:economia,titular_metadatos,
N-cba8e8179564,Líderes 360 | Mario Castrellón: la visión de un chef que convirtió la gastronomía panameña en una marca país,https://www.tvn-2.com/lideres-360/lideres-360-mario-castrellon-chef-gastronomia-panama-maito_1_2254177.html,tvn-2.com,es,2026-08-07T12:15:31+00:00,,2026-10-06T18:46:40+00:00,,tvn_rss,titular_metadatos,
N-cbd1e8dfd28f,Gremios periodísticos alertan que el anteproyecto de ley 51 pone en riesgo la libertad de expresión,https://www.prensa.com/politica/gremios-periodisticos-alertan-que-el-anteproyecto-de-ley-51-pone-en-riesgo-la-libertad-de-expresion/,prensa.com,es,,2026-08-28T18:30:00+00:00,2026-10-06T18:46:40+00:00,,gdelt_doc:economia,titular_metadatos,
N-cc0e96486862,Economía política : socialdemocracia y las izquierdas en Panamá ( 2004 - 2025 ),https://www.prensa.com/opinion/economia-politica-socialdemocracia-y-las-izquierdas-en-panama-2004-2025/,prensa.com,es,,2026-09-11T05:15:00+00:00,2026-10-06T18:46:40+00:00,,gdelt_doc:economia,titular_metadatos,
N-cc0ea3337b34,Vásquez se reelige en Presupuesto y Robinson se queda con Gobierno,https://www.panamaamerica.com.pa/politica/vasquez-se-reelige-en-presupuesto-y-robinson-se-queda-con-gobierno-1264269,panamaamerica.com.pa,es,,2026-07-22T01:30:00+00:00,2026-10-06T18:46:40+00:00,,gdelt_doc:logistica,titular_metadatos,
N-cc178bae14c1,"Fiestas Patrias 2026 : fechas , feriados y días de descanso en Panamá",https://www.telemetro.com/nacionales/fiestas-patrias-2026-fechas-feriados-y-dias-descanso-panama-n6093239,telemetro.com,es,,2026-09-28T16:15:00+00:00,2026-10-06T18:46:40+00:00,,gdelt_doc:panama,titular_metadatos,
N-cc1a9dc0c244,"ACP ajusta calado de buques , pero mantiene tránsito estable en el Canal de Panamá ante el fenómeno de El Niño",https://www.panamaamerica.com.pa/sociedad/acp-ajusta-calado-de-buques-pero-mantiene-transito-estable-en-el-canal-de-panama-ante-el,panamaamerica.com.pa,es,,2026-07-31T03:45:00+00:00,2026-10-06T18:46:40+00:00,,gdelt_doc:logistica,titular_metadatos,
N-cc207124de4b,"Premios Juventud 2026 : panameños destacan entre los nominados , conoce quiénes son",https://www.telemetro.com/entretenimiento/premios-juventud-2026-panamenos-destacan-los-nominados-conoce-quienes-son-n6086628,telemetro.com,es,,2026-07-28T23:00:00+00:00,2026-10-06T18:46:40+00:00,,gdelt_doc:logistica,titular_metadatos,
N-cc62075a52a5,Venezuela main airport partially resumes commercial flights after deadly earthquakes,https://www.niagarafallsreview.ca/business/venezuela-s-main-airport-partially-resumes-commercial-flights-after-deadly-earthquakes/article_6cb3b03d-efdb-531e-8285-4c846fe7b85f.html,niagarafallsreview.ca,en,,2026-09-01T23:00:00+00:00,2026-10-06T18:46:40+00:00,,gdelt_doc:turismo,titular_metadatos,
N-cc62c5511b81,Turismo deportivo será uno de los principales atractivos de la BTC 2026,https://eldia.com.do/turismo-deportivo-principales-atractivos-btc-2026/,eldia.com.do,es,,2026-09-10T02:00:00+00:00,2026-10-06T18:46:40+00:00,,gdelt_doc:turismo,titular_metadatos,
N-cc6642e52e9e,"Many Venezuelan immigrants shun Florida and turn to smaller cities in Utah , elsewhere - Las Vegas Sun News",https://lasvegassun.com/news/2026/sep/20/many-venezuelan-immigrants-shun-florida-and-turn-t/,lasvegassun.com,en,,2026-09-21T08:00:00+00:00,2026-10-06T18:46:40+00:00,,gdelt_doc:economia,titular_metadatos,
N-cc86ffbedfae,Panamá insta a Mongolia a adherirse al Tratado de Neutralidad del Canal de Panamá,https://www.telemetro.com/nacionales/panama-insta-mongolia-adherirse-al-tratado-neutralidad-del-canal-panama-n6089705,telemetro.com,es,,2026-08-25T22:15:00+00:00,2026-10-06T18:46:40+00:00,,gdelt_doc:logistica,titular_metadatos,
N-cc9cf8cbb771,Expertos de cinco países se reunieron en Cartagena para fortalecer la protección de los manglares,https://www.eluniversal.com.co/regional/bolivar/2026/07/28/expertos-de-cinco-paises-se-reunieron-en-cartagena-para-fortalecer-la-proteccion-de-los-manglares/,eluniversal.com.co,es,,2026-07-28T18:00:00+00:00,2026-10-06T18:46:40+00:00,,gdelt_doc:economia,titular_metadatos,
N-ccb744cf9830,Panamá presenta su nueva marca país : Anfitrión del Mundo,https://www.critica.com.pa/nacional/panama-presenta-su-nueva-marca-pais-anfitrion-del-mundo-515361,critica.com.pa,es,,2026-08-27T18:45:00+00:00,2026-10-06T18:46:40+00:00,,gdelt_doc:logistica,titular_metadatos,
N-ccc12bafe7f4,"Cepal sitúa a Venezuela al frente del crecimiento económico regional para 2026 con un 6 , 5 %",https://www.globovision.com/economia/60589/venezuela-liderara-el-crecimiento-economico-de-america-latina-en-2026-con-65-segun-la-cepal,globovision.com,es,,2026-08-20T20:45:00+00:00,2026-10-06T18:46:40+00:00,,gdelt_doc:economia,titular_metadatos,
N-cccd933f0c89,Panamá vence a RD para disputar el oro en el béisbol de los Centroamericanos,https://eldia.com.do/panama-vence-a-rd-para-disputar-el-oro-en-el-beisbol-de-los-centroamericanos/,eldia.com.do,es,,2026-08-06T15:15:00+00:00,2026-10-06T18:46:40+00:00,,gdelt_doc:logistica,titular_metadatos,
N-cce9a2e88a01,15 Best Guitar Players of All Time - Singersroom . com,https://singersroom.com/w95/best-guitar-players-of-all-time/,singersroom.com,en,,2026-07-14T02:00:00+00:00,2026-10-06T18:46:40+00:00,,gdelt_doc:eventos_naturales,titular_metadatos,
N-cceefc9177e8,Derecha Popular : cómo reconstruir la dignidad del trabajador sin banderas de izquierda,https://panampost.com/oriana-rivas/2026/09/11/derecha-popular-nuevo-libro-raul-tortolero/,panampost.com,es,,2026-09-11T20:15:00+00:00,2026-10-06T18:46:40+00:00,,gdelt_doc:economia,titular_metadatos,
N-ccf429b4f096,¡ Atención Panamá ! SINAPROC extiende vigilancia por lluvias y tormentas hasta el 10 de agosto,https://www.telemetro.com/nacionales/atencion-panama-sinaproc-extiende-vigilancia-lluvias-y-tormentas-el-10-agosto-n6087732,telemetro.com,es,,2026-08-07T17:45:00+00:00,2026-10-06T18:46:40+00:00,,gdelt_doc:eventos_naturales,titular_metadatos,
N-cd2e175296bd,El petróleo de Macondo,https://acento.com.do/opinion/el-petroleo-de-macondo-9745143.html,acento.com.do,es,,2026-08-31T05:45:00+00:00,2026-10-06T18:46:40+00:00,,gdelt_doc:economia,titular_metadatos,
N-cd368090920e,"Tropical Storm Bertha Strengthens , Top Winds 60",https://ctqcountry.iheart.com/content/2026-07-21-tropical-storm-bertha-strengthens-top-winds-60/,ctqcountry.iheart.com,en,,2026-07-21T19:30:00+00:00,2026-10-06T18:46:40+00:00,,gdelt_doc:eventos_naturales,titular_metadatos,
N-cd43942bc312,Panamá afina su arma contra el poderío aéreo de Nueva Zelanda,https://www.midiario.com/deportivas/panama-afina-su-arma-contra-el-poderio-aereo-de-nueva-zelanda/,midiario.com,es,,2026-09-30T19:00:00+00:00,2026-10-06T18:46:40+00:00,,gdelt_doc:panama,titular_metadatos,
N-cd4e167573e9,Corte de agua por el IDAAN hoy en Ciudad de Panamá : conozca las áreas afectadas hasta las 5 : 00 p . m .,https://www.telemetro.com/nacionales/corte-agua-el-idaan-hoy-ciudad-panama-conozca-las-areas-afectadas-las-500-pm-n6090877,telemetro.com,es,,2026-09-05T18:00:00+00:00,2026-10-06T18:46:40+00:00,,gdelt_doc:logistica,titular_metadatos,
N-cd9444c20b21,UP inaugura congreso internacional sobre moda sostenible con 15 países,https://www.panamaamerica.com.pa/sociedad/inaugura-congreso-internacional-sobre-moda-sostenible-con-15-paises-1264474,panamaamerica.com.pa,es,,2026-07-27T18:15:00+00:00,2026-10-06T18:46:40+00:00,,gdelt_doc:economia,titular_metadatos,
N-cdc5b40f810f,Presidente de España reitera importancia de Panamá en el bloque de Iberoamérica tras encuentro con Mulino – Ministerio de Relaciones exteriores,https://mire.gob.pa/presidente-de-espana-reitera-importancia-de-panama-en-el-bloque-de-iberoamerica-tras-encuentro-con-mulino/,mire.gob.pa,es,,2026-09-23T00:30:00+00:00,2026-10-06T18:46:40+00:00,,gdelt_doc:economia,titular_metadatos,
N-cdc8115615a9,Bodega Gamboa vende viñedos en Campana desde u$s10 . 000,https://www.iprofesional.com/vinos/463554-bodega-gamboa-vende-vinedos-en-campana-desde-us10000,iprofesional.com,es,,2026-09-08T07:30:00+00:00,2026-10-06T18:46:40+00:00,,gdelt_doc:turismo,titular_metadatos,
N-ce2302c85843,Mulino llega a Nueva York con agenda de alto nivel ante la ONU y grandes inversionistas,https://www.diaadia.com.pa/el-pais/mulino-llega-nueva-york-con-agenda-de-alto-nivel-ante-la-onu-y-grandes-inversionistas,diaadia.com.pa,es,,2026-09-20T00:30:00+00:00,2026-10-06T18:46:40+00:00,,gdelt_doc:economia,titular_metadatos,
N-ce6f976627b1,Soaring Panama Canal Fees Drive a Nascent LPG Shuttle Trade,https://gcaptain.com/soaring-panama-canal-fees-drive-a-nascent-lpg-shuttle-trade-2/,gcaptain.com,en,,2026-08-21T13:45:00+00:00,2026-10-06T18:46:40+00:00,,gdelt_doc:logistica,titular_metadatos,
N-ce87b8bf4796,Panarusa volvió tras vivir en EEUU : Entendí que no puedo vivir sin Panamá,https://www.critica.com.pa/show/panarusa-volvio-tras-vivir-en-eeuu-entendi-que-no-puedo-vivir-sin-panama-515611,critica.com.pa,es,,2026-09-01T15:45:00+00:00,2026-10-06T18:46:40+00:00,,gdelt_doc:panama,titular_metadatos,
N-cefaa55cdeda,Panama Canal to temporarily suspend Period 3 daily auctions ; dry bulk markets weigh impact,https://www.hellenicshippingnews.com/panama-canal-to-temporarily-suspend-period-3-daily-auctions-dry-bulk-markets-weigh-impact/,hellenicshippingnews.com,en,,2026-07-23T22:30:00+00:00,2026-10-06T18:46:40+00:00,,gdelt_doc:logistica,titular_metadatos,
N-cf15167947ff,Guerra en Ucrania : ordenan detención provisional de tres dominicanos por presunto reclutamiento,https://www.telemetro.com/nacionales/guerra-ucrania-ordenan-detencion-provisional-tres-dominicanos-presunto-reclutamiento-n6093152,telemetro.com,es,,2026-09-27T15:45:00+00:00,2026-10-06T18:46:40+00:00,,gdelt_doc:panama,titular_metadatos,
N-cf4afde3182b,Las detenciones en China golpean al registro de naves ; la industria apela a acuerdo,https://www.panamaamerica.com.pa/economia/las-detenciones-en-china-golpean-al-registro-de-naves-la-industria-apela-acuerdo-1266987,panamaamerica.com.pa,es,,2026-10-02T08:00:00+00:00,2026-10-06T18:46:40+00:00,,gdelt_doc:panama,titular_metadatos,
N-cf5448102e89,La Selección de Panamá ya llegó a Japón para próximos compromisos,https://www.rpctv.com/marea-roja/la-seleccion-panama-ya-llego-japon-proximos-compromisos-n6093306,rpctv.com,es,,2026-09-28T22:15:00+00:00,2026-10-06T18:46:40+00:00,,gdelt_doc:panama,titular_metadatos,
N-cf593d425431,"Chiriquí tiene en agenda $1 , 000 millones en inversiones , pero la burocracia amenaza su avance",https://www.prensa.com/economia/chiriqui-tiene-en-agenda-1000-millones-en-inversiones-pero-la-burocracia-amenaza-su-avance/,prensa.com,es,,2026-07-10T06:15:00+00:00,2026-10-06T18:46:40+00:00,,gdelt_doc:economia,titular_metadatos,
N-cf6978bced51,Congestión portuaria y falta de infraestructura digital ponen presión a Panamá,https://www.laestrella.com.pa/economia/congestion-portuaria-y-falta-de-infraestructura-digital-ponen-presion-a-panama-DH26034698,laestrella.com.pa,es,,2026-09-28T07:30:00+00:00,2026-10-06T18:46:40+00:00,,gdelt_doc:logistica,titular_metadatos,
N-cf7855dad35f,Gabinete de De La Espriella : cuál es el ministro más longevo,https://www.lafm.com.co/politica/abelardo-de-la-espriella-gabinete-ministro-mas-longevo-fabio-arjona-minambiente-406766,lafm.com.co,es,,2026-08-04T01:30:00+00:00,2026-10-06T18:46:40+00:00,,gdelt_doc:turismo,titular_metadatos,
N-cf81d5508bcd,"Panama , China renew maritime port agreement",https://www.yahoo.com/news/world/articles/panama-china-renew-maritime-port-061459597.html,yahoo.com,en,,2026-07-21T06:45:00+00:00,2026-10-06T18:46:40+00:00,,gdelt_doc:logistica,titular_metadatos,
N-cf83bb897a66,"Restauran el Acta de Separación de Panamá de Colombia , firmada en 1903",https://www.telemetro.com/nacionales/restauran-el-acta-separacion-panama-colombia-firmada-1903-n6085984,telemetro.com,es,,2026-07-22T16:15:00+00:00,2026-10-06T18:46:40+00:00,,gdelt_doc:panama,titular_metadatos,
N-cf95f881cbec,"Panamá y Filipinas abordan oportunidades comerciales , marítimas y tecnológicas – Ministerio de Relaciones exteriores",https://mire.gob.pa/panama-y-filipinas-abordan-oportunidades-comerciales-maritimas-y-tecnologicas/,mire.gob.pa,es,,2026-07-25T22:30:00+00:00,2026-10-06T18:46:40+00:00,,gdelt_doc:logistica,titular_metadatos,
N-cfae86edd159,Malta .- El Gobierno de Malta toma nota del veredicto por el asesinato de la periodista Daphne Caruana Galizia en 2017,https://www.notimerica.com/politica/noticia-malta-gobierno-malta-toma-nota-veredicto-asesinato-periodista-daphne-caruana-galizia-2017-20260902220433.html,notimerica.com,es,,2026-09-02T21:15:00+00:00,2026-10-06T18:46:40+00:00,,gdelt_doc:turismo,titular_metadatos,
N-cfc22cd14884,"Tropical Storm Bertha update for Tuesday , July 21st , 2026",https://www.kjas.com/news/local_news/article_edecb03e-ea31-46de-9640-d733e8b38f33.html,kjas.com,en,,2026-07-21T23:45:00+00:00,2026-10-06T18:46:40+00:00,,gdelt_doc:eventos_naturales,titular_metadatos,
N-cfc82c69cf1e,¿ Qué hacer este fin de semana ? La Feria del Libro se despide y Rawayana llega para encender el Cibao,https://listindiario.com/entretenimiento/cartelera/20261001/que-semana-feria-libro-despide-rawayana-llega-encender-cibao_924489.html,listindiario.com,es,,2026-10-01T19:00:00+00:00,2026-10-06T18:46:40+00:00,,gdelt_doc:panama,titular_metadatos,
N-d02b9b0469d9,Estos son los países más caros ( y los más baratos ) para vivir en América Latina,https://actualidad.rt.com/actualidad/629796-paises-caros-baratos-vivir-america-latina,actualidad.rt.com,es,,2026-09-28T18:15:00+00:00,2026-10-06T18:46:40+00:00,,gdelt_doc:panama,titular_metadatos,
N-d03ab6d6e879,Canal de Panamá mantiene calado de 48 pies para buques Neopanamax,https://www.critica.com.pa/nacional/canal-de-panama-mantiene-calado-de-48-pies-para-buques-neopanamax-515837,critica.com.pa,es,,2026-09-04T23:00:00+00:00,2026-10-06T18:46:40+00:00,,gdelt_doc:logistica,titular_metadatos,
N-d04b2a64026b,The sunhat is everywhere in Athens as crowds grow larger at ancient sites,http://www.stardem.com/ap/world/the-sunhat-is-everywhere-in-athens-as-crowds-grow-larger-at-ancient-sites/article_1d29f6b2-93c9-5529-b439-bde8cf1fdfcf.html,stardem.com,en,,2026-08-23T11:45:00+00:00,2026-10-06T18:46:40+00:00,,gdelt_doc:turismo,titular_metadatos,
N-d0542d1b90e8,La niña que huyó de la Guerra Civil en el barco de Neruda : No sabíamos lo que dejábamos ni lo que íbamos a encontrar,https://www.eldiario.es/catalunya/nina-huyo-guerra-civil-barco-neruda-no-sabiamos-dejabamos-ibamos-encontrar_1_13392985.html,eldiario.es,es,,2026-08-02T08:30:00+00:00,2026-10-06T18:46:40+00:00,,gdelt_doc:eventos_naturales,titular_metadatos,
N-d055c231b1c4,"La mejor playa de Latinoamérica en 2026 está en esta isla : superó a destinos de México , Colombia y Brasil",https://www.eluniversal.com.co/mundo/2026/07/30/la-mejor-playa-de-latinoamerica-en-2026-esta-en-esta-isla-supero-a-destinos-de-mexico-colombia-y-brasil/,eluniversal.com.co,es,,2026-07-31T03:00:00+00:00,2026-10-06T18:46:40+00:00,,gdelt_doc:turismo,titular_metadatos,
N-d071919cd6a2,Apoya Sheinbaum neutralidad de Canal de Panamá,https://www.eldiariodechihuahua.mx/nacional/2026/jul/15/apoya-sheinbaum-neutralidad-de-canal-de-panama-817911.html,eldiariodechihuahua.mx,es,,2026-07-15T23:00:00+00:00,2026-10-06T18:46:40+00:00,,gdelt_doc:economia,titular_metadatos,
N-d082fe398e17,"Venezuela inicia su retorno al radar de la inversión extranjera con movimientos en alimentos , fintech y retail",https://www.elobservador.com.uy/estados-unidos/america-latina/venezuela-inicia-su-retorno-al-radar-la-inversion-extranjera-movimientos-alimentos-fintech-y-retail-n6052148,elobservador.com.uy,es,,2026-07-28T14:30:00+00:00,2026-10-06T18:46:40+00:00,,gdelt_doc:economia,titular_metadatos,
N-d0c24994d38b,Cubadebate,http://www.cubadebate.cu/noticias/2026/08/25/mas-de-un-millon-de-dolares-por-transitar-el-canal-de-panama/,cubadebate.cu,es,,2026-08-26T03:00:00+00:00,2026-10-06T18:46:40+00:00,,gdelt_doc:logistica,titular_metadatos,
N-d0d047f3b0fe,La razón detrás de la cita Mulino - Sheinbaum : Panamá blinda la frontera norte contra el gusano barrenador,https://www.laestrella.com.pa/economia/la-razon-detras-de-la-cita-mulino-sheinbaum-panama-blinda-la-frontera-norte-contra-el-gusano-barrenador-EB24166637,laestrella.com.pa,es,,2026-07-17T20:45:00+00:00,2026-10-06T18:46:40+00:00,,gdelt_doc:panama,titular_metadatos,
N-d0df91a4b1d3,La cuenta de ahorros del Canal de Panamá : el reservorio de agua dulce que sostiene al comercio mundial,https://www.panamaamerica.com.pa/economia/la-cuenta-de-ahorros-del-canal-de-panama-el-reservorio-de-agua-dulce-que-sostiene-al,panamaamerica.com.pa,es,,2026-08-21T21:00:00+00:00,2026-10-06T18:46:40+00:00,,gdelt_doc:logistica,titular_metadatos,
N-d0e39a8a7b99,Panamá presenta su marca país : Anfitrión del mundo,https://www.telemetro.com/contenido-patrocinado/panama-presenta-su-marca-pais-anfitrion-del-mundo-n6089865,telemetro.com,es,,2026-08-27T01:00:00+00:00,2026-10-06T18:46:40+00:00,,gdelt_doc:panama,titular_metadatos,
N-d0eb2f37f777,Tropical Storm Bertha drifts toward land as Hurricane Fausto forms in the eastern Pacific,https://www.whec.com/ap-top-news/tropical-storm-bertha-drifts-toward-land-as-hurricane-fausto-forms-in-the-eastern-pacific/,whec.com,en,,2026-07-21T17:30:00+00:00,2026-10-06T18:46:40+00:00,,gdelt_doc:eventos_naturales,titular_metadatos,
N-d100139ba650,Viaja Seguro a Manabí : 6 Rutas Peligrosas a Evitar,https://www.eldiario.ec/manabi/viajas-a-manabi-estas-son-las-6-rutas-que-debes-evitar-hoy-por-peligrosos-deslaves-27092026/,eldiario.ec,es,,2026-09-27T15:15:00+00:00,2026-10-06T18:46:40+00:00,,gdelt_doc:economia,titular_metadatos,
N-d10f40f75772,"Panama is not only the beginning : Foreign Minister pitches nation as India premier manufacturing , trade launchpad in Latin America",http://www.thailandnews.net/news/279199252/panama-is-not-only-the-beginning-foreign-minister-pitches-nation-as-india-premier-manufacturing-trade-launchpad-in-latin-america,thailandnews.net,en,,2026-07-20T17:15:00+00:00,2026-10-06T18:46:40+00:00,,gdelt_doc:economia,titular_metadatos,
N-d11c3c290d73,Creación de más plazas en la empresa privada hace bajar el desempleo,https://www.panamaamerica.com.pa/economia/creacion-de-mas-plazas-en-la-empresa-privada-hace-bajar-el-desempleo-1266901,panamaamerica.com.pa,es,,2026-09-30T14:15:00+00:00,2026-10-06T18:46:40+00:00,,gdelt_doc:economia,titular_metadatos,
N-d1375a3bf898,Millions told to brace for life - threatening conditions as Tropical Storm Bertha barrels toward US coast,https://www.dailymail.com/sciencetech/article-15993471/tropical-storm-bertha-new-orleans-louisiana.html,dailymail.com,en,,2026-07-21T16:30:00+00:00,2026-10-06T18:46:40+00:00,,gdelt_doc:eventos_naturales,titular_metadatos,
N-d13a1429e192,OCDE recomienda preparar el talento humano y elevar inversiones para impulsar los semiconductores en Panamá,https://www.prensa.com/economia/ocde-recomienda-preparar-el-talento-humano-y-elevar-inversiones-para-impulsar-los-semiconductores-en-panama/,prensa.com,es,,2026-07-31T06:15:00+00:00,2026-10-06T18:46:40+00:00,,gdelt_doc:economia,titular_metadatos,
N-d1547b1f4e3b,La perpetuidad que se pudo derrotar : la utopía realizada,https://www.prensa.com/politica/la-perpetuidad-que-se-pudo-derrotar-la-utopia-realizada/,prensa.com,es,,2026-09-07T07:15:00+00:00,2026-10-06T18:46:40+00:00,,gdelt_doc:logistica,titular_metadatos,
N-d15f9f60d04a,Cancillería logra el retorno ileso de 17 panameños de la zona de guerra en Rusia y Ucrania,https://www.panamaamerica.com.pa/sociedad/cancilleria-logra-el-retorno-ileso-de-17-panamenos-de-la-zona-de-guerra-en-rusia-y-ucrania,panamaamerica.com.pa,es,,2026-08-27T23:00:00+00:00,2026-10-06T18:46:40+00:00,,gdelt_doc:panama,titular_metadatos,
N-d160aaee1a49,Imputan a promotor por presunta contaminación en el río Duque,https://www.critica.com.pa/sucesos/imputan-promotor-por-presunta-contaminacion-en-el-rio-duque-513666,critica.com.pa,es,,2026-07-29T02:30:00+00:00,2026-10-06T18:46:40+00:00,,gdelt_doc:logistica,titular_metadatos,
N-d17e2200cfbf,"Congress of Panama : In 1826 , Simón Bolívar Called for Latin America to Resist Great Powers",https://foreignpolicy.com/2026/07/15/panama-congress-anniversary-america-250-us-trump-bolivar-history/,foreignpolicy.com,en,,2026-07-15T16:45:00+00:00,2026-10-06T18:46:40+00:00,,gdelt_doc:logistica,titular_metadatos,
N-d19876095982,"Encuentro Mulino - Sheinbaum se centró en la Neutralidad del Canal , integración regional , comercio , inversiones y cooperación",https://www.diaadia.com.pa/el-pais/encuentro-mulino-sheinbaum-se-centro-en-la-neutralidad-del-canal-integracion-regional,diaadia.com.pa,es,,2026-07-15T23:00:00+00:00,2026-10-06T18:46:40+00:00,,gdelt_doc:economia,titular_metadatos,
N-d1b2d69f2077,"Japón prepara gira por México , Panamá , Ecuador y Colombia para fortalecer la cooperación económica",https://www.prensalibre.com/ahora/internacional/japon-prepara-gira-por-mexico-panama-ecuador-y-colombia-para-fortalecer-la-cooperacion-economica/,prensalibre.com,es,,2026-07-10T06:00:00+00:00,2026-10-06T18:46:40+00:00,,gdelt_doc:logistica,titular_metadatos,
N-d1c2e455b8c4,How will Latin America super El Niño affect the top food - exporting region ?,https://www.internazionale.it/ultime-notizie-reuters/2026/08/13/how-will-latin-america-s-super-el-nino-affect-the-top-food-exporting-region,internazionale.it,en,,2026-08-13T10:45:00+00:00,2026-10-06T18:46:40+00:00,,gdelt_doc:eventos_naturales,titular_metadatos,
N-d1c32ef30d70,"With Record Profits in the Region , Panamanian Banking Defies the Size of its Economy",https://newsroompanama.com/2026/07/29/with-record-profits-in-the-region-panamanian-banking-defies-the-size-of-its-economy/,newsroompanama.com,en,,2026-07-30T05:30:00+00:00,2026-10-06T18:46:40+00:00,,gdelt_doc:logistica,titular_metadatos,
N-d1d423607c12,Tanker pays record $5 . 3 mn to transit Panama Canal : administrator,https://www.digitaljournal.com/article/tanker-pays-record-5-3-mn-to-transit-panama-canal-administrator/,digitaljournal.com,en,,2026-08-28T06:15:00+00:00,2026-10-06T18:46:40+00:00,,gdelt_doc:logistica,titular_metadatos,
N-d1f85e1cf8de,Panamá ratifica a Christiansen al mando de la selección de fútbol,https://www.elcaribe.com.do/deportes/futbol/futbol-internacional/panama-ratifica-a-christiansen-al-mando-de-la-seleccion-de-futbol/,elcaribe.com.do,es,,2026-07-15T04:45:00+00:00,2026-10-06T18:46:40+00:00,,gdelt_doc:panama,titular_metadatos,
N-d1fb3a951f51,María Corina Machado y sus siete intentos fallidos por regresar a Venezuela,https://lahora.gt/internacionales/jcortega/2026/09/23/maria-corina-machado-y-sus-siete-intentos-fallidos-por-regresar-a-venezuela/,lahora.gt,es,,2026-09-23T16:45:00+00:00,2026-10-06T18:46:40+00:00,,gdelt_doc:logistica,titular_metadatos,
N-d222485dd60b,13 Stopover Flights to Help You Get the Most Out of International Airfare,https://www.cntraveler.com/story/stopover-flights-to-help-you-get-the-most-out-of-international-airfare,cntraveler.com,en,,2026-08-26T00:00:00+00:00,2026-10-06T18:46:40+00:00,,gdelt_doc:turismo,titular_metadatos,
N-d22f19cdf9a5,"Supply chain operators should prepare for super El Niño , TT Club warns",https://www.insurancebusinessmag.com/us/news/breaking-news/supply-chain-operators-should-prepare-for-super-el-nino-tt-club-warns-582230.aspx,insurancebusinessmag.com,en,,2026-07-14T03:45:00+00:00,2026-10-06T18:46:40+00:00,,gdelt_doc:eventos_naturales,titular_metadatos,
N-d24ab0040f1c,Mulino viajará a Ecuador para abordar temas de inversión y migración con el presidente Noboa,https://www.diaadia.com.pa/el-pais/mulino-viajara-ecuador-para-abordar-temas-de-inversion-y-migracion-con-el-presidente-noboa,diaadia.com.pa,es,,2026-09-03T01:00:00+00:00,2026-10-06T18:46:40+00:00,,gdelt_doc:logistica,titular_metadatos,
N-d26b9868a433,Tropical Storm Bertha in the Gulf of Mexico moving toward Florida Panhandle and Alabama,https://www.local10.com/news/national/2026/07/21/tropical-storm-bertha-in-the-gulf-of-mexico-moving-toward-florida-panhandle-and-alabama/,local10.com,en,,2026-07-21T09:15:00+00:00,2026-10-06T18:46:40+00:00,,gdelt_doc:eventos_naturales,titular_metadatos,
N-d27e94693144,Panamá cierra ejercicios militares para proteger el Canal,https://www.elcaribe.com.do/panorama/internacionales/panama-cierra-ejercicios-militares-para-proteger-el-canal/,elcaribe.com.do,es,,2026-08-13T20:45:00+00:00,2026-10-06T18:46:40+00:00,,gdelt_doc:logistica,titular_metadatos,
N-d290c8e9be13,Panama Canal to cut number of ships passing through due to El Niño,https://www.bbc.co.uk/news/articles/cwyl0jkxxryo,bbc.co.uk,en,,2026-08-21T07:30:00+00:00,2026-10-06T18:46:40+00:00,,gdelt_doc:logistica,titular_metadatos,
N-d2bbe711ebfa,Florida gas prices hold steady as national averages rise,https://www.mysuncoast.com/2026/08/24/florida-gas-prices-hold-steady-national-averages-rise/,mysuncoast.com,en,,2026-08-24T16:30:00+00:00,2026-10-06T18:46:40+00:00,,gdelt_doc:economia,titular_metadatos,
N-d2e6c4185d6e,"La absolución de un magnate por el asesinato de una periodista en Malta sienta un peligroso precedente , según CPJ",https://cronicadecantabria.com/cr/la-absolucin-de-un-magnate-por-el-asesinato-de-una-periodista-en-malta-sienta-un-peligroso-precedente-segn-cpj/,cronicadecantabria.com,es,,2026-09-03T22:30:00+00:00,2026-10-06T18:46:40+00:00,,gdelt_doc:turismo,titular_metadatos,
N-d2e81da3a8ee,Tropical Storm Bertha in the Gulf of Mexico moves toward the Florida Panhandle and Alabama,https://www.ksl.com:443/article/51600130/tropical-storm-bertha-in-the-gulf-of-mexico-moves-toward-the-florida-panhandle-and-alabama,ksl.com,en,,2026-07-21T19:45:00+00:00,2026-10-06T18:46:40+00:00,,gdelt_doc:eventos_naturales,titular_metadatos,
N-d3042a1f4605,Panamá lanzará su Estrategia Nacional de Inteligencia Artificial el 30 de julio,https://www.telemetro.com/nacionales/panama-lanzara-su-estrategia-nacional-inteligencia-artificial-el-30-julio-n6085283,telemetro.com,es,,2026-07-15T17:30:00+00:00,2026-10-06T18:46:40+00:00,,gdelt_doc:panama,titular_metadatos,
N-d31583d02daa,Corredores marítimos vitales para la economía mundial,https://almomento.net/corredores-maritimos-vitales-para-la-economia-mundial/,almomento.net,es,,2026-08-16T12:00:00+00:00,2026-10-06T18:46:40+00:00,,gdelt_doc:economia,titular_metadatos,
N-d3484a4f2e8e,Cementos Panam adquiere planta Fortaleza en El Salvador,https://elnuevodiario.com.do/cementos-panam-adquiere-planta-fortaleza-en-el-salvador/,elnuevodiario.com.do,es,,2026-09-01T15:00:00+00:00,2026-10-06T18:46:40+00:00,,gdelt_doc:panama,titular_metadatos,
N-d352af16d6ba,"Colombia tiene una paranoia tras perder Panamá en 1903 que la ha llevado al aislacionismo en el Caribe , donde podría ser un motor",https://www.mdzol.com/mundo/colombia-tiene-una-paranoia-perder-panama-1903-que-la-ha-llevado-al-aislacionismo-el-caribe-donde-podria-ser-un-motor-n1599815,mdzol.com,es,,2026-09-05T13:15:00+00:00,2026-10-06T18:46:40+00:00,,gdelt_doc:turismo,titular_metadatos,
N-d37aa2c4dc9f,¿ Qué se puede esperar de la reunión de Marco Rubio con el nuevo Gobierno De La Espriella ?,https://www.portafolio.co/economia/gobierno/que-se-puede-esperar-de-la-reunion-de-marco-rubio-con-el-nuevo-gobierno-de-la-espriella-502059,portafolio.co,es,,2026-09-08T19:00:00+00:00,2026-10-06T18:46:40+00:00,,gdelt_doc:economia,titular_metadatos,
N-d392efdf5033,Moltó : Decisión sobre la mina debe traducirse en empleos y economía,https://www.critica.com.pa/nacional/molto-decision-sobre-la-mina-debe-traducirse-en-empleos-y-economia-514772,critica.com.pa,es,,2026-08-17T21:15:00+00:00,2026-10-06T18:46:40+00:00,,gdelt_doc:economia,titular_metadatos,
N-d3953caa7f94,Periodistas turísticos de nueve países llevaron las experiencias de Catamarca a sus audiencias,https://www.catamarcactual.com.ar/informacion-general/2026/9/21/periodistas-turisticos-de-nueve-paises-llevaron-las-experiencias-de-catamarca-sus-audiencias-295237.html,catamarcactual.com.ar,es,,2026-09-21T23:00:00+00:00,2026-10-06T18:46:40+00:00,,gdelt_doc:turismo,titular_metadatos,
N-d3a08ddc3ca7,Mensaje a la Nación de Keiko Fujimori Higuchi como presidenta : Aquí completo | PERU,https://gestion.pe/peru/politica/mensaje-a-la-nacion-de-keiko-fujimori-higuchi-como-presidenta-aqui-completo-noticia/,gestion.pe,es,,2026-07-28T23:30:00+00:00,2026-10-06T18:46:40+00:00,,gdelt_doc:eventos_naturales,titular_metadatos,
N-d3d18f07a2ea,El MBA número uno de América Latina llega a Panamá para impulsar el liderazgo del futuro,https://www.telemetro.com/contenido-patrocinado/el-mba-numero-uno-america-latina-llega-panama-impulsar-el-liderazgo-del-futuro-n6086167,telemetro.com,es,,2026-07-24T01:30:00+00:00,2026-10-06T18:46:40+00:00,,gdelt_doc:panama,titular_metadatos,
N-d3e3ade89ff3,Kenia anuncia la primera muerte por ébola en el país,https://www.tvn-2.com/mundo/africa/kenia-anuncia-primera-muerte-ebola_1_2264549.html,tvn-2.com,es,2026-10-06T11:20:51+00:00,,2026-10-06T18:46:40+00:00,,tvn_rss,titular_metadatos,
N-d3ef7a39ee71,Cuarto Puente sobre el Canal alcanza 40 % de avance y mantiene meta de culminación para 2028,https://www.laestrella.com.pa/panama/nacional/cuarto-puente-sobre-el-canal-alcanza-40-de-avance-y-mantiene-meta-de-culminacion-para-2028-LD24506269,laestrella.com.pa,es,,2026-07-31T18:45:00+00:00,2026-10-06T18:46:40+00:00,,gdelt_doc:logistica,titular_metadatos,
N-d3f762d399bf,Keiko Fujimori jura como presidenta de Perú para el quinquenio 2026 - 2031,https://efe.com/mundo/2026-07-28/peru-investidura-keiko-fujimori-presidenta/,efe.com,es,,2026-07-28T19:45:00+00:00,2026-10-06T18:46:40+00:00,,gdelt_doc:economia,titular_metadatos,
N-d40487851e54,La expansión militar de Donald Trump en Panamá tiene poco sentido,https://www.hoy.es/internacional/expansion-militar-donald-trump-panama-poco-sentido-20260828011322-nt.html,hoy.es,es,,2026-09-03T00:45:00+00:00,2026-10-06T18:46:40+00:00,,gdelt_doc:logistica,titular_metadatos,
N-d423c45a1847,Vaca Muerta mira al Pacífico : el corredor Neuquén - Chile gana protagonismo para exportar energía al mundo,https://www.ambito.com/energia/vaca-muerta-mira-al-pacifico-el-corredor-neuquen-chile-gana-protagonismo-exportar-al-mundo-n6304060,ambito.com,es,,2026-07-27T20:45:00+00:00,2026-10-06T18:46:40+00:00,,gdelt_doc:turismo,titular_metadatos,
N-d42b43d80d61,Gobierno declara sesión permanente para monitorear los efectos del Fenómeno de El Niño,https://www.panamaamerica.com.pa/sociedad/gobierno-declara-sesion-permanente-para-monitorear-los-efectos-del-fenomeno-de-el-nino,panamaamerica.com.pa,es,,2026-07-16T00:15:00+00:00,2026-10-06T18:46:40+00:00,,gdelt_doc:logistica,titular_metadatos,
N-d443510f9924,Las noticias que marcaron este jueves 3 de septiembre,https://www.laestrella.com.pa/panama/nacional/las-noticias-que-marcaron-este-jueves-3-de-septiembre-FC25413071,laestrella.com.pa,es,,2026-09-04T02:30:00+00:00,2026-10-06T18:46:40+00:00,,gdelt_doc:economia,titular_metadatos,
N-d4450f5cb333,"The Panama Canal , Venezuela , Greenland : Is Cuba Next ? | The American Spectator",https://spectator.org/the-panama-canal-venezuela-greenland-is-cuba-next/,spectator.org,en,,2026-09-24T03:45:00+00:00,2026-10-06T18:46:40+00:00,,gdelt_doc:logistica,titular_metadatos,
N-d469c7c7e63c,Mulino abre obra que dejaron a medio palo,https://www.critica.com.pa/nacional/mulino-abre-obra-que-dejaron-medio-palo-515792,critica.com.pa,es,,2026-09-04T19:15:00+00:00,2026-10-06T18:46:40+00:00,,gdelt_doc:turismo,titular_metadatos,
N-d49e258d9156,Panamá buscará cerrar un año 2026 exitoso en Juegos Suramericanos,https://www.critica.com.pa/deportes/panama-buscara-cerrar-un-ano-2026-exitoso-en-juegos-suramericanos-515722,critica.com.pa,es,,2026-09-03T05:45:00+00:00,2026-10-06T18:46:40+00:00,,gdelt_doc:panama,titular_metadatos,
N-d4a00bef275c,Queda desierta licitación para tercer operador móvil en Panamá,https://www.prensa.com/economia/queda-desierta-licitacion-para-tercer-operador-movil-en-panama/,prensa.com,es,,2026-08-12T00:15:00+00:00,2026-10-06T18:46:40+00:00,,gdelt_doc:economia,titular_metadatos,
N-d4ac066c9bb6,México anuncia el apoyo al protocolo de neutralidad del Canal de Panamá,https://www.latimes.com/espanol/mexico/articulo/2026-07-15/mexico-anuncia-el-apoyo-al-protocolo-de-neutralidad-del-canal-de-panama,latimes.com,es,,2026-07-16T04:30:00+00:00,2026-10-06T18:46:40+00:00,,gdelt_doc:logistica,titular_metadatos,
N-d51324e53223,Panama Canal cuts shipping over El Niño - fuelled drought,https://www.rte.ie/news/2026/0821/1588720-el-nino-panama/,rte.ie,en,,2026-08-21T06:45:00+00:00,2026-10-06T18:46:40+00:00,,gdelt_doc:logistica,titular_metadatos,
N-d524f5b3c291,Arranca la Feria Internacional del Libro de Panamá 2026 en ATLAPA,https://www.critica.com.pa/show/arranca-la-feria-internacional-del-libro-de-panama-2026-en-atlapa-515325,critica.com.pa,es,,2026-08-26T23:15:00+00:00,2026-10-06T18:46:40+00:00,,gdelt_doc:logistica,titular_metadatos,
N-d550cf41e638,World News Quick Take - Taipei Times,https://www.taipeitimes.com/News/world/archives/2026/07/22/2003861186,taipeitimes.com,en,,2026-07-21T18:00:00+00:00,2026-10-06T18:46:40+00:00,,gdelt_doc:logistica,titular_metadatos,
N-d553a8e1ef64,CAMIPA pide reabrir Cobre Panamá y acabar con la incertidumbre,https://www.critica.com.pa/nacional/camipa-pide-reabrir-cobre-panama-y-acabar-con-la-incertidumbre-517141,critica.com.pa,es,,2026-09-28T17:15:00+00:00,2026-10-06T18:46:40+00:00,,gdelt_doc:panama,titular_metadatos,
N-d557776d1537,Corredor de las Playas : así avanza la obra de $228 . 5 millones en Panamá Oeste,https://www.prensa.com/sociedad/corredor-de-las-playas-asi-avanza-la-obra-de-2285-millones-en-panama-oeste/,prensa.com,es,,2026-07-29T05:30:00+00:00,2026-10-06T18:46:40+00:00,,gdelt_doc:turismo,titular_metadatos,
N-d55fdd50d578,En Panamá : Detienen a tres dominicanos acusados de reclutar personas para guerra en Ucrania,https://listindiario.com/las-mundiales/20260927/panama-detienen-tres-dominicanos-acusados-reclutar-personas-guerra-ucrania_923860.html,listindiario.com,es,,2026-09-27T15:30:00+00:00,2026-10-06T18:46:40+00:00,,gdelt_doc:panama,titular_metadatos,
N-d56b75e9ff63,Let meet panamá cierra su cuarta edición con nuevos eventos internacionales y alianzas para el país • PDCC,https://newsinamerica.com/pdcc/turismo/2026/lets-meet-panama-cierra-su-cuarta-edicion-con-nuevos-eventos-internacionales-y-alianzas-para-el-pais/,newsinamerica.com,es,,2026-09-12T18:45:00+00:00,2026-10-06T18:46:40+00:00,,gdelt_doc:economia,titular_metadatos,
N-d57c915c2460,Sydney Harbour to Antarctica : 10 ultimate cruise moments | The Standard,https://www.standard.net.au/story/9349631/sydney-harbour-to-antarctica-10-ultimate-cruise-moments/,standard.net.au,en,,2026-09-28T01:00:00+00:00,2026-10-06T18:46:40+00:00,,gdelt_doc:logistica,titular_metadatos,
N-d599ea6c4063,Canal de Panamá anuncia suspensión de agua el 5 y 6 de septiembre : estas son las zonas afectadas,https://www.telemetro.com/nacionales/canal-panama-anuncia-suspension-agua-el-5-y-6-septiembre-estas-son-las-zonas-afectadas-n6089795,telemetro.com,es,,2026-08-26T17:15:00+00:00,2026-10-06T18:46:40+00:00,,gdelt_doc:logistica,titular_metadatos,
N-d5c245db60dd,"Carnival to Deploy Adventure , Legend , Spirit to West Coast in 2028 - 29 - Cruise Industry News",https://cruiseindustrynews.com/cruise-news/2026/10/carnival-to-deploy-adventure-legend-spirit-to-west-coast-in-2028-29/,cruiseindustrynews.com,en,,2026-10-01T16:15:00+00:00,2026-10-06T18:46:40+00:00,,gdelt_doc:logistica,titular_metadatos,
N-d5d2a4defdd9,Diplomacia : La Habana tacha de sorprendente la ruptura diplomática con Costa Rica,https://www.14ymedio.com/cuba/habana-tacha-sorprendente-anuncio-ruptura_1_1130993.html,14ymedio.com,es,,2026-09-20T19:15:00+00:00,2026-10-06T18:46:40+00:00,,gdelt_doc:economia,titular_metadatos,
N-d5d3dc392bd5,Debate por el comando que vigilará áreas clave del Canal,https://www.panamaamerica.com.pa/sociedad/debate-por-el-comando-que-vigilara-areas-clave-del-canal-1264988,panamaamerica.com.pa,es,,2026-08-10T06:15:00+00:00,2026-10-06T18:46:40+00:00,,gdelt_doc:logistica,titular_metadatos,
N-d5ecc609301b,Beach season does not end after Labor Day if travelers head to the right coast,http://www.southernminn.com/around_the_web/community/beach-season-does-not-end-after-labor-day-if-travelers-head-to-the-right-coast/article_2e362e06-e9c5-5750-bd83-ee0f2b17f953.html,southernminn.com,en,,2026-09-23T15:15:00+00:00,2026-10-06T18:46:40+00:00,,gdelt_doc:turismo,titular_metadatos,
N-d5ffcb5cb32a,Jesús Pérez pone a Panamá en el Top 20 de Mr . International,https://www.diaadia.com.pa/fama/jesus-perez-pone-panama-en-el-top-20-de-mr-international-791760,diaadia.com.pa,es,,2026-09-27T01:00:00+00:00,2026-10-06T18:46:40+00:00,,gdelt_doc:logistica,titular_metadatos,
N-d608c32a18ac,RD atraería aún más eventos con centro de convenciones,https://www.diariolibre.com/economia/negocios/2026/09/23/rd-atraeria-aun-mas-eventos-con-centro-de-convenciones/3667463,diariolibre.com,es,,2026-09-23T07:00:00+00:00,2026-10-06T18:46:40+00:00,,gdelt_doc:turismo,titular_metadatos,
N-d60ee49a4f3c,Perú en la mira del ciberespionaje chino : grupo de hackers concentró el 90 % de sus objetivos en América Latina,https://www.infobae.com/peru/2026/09/28/peru-en-la-mira-del-ciberespionaje-chino-grupo-de-hackers-concentro-el-90-de-sus-objetivos-en-america-latina/,infobae.com,es,,2026-09-28T19:15:00+00:00,2026-10-06T18:46:40+00:00,,gdelt_doc:logistica,titular_metadatos,
N-d6156fb007de,"Panama is not only the beginning : Foreign Minister pitches nation as India premier manufacturing , trade launchpad in Latin America",http://www.texasguardian.com/news/279199252/panama-is-not-only-the-beginning-foreign-minister-pitches-nation-as-india-premier-manufacturing-trade-launchpad-in-latin-america,texasguardian.com,en,,2026-07-20T17:45:00+00:00,2026-10-06T18:46:40+00:00,,gdelt_doc:economia,titular_metadatos,
N-d61d8f973aed,Marcas españolas aceleran su expansión en Panamá con inversión de hasta $2 millones en nuevas tiendas,https://www.prensa.com/economia/marcas-espanolas-aceleran-su-expansion-en-panama-con-inversion-de-hasta-2-millones-en-nuevas-tiendas/,prensa.com,es,,2026-08-23T16:45:00+00:00,2026-10-06T18:46:40+00:00,,gdelt_doc:economia,titular_metadatos,
N-d62b41a01261,México y la trampa del bajo crecimiento – El Financiero,https://www.elfinanciero.com.mx/opinion/victor-piz/2026/08/21/mexico-y-la-trampa-del-bajo-crecimiento/,elfinanciero.com.mx,es,,2026-08-22T05:30:00+00:00,2026-10-06T18:46:40+00:00,,gdelt_doc:economia,titular_metadatos,
N-d636b16e89c2,PASE-U: compras con la billetera de Caja de Ahorros superan los $45 millones desde junio,https://www.tvn-2.com/nacionales/paseu-compras-billetera-caja-ahorros_1_2264590.html,tvn-2.com,es,2026-10-06T16:03:48+00:00,,2026-10-06T18:46:40+00:00,,tvn_rss,titular_metadatos,
N-d64ad5d4040a,Reglas claras serán clave para el futuro del almacenamiento de energía en Panamá,https://www.prensa.com/economia/reglas-claras-seran-clave-para-el-futuro-del-almacenamiento-de-energia-en-panama/,prensa.com,es,,2026-07-19T05:30:00+00:00,2026-10-06T18:46:40+00:00,,gdelt_doc:economia,titular_metadatos,
N-d652d61911f5,Inflación y falta de talento : entre los principales riesgos invisibles de la construcción en Panamá,https://www.laestrella.com.pa/economia/inflacion-y-falta-de-talento-entre-los-principales-riesgos-invisibles-de-la-construccion-en-panama-PC24406900,laestrella.com.pa,es,,2026-07-27T21:15:00+00:00,2026-10-06T18:46:40+00:00,,gdelt_doc:economia,titular_metadatos,
N-d660095f7e26,Panamá y Polonia fortalecen cooperación cultural y académica en el marco del Bicentenario del Congreso Anfictiónico – Ministerio de Relaciones exteriores,https://mire.gob.pa/panama-y-polonia-fortalecen-cooperacion-cultural-y-academica-en-el-marco-del-bicentenario-del-congreso-anfictionico/,mire.gob.pa,es,,2026-08-29T13:45:00+00:00,2026-10-06T18:46:40+00:00,,gdelt_doc:economia,titular_metadatos,
N-d66386b14dc4,Venezuela reanudó las operaciones de carga en su principal aeropuerto tras el cierre por los terremotos,https://www.infobae.com/venezuela/2026/08/06/venezuela-reanudo-las-operaciones-de-carga-en-su-principal-aeropuerto-tras-el-cierre-por-los-terremotos/,infobae.com,es,,2026-08-06T13:30:00+00:00,2026-10-06T18:46:40+00:00,,gdelt_doc:turismo,titular_metadatos,
N-d66c3a9d7651,"New York Is Getting Disney Cruises Back , With Bermuda , Puerto Rico and Southern Caribbean Sailings",https://www.caribjournal.com/2026/08/25/disney-cruise-line-new-york/,caribjournal.com,en,,2026-08-25T18:30:00+00:00,2026-10-06T18:46:40+00:00,,gdelt_doc:logistica,titular_metadatos,
N-d67cf4d98ace,Copa gana a Aeroméxico el mercado colombiano a Los Cabos | Noticias de turismo REPORTUR,https://www.reportur.com/aerolineas/2026/09/11/copa-gana-a-aeromexico-el-mercado-colombiano-a-los-cabos/,reportur.com,es,,2026-09-11T12:00:00+00:00,2026-10-06T18:46:40+00:00,,gdelt_doc:turismo,titular_metadatos,
N-d68638e6edd3,Museo del Canal tendrá entrada gratis este sábado por el 112 . º aniversario,https://www.telemetro.com/nacionales/museo-del-canal-tendra-entrada-gratis-este-sabado-el-112-aniversario-n6088514,telemetro.com,es,,2026-08-14T18:45:00+00:00,2026-10-06T18:46:40+00:00,,gdelt_doc:logistica,titular_metadatos,
N-d69164ab315a,"Mulino y Keiko abordan el TLC , puertos , Tratado de Neutralidad y más temas",https://www.critica.com.pa/nacional/mulino-y-keiko-abordan-el-tlc-puertos-tratado-de-neutralidad-y-mas-temas-513644,critica.com.pa,es,,2026-07-29T02:30:00+00:00,2026-10-06T18:46:40+00:00,,gdelt_doc:logistica,titular_metadatos,
N-d6bfcf5202a7,Del transitismo a la nueva era : Óscar Hawkins apuesta por un debate nacional basado en cifras,https://www.laestrella.com.pa/vida-y-cultura/cultura/del-transitismo-a-la-nueva-era-oscar-hawkins-apuesta-por-un-debate-nacional-basado-en-cifras-DE25215336,laestrella.com.pa,es,,2026-08-27T21:45:00+00:00,2026-10-06T18:46:40+00:00,,gdelt_doc:economia,titular_metadatos,
N-d6c7b4113360,"Una naviera asiática paga la cifra récord de US$5 , 3 millones por el acceso al Canal de Panamá",https://www.larepublica.co/globoeconomia/una-naviera-asiatica-paga-la-cifra-record-de-us-5-3-millones-por-el-acceso-al-canal-de-panama-4466505,larepublica.co,es,,2026-08-25T20:00:00+00:00,2026-10-06T18:46:40+00:00,,gdelt_doc:logistica,titular_metadatos,
N-d6f3b681f786,Daniel Ortega resalta importancia de la reforma constitucional en Nicaragua,https://www.telesurtv.net/daniel-ortega-resalta-importancia-de-la-reforma-constitucional-en-nicaragua/,telesurtv.net,es,,2026-08-01T10:30:00+00:00,2026-10-06T18:46:40+00:00,,gdelt_doc:economia,titular_metadatos,
N-d6f6c6652355,Todo listo para la Copa Panamericana de Clubes de Gimnasia – USAG Panamá 2026,https://www.panamaamerica.com.pa/deportes/todo-listo-para-la-copa-panamericana-de-clubes-de-gimnasia-usag-panama-2026-1264011,panamaamerica.com.pa,es,,2026-07-15T03:00:00+00:00,2026-10-06T18:46:40+00:00,,gdelt_doc:panama,titular_metadatos,
N-d71e740890cd,Un país centroamericano declara emergencia nacional por El Niño ante sequías e inundaciones,https://actualidad.rt.com/actualidad/624204-pais-centroamericano-declarar-emergencia-nino,actualidad.rt.com,es,,2026-08-26T04:15:00+00:00,2026-10-06T18:46:40+00:00,,gdelt_doc:logistica,titular_metadatos,
N-d73eb0739599,"Miami , Prime Air y la lección más dura de la economía logística ( datos y análisis técnico )",https://infonegocios.miami/que-esta-pasando/miami-prime-air-y-la-leccion-mas-dura-de-la-economia-logistica-todos-los-datos-y-analisis-tecnico,infonegocios.miami,es,,2026-09-07T19:00:00+00:00,2026-10-06T18:46:40+00:00,,gdelt_doc:economia,titular_metadatos,
N-d7422fa3e5df,Los escombros de la república,https://www.el-carabobeno.com/los-escombros-de-la-republica/,el-carabobeno.com,es,,2026-07-21T05:00:00+00:00,2026-10-06T18:46:40+00:00,,gdelt_doc:eventos_naturales,titular_metadatos,
N-d78415bb8a0b,Francia celebra su fiesta nacional en Panamá con homenaje a la historia del Canal,https://www.prensa.com/vivir/francia-celebra-su-fiesta-nacional-en-panama-con-homenaje-a-la-historia-del-canal/,prensa.com,es,,2026-07-16T00:15:00+00:00,2026-10-06T18:46:40+00:00,,gdelt_doc:economia,titular_metadatos,
N-d7b617d1ca22,Rosario presentó en Buenos Aires la oferta turística para esta primavera,https://www.unosantafe.com.ar/la-ciudad/rosario-presento-buenos-aires-la-oferta-turistica-esta-primavera-n10284384.html,unosantafe.com.ar,es,,2026-10-02T00:15:00+00:00,2026-10-06T18:46:40+00:00,,gdelt_doc:turismo,titular_metadatos,
N-d7d0c722bca2,Campesinos de Río Indio no quieren que toquen sus cementerios,https://www.laestrella.com.pa/panama/nacional/campesinos-de-rio-indio-no-quieren-que-toquen-sus-cementerios-BC24406645,laestrella.com.pa,es,,2026-07-27T21:15:00+00:00,2026-10-06T18:46:40+00:00,,gdelt_doc:logistica,titular_metadatos,
N-d7d1cfb707c8,The Panama Canal Security Command Opens a Legal Debate Coordination or a Constitutional Breakdown ?,https://newsroompanama.com/2026/08/07/the-panama-canals-security-command-opens-a-legal-debate-coordination-or-a-constitutional-breakdown/,newsroompanama.com,en,,2026-08-07T18:45:00+00:00,2026-10-06T18:46:40+00:00,,gdelt_doc:logistica,titular_metadatos,
N-d7f33619a6eb,Top Fitness Stocks To Follow Today – October 1st,https://www.dailypolitical.com/2026/10/01/top-fitness-stocks-to-follow-today-october-1st.html,dailypolitical.com,en,,2026-10-01T20:30:00+00:00,2026-10-06T18:46:40+00:00,,gdelt_doc:logistica,titular_metadatos,
N-d7f8a4de830c,Cancillería participa en presentación de la Agenda Nacional de Tecnologías Avanzadas – Ministerio de Relaciones exteriores,https://mire.gob.pa/cancilleria-participa-en-presentacion-de-la-agenda-nacional-de-tecnologias-avanzadas/,mire.gob.pa,es,,2026-07-31T22:15:00+00:00,2026-10-06T18:46:40+00:00,,gdelt_doc:economia,titular_metadatos,
N-d82b9dbe0a6b,"Tragedia en Darién : hallan sin vida a Chinito , el comerciante arrastrado por la corriente en Platanilla",https://www.midiario.com/policiales/tragedia-en-darien-hallan-sin-vida-a-chinito-el-comerciante-arrastrado-por-la-corriente-en-platanilla/,midiario.com,es,,2026-07-24T05:30:00+00:00,2026-10-06T18:46:40+00:00,,gdelt_doc:eventos_naturales,titular_metadatos,
N-d83bfb2da2c0,First - ever Saskatchewan commodity showcase connects producers with global buyers,https://globalnews.ca/news/11969344/first-ever-saskatchewan-commodity-showcase-producers-global-buyers/,globalnews.ca,en,,2026-07-17T05:00:00+00:00,2026-10-06T18:46:40+00:00,,gdelt_doc:economia,titular_metadatos,
N-d84dcc1420fa,Tropical Storm Bertha speeds up as it heads for 2nd landfall along Texas coast,https://www.thetimes-tribune.com/2026/07/23/tropical-storm-bertha-texas-florida-louisiana/,thetimes-tribune.com,en,,2026-07-23T15:00:00+00:00,2026-10-06T18:46:40+00:00,,gdelt_doc:eventos_naturales,titular_metadatos,
N-d84fb13f2f7c,Canal de Panamá ajustará el calado en esclusas para barcos grandes sin recortar tránsitos,https://www.panamaamerica.com.pa/sociedad/canal-de-panama-ajustara-el-calado-en-esclusas-para-barcos-grandes-sin-recortar-transitos,panamaamerica.com.pa,es,,2026-08-06T20:15:00+00:00,2026-10-06T18:46:40+00:00,,gdelt_doc:logistica,titular_metadatos,
N-d86213269500,Panamá ratifica a Christiansen como seleccionador,https://www.yucatan.com.mx/deportes/2026/07/14/panama-ratifica-a-christiansen-como-seleccionador.html,yucatan.com.mx,es,,2026-07-14T10:15:00+00:00,2026-10-06T18:46:40+00:00,,gdelt_doc:logistica,titular_metadatos,
N-d8699f944f65,Récord de tarifas del Canal de Panamá por El Niño y el conflicto con Irán,https://www.larepublica.co/globoeconomia/record-de-tarifas-del-canal-de-panama-por-el-nino-y-el-conflicto-con-iran-4456854,larepublica.co,es,,2026-08-12T18:45:00+00:00,2026-10-06T18:46:40+00:00,,gdelt_doc:logistica,titular_metadatos,
N-d86a25509144,Detienen en Panamá a tres dominicanos acusados de reclutar personas para guerra en Ucrania,https://www.diaadia.com.pa/el-pais/detienen-en-panama-tres-dominicanos-acusados-de-reclutar-personas-para-guerra-en-ucrania,diaadia.com.pa,es,,2026-09-27T01:00:00+00:00,2026-10-06T18:46:40+00:00,,gdelt_doc:panama,titular_metadatos,
N-d8b159b64bcc,"Un buque paga 5 , 3 millones de dólares por cruzar el canal de Panamá , el precio más alto hasta la fecha",https://www.elperiodico.com/es/internacional/20260829/buque-paga-5-millones-dolares-cruzar-canal-panama-cifra-record-133753706,elperiodico.com,es,,2026-08-29T07:00:00+00:00,2026-10-06T18:46:40+00:00,,gdelt_doc:logistica,titular_metadatos,
N-d8b754c44e8a,¿ Va a viajar ? Revise las nuevas tarifas de las principales rutas interprovinciales del Ecuador,https://www.eluniverso.com/guayaquil/comunidad/va-a-viajar-revise-las-nuevas-tarifas-de-las-principales-rutas-interprovinciales-del-ecuador-nota/,eluniverso.com,es,,2026-08-01T13:00:00+00:00,2026-10-06T18:46:40+00:00,,gdelt_doc:economia,titular_metadatos,
N-d8cd5ff7447d,Presidenta del Parlacen detalla la agenda de sesiones en Panamá,https://www.telemetro.com/entrevistas/nacionales/presidenta-del-parlacen-detalla-la-agenda-sesiones-panama-n6089499,telemetro.com,es,,2026-08-24T17:00:00+00:00,2026-10-06T18:46:40+00:00,,gdelt_doc:panama,titular_metadatos,
N-d8d913f7b424,Panamá busca emular en Santo Domingo lo logrado en San Salvador 2023,https://www.critica.com.pa/deportes/panama-busca-emular-en-santo-domingo-lo-logrado-en-san-salvador-2023-513191,critica.com.pa,es,,2026-07-21T06:30:00+00:00,2026-10-06T18:46:40+00:00,,gdelt_doc:panama,titular_metadatos,
N-d90a089a0bc8,HANSON : The fantasy house of Mark Carney,https://calgarysun.com/opinion/columnists/hanson-the-fantasy-house-of-mark-carney/wcm/70567b6b-37c3-42c9-8a97-ee7068a98c70,calgarysun.com,en,,2026-09-21T09:15:00+00:00,2026-10-06T18:46:40+00:00,,gdelt_doc:economia,titular_metadatos,
N-d913a3c5e7d1,Clima en Panamá : Pronóstico para este lunes 31 de agosto,https://www.laestrella.com.pa/panama/informacion-util/clima-en-panama-pronostico-para-este-lunes-31-de-agosto-ME25303791,laestrella.com.pa,es,,2026-08-31T17:30:00+00:00,2026-10-06T18:46:40+00:00,,gdelt_doc:panama,titular_metadatos,
N-d919079acc4f,Panamá ya conoce su ruta hacia la Copa Oro 2027,https://www.midiario.com/deportivas/panama-ya-conoce-su-ruta-hacia-la-copa-oro-2027/,midiario.com,es,,2026-08-25T04:00:00+00:00,2026-10-06T18:46:40+00:00,,gdelt_doc:panama,titular_metadatos,
N-d923a44f11bb,Plan Panamá Pa Ti inicia en agosto : Mulino busca generar 80 mil empleos,https://www.laestrella.com.pa/panama/politica/plan-panama-pa-ti-inicia-en-agosto-mulino-busca-generar-80-mil-empleos-NM24284876,laestrella.com.pa,es,,2026-07-22T15:45:00+00:00,2026-10-06T18:46:40+00:00,,gdelt_doc:economia,titular_metadatos,
N-d933085ec358,Mulino participa en toma de posesión del presidente de Colombia – Ministerio de Relaciones exteriores,https://mire.gob.pa/mulino-participa-en-toma-de-posesion-del-presidente-de-colombia/,mire.gob.pa,es,,2026-08-06T21:00:00+00:00,2026-10-06T18:46:40+00:00,,gdelt_doc:turismo,titular_metadatos,
N-d96089d46604,Inseguridad golpea a Panamá : 71 % de la población se siente en riesgo,https://www.critica.com.pa/nacional/inseguridad-golpea-panama-71-de-la-poblacion-se-siente-en-riesgo-516844,critica.com.pa,es,,2026-09-23T00:30:00+00:00,2026-10-06T18:46:40+00:00,,gdelt_doc:panama,titular_metadatos,
N-d9639d42c9c6,Mulino ve positivo reabrir el Consulado de Panamá en Montería tras solicitud del nuevo presidente de Colombia,https://www.telemetro.com/nacionales/mulino-ve-positivo-reabrir-el-consulado-panama-monteria-solicitud-del-nuevo-presidente-colombia-n6086224,telemetro.com,es,,2026-07-24T15:45:00+00:00,2026-10-06T18:46:40+00:00,,gdelt_doc:panama,titular_metadatos,
N-d997d3bda1b9,Jamaica and Panama Build a Stronger Caribbean Tourism Future Together,https://forimmediaterelease.net/jamaica-and-panama-build-a-stronger-caribbean-tourism-future-together/,forimmediaterelease.net,en,,2026-08-05T19:00:00+00:00,2026-10-06T18:46:40+00:00,,gdelt_doc:turismo,titular_metadatos,
N-d9b5934d8e83,Panamá le tiene miedo a su propio potencial,https://www.prensa.com/opinion/panama-le-tiene-miedo-a-su-propio-potencial/,prensa.com,es,,2026-08-24T07:00:00+00:00,2026-10-06T18:46:40+00:00,,gdelt_doc:economia,titular_metadatos,
N-d9bbd6c1b24c,Comisión Interministerial recomienda al presidente Mulino un cierre ordenado de la mina de Donoso,https://www.prensa.com/economia/en-directo-comision-interministerial-presenta-recomendaciones-al-presidente-mulino-sobre-la-mina-de-donoso/,prensa.com,es,,2026-09-30T15:00:00+00:00,2026-10-06T18:46:40+00:00,,gdelt_doc:economia,titular_metadatos,
N-d9ead3193311,Panamá mantiene a Thomas Christiansen como seleccionador nacional rumbo al Mundial 2030,https://www.diaadia.com.pa/deportes/panama-mantiene-thomas-christiansen-como-seleccionador-nacional-rumbo-al-mundial-2030,diaadia.com.pa,es,,2026-07-14T03:00:00+00:00,2026-10-06T18:46:40+00:00,,gdelt_doc:panama,titular_metadatos,
N-da3167d11430,Preview - Asamblea de Panamá,https://www.asamblea.gob.pa/Noticias/Actualidad/PRESIDENTA-DE-LA-ASAMBLEA-SUSTENTA-TRASLADO-DE-PARTIDA,asamblea.gob.pa,es,,2026-09-25T01:00:00+00:00,2026-10-06T18:46:40+00:00,,gdelt_doc:economia,titular_metadatos,
N-da3d2667e403,La industrial mundial del café se reunirá en una cita inédita en Panamá,https://www.prensa.com/vivir/la-industrial-mundial-del-cafe-se-reunira-en-una-cita-inedita-en-panama/,prensa.com,es,,2026-08-02T08:30:00+00:00,2026-10-06T18:46:40+00:00,,gdelt_doc:economia,titular_metadatos,
N-da47d4224f80,MEF reglamenta la sustancia económica para grupos multinacionales ; expertos advierten algunos retos para la aplicación,https://www.prensa.com/economia/mef-reglamenta-la-sustancia-economica-para-grupos-multinacionales-expertos-advierten-vacios-en-su-aplicacion/,prensa.com,es,,2026-09-03T03:30:00+00:00,2026-10-06T18:46:40+00:00,,gdelt_doc:economia,titular_metadatos,
N-da71085b1179,"La tecnología , catalizador para una movilidad más limpia",https://www.sinembargo.mx/4861619/la-tecnologia-puede-convertirse-en-un-catalizador-para-una-movilidad-mas-limpia/,sinembargo.mx,es,,2026-08-29T04:30:00+00:00,2026-10-06T18:46:40+00:00,,gdelt_doc:economia,titular_metadatos,
N-da7396229443,El Canal de Panamá flexibiliza el sistema de reservas en medio de la restricción al tránsito,https://eldia.com.do/el-canal-de-panama-flexibiliza-el-sistema-de-reservas-en-medio-de-la-restriccion-al-transito/,eldia.com.do,es,,2026-08-31T15:30:00+00:00,2026-10-06T18:46:40+00:00,,gdelt_doc:logistica,titular_metadatos,
N-daa0226629e7,Panamá y El Salvador se declaran en emergencia para enfrentar lluvias y sequías causadas por el fenómeno de El Niño,https://larepublica.pe:443/mundo/2026/08/26/panama-y-el-salvador-se-declaran-en-emergencia-para-enfrentar-lluvias-y-sequias-causadas-por-el-fenomeno-de-el-nino-1290198,larepublica.pe,es,,2026-08-26T17:15:00+00:00,2026-10-06T18:46:40+00:00,,gdelt_doc:logistica,titular_metadatos,
N-daaa62487a3a,CEPANIM y CEPADEM : Presentan proyecto para limitar al 10 % el descuento de los certificados,https://www.telemetro.com/nacionales/cepanim-y-cepadem-presentan-proyecto-limitar-al-10-el-descuento-los-certificados-n6084992,telemetro.com,es,,2026-07-13T13:45:00+00:00,2026-10-06T18:46:40+00:00,,gdelt_doc:economia,titular_metadatos,
N-daaa72d97562,Venezuela main airport partially resumes commercial flights after deadly earthquakes,https://www.wlrn.org/americas/2026-09-02/venezuelas-main-airport-partially-resumes-commercial-flights-after-deadly-earthquakes,wlrn.org,en,,2026-09-02T17:45:00+00:00,2026-10-06T18:46:40+00:00,,gdelt_doc:turismo,titular_metadatos,
N-daba8ab97e47,Suiza se adhiere al Protocolo de Neutralidad del Canal de Panamá,https://www.laestrella.com.pa/panama/nacional/suiza-se-adhiere-al-protocolo-de-neutralidad-del-canal-de-panama-DC24266894,laestrella.com.pa,es,,2026-07-21T20:15:00+00:00,2026-10-06T18:46:40+00:00,,gdelt_doc:logistica,titular_metadatos,
N-dacfe400fce5,Minister of State at Ministry of Foreign Affairs meets Panama Deputy Foreign Minister,http://thepeninsulaqatar.com/article/30/09/2026/minister-of-state-at-ministry-of-foreign-affairs-meets-panamas-deputy-foreign-minister,thepeninsulaqatar.com,en,,2026-09-30T21:30:00+00:00,2026-10-06T18:46:40+00:00,,gdelt_doc:panama,titular_metadatos,
N-dad3534c33ad,Top Fitness Stocks To Watch Today – September 27th,https://www.dailypolitical.com/2026/09/30/top-fitness-stocks-to-watch-today-september-27th.html,dailypolitical.com,en,,2026-09-30T11:15:00+00:00,2026-10-06T18:46:40+00:00,,gdelt_doc:logistica,titular_metadatos,
N-daf4487f79ee,Panamá crea comando conjunto para reforzar la seguridad del Canal,https://www.prensalibre.com/ahora/internacional/panama-crea-comando-conjunto-para-reforzar-la-seguridad-del-canal/,prensalibre.com,es,,2026-08-06T02:45:00+00:00,2026-10-06T18:46:40+00:00,,gdelt_doc:logistica,titular_metadatos,
N-db00277c2460,Metro de Panamá y Doppelmayr firman el contrato para la construcción del Teleférico de San Miguelito,https://www.panamaamerica.com.pa/sociedad/metro-de-panama-y-doppelmayr-firman-el-contrato-para-la-construccion-del-teleferico-de-san,panamaamerica.com.pa,es,,2026-09-28T22:45:00+00:00,2026-10-06T18:46:40+00:00,,gdelt_doc:panama,titular_metadatos,
N-db394bed1fb2,Tropical Storm Bertha forms on track approaching US Gulf Coast,https://www.wral.com/news/ap/c5f0b-tropical-depression-nearing-us-gulf-coast-set-to-become-a-tropical-storm-forecasters-say/,wral.com,en,,2026-07-21T02:00:00+00:00,2026-10-06T18:46:40+00:00,,gdelt_doc:eventos_naturales,titular_metadatos,
N-db4bc434d230,Primeras medallas para PUR en el Panamericano de Natación - NotiCel - La verdad como es - Noticias de Puerto Rico,https://noticel.com/deportes/20260711/primeras-medallas-para-pur-en-el-panamericano-de-natacion/,noticel.com,es,,2026-07-11T18:30:00+00:00,2026-10-06T18:46:40+00:00,,gdelt_doc:logistica,titular_metadatos,
N-db576b1b3b9a,Cooperación entre México y Panamá por Canal de Panamá,http://www.elmanana.com/noticias/internacional/cooperacion-entre-mexico-y-panama-por-canal-de-panama/6161146,elmanana.com,es,,2026-07-15T23:00:00+00:00,2026-10-06T18:46:40+00:00,,gdelt_doc:logistica,titular_metadatos,
N-db646954f7cf,Panama Canal Chief : Surge in Unreserved Ships Is Fueling Record Auction Prices,https://gcaptain.com/bidders-for-panama-canal-auctions-up-to-nine-times-the-normal/,gcaptain.com,en,,2026-08-26T17:15:00+00:00,2026-10-06T18:46:40+00:00,,gdelt_doc:logistica,titular_metadatos,
N-db6e9b038dd0,Promueven la educación financiera y las nuevas tecnologías entre mujeres empresarias,https://www.panamaamerica.com.pa/variedades/promueven-la-educacion-financiera-y-las-nuevas-tecnologias-entre-mujeres-empresarias,panamaamerica.com.pa,es,,2026-09-04T21:30:00+00:00,2026-10-06T18:46:40+00:00,,gdelt_doc:turismo,titular_metadatos,
N-db7536f2a71c,Guía de Horarios para el Feriado de Fundación de Guayaquil,https://www.eldiario.ec/guayaquil/feriado-por-la-fundacion-de-guayaquil-horarios-de-mercados-parques-y-espacios-turisticos-para-disfrutar-en-familia-23072026/,eldiario.ec,es,,2026-07-24T06:00:00+00:00,2026-10-06T18:46:40+00:00,,gdelt_doc:turismo,titular_metadatos,
N-db93f6be9816,Consorcios Blackstone y SSA Marine ponen la mira en nuevos puertos panameños y proyectos en el Canal,https://www.prensa.com/economia/consorcios-blackstone-y-ssa-marine-ponen-la-mira-en-nuevos-puertos-panamenos-y-proyectos-en-el-canal/,prensa.com,es,,2026-09-24T03:30:00+00:00,2026-10-06T18:46:40+00:00,,gdelt_doc:economia,titular_metadatos,
N-dbb089110c0b,Gabriela Lineth González del Valle se corona como la nueva Miss Universe Panamá 2026,https://www.laestrella.com.pa/vida-y-cultura/farandula/gabriela-lineth-gonzalez-del-valle-se-corona-como-la-nueva-miss-universe-panama-2026-HF25464223,laestrella.com.pa,es,,2026-09-06T17:15:00+00:00,2026-10-06T18:46:40+00:00,,gdelt_doc:panama,titular_metadatos,
N-dbb8256c0d8e,"¡ Frenazo al 7 %! Gobierno pausa impuesto a Netflix , Uber y Airbnb , confirma Chapman",https://www.midiario.com/nacionales/frenazo-al-7-gobierno-pausa-impuesto-a-netflix-uber-y-airbnb-confirma-chapman/,midiario.com,es,,2026-08-24T23:30:00+00:00,2026-10-06T18:46:40+00:00,,gdelt_doc:economia,titular_metadatos,
N-dbc9ead0a05d,Fenómeno de El Niño amenaza la logística de Panamá,https://www.prensa.com/economia/fenomeno-de-el-nino-amenaza-la-logistica-de-panama/,prensa.com,es,,2026-09-07T21:30:00+00:00,2026-10-06T18:46:40+00:00,,gdelt_doc:economia,titular_metadatos,
N-dbe56d42e1b6,The sunhat is everywhere in Athens as crowds grow larger at ancient Greek sites,https://www.news-gazette.com/news/nation-world/the-sunhat-is-everywhere-in-athens-as-crowds-grow-larger-at-ancient-greek-sites/article_231da44c-764d-5810-b5f2-65b5a3430464.html,news-gazette.com,en,,2026-08-24T02:00:00+00:00,2026-10-06T18:46:40+00:00,,gdelt_doc:turismo,titular_metadatos,
N-dbecb037fecd,Panamax 2026 y la seguridad estratégica del Canal de Panamá,https://www.prensa.com/opinion/panamax-2026-y-la-seguridad-estrategica-del-canal-de-panama/,prensa.com,es,,2026-09-07T02:15:00+00:00,2026-10-06T18:46:40+00:00,,gdelt_doc:economia,titular_metadatos,
N-dbfb4cfaaafd,Siuben fortalece su capacidad para generar información social que orienta las políticas públicas,https://presidencia.gob.do/noticias/siuben-fortalece-su-capacidad-para-generar-informacion-social-que-orienta-las-politicas,presidencia.gob.do,es,,2026-09-21T20:00:00+00:00,2026-10-06T18:46:40+00:00,,gdelt_doc:economia,titular_metadatos,
N-dc52e45388e6,"Con pasaporte diplomático , un funcionario panameño y por mar : así fue el último intento de María Corina Machado por regresar a Venezuela",https://www.prensa.com/politica/con-pasaporte-diplomatico-un-funcionario-panameno-y-por-mar-asi-fue-el-ultimo-intento-de-maria-corina-machado-por-regresar-a-venezuela/,prensa.com,es,,2026-09-23T19:45:00+00:00,2026-10-06T18:46:40+00:00,,gdelt_doc:panama,titular_metadatos,
N-dc68117008eb,María Jesús Pérez : La smart people sanchista va al paraíso ( fiscal ),https://www.abc.es/economia/maria-jesus-perez-smart-people-sanchista-paraiso-fiscal-20260920012103-nt.html,abc.es,es,,2026-09-20T00:15:00+00:00,2026-10-06T18:46:40+00:00,,gdelt_doc:economia,titular_metadatos,
N-dcaccf912752,Paramédicos se reúnen en la presidencia para revisar la reclasificación de su estatus,https://www.telemetro.com/nacionales/paramedicos-se-reunen-la-presidencia-revisar-la-reclasificacion-su-estatus-n6087616,telemetro.com,es,,2026-08-06T18:30:00+00:00,2026-10-06T18:46:40+00:00,,gdelt_doc:economia,titular_metadatos,
N-dcbfe63980f0,"Haití y otros países cercanos en los que el pasaporte dominicano no abre las fronteras - Dominican Republic Post – Caribbean News , Business , Travel & Culture",https://dominicanrepublicpost.com/haiti-y-otros-paises-cercanos-en-los-que-el-pasaporte-dominicano-no-abre-las-fronteras/,dominicanrepublicpost.com,es,,2026-08-24T20:45:00+00:00,2026-10-06T18:46:40+00:00,,gdelt_doc:turismo,titular_metadatos,
N-dcc5a10d9a29,La Mañanera de Sheinbaum | México destinará 20 mil mdp al saneamiento de tres ríos contaminados,https://aristeguinoticias.com/1607/mexico/la-mananera-de-sheinbaum-mexico-destinara-20-mil-mdp-al-saneamiento-de-tres-rios-contaminados/,aristeguinoticias.com,es,,2026-07-16T19:15:00+00:00,2026-10-06T18:46:40+00:00,,gdelt_doc:logistica,titular_metadatos,
N-dceed7f360bf,Ministro de Hacienda asegura economía dominicana creció el doble en los primeros cinco meses 2026,https://elnacional.com.do/economia/ministro-hacienda-asegura-economia-dominicana-crecio-doble-primeros-cinco-meses-2026_576382.html,elnacional.com.do,es,,2026-07-21T13:15:00+00:00,2026-10-06T18:46:40+00:00,,gdelt_doc:economia,titular_metadatos,
N-dd471fc741ff,"Panameños reportan haber comido menos de tres veces al día en el último mes por falta de dinero , según informe",https://www.telemetro.com/nacionales/panamenos-reportan-haber-comido-menos-tres-veces-al-dia-el-ultimo-mes-falta-dinero-segun-informe-n6092827,telemetro.com,es,,2026-09-24T03:15:00+00:00,2026-10-06T18:46:40+00:00,,gdelt_doc:panama,titular_metadatos,
N-dd5f2cf926fa,Ella Invierte Summit 2026 : Panamá será sede de la quinta edición,https://www.panamaamerica.com.pa/sociedad/ella-invierte-summit-2026-panama-sera-sede-de-la-quinta-edicion-1264844,panamaamerica.com.pa,es,,2026-08-06T01:30:00+00:00,2026-10-06T18:46:40+00:00,,gdelt_doc:economia,titular_metadatos,
N-dd6b11aa03b7,Potencial de Panamá en el Mercosur será el eje de la Cena Anual por la Libertad Económica 2026 de Apede • Periódico Digital Centroamericano y del Caribe,https://newsinamerica.com/pdcc/boletin/2026/potencial-de-panama-en-el-mercosur-sera-el-eje-de-la-cena-anual-por-la-libertad-economica-2026-de-apede/,newsinamerica.com,es,,2026-07-20T02:00:00+00:00,2026-10-06T18:46:40+00:00,,gdelt_doc:economia,titular_metadatos,
N-dd73be08a7e1,Randy saca su lado más dulce en Romances de una novata volumen 3,https://eldia.com.do/randy-saca-su-lado-mas-dulce-en-romances-de-una-novata-volumen-3/,eldia.com.do,es,,2026-10-02T05:30:00+00:00,2026-10-06T18:46:40+00:00,,gdelt_doc:logistica,titular_metadatos,
N-dd871cdb1b86,Fiscal regional advierte que señales del crimen organizado en Punta Arenas deben llamar a la preocupación,https://laprensaaustral.cl/2026/07/28/fiscal-regional-advierte-que-senales-del-crimen-organizado-en-punta-arenas-deben-llamar-a-la-preocupacion/,laprensaaustral.cl,es,,2026-07-28T13:30:00+00:00,2026-10-06T18:46:40+00:00,,gdelt_doc:turismo,titular_metadatos,
N-dd8a654de733,MIDAGRI : Perú fortalece su sanidad agropecuaria ...,https://panamericana.pe/nacionales/475120-midagri-peru-fortalece-sanidad-agropecuaria-abre-nuevas-oportunidades-comerciales,panamericana.pe,es,,2026-10-01T02:30:00+00:00,2026-10-06T18:46:40+00:00,,gdelt_doc:economia,titular_metadatos,
N-dda5a8998ae4,Geopolitical fractures and the Marxist critique of imperialism,https://links.org.au/geopolitical-fractures-and-marxist-critique-imperialism,links.org.au,en,,2026-08-20T04:45:00+00:00,2026-10-06T18:46:40+00:00,,gdelt_doc:eventos_naturales,titular_metadatos,
N-ddc621b549cb,Mulino confirma encuentro en Panamá con líderes mundiales de energía y logística,https://www.diaadia.com.pa/el-pais/mulino-confirma-encuentro-en-panama-con-lideres-mundiales-de-energia-y-logistica-791717,diaadia.com.pa,es,,2026-09-23T22:00:00+00:00,2026-10-06T18:46:40+00:00,,gdelt_doc:economia,titular_metadatos,
N-ddcf945df425,Mulino deja sin efecto designación de Patricia Villanueva Martinelli en la Junta Directiva de Tocumen ; el ministro Andrade será el reemplazo,https://www.prensa.com/politica/gobierno-deja-sin-efecto-designacion-de-patricia-villanueva-martinelli-en-la-junta-directiva-de-tocumen/,prensa.com,es,,2026-09-01T02:45:00+00:00,2026-10-06T18:46:40+00:00,,gdelt_doc:economia,titular_metadatos,
N-ddd0940efe21,Trump renews Greenland push - The Shillong Times,https://theshillongtimes.com/2026/07/09/trump-renews-greenland-push/,theshillongtimes.com,en,,2026-07-09T06:15:00+00:00,2026-10-06T18:46:40+00:00,,gdelt_doc:logistica,titular_metadatos,
N-ddedbeff0d31,Panamá prepara regulación de activos digitales para quinta ronda de Gafilat 2027,https://www.laestrella.com.pa/economia/panama-prepara-regulacion-de-activos-digitales-para-quinta-ronda-de-gafilat-2027-EH25118158,laestrella.com.pa,es,,2026-08-24T09:00:00+00:00,2026-10-06T18:46:40+00:00,,gdelt_doc:economia,titular_metadatos,
N-de0bdbefc072,Presidente Mulino pide a la ONU recuperar la confianza y el liderazgo en pro de la paz y prosperidad del mundo – Ministerio de Relaciones exteriores,https://mire.gob.pa/presidencia-mulio-pide-a-la-onu-recupera-la-confianza-y-el-liderzgo-en-pro-de-la-paz/,mire.gob.pa,es,,2026-09-24T00:00:00+00:00,2026-10-06T18:46:40+00:00,,gdelt_doc:logistica,titular_metadatos,
N-de17c92b0f07,India vs . Panamá : desde qué hora ver el partido este 25 de septiembre,https://www.telemetro.com/deportes/india-vs-panama-que-hora-ver-el-partido-este-25-septiembre-n6092942,telemetro.com,es,,2026-09-25T00:00:00+00:00,2026-10-06T18:46:40+00:00,,gdelt_doc:panama,titular_metadatos,
N-de48e356b2a0,Tercer mes creciendo por encima de 5 %,https://www.panamaamerica.com.pa/economia/tercer-mes-creciendo-por-encima-de-5-1264010,panamaamerica.com.pa,es,,2026-07-15T20:30:00+00:00,2026-10-06T18:46:40+00:00,,gdelt_doc:economia,titular_metadatos,
N-de6334ec5a04,Cepal : El Canal es el que está sobrellevando el ritmo de crecimiento económico de Panamá,https://www.laestrella.com.pa/economia/cepal-el-canal-es-el-que-esta-sobrellevando-el-ritmo-de-crecimiento-economico-de-panama-GH25118178,laestrella.com.pa,es,,2026-08-24T09:00:00+00:00,2026-10-06T18:46:40+00:00,,gdelt_doc:panama,titular_metadatos,
N-de813561abe4,Juan Antonio Moltó abre camino en Europa con el Club Deportivo Extremadura,https://www.panamaamerica.com.pa/deportes/juan-antonio-molto-abre-camino-en-europa-con-el-club-deportivo-extremadura-1264125,panamaamerica.com.pa,es,,2026-07-18T03:00:00+00:00,2026-10-06T18:46:40+00:00,,gdelt_doc:logistica,titular_metadatos,
N-de9150a92a62,Panama canal to reduce shipping as El Niño strikes vital route,https://www.theguardian.com/world/2026/aug/21/panama-canal-reduce-shipping-el-nino-drought,theguardian.com,en,,2026-08-21T03:00:00+00:00,2026-10-06T18:46:40+00:00,,gdelt_doc:logistica,titular_metadatos,
N-de9efa3052b9,Tres países negaron el aterrizaje del vuelo de María Corina Machado para salir de Panamá,https://diario1.com/mundo/tres-paises-negaron-el-aterrizaje-del-vuelo-de-maria-corina-machado-para-salir-de-panama/,diario1.com,es,,2026-09-24T01:15:00+00:00,2026-10-06T18:46:40+00:00,,gdelt_doc:panama,titular_metadatos,
N-dea5e03f8651,"El Niño pone en riesgo la operación del Canal de Panamá , advierte informe de Fitch Ratings",https://www.infobae.com/panama/2026/07/18/el-nino-pone-en-riesgo-la-operacion-del-canal-de-panama-advierte-informe-de-fitch-ratings/,infobae.com,es,,2026-07-18T17:45:00+00:00,2026-10-06T18:46:40+00:00,,gdelt_doc:economia,titular_metadatos,
N-debf63ef9a15,Venezuela : Trump and Delcy Pose for a Picture . María Corina Machado Denied Entry .,https://pjmedia.com/sarah-anderson/2026/09/23/venezuela-trump-and-delcy-pose-for-a-picture-maria-corina-machado-denied-entry-n4957556,pjmedia.com,en,,2026-09-23T19:00:00+00:00,2026-10-06T18:46:40+00:00,,gdelt_doc:logistica,titular_metadatos,
N-df1c577d988c,Hong Kong conglomerate seeks $1 . 5 billion in damages from Panama,https://abcnews.com/Business/wireStory/hong-kong-conglomerate-seeks-15-billion-damages-panama-135795814,abcnews.com,en,,2026-08-20T05:15:00+00:00,2026-10-06T18:46:40+00:00,,gdelt_doc:logistica,titular_metadatos,
N-df1fda89725b,Kast defiende ingreso de Chile al Escudo de las Américas : No perderemos soberanía,https://panampost.com/efe-panampost/2026/09/24/kast-defiende-ingreso-de-chile-al-escudo-de-las-americas-no-perderemos-soberania/,panampost.com,es,,2026-09-24T19:45:00+00:00,2026-10-06T18:46:40+00:00,,gdelt_doc:economia,titular_metadatos,
N-df2bcc49297f,Panamá inicia participación en Mundial de Ciclismo de Ruta,https://www.critica.com.pa/deportes/panama-inicia-participacion-en-mundial-de-ciclismo-de-ruta-516897,critica.com.pa,es,,2026-09-24T07:45:00+00:00,2026-10-06T18:46:40+00:00,,gdelt_doc:panama,titular_metadatos,
N-df3049faf791,Panama Canal gamble could carry a $1 . 5 billion price tag,https://weeklyblitz.net/2026/08/22/panamas-canal-gamble-could-carry-a-1-5-billion-price-tag/,weeklyblitz.net,en,,2026-08-21T19:15:00+00:00,2026-10-06T18:46:40+00:00,,gdelt_doc:economia,titular_metadatos,
N-df3f62d867b4,Cobre Panamá : Navarro pide ponerle fecha de cumpleaños al cierre de la mina,https://www.telemetro.com/nacionales/cobre-panama-navarro-pide-ponerle-fecha-cumpleanos-al-cierre-la-mina-n6093525,telemetro.com,es,,2026-09-30T15:30:00+00:00,2026-10-06T18:46:40+00:00,,gdelt_doc:economia,titular_metadatos,
N-df6181f97c03,FO Explainers : The Donroe Doctrine The Future of the Western Hemisphere ?,https://www.fairobserver.com/world-news/fo-explainers-the-donroe-doctrine-the-future-of-the-western-hemisphere/,fairobserver.com,en,,2026-09-07T17:30:00+00:00,2026-10-06T18:46:40+00:00,,gdelt_doc:economia,titular_metadatos,
N-df6e1f3f1dc2,Video : ¿ Será Jorge Gutiérrez la solución para Universitario ? por Radio Nacional,https://www.deperu.com/tv/vx_Zgi90KWk.sera-jorge-gutierrez-la-solucion-para-universitario.UCVW7J-lF26d3G3X8i2zmKow.html,deperu.com,es,,2026-08-13T22:45:00+00:00,2026-10-06T18:46:40+00:00,,gdelt_doc:economia,titular_metadatos,
N-df905466f482,Mulino inaugura flota de cinco buses 100 % eléctricos en el Casco Antiguo,https://www.critica.com.pa/nacional/mulino-inaugura-flota-de-cinco-buses-100-electricos-en-el-casco-antiguo-514092,critica.com.pa,es,,2026-08-05T21:45:00+00:00,2026-10-06T18:46:40+00:00,,gdelt_doc:economia,titular_metadatos,
N-dfb068f7a219,Contenedores sospechosos : caen siete por presunta red de droga en Colón,https://www.midiario.com/policiales/contenedores-sospechosos-caen-siete-por-presunta-red-de-droga-en-colon/,midiario.com,es,,2026-07-24T19:15:00+00:00,2026-10-06T18:46:40+00:00,,gdelt_doc:logistica,titular_metadatos,
N-dfb33d36e9fd,Tropical Storm Bertha in the Gulf of Mexico is moving toward the Florida Panhandle and Alabama,https://www.kob.com/ap-top-news/tropical-storm-bertha-in-the-gulf-of-mexico-is-moving-toward-the-florida-panhandle-and-alabama/,kob.com,en,,2026-07-21T16:30:00+00:00,2026-10-06T18:46:40+00:00,,gdelt_doc:eventos_naturales,titular_metadatos,
N-dfb5569ff4e2,"Extensión de la Línea 3 del Metro , Cerro Patacón y Tratado de Neutralidad , puntos del encuentro entre el presidente Mulino y el canciller japonés Motegi – Ministerio de Relaciones exteriores",https://mire.gob.pa/extension-de-la-linea-3-del-metro-cerro-patacon-y-tratado-de-neutralidad-puntos-del-encuentro-entre-el-presidente-mulino-y-el-canciller-japones-motegi/,mire.gob.pa,es,,2026-08-06T21:00:00+00:00,2026-10-06T18:46:40+00:00,,gdelt_doc:economia,titular_metadatos,
N-dfca52ac46ea,Melanie Vega parte a Colombia en busca de la corona de Miss Queen of the World,https://www.diaadia.com.pa/fama/melanie-vega-parte-colombia-en-busca-de-la-corona-de-miss-queen-world-791480,diaadia.com.pa,es,,2026-09-06T00:30:00+00:00,2026-10-06T18:46:40+00:00,,gdelt_doc:panama,titular_metadatos,
N-dfd8d5d4de18,Polémica por la decisión inconstitucional de Javier Milei : eludió al Congreso y envió tropas a Panamá,https://elintransigente.com/2026/07/polemica-por-la-decision-inconstitucional-de-javier-milei-eludio-al-congreso-y-envio-tropas-a-panama/,elintransigente.com,es,,2026-07-24T19:30:00+00:00,2026-10-06T18:46:40+00:00,,gdelt_doc:logistica,titular_metadatos,
N-dfeb8e4730a7,Cummins Panamá incorpora Petro - Canadá lubricants a su portafolio y amplía su oferta para el mercado panameño | La Prensa Panamá,https://www.prensa.com/notas-de-prensa/cummins-panama-incorpora-petro-canada-lubricants-a-su-portafolio-y-amplia-su-oferta-para-el-mercado-panameno/,prensa.com,es,,2026-07-23T22:30:00+00:00,2026-10-06T18:46:40+00:00,,gdelt_doc:panama,titular_metadatos,
N-dfeeea1d7d7b,Las 12 Horas Ecuador regresaron a Yahuarcocha después de 55 años y ya tienen a sus ganadores,https://www.ppelverdadero.com.ec/2026/10/las-12-horas-ecuador-regresaron.html,ppelverdadero.com.ec,es,,2026-10-02T04:00:00+00:00,2026-10-06T18:46:40+00:00,,gdelt_doc:turismo,titular_metadatos,
N-e0279d2b3b89,Solo 15 % se recicla : el reto del plástico que Panamá intenta sacar del mar,https://www.prensa.com/sociedad/solo-15-se-recicla-el-reto-del-plastico-que-panama-intenta-sacar-del-mar/,prensa.com,es,,2026-09-01T07:30:00+00:00,2026-10-06T18:46:40+00:00,,gdelt_doc:economia,titular_metadatos,
N-e03e4433b15e,Sheinbaum reconoce trabajo de José Raúl Mulino tras reunión en Palacio Nacional,https://www.tabascohoy.com/sheinbaum-reconoce-trabajo-de-jose-raul-mulino-tras-reunion-en-palacio-nacional/,tabascohoy.com,es,,2026-07-16T20:30:00+00:00,2026-10-06T18:46:40+00:00,,gdelt_doc:logistica,titular_metadatos,
N-e03e5a39f01d,"Eko Business , dueña de marca de infusiones Sunka , proyecta nuevos mercados en Sudamérica y evalúa mudanza a Chilca | ECONOMIA",https://gestion.pe/economia/empresas/eko-business-duena-de-marca-de-infusiones-sunka-proyecta-nuevos-mercados-en-sudamerica-y-evalua-mudanza-a-chilca-noticia/,gestion.pe,es,,2026-09-24T14:30:00+00:00,2026-10-06T18:46:40+00:00,,gdelt_doc:economia,titular_metadatos,
N-e05162fbb5bd,"Tropical Storm Bertha strengthens , moves toward Florida Panhandle and Alabama",https://www.ky3.com/2026/07/21/tropical-storm-bertha-strengthens-moves-toward-florida-panhandle-alabama/,ky3.com,en,,2026-07-21T14:30:00+00:00,2026-10-06T18:46:40+00:00,,gdelt_doc:eventos_naturales,titular_metadatos,
N-e071c09e3e0f,Recibe canciller Velasco a presidente de Panamá,https://www.cuartopoder.mx/nacional/recibe-canciller-velasco-a-presidente-de-panama/583900,cuartopoder.mx,es,,2026-07-15T13:00:00+00:00,2026-10-06T18:46:40+00:00,,gdelt_doc:panama,titular_metadatos,
N-e07a0cc3b5bc,How the Panama Canal is cashing in on the West Asia conflict,https://www.theweek.in/news/maritime/2026/07/18/how-the-panama-canal-is-cashing-in-on-the-west-asia-conflict.html,theweek.in,en,,2026-07-18T12:45:00+00:00,2026-10-06T18:46:40+00:00,,gdelt_doc:logistica,titular_metadatos,
N-e0a122781b0c,Panamá logra 98 % de cumplimiento en transparencia fiscal y se prepara para examen de la OCDE en 2027,https://www.panamaamerica.com.pa/economia/panama-logra-98-de-cumplimiento-en-transparencia-fiscal-y-se-prepara-para-examen-de-la-ocde,panamaamerica.com.pa,es,,2026-07-14T00:00:00+00:00,2026-10-06T18:46:40+00:00,,gdelt_doc:economia,titular_metadatos,
N-e0a9460115e3,Ship pays $4 million to skip line to cross Panama Canal,https://economictimes.indiatimes.com/small-biz/trade/exports/insights/ship-pays-4-million-to-skip-line-to-cross-panama-canal/articleshow/133198663.cms,economictimes.indiatimes.com,en,,2026-08-13T06:15:00+00:00,2026-10-06T18:46:40+00:00,,gdelt_doc:logistica,titular_metadatos,
N-e0c1e9e46967,Google desplegará tres cables submarinos para acelerar el internet en América Latina,https://tribuna.com.mx/mundo/2026/08/12/google-desplegara-tres-cables-submarinos-para-acelerar-el-internet-en-america-latina_652784/,tribuna.com.mx,es,,2026-08-13T06:30:00+00:00,2026-10-06T18:46:40+00:00,,gdelt_doc:economia,titular_metadatos,
N-e0d45348ffce,MEF : proyecto de ley de descuentos a jubilados debe respetar la Ley de responsabilidad fiscal,https://www.laestrella.com.pa/economia/mef-proyecto-de-ley-de-descuentos-a-jubilados-debe-respetar-la-ley-de-responsabilidad-fiscal-OH25449373,laestrella.com.pa,es,,2026-09-06T17:15:00+00:00,2026-10-06T18:46:40+00:00,,gdelt_doc:economia,titular_metadatos,
N-e0ea8b3d468f,"El tren Panamá - David : la vía hacia un nuevo desarrollo económico , turístico y territorial del interior del país",https://www.prensa.com/opinion/el-tren-panama-david-la-via-hacia-un-nuevo-desarrollo-economico-turistico-y-territorial-del-interior-del-pais/,prensa.com,es,,2026-08-18T02:45:00+00:00,2026-10-06T18:46:40+00:00,,gdelt_doc:economia,titular_metadatos,
N-e0f0f135a5d9,Tropical Storm Bertha raises flood concerns along northern Gulf of Mexico,https://www.magnoliareporter.com/news_and_business/regional_news/article_31a4597c-27d8-4de6-9502-a3c2a2a3a002.html,magnoliareporter.com,en,,2026-07-21T03:30:00+00:00,2026-10-06T18:46:40+00:00,,gdelt_doc:eventos_naturales,titular_metadatos,
N-e11605d0609c,Cámara de Comercio : modernización de la Zona Libre de Colón fortalecerá el hub logístico de Panamá,https://www.prensa.com/economia/camara-de-comercio-modernizacion-de-la-zona-libre-de-colon-fortalecera-el-hub-logistico-de-panama/,prensa.com,es,,2026-07-12T19:45:00+00:00,2026-10-06T18:46:40+00:00,,gdelt_doc:economia,titular_metadatos,
N-e11e50de0c05,EEUU trabaja para celebrar pronto elecciones en Venezuela | Noticias La Tribuna de Albacete,https://www.latribunadealbacete.es/noticia/zebc0f513-9c77-41e3-9dd591ce0e1953a4/202609/eeuu-trabaja-para-celebrar-pronto-elecciones-en-venezuela,latribunadealbacete.es,es,,2026-09-29T15:45:00+00:00,2026-10-06T18:46:40+00:00,,gdelt_doc:economia,titular_metadatos,
N-e132fb007a86,CUD anuncia su Convención y Asamblea Anual 2026 | Economía,https://www.elvocero.com/economia/centro-unido-de-detallistas-anuncia-su-convenci-n-y-asamblea-anual-2026/article_ce0ce8b1-776d-473b-badc-b6c89bb57d19.html,elvocero.com,es,,2026-08-26T04:15:00+00:00,2026-10-06T18:46:40+00:00,,gdelt_doc:economia,titular_metadatos,
N-e1349550b84b,Brooklyn rinde homenaje a generaciones de panameños con Little Panama Way,https://www.diaadia.com.pa/el-pais/brooklyn-rinde-homenaje-generaciones-de-panamenos-con-little-panama-way-791731,diaadia.com.pa,es,,2026-09-24T22:00:00+00:00,2026-10-06T18:46:40+00:00,,gdelt_doc:panama,titular_metadatos,
N-e1533beea199,Canal de Panamá aumenta calado en esclusas neopanamax a 48 pies,http://spanish.peopledaily.com.cn/n3/2026/0806/c31617-20486030.html,spanish.peopledaily.com.cn,es,,2026-08-06T13:30:00+00:00,2026-10-06T18:46:40+00:00,,gdelt_doc:logistica,titular_metadatos,
N-e15c853378e2,Países de América Latina que están dolarizados y los que permiten cuentas bancarias en dólares,https://www.larepublica.co/globoeconomia/estos-son-los-paises-de-america-latina-que-se-encuentran-ya-dolarizados-4443330,larepublica.co,es,,2026-07-27T06:45:00+00:00,2026-10-06T18:46:40+00:00,,gdelt_doc:economia,titular_metadatos,
N-e180ec96aef7,Suiza deposita en la OEA su adhesión al Tratado de Neutralidad del Canal de Panamá - Mundo,https://www.abc.com.py/internacionales/2026/07/21/suiza-deposita-en-la-oea-su-adhesion-al-tratado-de-neutralidad-del-canal-de-panama/,abc.com.py,es,,2026-07-21T22:45:00+00:00,2026-10-06T18:46:40+00:00,,gdelt_doc:logistica,titular_metadatos,
N-e1a7203d8183,Ministro de Exteriores de Japón llama a reforzar los lazos internacionales con Latinoamérica | Internacional,https://www.biobiochile.cl/noticias/internacional/asia/2026/07/31/ministro-de-exteriores-de-japon-llama-a-reforzar-los-lazos-internacionales-con-latinoamerica.shtml,biobiochile.cl,es,,2026-07-31T17:00:00+00:00,2026-10-06T18:46:40+00:00,,gdelt_doc:economia,titular_metadatos,
N-e1db5b7fcd1d,Bertha Bringing Tropical Storm Conditions To Panhandle Overnight | 1290 WJNO,https://wjno.iheart.com/featured/florida-news/content/2026-07-21-bertha-bringing-tropical-storm-conditions-to-panhandle-overnight/,wjno.iheart.com,en,,2026-07-22T01:15:00+00:00,2026-10-06T18:46:40+00:00,,gdelt_doc:eventos_naturales,titular_metadatos,
N-e1f504fc643c,Copa Airlines anunció vuelos directos a la venezolana Isla Margarita a partir de noviembre,https://www.infobae.com/venezuela/2026/08/05/copa-airlines-anuncio-vuelos-directos-a-la-venezolana-isla-margarita-a-partir-de-noviembre/,infobae.com,es,,2026-08-05T16:00:00+00:00,2026-10-06T18:46:40+00:00,,gdelt_doc:turismo,titular_metadatos,
N-e2037ac71c6a,Comic Con Panamá 2026 : conoce a los artistas internacionales invitados,https://www.prensa.com/vivir/comic-con-panama-2026-conoce-a-los-artistas-internacionales-invitados/,prensa.com,es,,2026-09-01T21:00:00+00:00,2026-10-06T18:46:40+00:00,,gdelt_doc:panama,titular_metadatos,
N-e21d6a55c173,"Trump rallies Guyana , others against drug cartels",https://kaieteurnewsonline.com/2026/09/24/trump-rallies-guyana-others-against-drug-cartels/,kaieteurnewsonline.com,en,,2026-09-24T20:30:00+00:00,2026-10-06T18:46:40+00:00,,gdelt_doc:logistica,titular_metadatos,
N-e22c2ba3ee1d,Canal de Panamá reduce tránsito de buques por sequía,https://www.expreso.com.mx/noticias/mundo/canal-de-panama-reduce-transito-de-buques-por-sequia/262860,expreso.com.mx,es,,2026-08-21T09:15:00+00:00,2026-10-06T18:46:40+00:00,,gdelt_doc:logistica,titular_metadatos,
N-e23ef373aefa,Regular para supervisar o regular para innovar,https://www.prensa.com/opinion/regular-para-supervisar-o-regular-para-innovar/,prensa.com,es,,2026-09-03T03:30:00+00:00,2026-10-06T18:46:40+00:00,,gdelt_doc:economia,titular_metadatos,
N-e24dea97a1fa,Venezuela main airport partially resumes commercial flights after deadly earthquakes,https://www.greeleytribune.com/2026/09/01/venezuela-earthquakes-airport/,greeleytribune.com,en,,2026-09-02T00:15:00+00:00,2026-10-06T18:46:40+00:00,,gdelt_doc:turismo,titular_metadatos,
N-e26aa13cad76,Recibe Claudia Sheinbaum al presidente de Panamá,https://mexico.quadratin.com.mx/recibe-claudia-sheinbaum-al-presidente-de-panama-en-palacio-nacional/,mexico.quadratin.com.mx,es,,2026-07-15T17:00:00+00:00,2026-10-06T18:46:40+00:00,,gdelt_doc:panama,titular_metadatos,
N-e27b526edd74,"Tropical Storm Bertha strengthens , moves toward Florida Panhandle and Alabama",https://www.wsfa.com/2026/07/21/tropical-storm-bertha-strengthens-moves-toward-florida-panhandle-alabama/,wsfa.com,en,,2026-07-21T11:45:00+00:00,2026-10-06T18:46:40+00:00,,gdelt_doc:eventos_naturales,titular_metadatos,
N-e2c097c7213a,Latin America Mood on 27 July 2026 A Psychogram,https://www.riotimesonline.com/latin-american-pulse-for-monday-july-27-2026/,riotimesonline.com,en,,2026-07-27T06:00:00+00:00,2026-10-06T18:46:40+00:00,,gdelt_doc:turismo,titular_metadatos,
N-e2c4947491d2,El Canal de Panamá eleva a 33 los tránsitos diarios por la mejora en el régimen de lluvias,https://www.diaadia.com.pa/el-pais/el-canal-de-panama-eleva-33-los-transitos-diarios-por-la-mejora-en-el-regimen-de-lluvias,diaadia.com.pa,es,,2026-09-28T20:15:00+00:00,2026-10-06T18:46:40+00:00,,gdelt_doc:logistica,titular_metadatos,
N-e2d722a4a1bc,IMA adquirirá 500 mil jamones nacionales para las Naviferias 2026,https://www.panamaamerica.com.pa/sociedad/ima-adquirira-500-mil-jamones-nacionales-para-las-naviferias-2026-1266917,panamaamerica.com.pa,es,,2026-09-30T22:15:00+00:00,2026-10-06T18:46:40+00:00,,gdelt_doc:economia,titular_metadatos,
N-e2ec2d4d0c90,Nataly Delgado recibe reconocimiento del Gobierno y se alista para unificar coronas en Texas,https://www.midiario.com/deportivas/nataly-delgado-recibe-reconocimiento-del-gobierno-y-se-alista-para-unificar-coronas-en-texas/,midiario.com,es,,2026-10-01T22:45:00+00:00,2026-10-06T18:46:40+00:00,,gdelt_doc:panama,titular_metadatos,
N-e308b9fd03c9,TVN Media oficializa patrocinio para el World of Coffee Panamá 2026,https://www.tvn-2.com/nacionales/tvn-media-oficializa-patrocinio-world_1_2251452.html,tvn-2.com,es,2026-07-17T01:20:25+00:00,,2026-10-06T18:46:40+00:00,,tvn_rss,titular_metadatos,
N-e32664437974,Santo Domingo 2026 : Emily Santos se queda con la plata en los 100 metros pecho,https://www.prensa.com/deportes/santo-domingo-2026-emily-santos-se-queda-con-la-plata-en-los-100-metros-pecho/,prensa.com,es,,2026-07-29T00:45:00+00:00,2026-10-06T18:46:40+00:00,,gdelt_doc:logistica,titular_metadatos,
N-e33ac78b2c11,El valor del agua,https://www.prensa.com/opinion/el-valor-del-agua/,prensa.com,es,,2026-09-23T03:30:00+00:00,2026-10-06T18:46:40+00:00,,gdelt_doc:logistica,titular_metadatos,
N-e33de0aeb5b0,Cinco buscados por homicidios y tentativas cayeron en Panamá Norte y Colón,https://www.critica.com.pa/sucesos/cinco-buscados-por-homicidios-y-tentativas-cayeron-en-panama-norte-y-colon-514853,critica.com.pa,es,,2026-08-18T22:15:00+00:00,2026-10-06T18:46:40+00:00,,gdelt_doc:logistica,titular_metadatos,
N-e33e35bd6b06,Canada - wide warrant issued for Vancouver man linked to Panama Papers,https://theprovince.com/news/canada-wide-warrant-issued-for-vancouver-man-linked-to-panama-papers,theprovince.com,en,,2026-07-15T04:45:00+00:00,2026-10-06T18:46:40+00:00,,gdelt_doc:panama,titular_metadatos,
N-e3471cd26826,Alcalde de Capira pide diálogo con comunidades por reubicación de cementerios,https://www.diaadia.com.pa/el-pais/alcalde-de-capira-pide-dialogo-con-comunidades-por-reubicacion-de-cementerios-791013,diaadia.com.pa,es,,2026-08-04T03:15:00+00:00,2026-10-06T18:46:40+00:00,,gdelt_doc:logistica,titular_metadatos,
N-e3554711fdd6,Apede plantea pilares para un Panamá más competitivo,https://www.critica.com.pa/nacional/apede-plantea-pilares-para-un-panama-mas-competitivo-513096,critica.com.pa,es,,2026-07-19T17:30:00+00:00,2026-10-06T18:46:40+00:00,,gdelt_doc:panama,titular_metadatos,
N-e3683283f39f,Venezuela main airport partially resumes commercial flights after deadly earthquakes,https://www.asiaone.com:443/world/venezuelas-main-airport-partially-resumes-commercial-flights-after-deadly-earthquakes,asiaone.com,en,,2026-09-02T04:00:00+00:00,2026-10-06T18:46:40+00:00,,gdelt_doc:turismo,titular_metadatos,
N-e38956251567,Panamá se enfrenta a Canadá en un desafío crucial para las eliminatorias rumbo a FIBA 2027,https://www.midiario.com/deportivas/panama-enfrenta-una-prueba-de-fuego-ante-canada/,midiario.com,es,,2026-08-27T02:45:00+00:00,2026-10-06T18:46:40+00:00,,gdelt_doc:panama,titular_metadatos,
N-e3c393ba3149,Panamá estrena marca país bajo el lema Anfitrión del mundo,https://www.critica.com.pa/nacional/panama-estrena-marca-pais-bajo-el-lema-anfitrion-del-mundo-515332,critica.com.pa,es,,2026-08-27T03:30:00+00:00,2026-10-06T18:46:40+00:00,,gdelt_doc:panama,titular_metadatos,
N-e3def11cb921,The sunhat is everywhere in Athens as crowds grow larger at ancient sites,https://www.local10.com/news/2026/08/23/the-sunhat-is-everywhere-in-athens-as-crowds-grow-larger-at-ancient-sites/,local10.com,en,,2026-08-23T12:00:00+00:00,2026-10-06T18:46:40+00:00,,gdelt_doc:turismo,titular_metadatos,
N-e42f3e01bd1f,Oeste vs Occidente : Arranca la Serie Final del Béisbol Sub - 23,https://www.laestrella.com.pa/deportes/beisbol/oeste-vs-occidente-arranca-la-serie-final-del-beisbol-sub-23-HB25352353,laestrella.com.pa,es,,2026-09-01T22:45:00+00:00,2026-10-06T18:46:40+00:00,,gdelt_doc:panama,titular_metadatos,
N-e4b87cb011c7,Empresarios panameños piden menos prevención y más acción por El Niño,https://www.laestrella.com.pa/panama/nacional/empresarios-panamenos-piden-menos-prevencion-y-mas-accion-por-el-nino-DF25464403,laestrella.com.pa,es,,2026-09-06T17:15:00+00:00,2026-10-06T18:46:40+00:00,,gdelt_doc:economia,titular_metadatos,
N-e4cb6b014ab2,"Salazar , la aliada de Alito y Salinas que Trump llama traidora",https://www.sinembargo.mx/4876509/elvira-salazar-la-aliada-de-alito-y-salinas-que-trump-llama-traidora-close-up/,sinembargo.mx,es,,2026-09-29T02:00:00+00:00,2026-10-06T18:46:40+00:00,,gdelt_doc:turismo,titular_metadatos,
N-e4da116643f6,Puerto Rico Film Festival revela detalles de su edición 2026,https://www.metro.pr/entretenimiento/2026/07/23/puerto-rico-film-festival-revela-detalles-de-su-edicion-2026/,metro.pr,es,,2026-07-23T22:45:00+00:00,2026-10-06T18:46:40+00:00,,gdelt_doc:logistica,titular_metadatos,
N-e50421ea3995,Gobierno de Keiko Fujimori destina S / 25 . 5 millones para trabajos en puntos críticos ante fenómeno El Niño | ECONOMIA,https://gestion.pe/economia/gobierno-de-keiko-fujimori-destina-s-255-millones-para-trabajos-en-puntos-criticos-ante-fenomeno-el-nino-noticia/,gestion.pe,es,,2026-09-08T07:30:00+00:00,2026-10-06T18:46:40+00:00,,gdelt_doc:economia,titular_metadatos,
N-e50c63c66d20,MLB Playoffs 2026 previa| Cerveceros vs Padres: la acción se traslada a San Diego para el Juego 3 de la Serie Divisional de la Liga Nacional,https://www.tvn-2.com/tvmax/beisbol/mlb/brewers-vs-padres-mlb-playoffs-2026-previa-juego-3-divisional-series-beisbol-grandes-ligas_1_2264543.html,tvn-2.com,es,2026-10-06T13:00:35+00:00,,2026-10-06T18:46:40+00:00,,tvn_rss,titular_metadatos,
N-e52a792ff9ae,Venezuela prevé recuperar el aeropuerto de Maiquetía en el primer semestre de 2027 tras los daños de los sismos,https://www.infobae.com/venezuela/2026/09/10/venezuela-preve-recuperar-el-aeropuerto-de-maiquetia-en-el-primer-semestre-de-2027-tras-los-danos-de-los-sismos/,infobae.com,es,,2026-09-10T08:15:00+00:00,2026-10-06T18:46:40+00:00,,gdelt_doc:turismo,titular_metadatos,
N-e534a82e8f0b,The Closure of the Lava Jato and Panama Papers Cases - Supreme Court Confirms .,https://newsroompanama.com/2026/08/17/the-closure-of-the-lava-jato-and-panama-papers-cases-supreme-court-confirms/,newsroompanama.com,en,,2026-08-18T00:00:00+00:00,2026-10-06T18:46:40+00:00,,gdelt_doc:economia,titular_metadatos,
N-e53fde1d83bb,Surgen opiniones sobre legalidad de la recolección de firmas de Vamos,https://www.telemetro.com/nacionales/surgen-opiniones-legalidad-la-recoleccion-firmas-vamos-n6093340,telemetro.com,es,,2026-09-29T02:15:00+00:00,2026-10-06T18:46:40+00:00,,gdelt_doc:panama,titular_metadatos,
N-e548223831c1,Arzobispo de Panamá ante María Corina Machado : A Venezuela no le han podido quitar su esperanza,https://www.aciprensa.com/noticias/126741/arzobispo-de-panama-ante-maria-corina-machado-a-venezuela-no-le-han-podido-quitar-su-esperanza,aciprensa.com,es,,2026-07-09T06:00:00+00:00,2026-10-06T18:46:40+00:00,,gdelt_doc:panama,titular_metadatos,
N-e599f0d2f3ee,Panamá da voto de confianza a Thomas Christiansen y le dará continuidad a su proyecto,https://www.telemundo.com/deportes/copa-mundial-de-la-fifa-2026/panama-da-voto-de-confianza-a-thomas-christiansen-y-le-dara-continuida-rcna583304,telemundo.com,es,,2026-07-14T04:15:00+00:00,2026-10-06T18:46:40+00:00,,gdelt_doc:logistica,titular_metadatos,
N-e5d1ec3617dd,Panameños esperan reapertura de la mina y mejora económica familiar,https://www.critica.com.pa/nacional/panamenos-esperan-reapertura-de-la-mina-y-mejora-economica-familiar-513701,critica.com.pa,es,,2026-07-29T22:30:00+00:00,2026-10-06T18:46:40+00:00,,gdelt_doc:economia,titular_metadatos,
N-e5d477fab8d6,Planet Fitness COO Dumps 23 % of His Direct Equity Stake After the Stock Crashed,https://www.fool.com/coverage/filings/2026/09/30/planet-fitness-coo-dumps-23-of-his-direct-equity-stake-after-the-stock-crashed/,fool.com,en,,2026-10-01T02:00:00+00:00,2026-10-06T18:46:40+00:00,,gdelt_doc:logistica,titular_metadatos,
N-e602b42b13e4,Mendoza sumará nuevos vuelos semanales para reforzar la conectividad aérea con Panamá a partir de octubre,http://www.tiempodesanjuan.com/mendoza/mendoza-sumara-nuevos-vuelos-semanales-para-reforzar-la-conectividad-aerea-con-panama-a-partir-de-octubre_1785504720,tiempodesanjuan.com,es,,2026-07-31T15:15:00+00:00,2026-10-06T18:46:40+00:00,,gdelt_doc:turismo,titular_metadatos,
N-e623510d9258,Wingo ajusta su operación y suspende los vuelos entre Bogotá y Guatemala,https://lahora.gt/lh-economia/jveliz/2026/08/07/wingo-ajusta-su-operacion-y-suspende-los-vuelos-entre-bogota-y-guatemala/,lahora.gt,es,,2026-08-07T19:45:00+00:00,2026-10-06T18:46:40+00:00,,gdelt_doc:turismo,titular_metadatos,
N-e62c25720a03,Aerolíneas desaparecidas | 27 años del adiós de Aviaco : la aerolínea « milagrosa » que operó la primera ruta internacional desde Vigo,https://www.farodevigo.es/gran-vigo/2026/09/01/adios-aviaco-aerolinea-peinador-internacional-paris-iberia-133815544.html,farodevigo.es,es,,2026-09-01T07:15:00+00:00,2026-10-06T18:46:40+00:00,,gdelt_doc:turismo,titular_metadatos,
N-e63f3828690e,La guerra silenciosa : la ciberseguridad como prioridad de Estado,https://www.prensa.com/opinion/la-guerra-silenciosa-la-ciberseguridad-como-prioridad-de-estado/,prensa.com,es,,2026-08-29T02:15:00+00:00,2026-10-06T18:46:40+00:00,,gdelt_doc:economia,titular_metadatos,
N-e65630d4b900,Brooklyn Panamanian Community Unveils Little Panama Way On Franklin Ave .,https://www.bkreader.com/non-profit-community/brooklyns-panamanian-community-unveils-little-panama-way-on-franklin-ave-12834798,bkreader.com,en,,2026-09-29T16:15:00+00:00,2026-10-06T18:46:40+00:00,,gdelt_doc:turismo,titular_metadatos,
N-e69823b76299,¿ El Tigre dormido ? Cómo Panamá puede recuperar el milagro económico americano,https://www.prensa.com/opinion/el-tigre-dormido-como-panama-puede-recuperar-el-milagro-economico-americano/,prensa.com,es,,2026-10-01T02:15:00+00:00,2026-10-06T18:46:40+00:00,,gdelt_doc:economia,titular_metadatos,
N-e69f92580568,Tropical Storm Bertha drifts toward land as Hurricane Fausto forms in the eastern Pacific,http://www.thegazette.com/news/national/tropical-storm-bertha-drifts-toward-land-as-hurricane-fausto-forms-in-the-eastern-pacific/article_0a6a9c5f-96f3-5c4a-8110-d4479511509b.html,thegazette.com,en,,2026-07-21T05:30:00+00:00,2026-10-06T18:46:40+00:00,,gdelt_doc:eventos_naturales,titular_metadatos,
N-e6acc9b32686,Mulino anuncia 10 mil becas para formar talento en inteligencia artificial,https://www.critica.com.pa/nacional/mulino-anuncia-10-mil-becas-para-formar-talento-en-inteligencia-artificial-513752,critica.com.pa,es,,2026-07-30T21:15:00+00:00,2026-10-06T18:46:40+00:00,,gdelt_doc:economia,titular_metadatos,
N-e6b530bdb2ab,CEO Women Summit 2026: TVN Media destaca la importancia de abrir espacios para el liderazgo femenino,https://www.tvn-2.com/nacionales/tvn-media-ceo-women-summit-potenciar-crecimiento-profesional-mujeres_1_2250211.html,tvn-2.com,es,2026-07-09T18:24:38+00:00,,2026-10-06T18:46:40+00:00,,tvn_rss,titular_metadatos,
N-e6cc0f544fb2,Noche de fe y adoración : Marcela Gándara hizo vibrar a Panamá,https://www.critica.com.pa/show/noche-de-fe-y-adoracion-marcela-gandara-hizo-vibrar-panama-517334,critica.com.pa,es,,2026-10-01T16:30:00+00:00,2026-10-06T18:46:40+00:00,,gdelt_doc:panama,titular_metadatos,
N-e6dc36996057,Presidente J . R . Mulino hablará este miércoles en Asamblea de la ONU,https://www.panamaamerica.com.pa/nacion/presidente-j-r-mulino-hablara-este-miercoles-en-asamblea-de-la-onu-1266642,panamaamerica.com.pa,es,,2026-09-23T05:45:00+00:00,2026-10-06T18:46:40+00:00,,gdelt_doc:economia,titular_metadatos,
N-e6dec507976b,Paliza revela interés de nuevas empresas tecnológicas en RD tras anuncio de Google,https://eldia.com.do/paliza-revela-interes-de-nuevas-empresas-tecnologicas-en-rd-tras-anuncio-de-google/,eldia.com.do,es,,2026-08-14T00:00:00+00:00,2026-10-06T18:46:40+00:00,,gdelt_doc:economia,titular_metadatos,
N-e6e567f2da32,TVN Media alcanza el primer lugar en reputación entre los medios de comunicación en Panamá,https://www.tvn-2.com/nacionales/tvn-media-alcanza-primer-lugar-medios-comunicacion-merco-panama_1_2263883.html,tvn-2.com,es,2026-10-02T01:00:17+00:00,,2026-10-06T18:46:40+00:00,,tvn_rss,titular_metadatos,
N-e7034e7d429b,"El fenómeno El Niño podría provocar inseguridad alimentaria para 16 millones de personas en América Latina , advierte el Programa Muncial de Alimentos | Mundo",https://larepublica.pe:443/mundo/2026/09/07/el-fenomeno-el-nino-podria-provocar-inseguridad-alimentaria-para-16-millones-de-personas-en-america-latina-advierte-el-programa-muncial-de-alimentos-139937,larepublica.pe,es,,2026-09-07T16:15:00+00:00,2026-10-06T18:46:40+00:00,,gdelt_doc:logistica,titular_metadatos,
N-e73793bf7f2d,RD impulsó la resiliencia fiscal de la región mientras lideró la presidencia pro tempore del Cosefin,https://acento.com.do/ecologia/rd-impulso-la-resiliencia-fiscal-de-la-region-mientras-lidero-la-presidencia-pro-tempore-del-cosefin-9718066.html,acento.com.do,es,,2026-07-14T05:45:00+00:00,2026-10-06T18:46:40+00:00,,gdelt_doc:economia,titular_metadatos,
N-e73ac71aaa29,Carly Simon Shares Her Parkinson Diagnosis,https://www.newser.com/story/393568/carly-simon-shares-her-parkinsons-diagnosis.html,newser.com,en,,2026-07-27T16:30:00+00:00,2026-10-06T18:46:40+00:00,,gdelt_doc:logistica,titular_metadatos,
N-e747696f0a56,Panama Canal Eases Restrictions Adding Transit Slot and Maximum Draft,https://maritime-executive.com/article/panama-canal-eases-restrictions-adding-transit-slot-and-maximum-draft,maritime-executive.com,en,,2026-09-28T18:45:00+00:00,2026-10-06T18:46:40+00:00,,gdelt_doc:logistica,titular_metadatos,
N-e758c26e2213,Ministro de Exteriores japonés llama a reforzar lazos internacionales con Latinoamérica - Mundo,https://www.abc.com.py/internacionales/2026/07/31/ministro-de-exteriores-japones-llama-a-reforzar-lazos-internacionales-con-latinoamerica/,abc.com.py,es,,2026-07-31T06:00:00+00:00,2026-10-06T18:46:40+00:00,,gdelt_doc:economia,titular_metadatos,
N-e78b3a962a5a,"Abucheos , un desmayo y una coronación de madrugada sin transmisión por TV : así terminó el Miss Universe Panamá 2026 +VIDEO",https://www.midiario.com/farandula/abucheos-un-desmayo-y-una-coronacion-de-madrugada-sin-transmision-por-tv-asi-termino-el-miss-universe-panama-2026/,midiario.com,es,,2026-09-06T20:15:00+00:00,2026-10-06T18:46:40+00:00,,gdelt_doc:panama,titular_metadatos,
N-e79237e9c3ac,Top Fitness Stocks Worth Watching – September 24th,https://www.themarketsdaily.com/2026/09/24/top-fitness-stocks-worth-watching-september-24th.html,themarketsdaily.com,en,,2026-09-24T20:45:00+00:00,2026-10-06T18:46:40+00:00,,gdelt_doc:logistica,titular_metadatos,
N-e7b45ecc4114,Video : Jorge Gutiérrez llega como nuevo refuerzo de Universitario por Radio Nacional,https://www.deperu.com/tv/ohO6d8YBdNM.jorge-gutierrez-llega-como-nuevo-refuerzo-de-universitario.UCVW7J-lF26d3G3X8i2zmKow.html,deperu.com,es,,2026-08-14T05:45:00+00:00,2026-10-06T18:46:40+00:00,,gdelt_doc:economia,titular_metadatos,
N-e7f2524ca92f,Sunday Will Have Some Sun,https://www.wjhg.com/2026/08/02/sunday-will-have-some-sun/,wjhg.com,en,,2026-08-02T03:30:00+00:00,2026-10-06T18:46:40+00:00,,gdelt_doc:eventos_naturales,titular_metadatos,
N-e7ffd821c4b2,Panama Canal Marks 112 Years of Operations with a Forward - Looking Vision | Hellenic Shipping News Worldwide,https://www.hellenicshippingnews.com/panama-canal-marks-112-years-of-operations-with-a-forward-looking-vision/,hellenicshippingnews.com,en,,2026-08-17T22:00:00+00:00,2026-10-06T18:46:40+00:00,,gdelt_doc:logistica,titular_metadatos,
N-e8534e7a1b00,The sunhat is everywhere in Athens as crowds grow larger at ancient Greek sites,https://www.wboc.com/news/international/the-sunhat-is-everywhere-in-athens-as-crowds-grow-larger-at-ancient-greek-sites/article_bf7f0479-4d17-5a7e-9fce-9918afe2ab9e.html,wboc.com,en,,2026-08-24T04:30:00+00:00,2026-10-06T18:46:40+00:00,,gdelt_doc:turismo,titular_metadatos,
N-e862aa9a5c67,Barcelona SC oficializa el fichaje del panameño Tomás Rodríguez por tres temporadas,https://www.eluniverso.com/deportes/campeonato-ecuatoriano/barcelona-sc-oficializa-el-fichaje-del-panameno-tomas-rodriguez-por-tres-temporadas-nota/,eluniverso.com,es,,2026-07-10T03:15:00+00:00,2026-10-06T18:46:40+00:00,,gdelt_doc:panama,titular_metadatos,
N-e8d02b583271,Google destaca los beneficios para RD de nuevas rutas de cables,https://hoy.com.do/economia/google-destaca-beneficios-rd-nuevas-rutas-cables_1099140.html,hoy.com.do,es,,2026-08-18T05:45:00+00:00,2026-10-06T18:46:40+00:00,,gdelt_doc:economia,titular_metadatos,
N-e8d1a3d93cbe,Disputa geoestratégica en América Latina,https://www.teletica.com/de-la-a-a-la-z/disputa-geoestrategica-en-america-latina_417959,teletica.com,es,,2026-09-25T01:15:00+00:00,2026-10-06T18:46:40+00:00,,gdelt_doc:economia,titular_metadatos,
N-e8e53fa6c7b1,Canal de Panamá aumenta 5 . 2 % sus tránsitos y 17 % sus ingresos en el año fiscal 2026,https://www.telemetro.com/nacionales/canal-panama-aumenta-52-sus-transitos-y-17-sus-ingresos-el-ano-fiscal-2026-n6086053,telemetro.com,es,,2026-07-23T00:45:00+00:00,2026-10-06T18:46:40+00:00,,gdelt_doc:logistica,titular_metadatos,
N-e8e62def2e08,The world biggest ship ever built - 50ft longer than the Empire State Building,https://www.aol.co.uk/articles/worlds-biggest-ship-ever-built-121700000.html,aol.co.uk,en,,2026-08-01T12:45:00+00:00,2026-10-06T18:46:40+00:00,,gdelt_doc:logistica,titular_metadatos,
N-e8f80dceebb2,Panama New Bank Credit Falls 7 % in 2026,https://www.riotimesonline.com/panama-new-credit-construction-housing-2026/,riotimesonline.com,en,,2026-07-14T09:15:00+00:00,2026-10-06T18:46:40+00:00,,gdelt_doc:economia,titular_metadatos,
N-e9178b11014e,Previsiones principales de la semana del 26 de julio al 1 agosto 2026,https://www.prensa-latina.cu/2026/07/25/previsiones-principales-de-la-semana-del-26-de-julio-al-1-agosto-2026/,prensa-latina.cu,es,,2026-07-25T14:45:00+00:00,2026-10-06T18:46:40+00:00,,gdelt_doc:economia,titular_metadatos,
N-e91c62242117,US Envoy Warns China Is Weaponizing Maritime Power as Greenland Debate Intensifies,https://www.theepochtimes.com/us/us-envoy-warns-china-is-weaponizing-maritime-power-as-greenland-debate-intensifies-6059624,theepochtimes.com,en,,2026-07-09T19:45:00+00:00,2026-10-06T18:46:40+00:00,,gdelt_doc:logistica,titular_metadatos,
N-e961997e7236,Más de 700 personas corrieron para celebrar los 507 años de Panamá La Vieja,https://www.critica.com.pa/nacional/mas-de-700-personas-corrieron-para-celebrar-los-507-anos-de-panama-la-vieja-513934,critica.com.pa,es,,2026-08-03T08:00:00+00:00,2026-10-06T18:46:40+00:00,,gdelt_doc:economia,titular_metadatos,
N-e965353636ac,Nataly Delgado recibe reconocimiento tras conquistar título mundial supermosca de la AMB,https://www.telemetro.com/deportes/nataly-delgado-recibe-reconocimiento-conquistar-titulo-mundial-supermosca-la-amb-n6093735,telemetro.com,es,,2026-10-01T22:00:00+00:00,2026-10-06T18:46:40+00:00,,gdelt_doc:panama,titular_metadatos,
N-e96545677cf8,"Buque paga récord de 5 , 3 millones de dólares en una subasta para cruzar el Canal de Panamá",https://www.panamaamerica.com.pa/economia/buque-paga-record-de-53-millones-de-dolares-en-una-subasta-para-cruzar-el-canal-de-panama,panamaamerica.com.pa,es,,2026-08-28T15:00:00+00:00,2026-10-06T18:46:40+00:00,,gdelt_doc:logistica,titular_metadatos,
N-e965635fc9cc,The sunhat is everywhere in Athens as crowds grow larger at ancient sites,https://krmg.com/2026/08/22/the-sunhat-is-everywhere-in-athens-as-crowds-grow-larger-at-ancient-sites/,krmg.com,en,,2026-08-23T12:15:00+00:00,2026-10-06T18:46:40+00:00,,gdelt_doc:turismo,titular_metadatos,
N-e97824616adb,¡ El rey sigue siendo panameño ! Chamar Chambers vuela por otro oro en los 800 metros,https://www.midiario.com/deportivas/el-rey-sigue-siendo-panameno-chamar-chambers-vuela-por-otro-oro-en-los-800-metros/,midiario.com,es,,2026-09-25T01:15:00+00:00,2026-10-06T18:46:40+00:00,,gdelt_doc:panama,titular_metadatos,
N-e97aecabcfef,Gobierno de Panamá rechaza declaraciones de Daniel Ortega sobre las elecciones en Nicaragua,https://www.telemetro.com/nacionales/gobierno-panama-rechaza-declaraciones-daniel-ortega-las-elecciones-nicaragua-n6085905,telemetro.com,es,,2026-07-21T20:45:00+00:00,2026-10-06T18:46:40+00:00,,gdelt_doc:panama,titular_metadatos,
N-e992b2340760,La dolarización dejaría a la banca venezolana sin red de seguridad,https://www.esdiario.com/sostenibilidad/260905/196915/dolarizacion-dejaria-banca-venezolana-red-seguridad.html,esdiario.com,es,,2026-09-05T08:00:00+00:00,2026-10-06T18:46:40+00:00,,gdelt_doc:economia,titular_metadatos,
N-e998cd6bfa69,Panamá será sede de cumbre mundial sobre crimen organizado e inteligencia,https://www.critica.com.pa/nacional/panama-sera-sede-de-cumbre-mundial-sobre-crimen-organizado-e-inteligencia-516754,critica.com.pa,es,,2026-09-21T21:15:00+00:00,2026-10-06T18:46:40+00:00,,gdelt_doc:logistica,titular_metadatos,
N-e99c56cb0bee,Reportan dos temblores en Chiriquí : el primero de 4 . 3,https://www.prensa.com/sociedad/reportan-dos-temblores-en-chiriqui-el-primero-de-43/,prensa.com,es,,2026-09-01T07:30:00+00:00,2026-10-06T18:46:40+00:00,,gdelt_doc:panama,titular_metadatos,
N-e9c530fbd6ef,Jorge Messi : cómo pasó de trabajar en Acindar a administrar el imperio de Lionel,https://www.prensalibre.com/deportes/futbol-internacional/jorge-messi-como-paso-de-trabajar-en-acindar-a-administrar-el-imperio-de-lionel-breaking/,prensalibre.com,es,,2026-08-08T15:45:00+00:00,2026-10-06T18:46:40+00:00,,gdelt_doc:turismo,titular_metadatos,
N-e9ce160a789e,Tres hombres asaltan casino y despojan a clientes de sus pertenencias en San Miguelito,https://www.tvn-2.com/nacionales/tres-hombres-asaltan-casino-despojan_1_2264464.html,tvn-2.com,es,2026-10-05T22:12:26+00:00,,2026-10-06T18:46:40+00:00,,tvn_rss,titular_metadatos,
N-ea16cbc1200d,"Lo que Guatemala aún no tiene para competir con El Salvador , Panamá y Costa Rica por turismo",https://lahora.gt/lh-economia/jveliz/2026/09/28/lo-que-guatemala-aun-no-tiene-para-competir-con-el-salvador-panama-y-costa-rica-por-turismo-now/,lahora.gt,es,,2026-09-29T04:45:00+00:00,2026-10-06T18:46:40+00:00,,gdelt_doc:turismo,titular_metadatos,
N-ea1837f01923,"Las mujeres ocupan el 60 % de los espacios en sectores clave de la economía centroamericana , según el SIECA",https://www.infobae.com/el-salvador/2026/07/20/las-mujeres-ocupan-el-60-de-los-espacios-en-sectores-clave-de-la-economia-centroamericana-segun-el-sieca/,infobae.com,es,,2026-07-20T22:30:00+00:00,2026-10-06T18:46:40+00:00,,gdelt_doc:economia,titular_metadatos,
N-ea1857dc1ce0,El tirón de orejas de Trump a Delcy : « Al final tiene que haber elecciones »,https://www.canarias7.es/internacional/tiron-orejas-trump-delcy-final-haber-elecciones-20260924071527-ntrc.html,canarias7.es,es,,2026-09-24T09:15:00+00:00,2026-10-06T18:46:40+00:00,,gdelt_doc:economia,titular_metadatos,
N-ea2558cd81b9,Imhpa prevé menos lluvias y temperaturas más altas en los próximos tres meses,https://www.prensa.com/sociedad/imhpa-preve-menos-lluvias-y-temperaturas-mas-altas-en-los-proximos-tres-meses/,prensa.com,es,,2026-07-30T00:00:00+00:00,2026-10-06T18:46:40+00:00,,gdelt_doc:logistica,titular_metadatos,
N-ea2c3401af8c,Células madre en Panamá : clínicas ofrecen tratamientos sin evidencia científica,https://www.prensa.com/sociedad/celulas-madre-en-panama-clinicas-ofrecen-tratamientos-sin-evidencia-cientifica/,prensa.com,es,,2026-07-24T08:15:00+00:00,2026-10-06T18:46:40+00:00,,gdelt_doc:turismo,titular_metadatos,
N-ea2d77fd565d,Beach season does not end after Labor Day if travelers head to the right coast,http://www.grandrapidsmn.com/around_the_web/health/beach-season-does-not-end-after-labor-day-if-travelers-head-to-the-right-coast/article_931cf40f-e8ac-5f09-909d-a9ffc81fd564.html,grandrapidsmn.com,en,,2026-09-23T15:15:00+00:00,2026-10-06T18:46:40+00:00,,gdelt_doc:turismo,titular_metadatos,
N-ea4c5715938a,Gabinete aprueba proyecto con exoneraciones de hasta 15 años y prohíbe duplicar beneficios en inversiones turísticas,https://www.prensa.com/economia/gabinete-aprueba-proyecto-de-ley-que-plantea-exoneraciones-de-hasta-15-anos-para-inversiones-turisticas/,prensa.com,es,,2026-08-26T00:30:00+00:00,2026-10-06T18:46:40+00:00,,gdelt_doc:economia,titular_metadatos,
N-ea5699bfd5f4,Miss Universe Panamá : Anuncian la gran final de la edición 2026,https://www.prensa.com/vivir/miss-universe-panama-anuncian-la-gran-final-de-la-edicion-2026/,prensa.com,es,,2026-07-24T17:30:00+00:00,2026-10-06T18:46:40+00:00,,gdelt_doc:panama,titular_metadatos,
N-ea68d3a7d7dd,"567 , 000 Dollars will be the Cost for the Panama City Hall New Year Eve Party on the Coastal Strip .",https://newsroompanama.com/2026/09/20/567000-dollars-will-be-the-cost-for-the-panama-city-hall-new-years-eve-party-on-the-coastal-strip/,newsroompanama.com,en,,2026-09-21T05:00:00+00:00,2026-10-06T18:46:40+00:00,,gdelt_doc:turismo,titular_metadatos,
N-eac13b65e0fe,Fresh limits imposed on Panama Canal transits – Shafaqna English | International Shia News & Fatwas,https://en.shafaqna.com/472375/fresh-limits-imposed-on-panama-canal-transits/,en.shafaqna.com,en,,2026-08-21T06:00:00+00:00,2026-10-06T18:46:40+00:00,,gdelt_doc:logistica,titular_metadatos,
N-eac5eb23d995,Sufrimos con esperanza : el sacerdote que los unió en matrimonio volvió a estar junto a Kayra Harding en uno de sus momentos más dolorosos,https://www.midiario.com/nacionales/sufrimos-con-esperanza-el-sacerdote-que-los-unio-en-matrimonio-volvio-a-estar-junto-a-kayra-harding-en-uno-de-sus-momentos-mas-dolorosos/,midiario.com,es,,2026-07-30T23:00:00+00:00,2026-10-06T18:46:40+00:00,,gdelt_doc:turismo,titular_metadatos,
N-eac998b30059,Cunard Completes Final Cruise in Alaska - Cruise Industry News,https://cruiseindustrynews.com/cruise-news/2026/09/cunard-completes-final-cruise-in-alaska/,cruiseindustrynews.com,en,,2026-09-28T12:30:00+00:00,2026-10-06T18:46:40+00:00,,gdelt_doc:logistica,titular_metadatos,
N-ead0a49fa15b,Puerto Plata amplía sus conexiones aéreas con dos nuevas rutas,https://elviajero.com.do/index.php/2026/07/31/puerto-plata-amplia-sus-conexiones-aereas-con-dos-nuevas-rutas/,elviajero.com.do,es,,2026-07-31T19:45:00+00:00,2026-10-06T18:46:40+00:00,,gdelt_doc:turismo,titular_metadatos,
N-eada841f8198,Candelo y Cortés liderarán la delegación de Panamá en Santo Domingo 2026,https://www.prensa.com/deportes/candelo-y-cortes-lideraran-la-delegacion-de-panama-en-santo-domingo-2026/,prensa.com,es,,2026-07-19T00:45:00+00:00,2026-10-06T18:46:40+00:00,,gdelt_doc:panama,titular_metadatos,
N-eae1b37de654,Thomas Christiansen se mantiene como técnico de Panamá,https://www.critica.com.pa/deportes/thomas-christiansen-se-mantiene-como-tecnico-de-panama-512796,critica.com.pa,es,,2026-07-14T01:00:00+00:00,2026-10-06T18:46:40+00:00,,gdelt_doc:panama,titular_metadatos,
N-eae80c35beeb,La expansión militar de Donald Trump en Panamá tiene poco sentido,https://www.canarias7.es/internacional/expansion-militar-donald-trump-panama-poco-sentido-20260828011322-nt.html,canarias7.es,es,,2026-09-03T01:00:00+00:00,2026-10-06T18:46:40+00:00,,gdelt_doc:logistica,titular_metadatos,
N-eaebc60559bd,Is $1 million enough for a household to retire ? The answer keeps changing .,https://www.morningstar.com/news/marketwatch/20260812392/is-1-million-enough-for-a-household-to-retire-the-answer-keeps-changing,morningstar.com,en,,2026-08-13T00:30:00+00:00,2026-10-06T18:46:40+00:00,,gdelt_doc:eventos_naturales,titular_metadatos,
N-eb0cb0205549,Cepal prevé crecimiento económico de 4 % para Guatemala en el 2026,https://www.prensalibre.com/economia/cepal-preve-crecimiento-economico-de-4-para-guatemala-en-el-2026/,prensalibre.com,es,,2026-08-21T21:15:00+00:00,2026-10-06T18:46:40+00:00,,gdelt_doc:economia,titular_metadatos,
N-eb3b39e7a778,"India , Panama chart new maritime partnership focused on logistics , digital innovation",https://www.thehindubusinessline.com/economy/logistics/india-panama-chart-new-maritime-partnership-focused-on-logistics-digital-innovation-and-global-connectivity/article71256461.ece,thehindubusinessline.com,en,,2026-07-23T06:15:00+00:00,2026-10-06T18:46:40+00:00,,gdelt_doc:panama,titular_metadatos,
N-eb43ae6ac9b5,"China using maritime power as political coercion , US envoy warns IMO",https://www.foxnews.com/politics/trump-envoy-warns-chinas-power-move-sea-threat-cannot-afford-ignore,foxnews.com,en,,2026-07-08T19:30:00+00:00,2026-10-06T18:46:40+00:00,,gdelt_doc:economia,titular_metadatos,
N-eb52fc477435,República Dominicana está en un escalón retador INB per cápita,https://hoy.com.do/economia/republica-dominicana-escalon-retador-inb-per-capita_1097302.html,hoy.com.do,es,,2026-08-03T01:30:00+00:00,2026-10-06T18:46:40+00:00,,gdelt_doc:economia,titular_metadatos,
N-eb71037f3835,¿ Quién fue Omar Torrijos Herrera y cómo murió ? El legado del líder de los Tratados Torrijos - Carter,https://www.telemetro.com/nacionales/quien-fue-omar-torrijos-herrera-y-como-murio-el-legado-del-lider-los-tratados-torrijos-carter-n6086983,telemetro.com,es,,2026-07-31T17:00:00+00:00,2026-10-06T18:46:40+00:00,,gdelt_doc:logistica,titular_metadatos,
N-eb7c86ffd861,Daniel Noboa se reúne con José Raúl Mulino en Guayaquil : agenda con el presidente de Panamá,https://www.expreso.ec/politica/daniel-noboa-reune-jose-raul-mulino-guayaquil-agenda-presidente-panama-294619.html,expreso.ec,es,,2026-09-04T23:15:00+00:00,2026-10-06T18:46:40+00:00,,gdelt_doc:panama,titular_metadatos,
N-eb9b0e37fe59,Union Minister Piyush Goyal meets Panama FM Vasquez to deepen India - Panama partnership,https://aninews.in/news/world/asia/union-minister-piyush-goyal-meets-panama-fm-vasquez-to-deepen-india-panama-partnership20260723014749/,aninews.in,en,,2026-07-22T21:15:00+00:00,2026-10-06T18:46:40+00:00,,gdelt_doc:logistica,titular_metadatos,
N-ebad7bfd05e9,The sunhat is everywhere in Athens as crowds grow larger at ancient sites,https://www.wsls.com/news/2026/08/23/the-sunhat-is-everywhere-in-athens-as-crowds-grow-larger-at-ancient-sites/,wsls.com,en,,2026-08-23T13:15:00+00:00,2026-10-06T18:46:40+00:00,,gdelt_doc:turismo,titular_metadatos,
N-ebbf9babe647,Panamá recibe contingentes de ocho países para el inicio del Ejercicio Multinacional Panamax 2026,https://www.panamaamerica.com.pa/sociedad/panama-recibe-contingentes-de-ocho-paises-para-el-inicio-del-ejercicio-multinacional,panamaamerica.com.pa,es,,2026-07-31T21:45:00+00:00,2026-10-06T18:46:40+00:00,,gdelt_doc:logistica,titular_metadatos,
N-ebce367169ad,Pabellón de Panamá : una ventana a historia y cultura,https://hoy.com.do/el-pais/pabellon-panama-ventana-historia-cultura_1104262.html,hoy.com.do,es,,2026-10-02T05:30:00+00:00,2026-10-06T18:46:40+00:00,,gdelt_doc:panama,titular_metadatos,
N-ebde40fff9a0,Panamá investiga posible reclutamiento de Rusia y Ucrania,https://www.dw.com/es/panam%C3%A1-investiga-posible-reclutamiento-de-rusia-y-ucrania/a-78093206,dw.com,es,,2026-07-24T05:15:00+00:00,2026-10-06T18:46:40+00:00,,gdelt_doc:panama,titular_metadatos,
N-ebed4ce9c234,¿ Habrá Carnaval en la capital en 2027 ? El reloj corre y no hay presupuesto claro,https://www.midiario.com/nacionales/habra-carnaval-en-la-capital-en-2027-el-reloj-corre-y-no-hay-presupuesto-claro/,midiario.com,es,,2026-09-24T20:30:00+00:00,2026-10-06T18:46:40+00:00,,gdelt_doc:economia,titular_metadatos,
N-ebee4a067d9e,Nuevo comando asumirá la protección de áreas estratégicas del Canal de Panamá,https://www.infobae.com/panama/2026/08/06/nuevo-comando-asumira-la-proteccion-de-areas-estrategicas-del-canal-de-panama/,infobae.com,es,,2026-08-06T17:30:00+00:00,2026-10-06T18:46:40+00:00,,gdelt_doc:logistica,titular_metadatos,
N-ebf39e438e9e,Leonardo Bernal firma un debut lleno de historia con los Cardinales,https://www.midiario.com/deportivas/leonardo-bernal-firma-un-debut-lleno-de-historia-con-los-cardinales/,midiario.com,es,,2026-09-03T02:00:00+00:00,2026-10-06T18:46:40+00:00,,gdelt_doc:panama,titular_metadatos,
N-ebfce54f41ce,FO Exclusive : Global Economy Teetering on Brink of Major Crisis,https://www.fairobserver.com/economics/fo-exclusive-global-economy-teetering-on-brink-of-major-crisis/,fairobserver.com,en,,2026-09-12T16:30:00+00:00,2026-10-06T18:46:40+00:00,,gdelt_doc:economia,titular_metadatos,
N-ec09d302e1da,Turismo en caída y falta de combustible : las aerolíneas que operan a Cuba vuelan con tanque lleno de ida y vuelta,https://www.clarin.com/mundo/turismo-caida-falta-combustible-aerolineas-operan-cuba-vuelan-tanque-lleno-ida-vuelta_0_ITlAbcJIfT.html,clarin.com,es,,2026-10-02T05:00:00+00:00,2026-10-06T18:46:40+00:00,,gdelt_doc:turismo,titular_metadatos,
N-ec2480f3cb44,Which Is the Most Expensive Coffee in the World ? Know the Answer,https://www.jagranjosh.com/general-knowledge/which-is-the-most-expensive-coffee-in-the-world-1820012615-1,jagranjosh.com,en,,2026-09-29T08:00:00+00:00,2026-10-06T18:46:40+00:00,,gdelt_doc:panama,titular_metadatos,
N-ec24f3b71b3d,Consejo de Gabinete aprueba presupuesto del Canal de Panamá para el 2027,https://www.telemetro.com/nacionales/consejo-gabinete-aprueba-presupuesto-del-canal-panama-el-2027-n6090500,telemetro.com,es,,2026-09-02T03:00:00+00:00,2026-10-06T18:46:40+00:00,,gdelt_doc:logistica,titular_metadatos,
N-ec821744f8ff,Keiko Fujimori asume la presidencia de Perú hasta 2031,https://www.elsalvador.com/noticias/internacional/keiko-fujimori-asume-la-presidencia-de-peru-hasta-2031/1285659/2026/,elsalvador.com,es,,2026-07-28T20:30:00+00:00,2026-10-06T18:46:40+00:00,,gdelt_doc:economia,titular_metadatos,
N-ec8f87fe0369,Canal ahorra agua ante posible regreso de El Niño,https://www.critica.com.pa/nacional/canal-ahorra-agua-ante-posible-regreso-de-el-nino-514211,critica.com.pa,es,,2026-08-07T20:00:00+00:00,2026-10-06T18:46:40+00:00,,gdelt_doc:logistica,titular_metadatos,
N-ec9aec590b27,"Gremios prevén reactivación inmobiliaria con exoneración del ITBI sobre los primeros $120 , 000 del valor de las viviendas",https://www.prensa.com/economia/gremios-preven-reactivacion-inmobiliaria-con-exoneracion-del-itbi-sobre-los-primeros-120000-del-valor-de-las-viviendas/,prensa.com,es,,2026-07-31T01:30:00+00:00,2026-10-06T18:46:40+00:00,,gdelt_doc:economia,titular_metadatos,
N-eccf0b028c53,Panamá busca convertirse en el Canal Digital de la inteligencia artificial en América Latina • Periódico Digital Centroamericano y del Caribe,https://newsinamerica.com/pdcc/boletin/2026/panama-busca-convertirse-en-el-canal-digital-de-la-inteligencia-artificial-en-america-latina/,newsinamerica.com,es,,2026-08-17T19:45:00+00:00,2026-10-06T18:46:40+00:00,,gdelt_doc:economia,titular_metadatos,
N-ece91eb3ae08,"The Panama Canal real challenge is water , not geopolitics",https://www.taipeitimes.com/News/editorials/archives/2026/08/30/2003863356,taipeitimes.com,en,,2026-08-29T18:15:00+00:00,2026-10-06T18:46:40+00:00,,gdelt_doc:economia,titular_metadatos,
N-ecfea6a945ca,El juez Rafecas procesó a los iraníes y libaneses acusados del atentado a la AMIA :: El Diario de La Pampa,https://www.eldiariodelapampa.com.ar/pais/80544/el-juez-rafecas-proceso-a-los-iranies-y-libaneses-acusados-del-atentado-a-la-amia,eldiariodelapampa.com.ar,es,,2026-09-21T19:00:00+00:00,2026-10-06T18:46:40+00:00,,gdelt_doc:logistica,titular_metadatos,
N-ed0465860e67,"El Salvador , Panama sound alarm on El Nino - fueled drought",https://www.bssnews.net/news/418144,bssnews.net,en,,2026-08-26T03:00:00+00:00,2026-10-06T18:46:40+00:00,,gdelt_doc:logistica,titular_metadatos,
N-ed3fe49817e7,Suiza deposita su firma al Tratado de Neutralidad del Canal de Panamá,https://www.prensa.com/economia/suiza-deposita-su-firma-al-tratado-de-neutralidad-del-canal-de-panama/,prensa.com,es,,2026-07-22T04:15:00+00:00,2026-10-06T18:46:40+00:00,,gdelt_doc:logistica,titular_metadatos,
N-ed42fdcf1f7e,Paraguas a mano : lluvias y tormentas seguirán hasta el sábado,https://www.prensa.com/sociedad/lluvias-y-tormentas-seguiran-afectando-a-panama-hasta-el-sabado-3-de-octubre/,prensa.com,es,,2026-10-01T23:30:00+00:00,2026-10-06T18:46:40+00:00,,gdelt_doc:panama,titular_metadatos,
N-ed9a939176ac,El Festival Prisma celebra 15 años de danza contemporánea con artistas internacionales,https://www.laestrella.com.pa/vida-y-cultura/cultura/el-festival-prisma-celebra-15-anos-de-danza-contemporanea-con-artistas-internacionales-HH25330698,laestrella.com.pa,es,,2026-09-01T03:30:00+00:00,2026-10-06T18:46:40+00:00,,gdelt_doc:panama,titular_metadatos,
N-eda9e67c2ca8,La congestión en el Canal de Panamá obliga a los buques gaseros a tomar rutas inusuales,https://www.larepublica.co/globoeconomia/la-congestion-en-el-canal-de-panama-obliga-a-los-buques-gaseros-a-tomar-rutas-inusuales-4469111,larepublica.co,es,,2026-08-28T14:00:00+00:00,2026-10-06T18:46:40+00:00,,gdelt_doc:logistica,titular_metadatos,
N-edca1120f9c8,"15 , 000 nuevas oportunidades",https://listindiario.com/puntos-de-vista/20261001/15-000-nuevas-oportunidades_924414.html,listindiario.com,es,,2026-10-01T04:45:00+00:00,2026-10-06T18:46:40+00:00,,gdelt_doc:economia,titular_metadatos,
N-edd1f9def33c,Hallan cría de ballena jorobada muerta en costas de Tonosí,https://www.diaadia.com.pa/el-pais/hallan-cria-de-ballena-jorobada-muerta-en-costas-de-tonosi-791371,diaadia.com.pa,es,,2026-08-28T21:45:00+00:00,2026-10-06T18:46:40+00:00,,gdelt_doc:turismo,titular_metadatos,
N-eddc28d5b4c1,Cepanim : Proponen que comercios e instituciones públicas acepten los certificados negociables al 100 %,https://www.prensa.com/economia/cepanim-proponen-que-comercios-e-instituciones-publicas-acepten-los-certificados-negociables-al-100/,prensa.com,es,,2026-08-05T14:45:00+00:00,2026-10-06T18:46:40+00:00,,gdelt_doc:economia,titular_metadatos,
N-ee3e318867a5,Miss Universe Fátima Bosch visits Guatemala as part of her last stretch as the reining queen,https://www.hola.com/us/celebrities/20260807916953/miss-universe-fatima-bosch-guatemala-last-stretch-reining-queen/,hola.com,en,,2026-08-07T18:15:00+00:00,2026-10-06T18:46:40+00:00,,gdelt_doc:logistica,titular_metadatos,
N-ee53a00777dc,"Marine Heatwaves Hampering Coral Reef Recovery , Study Finds",https://www.forbes.com/sites/jamiehailstone/2026/08/31/marine-heatwaves-hampering-coral-reef-recovery-study-finds/,forbes.com,en,,2026-08-31T12:30:00+00:00,2026-10-06T18:46:40+00:00,,gdelt_doc:turismo,titular_metadatos,
N-ee5d8ba588f0,Cuartos final Concacaf : selección mexicana Sub - 20 juega,https://pulsoslp.com.mx/meta/cuartos-final-concacaf-seleccion-mexicana-sub-20-juega/2073430,pulsoslp.com.mx,es,,2026-08-05T19:45:00+00:00,2026-10-06T18:46:40+00:00,,gdelt_doc:logistica,titular_metadatos,
N-ee651c7597fa,Crédito en Panamá : entre el consumo y la inversión productiva,https://www.laestrella.com.pa/economia/credito-en-panama-entre-el-consumo-y-la-inversion-productiva-bm25291347,laestrella.com.pa,es,,2026-08-31T07:45:00+00:00,2026-10-06T18:46:40+00:00,,gdelt_doc:economia,titular_metadatos,
N-ee683efe1b82,Ecuador y Panamá suscriben términos para negociar un acuerdo comercial,https://www.eluniverso.com/noticias/politica/ecuador-y-panama-suscriben-terminos-para-negociar-un-acuerdo-comercial-nota/,eluniverso.com,es,,2026-09-04T23:00:00+00:00,2026-10-06T18:46:40+00:00,,gdelt_doc:panama,titular_metadatos,
N-ee9d5228393e,Central America Trade Squeeze | Global Finance Magazine,https://gfmag.com/economics-policy-regulation/central-america-trade-squeeze/,gfmag.com,en,,2026-10-06T08:30:00+00:00,2026-10-06T18:46:40+00:00,,gdelt_doc:economia,titular_metadatos,
N-eed15e9f2561,"Están muertos , pero duele : La batalla de comunidades en Panamá para evitar que se lleven sus cementerios",https://www.metro.pr/noticias/2026/07/31/estan-muertos-pero-duele-la-batalla-de-comunidades-en-panama-para-evitar-que-se-lleven-sus-cementerios/,metro.pr,es,,2026-07-31T21:15:00+00:00,2026-10-06T18:46:40+00:00,,gdelt_doc:logistica,titular_metadatos,
N-eef5d7217268,La brecha digital : el nuevo desafío económico de Panamá,https://www.laestrella.com.pa/economia/la-brecha-digital-el-nuevo-desafio-economico-de-panama-BM24394621,laestrella.com.pa,es,,2026-07-27T07:00:00+00:00,2026-10-06T18:46:40+00:00,,gdelt_doc:economia,titular_metadatos,
N-ef346697eade,Turismo en Colombia enfrenta caída de visitantes extranjeros : estos son los mercados que más se están alejando,https://www.eltiempo.com/vida/viajar/turismo-en-colombia-enfrenta-caida-de-visitantes-extranjeros-estos-son-los-mercados-que-mas-se-estan-alejando-3581340,eltiempo.com,es,,2026-08-27T05:15:00+00:00,2026-10-06T18:46:40+00:00,,gdelt_doc:turismo,titular_metadatos,
N-ef3cc09d1ce2,El buque gasífero surcoreano cruza el Canal de Panamá,https://www.elcaribe.com.do/panorama/internacionales/buque-surcoreano-canal-de-panama/,elcaribe.com.do,es,,2026-09-01T20:15:00+00:00,2026-10-06T18:46:40+00:00,,gdelt_doc:logistica,titular_metadatos,
N-ef517fbf62cd,"Llega a Córdoba Carlota , el espectáculo brasileño con música de Astor Piazzolla",https://www.cadena3.com/noticia/espectaculos/llega-a-cordoba-carlota-el-espectaculo-brasileno-con-musica-de-astor-piazzolla_578305,cadena3.com,es,,2026-07-29T19:45:00+00:00,2026-10-06T18:46:40+00:00,,gdelt_doc:economia,titular_metadatos,
N-ef6290455bf2,Tropical Storm Bertha in the Gulf of Mexico is moving toward the Florida Panhandle and Alabama,https://www.chicagotribune.com/2026/07/21/tropical-storm-bertha/,chicagotribune.com,en,,2026-07-21T15:00:00+00:00,2026-10-06T18:46:40+00:00,,gdelt_doc:eventos_naturales,titular_metadatos,
N-ef9b0c9d2556,Casco Peatonal regresa este domingo 30 de agosto : estas son las actividades y lugares,https://www.telemetro.com/nacionales/casco-peatonal-regresa-este-domingo-30-agosto-estas-son-las-actividades-y-lugares-n6089835,telemetro.com,es,,2026-08-26T20:00:00+00:00,2026-10-06T18:46:40+00:00,,gdelt_doc:economia,titular_metadatos,
N-efa12659eb8c,R . Dominicana albergará la XV Mundial de Jinetes y Amazonas,https://almomento.net/r-dominicana-albergara-la-xv-mundial-de-jinetes-y-amazonas/,almomento.net,es,,2026-07-11T00:00:00+00:00,2026-10-06T18:46:40+00:00,,gdelt_doc:logistica,titular_metadatos,
N-efafbe17960a,EXCLUSIVA MI DIARIO . No lo deben malgastar : viceministro del MIDES revela qué pasa cuando un beneficiario united states mal el dinero,https://www.midiario.com/nacionales/exclusiva-mi-diario-no-lo-deben-malgastar-viceministro-del-mides-revela-que-pasa-cuando-un-beneficiario-usa-mal-el-dinero/,midiario.com,es,,2026-09-21T22:15:00+00:00,2026-10-06T18:46:40+00:00,,gdelt_doc:logistica,titular_metadatos,
N-efc7d564442a,First woman takes helm of Panama Canal,https://jamaica-gleaner.com/article/world-news/20260908/first-woman-takes-helm-panama-canal,jamaica-gleaner.com,en,,2026-09-08T06:45:00+00:00,2026-10-06T18:46:40+00:00,,gdelt_doc:economia,titular_metadatos,
N-efdaf4dfb7cd,Aeropuerto Matecaña tiene el mejor semestre de los últimos cuatro años : movilizó un millón 369 mil pasajeros,https://www.lapatria.com/eje-cafetero/aeropuerto-matecana-tiene-el-mejor-semestre-de-los-ultimos-cuatro-anos-movilizo-un,lapatria.com,es,,2026-07-25T00:15:00+00:00,2026-10-06T18:46:40+00:00,,gdelt_doc:turismo,titular_metadatos,
N-efde52f7193b,Calle Panamá se resiste al abandono : Rincón Mágico no acaba de despegar en Guayaquil,https://www.expreso.ec/guayaquil/calle-panama-resiste-abandono-rincon-magico-no-acaba-despegar-guayaquil-293306.html,expreso.ec,es,,2026-08-23T12:15:00+00:00,2026-10-06T18:46:40+00:00,,gdelt_doc:turismo,titular_metadatos,
N-efeff2b0524c,Andalucía subasta solares e inmuebles para construir 291 viviendas,https://www.huelvainformacion.es/andalucia/andalucia-subasta-solares-inmuebles-construir-291-viviendas_0_2008107493.html,huelvainformacion.es,es,,2026-09-30T11:15:00+00:00,2026-10-06T18:46:40+00:00,,gdelt_doc:economia,titular_metadatos,
N-f015033826e8,"Con visita oficial a Filipinas , canciller Martínez - Acha Vásquez busca consolidar plataforma logística de Panamá en Asia – Ministerio de Relaciones exteriores",https://mire.gob.pa/con-visita-oficial-a-filipinas-canciller-martinez-acha-vasquez-busca-consolidar-plataforma-logistica-de-panama-en-asia/,mire.gob.pa,es,,2026-07-24T17:30:00+00:00,2026-10-06T18:46:40+00:00,,gdelt_doc:logistica,titular_metadatos,
N-f0263ca5628a,Panama Canal to reduce shipping as El Niño fuels drought in lakes,https://www.euronews.com/2026/08/21/panama-canal-to-reduce-shipping-as-el-nino-fuels-drought-in-lakes-that-feed-waterway,euronews.com,en,,2026-08-21T08:00:00+00:00,2026-10-06T18:46:40+00:00,,gdelt_doc:logistica,titular_metadatos,
N-f037b49aa08f,Panama City Beach Approves $433K Grant to Tackle Neighborhood Flooding,https://www.wjhg.com/2026/08/12/panama-city-beach-approves-433k-grant-tackle-neighborhood-flooding/,wjhg.com,en,,2026-08-12T03:15:00+00:00,2026-10-06T18:46:40+00:00,,gdelt_doc:eventos_naturales,titular_metadatos,
N-f072014e9c2c,Artesanos indígenas exhiben este fin de semana sus creaciones en Plaza Catedral,https://www.laestrella.com.pa/vida-y-cultura/cultura/artesanos-indigenas-exhiben-este-fin-de-semana-sus-creaciones-en-plaza-catedral-AD24725151,laestrella.com.pa,es,,2026-08-08T17:00:00+00:00,2026-10-06T18:46:40+00:00,,gdelt_doc:turismo,titular_metadatos,
N-f08ab5be50c8,¿ Cuánto le costará a Chile el Escudo de las Américas ?,https://elpais.com/chile/2026-09-23/cuanto-le-costara-a-chile-el-escudo-de-las-americas.html,elpais.com,es,,2026-09-23T22:30:00+00:00,2026-10-06T18:46:40+00:00,,gdelt_doc:economia,titular_metadatos,
N-f0bb41539fdc,Trump ambassador warns China power move at sea is threat,https://nypost.com/2026/07/08/world-news/trump-ambassador-warns-chinas-power-move-at-sea-is-threat/,nypost.com,en,,2026-07-08T21:15:00+00:00,2026-10-06T18:46:40+00:00,,gdelt_doc:economia,titular_metadatos,
N-f0db1a4488c6,Acordaron México y Panamá reforzar combate al gusano barrenadorðŸŽ,https://puentelibre.mx/nacional/mexico-y-panama-refuerzan-combate-al-gusano-barrenador-con-control-biologico/,puentelibre.mx,es,,2026-07-15T21:45:00+00:00,2026-10-06T18:46:40+00:00,,gdelt_doc:panama,titular_metadatos,
N-f0dc0a3e07bc,Polaris Renewable Energy Q2 Earnings Call Highlights,https://finance.yahoo.com/energy/articles/polaris-renewable-energy-q2-earnings-110346785.html,finance.yahoo.com,en,,2026-08-02T12:45:00+00:00,2026-10-06T18:46:40+00:00,,gdelt_doc:logistica,titular_metadatos,
N-f0ec6ff0f33a,Erasmo González Robledo rinde Segundo Informe de Gobierno,https://horacero.com.mx/tamaulipas/erasmo-gonzalez-robledo-rinde-segundo-informe,horacero.com.mx,es,,2026-09-12T07:15:00+00:00,2026-10-06T18:46:40+00:00,,gdelt_doc:turismo,titular_metadatos,
N-f0f1aedc8fa1,"Viajes de vacaciones impulsan el turismo en Colombia : el 72 , 2 por ciento de las ventas de agencias corresponde a este segmento",https://www.eltiempo.com/vida/viajar/viajes-de-vacaciones-impulsan-el-turismo-en-colombia-el-72-2-por-ciento-de-las-ventas-de-agencias-corresponde-a-este-segmento-3574191,eltiempo.com,es,,2026-07-28T05:00:00+00:00,2026-10-06T18:46:40+00:00,,gdelt_doc:turismo,titular_metadatos,
N-f1213ce0b9ea,La Fiscalía apelará la absolución de un empresario por el asesinato de la periodista Daphne Caruana Galizia,https://www.diariosigloxxi.com/texto-ep/mostrar/20260904205848/fiscalia-apelara-absolucion-empresario-asesinato-periodista-daphne-caruana-galizia,diariosigloxxi.com,es,,2026-09-04T21:00:00+00:00,2026-10-06T18:46:40+00:00,,gdelt_doc:turismo,titular_metadatos,
N-f122f84948b8,"Presuntos militares estadounidenses habrían golpeado a un influencer mexicano en Panamá : Tengo fractura de nariz , de pómulo y varias lesiones",https://www.eltiempo.com/mundo/latinoamerica/presuntos-militares-estadounidenses-habrian-golpeado-a-un-influencer-mexicano-en-panama-tengo-fractura-de-nariz-de-pomulo-y-varias-lesiones-3583495,eltiempo.com,es,,2026-09-04T15:15:00+00:00,2026-10-06T18:46:40+00:00,,gdelt_doc:turismo,titular_metadatos,
N-f12faf441da6,"Winners in Colón , the Darién , and Panamá Oeste in the Regional Fiscal Lottery Draw .",https://newsroompanama.com/2026/08/20/winners-in-colon-the-darien-and-panama-oeste-in-the-regional-fiscal-lottery-draw/,newsroompanama.com,en,,2026-08-20T22:45:00+00:00,2026-10-06T18:46:40+00:00,,gdelt_doc:economia,titular_metadatos,
N-f14ce9ac4777,Toyota ya consiguió su RIGI y avanza con la mayor inversión en la historia de la industria automotriz argentina,https://www.cronista.com/negocios/toyota-ya-consiguio-su-rigi-y-avanza-con-la-mayor-inversion-en-la-historia-de-la-industria-automotriz-argentina/,cronista.com,es,,2026-09-30T22:45:00+00:00,2026-10-06T18:46:40+00:00,,gdelt_doc:economia,titular_metadatos,
N-f152595bc168,Panamá lidera exportaciones de servicios de Centroamérica,https://www.laestrella.com.pa/economia/panama-lidera-exportaciones-de-servicios-de-centroamerica-IC25502569,laestrella.com.pa,es,,2026-09-08T07:30:00+00:00,2026-10-06T18:46:40+00:00,,gdelt_doc:turismo,titular_metadatos,
N-f162561c06d3,Panama Canal Closes Bidding Round for New Terminals,https://www.riotimesonline.com/panama-canal-corozal-telfers-terminal-prequalification-bids-2026/,riotimesonline.com,en,,2026-07-11T12:45:00+00:00,2026-10-06T18:46:40+00:00,,gdelt_doc:logistica,titular_metadatos,
N-f170109a7894,La Nación / Concretan unión del puente del corredor Bioceánico,https://www.lanacion.com.py/negocios/2026/07/16/concretan-union-del-puente-del-corredor-bioceanico/,lanacion.com.py,es,,2026-07-16T12:00:00+00:00,2026-10-06T18:46:40+00:00,,gdelt_doc:logistica,titular_metadatos,
N-f178a2162401,"Panamá reduce su déficit fiscal , pero lo hace con menos inversión pública mientras persisten las presiones de la deuda y la CSS",https://www.infobae.com/panama/2026/07/29/panama-reduce-su-deficit-fiscal-pero-lo-hace-con-menos-inversion-publica-mientras-persisten-las-presiones-de-la-deuda-y-la-css/,infobae.com,es,,2026-07-29T21:45:00+00:00,2026-10-06T18:46:40+00:00,,gdelt_doc:economia,titular_metadatos,
N-f1a5f46a5002,Marco Rubio asegura que Donald Trump y la mandataria encargada de Venezuela hablaron de elecciones,https://www.diariolasamericas.com/america-latina/marco-rubio-asegura-que-donald-trump-y-la-mandataria-encargada-venezuela-hablaron-elecciones-n5402642,diariolasamericas.com,es,,2026-09-23T20:00:00+00:00,2026-10-06T18:46:40+00:00,,gdelt_doc:economia,titular_metadatos,
N-f1b40230c9b5,CEPANIM : MEF explica cómo evitar que el certificado sea inválido al momento de cobrarlo,https://www.telemetro.com/nacionales/cepanim-mef-explica-como-evitar-que-el-certificado-sea-invalido-al-momento-cobrarlo-n6092939,telemetro.com,es,,2026-09-25T00:00:00+00:00,2026-10-06T18:46:40+00:00,,gdelt_doc:economia,titular_metadatos,
N-f20a433e1ebd,"La Comisión de Presupuesto : poder , millones y cuentas pendientes",https://www.prensa.com/politica/la-comision-de-presupuesto-poder-millones-y-cuentas-pendientes/,prensa.com,es,,2026-07-12T10:00:00+00:00,2026-10-06T18:46:40+00:00,,gdelt_doc:economia,titular_metadatos,
N-f20da3bef317,Video : China blinda a sus empresas frente a presiones de otros países I EnClaveEconómica por Diario Gestión,https://www.deperu.com/tv/GoFDi7eF2mE.china-blinda-a-sus-empresas-frente-a-presiones-de-otros-paises-i-enclaveeconomica.UC1FZF46zaC26_CynNc786_g.html,deperu.com,es,,2026-07-28T15:00:00+00:00,2026-10-06T18:46:40+00:00,,gdelt_doc:economia,titular_metadatos,
N-f215b1a2ec32,Mulino y Noboa acuerdan extender el proyecto de interconexión eléctrica entre Panamá y Colombia hasta Ecuador,https://www.panamaamerica.com.pa/economia/mulino-y-noboa-acuerdan-extender-el-proyecto-de-interconexion-electrica-entre-panama-y,panamaamerica.com.pa,es,,2026-09-05T02:00:00+00:00,2026-10-06T18:46:40+00:00,,gdelt_doc:panama,titular_metadatos,
N-f221e7c7da5e,RD suscribe declaración con EE . UU . y otros 13 países para coordinar acciones contra 24 grupos narcoterroristas,https://acento.com.do/actualidad/rd-suscribe-declaracion-con-ee-uu-y-otros-13-paises-para-coordinar-acciones-contra-24-grupos-narcoterroristas-9758694.html,acento.com.do,es,,2026-09-24T22:15:00+00:00,2026-10-06T18:46:40+00:00,,gdelt_doc:economia,titular_metadatos,
N-f25dbf17744d,The sunhat is everywhere in Athens as crowds grow larger at ancient Greek sites,https://lancasteronline.com/news/world/the-sunhat-is-everywhere-in-athens-as-crowds-grow-larger-at-ancient-greek-sites/article_eeb0faba-3dd3-5851-8609-2a4cabbee13c.html,lancasteronline.com,en,,2026-08-24T02:30:00+00:00,2026-10-06T18:46:40+00:00,,gdelt_doc:turismo,titular_metadatos,
N-f26307bd94c0,A Benchmark for Digital Payments in Panama is Yappy Ambition to Become .,https://newsroompanama.com/2026/09/20/a-benchmark-for-digital-payments-in-panama-is-yappys-ambition-to-become/,newsroompanama.com,en,,2026-09-21T05:00:00+00:00,2026-10-06T18:46:40+00:00,,gdelt_doc:economia,titular_metadatos,
N-f27d8682e32b,República Dominicana con alta utilidad bancaria entre países,https://hoy.com.do/economia/republica-dominicana-alta-utilidad-bancaria-paises_1096706.html,hoy.com.do,es,,2026-07-29T06:00:00+00:00,2026-10-06T18:46:40+00:00,,gdelt_doc:economia,titular_metadatos,
N-f27ded7fa4f4,"Fish the Rodeo , Build the Reef : The PCB Fishing Rodeo Returns This October",https://www.wjhg.com/sponsored/pcb-fishing-rodeo/fish-rodeo-build-reef-pcb-fishing-rodeo-returns-this-october/,wjhg.com,en,,2026-08-29T09:30:00+00:00,2026-10-06T18:46:40+00:00,,gdelt_doc:economia,titular_metadatos,
N-f280f302cd4d,Baja tributación señalada por la OCDE se traduce en ahorro corriente negativo a junio 2026,https://www.laestrella.com.pa/economia/baja-tributacion-senalada-por-la-ocde-se-traduce-en-ahorro-corriente-negativo-a-junio-2026-OH24672419,laestrella.com.pa,es,,2026-08-06T23:00:00+00:00,2026-10-06T18:46:40+00:00,,gdelt_doc:logistica,titular_metadatos,
N-f28c1a833886,Ricaurte Vásquez se despide del Canal de Panamá destacando institucionalidad y retos futuros,https://www.laestrella.com.pa/economia/ricaurte-vasquez-se-despide-del-canal-de-panama-destacando-institucionalidad-y-retos-futuros-IM25383182,laestrella.com.pa,es,,2026-09-02T22:15:00+00:00,2026-10-06T18:46:40+00:00,,gdelt_doc:logistica,titular_metadatos,
N-f28c2acab88d,Experto advierte sobre los errores financieros que afectan negocios,https://www.elcaribe.com.do/panorama/dinero/experto-advierte-sobre-los-errores-financieros-que-afectan-negocios/,elcaribe.com.do,es,,2026-07-31T06:45:00+00:00,2026-10-06T18:46:40+00:00,,gdelt_doc:economia,titular_metadatos,
N-f2a66da99c0e,Discurso del presidente Mulino ante la ONU : Panamá pide el cese de las guerras y defiende el diálogo,https://www.telemetro.com/nacionales/discurso-del-presidente-mulino-la-onu-panama-pide-el-cese-las-guerras-y-defiende-el-dialogo-n6092775,telemetro.com,es,,2026-09-23T22:00:00+00:00,2026-10-06T18:46:40+00:00,,gdelt_doc:logistica,titular_metadatos,
N-f2b3aad41f13,Canal de Panamá trabaja para ampliar la capacidad de las esclusas Neopanamax,https://www.infobae.com/panama/2026/07/09/canal-de-panama-trabaja-para-ampliar-la-capacidad-de-las-esclusas-neopanamax/,infobae.com,es,,2026-07-09T18:30:00+00:00,2026-10-06T18:46:40+00:00,,gdelt_doc:logistica,titular_metadatos,
N-f2b9763fffc0,Panamá desmiente que buque con su bandera esté vinculado a investigación por pesca ilegal en Argentina,https://www.prensa.com/economia/panama-desmiente-que-buque-con-su-bandera-este-vinculado-a-investigacion-por-pesca-ilegal-en-argentina/,prensa.com,es,,2026-07-24T03:15:00+00:00,2026-10-06T18:46:40+00:00,,gdelt_doc:panama,titular_metadatos,
N-f2ec59e4a92c,Life - threatening storm surge feared as Tropical Storm Bertha nears the Gulf Coast,https://www.independent.co.uk/news/world/americas/bertha-gulf-coast-florida-fausto-surge-b3018628.html,independent.co.uk,en,,2026-07-21T09:15:00+00:00,2026-10-06T18:46:40+00:00,,gdelt_doc:eventos_naturales,titular_metadatos,
N-f2f8b1c54a79,Venezuela Visa and Residency 2026 Guide for Foreigners | The Rio Times,https://www.riotimesonline.com/venezuela-visa-residency/,riotimesonline.com,en,,2026-09-21T10:30:00+00:00,2026-10-06T18:46:40+00:00,,gdelt_doc:turismo,titular_metadatos,
N-f2f951931f6f,Morosidad bancaria en América Latina : que lugar ocupa Argentina en el ranking de créditos adeudados,https://www.rionegro.com.ar/economia/morosidad-bancaria-en-america-latina-que-lugar-ocupa-argentina-en-el-ranking-de-creditos-adeudados-4697448/,rionegro.com.ar,es,,2026-08-26T15:15:00+00:00,2026-10-06T18:46:40+00:00,,gdelt_doc:economia,titular_metadatos,
N-f30eaab5ce3e,El chavismo considera la presencia de Delcy Rodríguez en la ONU como una gran victoria - Mundo,https://www.abc.com.py/internacionales/2026/09/21/el-chavismo-considera-la-presencia-de-delcy-rodriguez-en-la-onu-como-una-gran-victoria/,abc.com.py,es,,2026-09-21T22:45:00+00:00,2026-10-06T18:46:40+00:00,,gdelt_doc:economia,titular_metadatos,
N-f320c58d46cc,El Gobierno andaluz saca a subasta solares e inmuebles sin uso para favorecer la construcción de casi 300 viviendas,https://www.larazon.es/andalucia/gobierno-andaluz-saca-subasta-solares-inmuebles-uso-favorecer-construccion-casi-300-viviendas_202609296abbc146d5f3ae10c737dd2e.html,larazon.es,es,,2026-09-29T14:30:00+00:00,2026-10-06T18:46:40+00:00,,gdelt_doc:economia,titular_metadatos,
N-f330f1a018d2,Panamá y Qatar estrechan lazos con la mira puesta en energía y negocios,https://www.critica.com.pa/sucesos/panama-y-qatar-estrechan-lazos-con-la-mira-puesta-en-energia-y-negocios-517304,critica.com.pa,es,,2026-10-01T02:00:00+00:00,2026-10-06T18:46:40+00:00,,gdelt_doc:economia,titular_metadatos,
N-f3982d6a82b1,El Niño Has Reached a Historical Magnitude . The UN Is Warning About The Impact To Latin American Economies .,https://www.ibtimes.com/el-nino-has-reached-historical-magnitude-un-warning-about-impact-latin-american-economies-3807812,ibtimes.com,en,,2026-09-23T20:15:00+00:00,2026-10-06T18:46:40+00:00,,gdelt_doc:economia,titular_metadatos,
N-f3ca742b8366,Panamá abandera a su delegación para los Juegos Codicader 2026,https://www.laestrella.com.pa/deportes/panama-abandera-a-su-delegacion-para-los-juegos-codicader-2026-ED25374617,laestrella.com.pa,es,,2026-09-02T22:15:00+00:00,2026-10-06T18:46:40+00:00,,gdelt_doc:panama,titular_metadatos,
N-f3ce024b015c,Estos son los mercados internacionales que más gasto turístico generan en Medellín,https://www.semana.com/turismo/articulo/estos-son-los-mercados-internacionales-que-mas-gasto-turistico-generan-en-medellin/202608/,semana.com,es,,2026-07-23T01:00:00+00:00,2026-10-06T18:46:40+00:00,,gdelt_doc:economia,titular_metadatos,
N-f3d33a1609b0,Canal de Panamá aumenta a 33 los tránsitos diarios y a 49 pies el calado máximo,https://www.prensa.com/economia/canal-de-panama-aumenta-a-33-los-transitos-diarios-y-a-49-pies-el-calado-maximo/,prensa.com,es,,2026-09-28T18:45:00+00:00,2026-10-06T18:46:40+00:00,,gdelt_doc:logistica,titular_metadatos,
N-f3f5b94131f5,Cancillería de Panamá presenta proyecto para ingresar a la Agencia Latinoamericana del Espacio,https://www.telemetro.com/nacionales/cancilleria-panama-presenta-proyecto-ingresar-la-agencia-latinoamericana-del-espacio-n6093696,telemetro.com,es,,2026-10-01T17:30:00+00:00,2026-10-06T18:46:40+00:00,,gdelt_doc:panama,titular_metadatos,
N-f406319b7638,Guterres recibe a Delcy Rodríguez antes de reunión con Trump y de intervenir en la ONU,https://www.elheraldo.co/mundo/2026/09/21/guterres-recibe-a-delcy-rodriguez-antes-de-reunion-con-trump-y-de-intervenir-en-la-onu/,elheraldo.co,es,,2026-09-22T00:00:00+00:00,2026-10-06T18:46:40+00:00,,gdelt_doc:economia,titular_metadatos,
N-f41a44063189,Cancilleres de Ecuador y Panamá se reúnen en Guayaquil para firmar acuerdos y avanzar en relación bilateral,https://www.eluniverso.com/noticias/politica/cancilleres-de-ecuador-y-panama-se-reunen-en-guayaquil-para-firmar-acuerdos-y-avanzar-en-relacion-bilateral-nota/,eluniverso.com,es,,2026-09-04T18:15:00+00:00,2026-10-06T18:46:40+00:00,,gdelt_doc:economia,titular_metadatos,
N-f42758ca3ca4,Sequías en el centro y temporales en el sur : El Niño empieza a mostrar sus múltiples caras en América Latina | América Futura,https://elpais.com/america-futura/2026-08-31/sequias-en-el-centro-y-temporales-en-el-sur-el-nino-empieza-a-mostrar-sus-multiples-caras-en-america-latina.html,elpais.com,es,,2026-08-31T20:45:00+00:00,2026-10-06T18:46:40+00:00,,gdelt_doc:economia,titular_metadatos,
N-f42f56de53f9,Colón se prepara para su IV Feria Internacional del Libro,https://www.diaadia.com.pa/el-pais/colon-se-prepara-para-su-iv-feria-internacional-del-libro-791479,diaadia.com.pa,es,,2026-09-06T00:30:00+00:00,2026-10-06T18:46:40+00:00,,gdelt_doc:turismo,titular_metadatos,
N-f438e3150339,"Solo dos ciudades de Centroamérica están entre las mejores 300 del mundo , según ranking",https://www.nacion.com/economia/solo-dos-ciudades-de-centroamerica-estan-entre-las/RB4G6GS7C5H4PAZJXMNR4LIJGI/story/,nacion.com,es,,2026-10-01T18:30:00+00:00,2026-10-06T18:46:40+00:00,,gdelt_doc:economia,titular_metadatos,
N-f44212f58b60,"Tropical Storm Bertha Strengthens , Top Winds 60",https://beat1053.iheart.com/content/2026-07-21-tropical-storm-bertha-strengthens-top-winds-60/,beat1053.iheart.com,en,,2026-07-21T20:00:00+00:00,2026-10-06T18:46:40+00:00,,gdelt_doc:eventos_naturales,titular_metadatos,
N-f44ec3e75f96,Semana de receso 2026 : así están cambiando los destinos que eligen los colombianos,https://www.elespectador.com/turismo/semana-de-receso-2026-asi-estan-cambiando-los-destinos-que-eligen-los-colombianos/,elespectador.com,es,,2026-10-01T23:45:00+00:00,2026-10-06T18:46:40+00:00,,gdelt_doc:turismo,titular_metadatos,
N-f4557734ae31,Panameños reducen sus comidas diarias por falta de dinero,https://www.hispantv.com/noticias/panama/661502/reducen-comidas-diarias-falta-dinero,hispantv.com,es,,2026-10-02T03:00:00+00:00,2026-10-06T18:46:40+00:00,,gdelt_doc:panama,titular_metadatos,
N-f4654d2e5cad,Rector apuesta por la innovación,https://www.panamaamerica.com.pa/sociedad/rector-apuesta-por-la-innovacion-1266880,panamaamerica.com.pa,es,,2026-09-30T07:45:00+00:00,2026-10-06T18:46:40+00:00,,gdelt_doc:economia,titular_metadatos,
N-f495f8796382,Acciones para fortalecer la relación bilateral entre ambos países,http://www.elmanana.com/noticias/nacional/acciones-para-fortalecer-la-relacion-bilateral-entre-ambos-paises/6160752,elmanana.com,es,,2026-07-15T08:15:00+00:00,2026-10-06T18:46:40+00:00,,gdelt_doc:panama,titular_metadatos,
N-f49f54577fdf,"Bolivia requiere contar con socios estratégicos para la atracción de inversiones , dice analista",https://noticiaslatam.lat/20260924/bolivia-requiere-contar-con-socios-estrategicos-para-la-atraccion-de-inversiones-dice-analista-1175172431.html,noticiaslatam.lat,es,,2026-09-24T02:45:00+00:00,2026-10-06T18:46:40+00:00,,gdelt_doc:turismo,titular_metadatos,
N-f4a20115fe00,First Quantum se abre a negociar de buena fe con Panamá el futuro de Cobre Panamá,https://www.diaadia.com.pa/el-pais/first-quantum-se-abre-negociar-de-buena-fe-con-panama-el-futuro-de-cobre-panama-791814,diaadia.com.pa,es,,2026-10-01T00:30:00+00:00,2026-10-06T18:46:40+00:00,,gdelt_doc:logistica,titular_metadatos,
N-f4d2d7c45705,Se define la sede de los Juegos Panamericanos Junior 2029 : Rosario es candidata junto a Ciudad de Guatemala y Panamá,https://www.rosario3.com/deportes/se-define-la-sede-de-los-juegos-panamericanos-junior-2029-rosario-es-candidata-junto-a-ciudad-de-guatemala-y-panama-20260828-0058.html,rosario3.com,es,,2026-08-28T18:30:00+00:00,2026-10-06T18:46:40+00:00,,gdelt_doc:panama,titular_metadatos,
N-f4de939c84fe,"Soggy northern half of Florida , heat advisories for South Florida",https://www.wuft.org/weather/2026-07-14/soggy-northern-half-of-florida-heat-advisories-for-south-florida,wuft.org,en,,2026-07-14T18:15:00+00:00,2026-10-06T18:46:40+00:00,,gdelt_doc:eventos_naturales,titular_metadatos,
N-f51293fbee49,Panapark Free Zone lidera el modelo de Zona Franca 4 . 0 en Panamá | La Prensa Panamá,https://www.prensa.com/contenido-de-marcas/panapark-free-zone-lidera-el-modelo-de-zona-franca-40-en-panama/,prensa.com,es,,2026-09-23T07:45:00+00:00,2026-10-06T18:46:40+00:00,,gdelt_doc:economia,titular_metadatos,
N-f51a4ddc96a5,"La Presidenta Claudia Sheinbaum recibe en Palacio Nacional al presidente de Panamá , José Raúl Mulino Quintero",https://www.excelsior.com.mx/nacional/presidenta-claudia-sheinbaum-recibe-palacio-nacional-presidente-panama-jose-raul-mulino-quintero,excelsior.com.mx,es,,2026-07-15T20:30:00+00:00,2026-10-06T18:46:40+00:00,,gdelt_doc:economia,titular_metadatos,
N-f520389d7f99,"El paraíso del Caribe que eligen las celebridades por sus playas , naturaleza y gastronomía de lujo",https://www.ambito.com/lifestyle/el-paraiso-del-caribe-que-eligen-las-celebridades-sus-playas-naturaleza-y-gastronomia-lujo-n6316813,ambito.com,es,,2026-09-06T00:45:00+00:00,2026-10-06T18:46:40+00:00,,gdelt_doc:turismo,titular_metadatos,
N-f524598928e7,Video : Santiago Peña arribó al Perú para participar en la ceremonia de transmisión del mando presidencial por Radio Nacional,https://www.deperu.com/tv/_RGhl8h5n88.santiago-pena-arribo-al-peru-para-participar-en-la-ceremonia-de-transmision-del-mando-presidencial.UCVW7J-lF26d3G3X8i2zmKow.html,deperu.com,es,,2026-07-28T09:30:00+00:00,2026-10-06T18:46:40+00:00,,gdelt_doc:economia,titular_metadatos,
N-f52fc93bbf04,SENACYT presenta plan para impulsar la Inteligencia Artificial y la industria de semiconductores en Panamá,https://www.telemetro.com/senacyt-presenta-plan-impulsar-la-inteligencia-artificial-y-la-industria-semiconductores-panama-n6086827,telemetro.com,es,,2026-07-30T16:30:00+00:00,2026-10-06T18:46:40+00:00,,gdelt_doc:economia,titular_metadatos,
N-f531664f88d6,Kast defendió la adhesión de Chile al Escudo de las Américas : No perderemos soberanía,https://www.infobae.com/america/america-latina/2026/09/25/kast-defendio-la-adhesion-de-chile-al-escudo-de-las-americas-no-perderemos-soberania/,infobae.com,es,,2026-09-25T06:45:00+00:00,2026-10-06T18:46:40+00:00,,gdelt_doc:economia,titular_metadatos,
N-f5411fad5792,Primera lista de previsiones - Noticias Prensa Latina,https://www.prensa-latina.cu/2026/09/21/primera-lista-de-previsiones/,prensa-latina.cu,es,,2026-09-21T05:00:00+00:00,2026-10-06T18:46:40+00:00,,gdelt_doc:economia,titular_metadatos,
N-f568da84535d,Ilya Espino al frente del Canal de Panamá : las claves de su primer discurso,https://www.laestrella.com.pa/panama/nacional/ilya-espino-al-frente-del-canal-de-panama-las-claves-de-su-primer-discurso-GL25485641,laestrella.com.pa,es,,2026-09-07T17:30:00+00:00,2026-10-06T18:46:40+00:00,,gdelt_doc:logistica,titular_metadatos,
N-f596ec82d2b6,¿ Por qué El Niño golpea la operación del canal de Panamá ?,https://eju.tv/2026/09/por-que-el-nino-golpea-la-operacion-del-canal-de-panama/,eju.tv,es,,2026-09-04T00:45:00+00:00,2026-10-06T18:46:40+00:00,,gdelt_doc:logistica,titular_metadatos,
N-f602da093a89,El embarazo adolescente en Cuba : Soy una niña aprendiendo a ser mamá,https://efe.com/salud/2026-08-26/cuba-embarazo-adolescente-ninas-aprenden-a-ser-mama/,efe.com,es,,2026-08-26T15:00:00+00:00,2026-10-06T18:46:40+00:00,,gdelt_doc:turismo,titular_metadatos,
N-f608cf6f9266,Preview - Asamblea de Panamá,https://www.asamblea.gob.pa/Noticias/Legislativa/PRESENTAN-PROPUESTA-PARA-UNIFICAR-PROCEDIMIENTOS-DE-CONSTRUCCION,asamblea.gob.pa,es,,2026-07-13T21:30:00+00:00,2026-10-06T18:46:40+00:00,,gdelt_doc:economia,titular_metadatos,
N-f62d5e24d168,Panamá presenta marca país para atraer inversiones y turismo,https://www.diariolasamericas.com/america-latina/panama-presenta-marca-pais-atraer-inversiones-y-turismo-n5401363,diariolasamericas.com,es,,2026-08-29T15:00:00+00:00,2026-10-06T18:46:40+00:00,,gdelt_doc:panama,titular_metadatos,
N-f63259a11c73,Canal de Panamá reduce el tránsito de buques por El Niño : ¿ qué significa para el país ?,https://www.telemetro.com/nacionales/canal-panama-reduce-el-transito-buques-el-nino-que-significa-el-pais-n6090876,telemetro.com,es,,2026-09-05T18:00:00+00:00,2026-10-06T18:46:40+00:00,,gdelt_doc:economia,titular_metadatos,
N-f6419436f913,El Malecón de Guayaquil dice adiós a dos lugares que marcaron generaciones,https://www.expreso.ec/guayaquil/guayaquil-malecon-dice-adios-resaca-mercado-del-rio-lugares-marcaron-generaciones-291002.html,expreso.ec,es,,2026-07-31T02:45:00+00:00,2026-10-06T18:46:40+00:00,,gdelt_doc:turismo,titular_metadatos,
N-f64b27d295ca,Periodista de La Prensa gana el Premio Palma de Oro por su investigación sobre las amenazas costeras en Panamá,https://www.prensa.com/vivir/periodista-de-la-prensa-gana-el-premio-palma-de-oro-por-su-investigacion-sobre-las-amenazas-costeras-en-panama/,prensa.com,es,,2026-09-23T19:45:00+00:00,2026-10-06T18:46:40+00:00,,gdelt_doc:economia,titular_metadatos,
N-f663723ab45c,María Ossa frente al Ejército de Estados Unidos : la historia de la calzada de Amador,https://www.prensa.com/historias/maria-ossa-frente-al-ejercito-de-estados-unidos-la-historia-de-la-calzada-de-amador/,prensa.com,es,,2026-09-01T07:30:00+00:00,2026-10-06T18:46:40+00:00,,gdelt_doc:panama,titular_metadatos,
N-f6901f266db0,Sydney Harbour to Antarctica : 10 ultimate cruise moments | Newcastle Herald,https://www.newcastleherald.com.au/story/9349631/sydney-harbour-to-antarctica-10-ultimate-cruise-moments/,newcastleherald.com.au,en,,2026-09-27T21:45:00+00:00,2026-10-06T18:46:40+00:00,,gdelt_doc:logistica,titular_metadatos,
N-f695a058a088,Aprueban $26 . 3 millones para frenar el alza de combustibles y proteger la economía en Panamá,https://www.panamaamerica.com.pa/economia/aprueban-263-millones-para-frenar-el-alza-de-combustibles-y-proteger-la-economia-en-panama,panamaamerica.com.pa,es,,2026-09-04T03:00:00+00:00,2026-10-06T18:46:40+00:00,,gdelt_doc:economia,titular_metadatos,
N-f6a2219b1982,EEUU trabaja para celebrar pronto elecciones en Venezuela | Noticias Diario de Ávila,https://www.diariodeavila.es/noticia/zebc0f513-9c77-41e3-9dd591ce0e1953a4/202609/eeuu-trabaja-para-celebrar-pronto-elecciones-en-venezuela,diariodeavila.es,es,,2026-09-29T12:45:00+00:00,2026-10-06T18:46:40+00:00,,gdelt_doc:economia,titular_metadatos,
N-f6a5252fc916,"Mulino y medio gabinete despachan desde Nueva York , con motivo de la Asamblea General de la ONU",https://www.prensa.com/politica/mulino-y-medio-gabinete-despachan-desde-nueva-york-con-motivo-de-la-asamblea-general-de-la-onu/,prensa.com,es,,2026-09-23T03:30:00+00:00,2026-10-06T18:46:40+00:00,,gdelt_doc:economia,titular_metadatos,
N-f6bb89e23e31,Tropical Storm Bertha stationary near Florida Panhandle,https://www.sun-sentinel.com/2026/07/19/tropical-storm-bertha/,sun-sentinel.com,en,,2026-07-21T03:30:00+00:00,2026-10-06T18:46:40+00:00,,gdelt_doc:eventos_naturales,titular_metadatos,
N-f6c1feab7f85,La panameña Jazzy World se reencuentra con Tom Holland y él la recuerda,https://www.critica.com.pa/show/la-panamena-jazzys-world-se-reencuentra-con-tom-holland-y-el-la-recuerda-513681,critica.com.pa,es,,2026-07-29T17:30:00+00:00,2026-10-06T18:46:40+00:00,,gdelt_doc:logistica,titular_metadatos,
N-f6c6fb0ca34a,Panamá saldría en octubre de la lista de paraísos fiscales de la Unión Europea,https://www.panamaamerica.com.pa/economia/panama-saldria-en-octubre-de-la-lista-de-paraisos-fiscales-de-la-union-europea-1266828,panamaamerica.com.pa,es,,2026-09-28T22:45:00+00:00,2026-10-06T18:46:40+00:00,,gdelt_doc:panama,titular_metadatos,
N-f6cba892668a,El Salvador es un buen ejemplo de la multimoneda,https://finanzasdigital.com/dolarizacion-el-salvador/,finanzasdigital.com,es,,2026-07-27T21:15:00+00:00,2026-10-06T18:46:40+00:00,,gdelt_doc:economia,titular_metadatos,
N-f709593a9354,Mulino celebra nueva red de cables submarinos de Google,https://www.critica.com.pa/nacional/mulino-celebra-nueva-red-de-cables-submarinos-de-google-514462,critica.com.pa,es,,2026-08-12T01:30:00+00:00,2026-10-06T18:46:40+00:00,,gdelt_doc:economia,titular_metadatos,
N-f71d04c62ca7,Chapman reacciona a las evaluaciones de Fitch : La confianza en Panamá se mantiene,https://www.laestrella.com.pa/economia/chapman-reacciona-a-las-evaluaciones-de-fitch-la-confianza-en-panama-se-mantiene-AD24270725,laestrella.com.pa,es,,2026-07-21T22:00:00+00:00,2026-10-06T18:46:40+00:00,,gdelt_doc:panama,titular_metadatos,
N-f71fe96d46f5,Panamá rechaza informe internacional sobre contrabando y lavado de activos en zona franca,https://www.diariolasamericas.com/america-latina/panama-rechaza-informe-internacional-contrabando-y-lavado-activos-zona-franca-n5398677,diariolasamericas.com,es,,2026-07-11T22:30:00+00:00,2026-10-06T18:46:40+00:00,,gdelt_doc:logistica,titular_metadatos,
N-f732586c679f,EL DÍA - Noticias de Bolivia para el mundo,https://www.eldia.com.bo/2026-09-20/opinion/cartuchos-de-harina/no-somos-de-gran-interes-para-la-cia-pero.html,eldia.com.bo,es,,2026-09-20T19:00:00+00:00,2026-10-06T18:46:40+00:00,,gdelt_doc:economia,titular_metadatos,
N-f75ac3d6de18,Exoneración del ITBI en viviendas nuevas queda a la espera de la sanción del Ejecutivo,https://www.laestrella.com.pa/economia/exoneracion-del-itbi-en-viviendas-nuevas-queda-a-la-espera-de-la-sancion-del-ejecutivo-OE25218204,laestrella.com.pa,es,,2026-08-27T21:45:00+00:00,2026-10-06T18:46:40+00:00,,gdelt_doc:economia,titular_metadatos,
N-f76d4a5df556,Community - Centered Connectivity Initiatives Earn Viddy Awards Recognition,https://www.internetsociety.org/blog/2026/06/community-centered-connectivity-initiatives-earn-viddy-awards-recognition/,internetsociety.org,en,,2026-09-03T16:15:00+00:00,2026-10-06T18:46:40+00:00,,gdelt_doc:turismo,titular_metadatos,
N-f77e5c101aa8,"Cuarto Puente : colocan 1 , 600 metros cúbicos de concreto en una de sus torres",https://www.laestrella.com.pa/panama/nacional/cuarto-puente-colocan-1600-metros-cubicos-de-concreto-en-una-de-sus-torres-OB24615784,laestrella.com.pa,es,,2026-08-04T20:30:00+00:00,2026-10-06T18:46:40+00:00,,gdelt_doc:logistica,titular_metadatos,
N-f78105bb2177,Las pérdidas de la patrimonial de Riquelme y su marcha a Panamá : ¿ dónde está el impacto fiscal ?,https://www.economiadigital.es/empresas/perdidas-patrimonial-riquelme-marcha-panama-impacto-fiscal.html,economiadigital.es,es,,2026-09-20T08:00:00+00:00,2026-10-06T18:46:40+00:00,,gdelt_doc:economia,titular_metadatos,
N-f7822ad4fdf2,Panamá busca atraer nuevas inversiones en cables submarinos,https://www.prensa.com/economia/panama-busca-atraer-nuevas-inversiones-en-cables-submarinos/,prensa.com,es,,2026-07-29T00:45:00+00:00,2026-10-06T18:46:40+00:00,,gdelt_doc:economia,titular_metadatos,
N-f791f6c5fa8f,El gigante invisible del turismo : el MICE ya equivale a la 16 . ª economía mundial,https://www.caribbeannewsdigital.com/es/linea-abierta/el-gigante-invisible-del-turismo-el-mice-ya-equivale-la-16a-economia-mundial,caribbeannewsdigital.com,es,,2026-07-28T17:15:00+00:00,2026-10-06T18:46:40+00:00,,gdelt_doc:turismo,titular_metadatos,
N-f797a8b2ac46,Liga de Naciones UEFA resultados| Francia e Italia afianzan sus nuevos proyectos ante Bélgica y Turquía,https://www.tvn-2.com/tvmax/futbol-internacional/liga-de-naciones-uefa-resultados-francia-italia-belgica-turquia-futbol_1_2264492.html,tvn-2.com,es,2026-10-05T23:20:04+00:00,,2026-10-06T18:46:40+00:00,,tvn_rss,titular_metadatos,
N-f7b489140649,Chapman evalúa con comerciantes de Coclé impacto del cierre de la mina,https://www.critica.com.pa/nacional/chapman-evalua-con-comerciantes-de-cocle-impacto-del-cierre-de-la-mina-515052,critica.com.pa,es,,2026-08-22T00:30:00+00:00,2026-10-06T18:46:40+00:00,,gdelt_doc:economia,titular_metadatos,
N-f7b93c7ec6c5,"WA Surfing Culture Project : Value , Manage , Protect",https://www.miragenews.com/wa-surfing-culture-project-value-manage-protect-1720547/,miragenews.com,en,,2026-08-03T04:45:00+00:00,2026-10-06T18:46:40+00:00,,gdelt_doc:turismo,titular_metadatos,
N-f7c22d39e35e,Tropical Storm Bertha in the Gulf of Mexico moving toward Florida Panhandle and Alabama,http://www.thegazette.com/news/national/tropical-storm-bertha-in-the-gulf-of-mexico-moving-toward-florida-panhandle-and-alabama/article_8ac2b302-3ea4-5a81-b172-97a6e3b37894.html,thegazette.com,en,,2026-07-21T10:15:00+00:00,2026-10-06T18:46:40+00:00,,gdelt_doc:eventos_naturales,titular_metadatos,
N-f7eb3fff502a,Preview - Asamblea de Panamá,https://www.asamblea.gob.pa/Noticias/Actualidad/SE-INICIA-CALENDARIO--DE-VISTAS-PRESUPUESTARIAS-2027,asamblea.gob.pa,es,,2026-08-18T05:45:00+00:00,2026-10-06T18:46:40+00:00,,gdelt_doc:economia,titular_metadatos,
N-f7f10c5b61f4,Panama Declares Emergency Over El Niño,https://www.deccanchronicle.com/world/panama-declares-emergency-over-el-nio-1982346,deccanchronicle.com,en,,2026-08-26T04:30:00+00:00,2026-10-06T18:46:40+00:00,,gdelt_doc:logistica,titular_metadatos,
N-f815810bea42,El Niño - caused drought is likely to raise prices on consumers,https://edition.cnn.com/2026/08/21/climate/el-nino-panama-canal-drought-price-increase-consumers,edition.cnn.com,en,,2026-08-21T13:30:00+00:00,2026-10-06T18:46:40+00:00,,gdelt_doc:logistica,titular_metadatos,
N-f824f8cf08df,Mulino busca atraer inversión internacional durante encuentro financiero en Nueva York,https://www.laestrella.com.pa/economia/mulino-busca-atraer-inversion-internacional-durante-encuentro-financiero-en-nueva-york-DL25950003,laestrella.com.pa,es,,2026-09-24T18:45:00+00:00,2026-10-06T18:46:40+00:00,,gdelt_doc:logistica,titular_metadatos,
N-f82910448304,Demandarán a fiscales en caso Panama Papers,https://www.critica.com.pa/nacional/demandaran-fiscales-en-caso-panama-papers-516213,critica.com.pa,es,,2026-09-11T09:00:00+00:00,2026-10-06T18:46:40+00:00,,gdelt_doc:economia,titular_metadatos,
N-f832130ec0a2,Panama Canal To Cap Daily Transits,https://www.marinelink.com/news/panama-canal-cap-daily-transits-542311,marinelink.com,en,,2026-08-21T01:15:00+00:00,2026-10-06T18:46:40+00:00,,gdelt_doc:logistica,titular_metadatos,
N-f8490ae901e0,Weather warnings as tropical depression develops along US Gulf coast,https://www.yahoo.com/news/weather-news/articles/weather-warnings-tropical-depression-develops-165504672.html,yahoo.com,en,,2026-07-21T01:15:00+00:00,2026-10-06T18:46:40+00:00,,gdelt_doc:eventos_naturales,titular_metadatos,
N-f84c77f1c5f6,National Security Experts : Trump Has Strengthened U . S . Positition v China,https://www.breitbart.com/national-security/2026/09/23/exclusive-national-security-experts-say-trump-has-strengthened-u-s-position-ahead-of-xi-summit/,breitbart.com,en,,2026-09-24T04:15:00+00:00,2026-10-06T18:46:40+00:00,,gdelt_doc:logistica,titular_metadatos,
N-f84e153908b1,Hurricane Fausto forms in the eastern Pacific,https://www.koat.com/article/hurricane-fausto-eastern-pacific/73198209,koat.com,en,,2026-07-21T09:15:00+00:00,2026-10-06T18:46:40+00:00,,gdelt_doc:eventos_naturales,titular_metadatos,
N-f8583771bd81,"Enel Codensa cambia de gerente general : Bruno Riga , nueva cabeza del negocio",https://www.pulzo.com/economia/enel-codensa-cambia-gerente-general-bruno-riga-nueva-cabeza-negocio-PP5260879A,pulzo.com,es,,2026-07-31T01:30:00+00:00,2026-10-06T18:46:40+00:00,,gdelt_doc:economia,titular_metadatos,
N-f861f99b5f2d,India - Panama Ties Strengthen as Envoy Seth Bids Farewell,https://www.newkerala.com/news/a/indian-ambassador-sumit-seth-bids-farewell-panama-president-444.htm,newkerala.com,en,,2026-08-06T20:15:00+00:00,2026-10-06T18:46:40+00:00,,gdelt_doc:economia,titular_metadatos,
N-f87c66515c2f,Alyiah Lide logra oro en gimnasia y Panamá alista su cierre en Santo Domingo 2026,https://www.laestrella.com.pa/deportes/mas-deportes/alyiah-lide-logra-oro-en-gimnasia-y-panama-alista-su-cierre-en-santo-domingo-2026-MI24685449,laestrella.com.pa,es,,2026-08-07T01:00:00+00:00,2026-10-06T18:46:40+00:00,,gdelt_doc:logistica,titular_metadatos,
N-f893fc5780c8,Union Minister Piyush Goyal meets Panama FM Vasquez to deepen India - Panama partnership,https://news.webindia123.com/news/Articles/World/20260723/4478043.html,news.webindia123.com,en,,2026-07-23T01:00:00+00:00,2026-10-06T18:46:40+00:00,,gdelt_doc:logistica,titular_metadatos,
N-f897370242fc,Comienzan en Panamá ejercicios militares con 21 países y la mira puesta en el Canal,https://www.prensa.com/politica/comienzan-en-panama-ejercicios-militares-con-21-paises-y-la-mira-puesta-en-el-canal/,prensa.com,es,,2026-08-03T21:30:00+00:00,2026-10-06T18:46:40+00:00,,gdelt_doc:economia,titular_metadatos,
N-f8bb676994b4,Chapman sustenta el presupuesto 2027 a la Asamblea : diputados inician evaluación,https://www.laestrella.com.pa/economia/chapman-sustenta-el-presupuesto-2027-a-la-asamblea-diputados-inician-evaluacion-NO24808858,laestrella.com.pa,es,,2026-08-11T19:45:00+00:00,2026-10-06T18:46:40+00:00,,gdelt_doc:economia,titular_metadatos,
N-f8bbd9cbb65f,Panamá enfrentará a India en histórica visita,https://www.midiario.com/deportivas/panama-enfrentara-a-india-en-historica-visita/,midiario.com,es,,2026-08-25T18:00:00+00:00,2026-10-06T18:46:40+00:00,,gdelt_doc:logistica,titular_metadatos,
N-f8bf4dc63fdd,TVN Media oficializa su patrocinio de la Feria Internacional del Libro de Panamá,https://www.tvn-2.com/gente-tvn/tvn-media-oficializa-patrocinio-feria_1_2250436.html,tvn-2.com,es,2026-07-10T20:03:53+00:00,,2026-10-06T18:46:40+00:00,,tvn_rss,titular_metadatos,
N-f8c0978640d0,Gran Retto 2026 cierra con éxito y fortalece el vínculo turístico entre México y Cuba • PDCC,https://newsinamerica.com/pdcc/boletin/2026/gran-retto-2026-cierra-con-exito-y-fortalece-el-vinculo-turistico-entre-mexico-y-cuba/,newsinamerica.com,es,,2026-09-21T22:30:00+00:00,2026-10-06T18:46:40+00:00,,gdelt_doc:turismo,titular_metadatos,
N-f927e2dcce75,Noticia : Salta suma vuelos desde Panamá para potenciar la llegada de turistas este verano,https://www.salta.gob.ar/prensa/noticias/salta-suma-vuelos-desde-panama-para-potenciar-la-llegada-de-turistas-este-verano-109401,salta.gob.ar,es,,2026-08-08T03:15:00+00:00,2026-10-06T18:46:40+00:00,,gdelt_doc:turismo,titular_metadatos,
N-f94466965d96,Panamá anuncia segunda veda del camarón,https://www.prensa.com/economia/panama-anuncia-segunda-veda-del-camaron/,prensa.com,es,,2026-08-15T13:45:00+00:00,2026-10-06T18:46:40+00:00,,gdelt_doc:economia,titular_metadatos,
N-f94e1ce04500,"Seabirds , silting and salt : Photos show some of the early effects of El Niño",https://www.cbc.ca/news/world/el-nino-effects-drought-storm-surge-weather-9.7326585,cbc.ca,en,,2026-08-31T19:30:00+00:00,2026-10-06T18:46:40+00:00,,gdelt_doc:logistica,titular_metadatos,
N-f98c6fec6302,Científicos se reúnen en Panamá para estudiar los océanos,https://www.metro.pr/noticias/2026/09/22/cientificos-se-reunen-en-panama-para-estudiar-los-oceanos/,metro.pr,es,,2026-09-22T04:30:00+00:00,2026-10-06T18:46:40+00:00,,gdelt_doc:economia,titular_metadatos,
N-f9daccad45cc,The sunhat is everywhere in Athens as crowds grow larger at ancient sites,https://www.mykxlg.com/news/world/the-sunhat-is-everywhere-in-athens-as-crowds-grow-larger-at-ancient-sites/article_65d98377-b724-51a7-adcb-91b940fcaba1.html,mykxlg.com,en,,2026-08-23T13:30:00+00:00,2026-10-06T18:46:40+00:00,,gdelt_doc:turismo,titular_metadatos,
N-fa32fb204077,"Pajaro Valley orchard days | Ross Eric Gibson , Local History",https://www.santacruzsentinel.com/2026/09/20/pajaro-valley-orchard-days-ross-eric-gibson-local-history/,santacruzsentinel.com,en,,2026-09-20T21:00:00+00:00,2026-10-06T18:46:40+00:00,,gdelt_doc:eventos_naturales,titular_metadatos,
N-fa52d30a2626,"Tropical Storm Bertha strengthens , moves toward Florida Panhandle and Alabama",https://www.12onyourside.com/2026/07/21/tropical-storm-bertha-strengthens-moves-toward-florida-panhandle-alabama/,12onyourside.com,en,,2026-07-21T18:00:00+00:00,2026-10-06T18:46:40+00:00,,gdelt_doc:eventos_naturales,titular_metadatos,
N-fa5f7bb6b65e,Cepanim y Cepadem : prohijan anteproyecto que plantea tope de 10 % al descuento,https://www.laestrella.com.pa/panama/nacional/cepanim-y-cepadem-prohijan-anteproyecto-que-plantea-tope-de-10-al-descuento-JN24921585,laestrella.com.pa,es,,2026-08-15T21:30:00+00:00,2026-10-06T18:46:40+00:00,,gdelt_doc:economia,titular_metadatos,
N-fa628b1c9640,Presidente Mulino se reúne con Slim y una veintena de empresarios en México,https://www.revistaeyn.com/centroamericaymundo/presidente-mulino-se-reune-con-slim-y-una-veintena-de-empresarios-en-mexico-GE31425407,revistaeyn.com,es,,2026-07-16T20:15:00+00:00,2026-10-06T18:46:40+00:00,,gdelt_doc:logistica,titular_metadatos,
N-fa6ddfd49bfd,Zoológico de Maryland ayuda a salvar a rana dorada panameña 2026,https://latinopinionbaltimore.com/zoologico-de-maryland-ayuda-a-salvar-a-rana-dorada-panamena/,latinopinionbaltimore.com,es,,2026-07-28T22:45:00+00:00,2026-10-06T18:46:40+00:00,,gdelt_doc:economia,titular_metadatos,
N-fa6f82e3f697,El comercio mundial enfrenta otro cuello de botella en el Canal de Panamá,https://www.semana.com/economia/empresas/articulo/el-comercio-mundial-enfrenta-otro-cuello-de-botella-en-el-canal-de-panama/202609/,semana.com,es,,2026-07-22T00:15:00+00:00,2026-10-06T18:46:40+00:00,,gdelt_doc:logistica,titular_metadatos,
N-fa8674fa47b3,Canal de Panamá reducirá tránsito de buques debido al Niño,https://www.dw.com/es/canal-de-panam%C3%A1-reducir%C3%A1-tr%C3%A1nsito-de-buques-debido-al-fen%C3%B3meno-de-el-ni%C3%B1o/a-78451733,dw.com,es,,2026-08-21T03:00:00+00:00,2026-10-06T18:46:40+00:00,,gdelt_doc:logistica,titular_metadatos,
N-fa8af19563a8,Reunión Sheinbaum y Mulino : Economía y neutralidad de Canal de Panamá serán temas,https://www.revistaeyn.com/centroamericaymundo/reunion-sheinbaum-y-mulino-economia-y-neutralidad-de-canal-de-panama-seran-temas-AH31412255,revistaeyn.com,es,,2026-07-15T21:00:00+00:00,2026-10-06T18:46:40+00:00,,gdelt_doc:economia,titular_metadatos,
N-fa96d15693c7,Decir yo soy de Panamá era una cosa tremenda : Mariana España destaca en India y alcanzó el primer lugar,https://www.telemetro.com/nacionales/decir-yo-soy-panama-era-una-cosa-tremenda-mariana-espana-destaca-india-y-alcanzo-el-primer-lugar-n6093431,telemetro.com,es,,2026-09-29T22:00:00+00:00,2026-10-06T18:46:40+00:00,,gdelt_doc:panama,titular_metadatos,
N-fabf4efd8382,Yusneiry Agrazal gana bronce y Panamá alcanza otra medalla en los Juegos Suramericanos,https://www.midiario.com/deportivas/yusneiry-agrazal-gana-bronce-y-panama-alcanza-otra-medalla-en-los-juegos-suramericanos/,midiario.com,es,,2026-09-21T22:15:00+00:00,2026-10-06T18:46:40+00:00,,gdelt_doc:panama,titular_metadatos,
N-fabfbc413182,Venezuelans demand opposition leader Machado return and elections,https://www.latimes.com/world-nation/story/2026-09-27/venezuelans-demand-opposition-leader-machados-return-elections,latimes.com,en,,2026-09-28T07:30:00+00:00,2026-10-06T18:46:40+00:00,,gdelt_doc:economia,titular_metadatos,
N-fac58c44dd0c,CEPAL ve rezagos productividad Centroamérica y R . Dominicana,https://almomento.net/cepal-ve-rezagos-productividad-centroamerica-y-r-dominicana/,almomento.net,es,,2026-07-28T01:30:00+00:00,2026-10-06T18:46:40+00:00,,gdelt_doc:economia,titular_metadatos,
N-fac7c2df7950,Tocancipá ya alista el Festival de la Colombianidad,https://www.lafm.com.co/entretenimiento/tocancipa-gran-fiesta-cultural-festival-colombianidad-celebrar-410189,lafm.com.co,es,,2026-09-07T21:45:00+00:00,2026-10-06T18:46:40+00:00,,gdelt_doc:economia,titular_metadatos,
N-fb2cb1820416,Panama canal to reduce shipping as El Niño strikes vital route – Repeating Islands,https://repeatingislands.com/2026/08/23/panama-canal-to-reduce-shipping-as-el-nino-strikes-vital-route/,repeatingislands.com,en,,2026-08-23T20:45:00+00:00,2026-10-06T18:46:40+00:00,,gdelt_doc:logistica,titular_metadatos,
N-fb4bfc7b7eac,Arab News | Hotel and Hospitality Expo returns with Ministry of Tourism as strategic partner,https://www.arabnews.com/saudi-arabia/hotel-and-hospitality-expo-returns-with-ministry-of-tourism-as-strategic-partner-3001360,arabnews.com,en,,2026-09-11T14:30:00+00:00,2026-10-06T18:46:40+00:00,,gdelt_doc:turismo,titular_metadatos,
N-fb51ed66ed9e,"Qué hacer en Panamá : cultura , música y actividades recreativas",https://www.prensa.com/vivir/que-hacer-en-panama-cultura-musica-y-actividades-recreativas/,prensa.com,es,,2026-10-01T23:30:00+00:00,2026-10-06T18:46:40+00:00,,gdelt_doc:panama,titular_metadatos,
N-fb6246c59545,Disney Adventure to Add Malaysia Calls Starting in Late 2026 - Cruise Industry News,https://cruiseindustrynews.com/cruise-news/2026/08/disney-adventure-to-add-malaysia-calls-starting-in-late-2026/,cruiseindustrynews.com,en,,2026-08-31T12:15:00+00:00,2026-10-06T18:46:40+00:00,,gdelt_doc:logistica,titular_metadatos,
N-fb99e95cd418,Urge victoria para Puerto Rico en la cuarta ventana al Mundial FIBA | Deportes,https://www.elvocero.com/deportes/urge-una-victoria-para-puerto-rico-ante-uruguay-en-la-cuarta-ventana-al-mundial-fiba/article_e4825afa-685c-4ab7-94ea-daa12c642919.html,elvocero.com,es,,2026-08-30T23:30:00+00:00,2026-10-06T18:46:40+00:00,,gdelt_doc:logistica,titular_metadatos,
N-fbcbd6f8aff6,Rep . Dominicana participa en ejercicios militares en Panamá,https://almomento.net/rep-dominicana-participa-en-ejercicios-militares-en-panama/,almomento.net,es,,2026-08-04T07:15:00+00:00,2026-10-06T18:46:40+00:00,,gdelt_doc:logistica,titular_metadatos,
N-fbe53f991801,Central American exceptionalism : Costa Rica faces la pandemia – Standpoint Magazine,https://www.standpointmag.co.uk/2020/07/10/central-american-exceptionalism-costa-rica-faces-la-pandemia/,standpointmag.co.uk,en,,2026-08-27T22:00:00+00:00,2026-10-06T18:46:40+00:00,,gdelt_doc:turismo,titular_metadatos,
N-fbf0264af517,Ejército y Policía blindan a Cali para la investidura presidencial,https://www.lapatria.com/colombia/ejercito-y-policia-blindan-cali-para-la-investidura-presidencial,lapatria.com,es,,2026-08-06T08:15:00+00:00,2026-10-06T18:46:40+00:00,,gdelt_doc:economia,titular_metadatos,
N-fbf4993b4eac,Al béisbol boricua le quedan siete compromisos internacionales en este 2026 - NotiCel - La verdad como es - Noticias de Puerto Rico,https://noticel.com/en/deportes/20260901/al-beisbol-boricua-le-quedan-siete-compromisos-internacionales-en-este-2026/,noticel.com,es,,2026-09-02T01:30:00+00:00,2026-10-06T18:46:40+00:00,,gdelt_doc:logistica,titular_metadatos,
N-fbfc0bc874d4,Restauranteros piden reforzar seguridad en Culiacán ; Gobierno revisará avances en 30 días,https://lineadirectaportal.com/sinaloa/restauranteros-piden-reforzar-seguridad-en-culiacan-gobierno-revisara-avances-en-30-dias-2026-10-05__1714906,lineadirectaportal.com,es,,2026-10-06T08:30:00+00:00,2026-10-06T18:46:40+00:00,,gdelt_doc:economia,titular_metadatos,
N-fc3e7b169c1a,Inflación en El Salvador se desacelera y baja a 2 . 49 % en julio,https://lapagina.com.sv/nacionales/inflacion-en-el-salvador-se-desacelera-y-baja-a-2-49-en-julio/,lapagina.com.sv,es,,2026-08-19T18:30:00+00:00,2026-10-06T18:46:40+00:00,,gdelt_doc:economia,titular_metadatos,
N-fc6d58f05064,Urge inyectarle liquidez al sector productivo,https://www.prensa.com/opinion/urge-inyectarle-liquidez-al-sector-productivo/,prensa.com,es,,2026-09-08T02:30:00+00:00,2026-10-06T18:46:40+00:00,,gdelt_doc:economia,titular_metadatos,
N-fc75b03a6adc,Mulino consigue respaldo en Europa para salir de las listas grises,https://www.laestrella.com.pa/panama/mulino-consigue-respaldo-en-europa-para-salir-de-las-listas-grises-HN14086818,laestrella.com.pa,es,,2026-09-22T19:45:00+00:00,2026-10-06T18:46:40+00:00,,gdelt_doc:panama,titular_metadatos,
N-fc7ab4697d97,Actividad nocturna aporta 1 . 28 % al PIB,https://www.panamaamerica.com.pa/nacion/actividad-nocturna-aporta-128-al-pib-1264274,panamaamerica.com.pa,es,,2026-07-22T06:00:00+00:00,2026-10-06T18:46:40+00:00,,gdelt_doc:economia,titular_metadatos,
N-fc9985d41e0c,"« Panamá me ha dado oportunidades , pero Valladolid me dio la forma de entender la vida »",https://www.elnortedecastilla.es/valladolid/panama-dado-oportunidades-valladolid-dio-forma-entender-20260722072316-nt.html,elnortedecastilla.es,es,,2026-07-22T08:15:00+00:00,2026-10-06T18:46:40+00:00,,gdelt_doc:panama,titular_metadatos,
N-fcab0d039fc7,Agroferias del IMA : lista de lugares del 24 al 25 de agosto en Panamá,https://www.telemetro.com/nacionales/agroferias-del-ima-lista-lugares-del-24-al-25-agosto-panama-n6089402,telemetro.com,es,,2026-08-22T22:00:00+00:00,2026-10-06T18:46:40+00:00,,gdelt_doc:panama,titular_metadatos,
N-fcfb621ad919,Sheinbaum respalda la neutralidad del Canal de Panamá ante José Raúl Mulino,https://www.sdpnoticias.com/internacional/sheinbaum-respalda-la-neutralidad-del-canal-de-panama-ante-jose-raul-mulino/,sdpnoticias.com,es,,2026-07-15T21:15:00+00:00,2026-10-06T18:46:40+00:00,,gdelt_doc:logistica,titular_metadatos,
N-fd029bcfc6b5,The Fed raises rates by 25 basis points : Investors in Panama turn their attention back to cryptocurrencies,https://newsroompanama.com/2026/09/19/the-fed-raises-rates-by-25-basis-points-investors-in-panama-turn-their-attention-back-to-cryptocurrencies/,newsroompanama.com,en,,2026-09-20T00:00:00+00:00,2026-10-06T18:46:40+00:00,,gdelt_doc:economia,titular_metadatos,
N-fd16dee57627,VÍDEO | ¡ Ni entró ni salió ! Frenan a estadounidense con pasaporte alterado y a colombiano con orden de aprehensión,https://www.midiario.com/policiales/ni-entro-ni-salio-frenan-a-estadounidense-con-pasaporte-alterado-y-a-colombiano-con-orden-de-aprehension/,midiario.com,es,,2026-09-04T00:45:00+00:00,2026-10-06T18:46:40+00:00,,gdelt_doc:panama,titular_metadatos,
N-fd21a9c2c328,"Quién es la ingeniera Ilya Espino de Marotta , la primera mujer en dirigir el Canal de Panamá ( y por qué suele usar un casco rosa )",https://www.mdzol.com/mundo/quien-es-la-ingeniera-ilya-espino-marotta-la-primera-mujer-dirigir-el-canal-panama-y-que-suele-usar-un-casco-rosa-n1604606,mdzol.com,es,,2026-09-12T11:45:00+00:00,2026-10-06T18:46:40+00:00,,gdelt_doc:economia,titular_metadatos,
N-fd34c7e4ba24,"SED 2026 finaliza con éxito , reúne a más de 300 personas y reafirma la importancia del servicio al cliente en Panamá",https://www.critica.com.pa/nacional/sed-2026-finaliza-con-exito-reune-mas-de-300-personas-y-reafirma-la-importancia-del,critica.com.pa,es,,2026-09-25T07:00:00+00:00,2026-10-06T18:46:40+00:00,,gdelt_doc:turismo,titular_metadatos,
N-fd3ca1cf9aea,Panama Economy Targets 4 . 9 % Growth in 2026,https://www.riotimesonline.com/panama-economy-targets-4-9-growth-in-2026/,riotimesonline.com,en,,2026-08-11T07:45:00+00:00,2026-10-06T18:46:40+00:00,,gdelt_doc:economia,titular_metadatos,
N-fd5da3a7ba9d,Afirman aplicaciones móviles influyen en decisiones al viajar,https://www.diariolibre.com/economia/turismo/2026/07/28/afirman-aplicaciones-moviles-influyen-en-decisiones-al-viajar/3612749,diariolibre.com,es,,2026-07-28T17:45:00+00:00,2026-10-06T18:46:40+00:00,,gdelt_doc:turismo,titular_metadatos,
N-fd75543d8e9f,"Tropical Storm Bertha forms on track approaching US Gulf Coast - WSVN 7News | Miami News , Weather , Sports",https://wsvn.com/news/us-world/tropical-storm-bertha-forms-on-track-approaching-us-gulf-coast/,wsvn.com,en,,2026-07-21T02:45:00+00:00,2026-10-06T18:46:40+00:00,,gdelt_doc:eventos_naturales,titular_metadatos,
N-fd82ee4df99d,Servicios y logística con Ecuador tienen potencial,https://www.panamaamerica.com.pa/economia/servicios-y-logistica-con-ecuador-tienen-potencial-1266019,panamaamerica.com.pa,es,,2026-09-07T07:00:00+00:00,2026-10-06T18:46:40+00:00,,gdelt_doc:panama,titular_metadatos,
N-fd88e332d9d1,Empleo : Panameños han rechazado ofertas laborales por exigirles presencialidad,https://www.prensa.com/economia/empleo-panamenos-han-rechazado-una-oferta-laboral-por-exigirles-presencialidad/,prensa.com,es,,2026-09-24T22:00:00+00:00,2026-10-06T18:46:40+00:00,,gdelt_doc:panama,titular_metadatos,
N-fd928759072d,Sydney Harbour to Antarctica : 10 ultimate cruise moments | Harden Murrumburrah Express,https://www.hardenexpress.com.au/story/9349631/sydney-harbour-to-antarctica-10-ultimate-cruise-moments/,hardenexpress.com.au,en,,2026-09-28T01:00:00+00:00,2026-10-06T18:46:40+00:00,,gdelt_doc:logistica,titular_metadatos,
N-fda040e8a099,María Corina Machado Announces Venezuela Return and Nationwide Push for Presidential Election,https://www.latintimes.com/mari-corina-machado-announces-venezuela-return-nationwide-push-presidential-election-599439,latintimes.com,en,,2026-09-21T20:00:00+00:00,2026-10-06T18:46:40+00:00,,gdelt_doc:economia,titular_metadatos,
N-fda124cfe6b4,Chapman sobre el fraude en la DGI : empresas de seguros y bancos han sido engañados con créditos fiscales,https://www.prensa.com/economia/chapman-sobre-el-fraude-en-la-dgi-empresas-de-seguros-y-bancos-han-sido-enganados-con-creditos-fiscales/,prensa.com,es,,2026-07-14T00:30:00+00:00,2026-10-06T18:46:40+00:00,,gdelt_doc:economia,titular_metadatos,
N-fda323341eba,Canal de Panamá anuncia nuevos ajustes de calado para agosto y septiembre,https://www.laestrella.com.pa/economia/canal-de-panama-anuncia-nuevos-ajustes-de-calado-para-agosto-y-septiembre-CG24660453,laestrella.com.pa,es,,2026-08-15T20:00:00+00:00,2026-10-06T18:46:40+00:00,,gdelt_doc:logistica,titular_metadatos,
N-fdd213c50395,"Panama , China renew maritime port agreement",https://www.bssnews.net/business/407568,bssnews.net,en,,2026-07-21T09:30:00+00:00,2026-10-06T18:46:40+00:00,,gdelt_doc:logistica,titular_metadatos,
N-fe04dd1e2818,El tirón de orejas de Trump a Delcy : « Al final tiene que haber elecciones »,https://www.ideal.es/internacional/tiron-orejas-trump-delcy-final-haber-elecciones-20260924071527-ntrc.html,ideal.es,es,,2026-09-24T07:30:00+00:00,2026-10-06T18:46:40+00:00,,gdelt_doc:economia,titular_metadatos,
N-fe09f676221a,Aprueban traslado de $26 . 3 millones para subsidio a combustibles,https://www.laestrella.com.pa/panama/nacional/aprueban-traslado-de-263-millones-para-subsidio-a-combustibles-NC25415008,laestrella.com.pa,es,,2026-09-04T07:00:00+00:00,2026-10-06T18:46:40+00:00,,gdelt_doc:economia,titular_metadatos,
N-fe21f464a9fe,Mulino exige una ONU más práctica y menos teórica,https://www.panamaamerica.com.pa/politica/mulino-exige-una-onu-mas-practica-y-menos-teorica-1266671,panamaamerica.com.pa,es,,2026-09-24T05:45:00+00:00,2026-10-06T18:46:40+00:00,,gdelt_doc:logistica,titular_metadatos,
N-fe376e533b49,El desafío es competir basado en la tecnología,https://hoy.com.do/economia/desafio-competir-basado-tecnologia_1103387.html,hoy.com.do,es,,2026-09-24T04:45:00+00:00,2026-10-06T18:46:40+00:00,,gdelt_doc:economia,titular_metadatos,
N-fe488bef1828,She Was an Uncredited Victim in Dirty Harry . No More,https://www.newser.com/story/393251/she-was-an-uncredited-victim-in-dirty-harry-no-more.html,newser.com,en,,2026-07-26T19:45:00+00:00,2026-10-06T18:46:40+00:00,,gdelt_doc:logistica,titular_metadatos,
N-fe5b90ede267,México y Puerto Rico meten el pecho en Santo Domingo - Noticias Prensa Latina,https://www.prensa-latina.cu/2026/07/28/mexico-y-puerto-rico-meten-el-pecho-en-santo-domingo/,prensa-latina.cu,es,,2026-07-28T23:30:00+00:00,2026-10-06T18:46:40+00:00,,gdelt_doc:logistica,titular_metadatos,
N-fe5bd430a7f3,Panamá hacia la OCDE : ¿ qué gana y qué arriesga ?,https://www.laestrella.com.pa/economia/panama-hacia-la-ocde-que-gana-y-que-arriesga-CE25564969,laestrella.com.pa,es,,2026-09-10T06:15:00+00:00,2026-10-06T18:46:40+00:00,,gdelt_doc:economia,titular_metadatos,
N-fe5dc14d33e6,Claudia Sheinbaum anuncia reapertura frontera ganado,http://www.elmanana.com/noticias/economia/claudia-sheinbaum-anuncia-reapertura-frontera-ganado/6165327,elmanana.com,es,,2026-07-25T21:15:00+00:00,2026-10-06T18:46:40+00:00,,gdelt_doc:economia,titular_metadatos,
N-fe63d01cc2d6,Panamá descarta restablecer relaciones con el Gobierno de Delcy Rodríguez hasta nuevas elecciones – Efecto Cocuyo – EntornoInteligente . com,https://www.entornointeligente.com/panama-descarta-restablecer-relaciones-con-el-gobierno-de-delcy-rodriguez-hasta-nuevas-elecciones-efecto-cocuyo/,entornointeligente.com,es,,2026-07-21T22:15:00+00:00,2026-10-06T18:46:40+00:00,,gdelt_doc:logistica,titular_metadatos,
N-fe71527f66a6,La fuerza de las buenas ideas,https://listindiario.com/puntos-de-vista/20260727/fuerza-buenas-ideas_915430.html,listindiario.com,es,,2026-07-27T05:00:00+00:00,2026-10-06T18:46:40+00:00,,gdelt_doc:turismo,titular_metadatos,
N-fe97fb7cc267,¡ Oro para Panamá ! Natalia Pérez conquista la Presidents Cup América,https://www.laestrella.com.pa/deportes/mas-deportes/oro-para-panama-natalia-perez-conquista-la-presidents-cup-america-HD25267312,laestrella.com.pa,es,,2026-08-29T21:30:00+00:00,2026-10-06T18:46:40+00:00,,gdelt_doc:panama,titular_metadatos,
N-fe9aaf6123cd,Al parque El Lago le roban atractivo : estas actividades se sugieren para recuperarlo,https://www.expreso.ec/guayaquil/parque-lago-le-roban-atractivo-actividades-sugieren-recuperarlo-294732.html,expreso.ec,es,,2026-09-06T13:00:00+00:00,2026-10-06T18:46:40+00:00,,gdelt_doc:turismo,titular_metadatos,
N-fea01ef942e6,"¡ Jefa , jefa , jefa !: quién es Ilya Espino de Marotta , la ingeniera de casco rosa que al frente del Canal de Panamá supervisa parte del comercio mundial",https://www.prensalibre.com/internacional/bbc-news-mundo-internacional/jefa-jefa-jefa-quien-es-ilya-espino-de-marotta-la-ingeniera-de-casco-rosa-que-al-frente-del-canal-de-panama-supervisa-parte-del-comercio-mundial/,prensalibre.com,es,,2026-09-12T17:15:00+00:00,2026-10-06T18:46:40+00:00,,gdelt_doc:economia,titular_metadatos,
N-febdccd9f3e2,Reinaldo Rueda visita el entrenamiento del UMECIT,https://www.midiario.com/deportivas/reinaldo-rueda-visita-el-entrenamiento-del-umecit/,midiario.com,es,,2026-09-02T21:45:00+00:00,2026-10-06T18:46:40+00:00,,gdelt_doc:panama,titular_metadatos,
N-febe38c56178,"Panama is not only the beginning : Foreign Minister pitches nation as India premier manufacturing , trade launchpad in Latin America",http://www.newzealandstar.com/news/279199252/panama-is-not-only-the-beginning-foreign-minister-pitches-nation-as-india-premier-manufacturing-trade-launchpad-in-latin-america,newzealandstar.com,en,,2026-07-20T17:15:00+00:00,2026-10-06T18:46:40+00:00,,gdelt_doc:economia,titular_metadatos,
N-fec3d67a8469,Panamá reúne a científicos de América Latina para analizar nuevas tecnologías y el futuro de los océanos,https://www.prensalibre.com/ahora/internacional/estados-unidos/panama-reune-a-cientificos-de-america-latina-para-analizar-nuevas-tecnologias-y-el-futuro-de-los-oceanos/,prensalibre.com,es,,2026-09-22T02:15:00+00:00,2026-10-06T18:46:40+00:00,,gdelt_doc:economia,titular_metadatos,
N-fec85313e1a9,Panamá aboga en ONU por un multilateralismo más efectivo - Noticias Prensa Latina,https://www.prensa-latina.cu/2026/09/23/panama-aboga-en-onu-por-un-multilateralismo-mas-efectivo/,prensa-latina.cu,es,,2026-09-23T20:15:00+00:00,2026-10-06T18:46:40+00:00,,gdelt_doc:panama,titular_metadatos,
N-ff0f573c34ef,Cancillería habilita líneas telefónicas para asistencia consular tras reclutamiento de panameños,https://www.prensa.com/politica/cancilleria-habilita-lineas-telefonicas-para-asistencia-consular-tras-reclutamiento-de-panamenos/,prensa.com,es,,2026-07-24T03:15:00+00:00,2026-10-06T18:46:40+00:00,,gdelt_doc:panama,titular_metadatos,
N-ff24eafd95d9,Panamá gasta hasta $100 millones al año en biodiversidad : el reto es calcular la brecha,https://www.laestrella.com.pa/economia/panama-gasta-hasta-100-millones-al-ano-en-biodiversidad-el-reto-es-calcular-la-brecha-FE25564991,laestrella.com.pa,es,,2026-09-10T06:15:00+00:00,2026-10-06T18:46:40+00:00,,gdelt_doc:economia,titular_metadatos,
N-ff4b82b007d9,La delegación de El Salvador fue la primera en llegar a Cali para la posesión de Abelardo De la Espriella,https://www.elheraldo.co/colombia/2026/08/06/la-delegacion-de-el-salvador-fue-la-primera-en-llegar-a-cali-para-la-posesion-de-abelardo-de-la-espriella/,elheraldo.co,es,,2026-08-06T05:15:00+00:00,2026-10-06T18:46:40+00:00,,gdelt_doc:turismo,titular_metadatos,
N-ff620556f387,"Hoy por hoy : fondos públicos , cuentas pendientes",https://www.prensa.com/opinion/hoy-por-hoy-fondos-publicos-cuentas-pendientes/,prensa.com,es,,2026-08-16T08:15:00+00:00,2026-10-06T18:46:40+00:00,,gdelt_doc:economia,titular_metadatos,
N-ff64385a1457,Universidad de Panamá honra a Carlos Bolívar Pedreschi con máximas distinciones académicas,https://www.midiario.com/nacionales/universidad-de-panama-honra-a-carlos-bolivar-pedreschi-con-maximas-distinciones-academicas/,midiario.com,es,,2026-08-20T01:00:00+00:00,2026-10-06T18:46:40+00:00,,gdelt_doc:logistica,titular_metadatos,
N-ff696110c953,"Partidos de ideas , no de candidatos",https://www.prensa.com/opinion/partidos-de-ideas-no-de-candidatos/,prensa.com,es,,2026-09-11T05:15:00+00:00,2026-10-06T18:46:40+00:00,,gdelt_doc:economia,titular_metadatos,
N-ff84dcbc6940,LNG shipping as a critical pillar of energy security amid geopolitical uncertainty,https://www.hellenicshippingnews.com/lng-shipping-as-a-critical-pillar-of-energy-security-amid-geopolitical-uncertainty/,hellenicshippingnews.com,en,,2026-08-07T00:00:00+00:00,2026-10-06T18:46:40+00:00,,gdelt_doc:logistica,titular_metadatos,
N-ffa0faee14cb,Inicio | Periódico CiudadCCS,http://www.ciudadccs.info/publicacion/50177-venezuela-asume-vicepresidencia-de-historiadores-del-caribe,ciudadccs.info,es,,2026-09-13T01:00:00+00:00,2026-10-06T18:46:40+00:00,,gdelt_doc:economia,titular_metadatos,
N-ffca76b3380b,Bertha Bringing Tropical Storm Conditions To Panhandle Overnight,https://wmmbam.iheart.com/content/2026-07-21-bertha-bringing-tropical-storm-conditions-to-panhandle-overnight/,wmmbam.iheart.com,en,,2026-07-22T03:30:00+00:00,2026-10-06T18:46:40+00:00,,gdelt_doc:eventos_naturales,titular_metadatos,
N-ffffb4e4c1f6,Panamá estudia crear firma minera estatal para allanar camino a reapertura Cobre Panamá,https://www.larepublica.co/globoeconomia/panama-estudia-crear-firma-minera-estatal-para-allanar-camino-a-reapertura-cobre-panama-4441017,larepublica.co,es,,2026-07-22T16:15:00+00:00,2026-10-06T18:46:40+00:00,,gdelt_doc:panama,titular_metadatos,
